"NACCAGE","EDUC","SEX","RACE","sdpred","sd","EDUCCATsomecollege","EDUCCAThigherthancollege","SEX:NACCAGE","EDUCCATsomecollege:NACCAGE","EDUCCAThigherthancollege:NACCAGE","mean.adj","sd.adj"
40,10,0,0,0.144261158303264,0.148219388229573,0,0,0,0,0,5.43929669874432,0.144261158303264
41,10,0,0,0.144859837558091,0.168616516306335,0,0,0,0,0,5.43928833243403,0.144859837558091
42,10,0,0,0.145458996129077,0.163553743899242,0,0,0,0,0,5.43927994230042,0.145458996129077
43,10,0,0,0.146059004631642,0.172545068527219,0,0,0,0,0,5.43927151434682,0.146059004631642
44,10,0,0,0.146660233681203,0.213213382397795,0,0,0,0,0,5.43926303457655,0.146660233681203
45,10,0,0,0.147263053893182,0.20042014216336,0,0,0,0,0,5.43925448899295,0.147263053893182
46,10,0,0,0.147867835882996,0.205057349846699,0,0,0,0,0,5.43924586359935,0.147867835882996
47,10,0,0,0.148474950266065,0.198207568622344,0,0,0,0,0,5.43923714439908,0.148474950266065
48,10,0,0,0.149084768297183,0.190369614927714,0,0,0,0,0,5.43922831736038,0.149084768297183
49,10,0,0,0.149697986033211,0.186240708785901,0,0,0,0,0,5.43921935062494,0.149697986033211
50,10,0,0,0.150316151816756,0.180761332655011,0,0,0,0,0,5.43921016555734,0.150316151816756
51,10,0,0,0.150940952095241,0.183407465645867,0,0,0,0,0,5.43920067594233,0.150940952095241
52,10,0,0,0.151574073316088,0.174350716956397,0,0,0,0,0,5.43919079556469,0.151574073316088
53,10,0,0,0.15221720192672,0.176770355829505,0,0,0,0,0,5.43918043820919,0.15221720192672
54,10,0,0,0.15287202437456,0.171787787924071,0,0,0,0,0,5.4391695176606,0.15287202437456
55,10,0,0,0.15354022710703,0.159163799782069,0,0,0,0,0,5.4391579477037,0.15354022710703
56,10,0,0,0.154223507978531,0.158410329044849,0,0,0,0,0,5.43914563874834,0.154223507978531
57,10,0,0,0.154924558676274,0.159251658221247,0,0,0,0,0,5.43913220716487,0.154924558676274
58,10,0,0,0.15564782185834,0.156769082693607,0,0,0,0,0,5.43911675127416,0.15564782185834
59,10,0,0,0.156397918416813,0.156600228393018,0,0,0,0,0,5.43909831666399,0.156397918416813
60,10,0,0,0.157179469243778,0.156889990399914,0,0,0,0,0,5.43907594892217,0.157179469243778
61,10,0,0,0.157997095231322,0.159496025213773,0,0,0,0,0,5.43904869363651,0.157997095231322
62,10,0,0,0.158855417271529,0.157006609845198,0,0,0,0,0,5.43901559639479,0.158855417271529
63,10,0,0,0.159759056256484,0.154269865733799,0,0,0,0,0,5.43897570278483,0.159759056256484
64,10,0,0,0.160712729091878,0.156137884972642,0,0,0,0,0,5.43892682210498,0.160712729091878
65,10,0,0,0.161724324688425,0.159338677597798,0,0,0,0,0,5.4388259203134,0.161724324688425
66,10,0,0,0.16280555472074,0.159315904442817,0,0,0,0,0,5.43858074073291,0.16280555472074
67,10,0,0,0.163968358451244,0.161115643309108,0,0,0,0,0,5.43809609622247,0.163968358451244
68,10,0,0,0.165224675142358,0.160892072264853,0,0,0,0,0,5.43727679964105,0.165224675142358
69,10,0,0,0.166586444056502,0.163446453152635,0,0,0,0,0,5.43602766384761,0.166586444056502
70,10,0,0,0.168065604456097,0.165166525376388,0,0,0,0,0,5.4342535017011,0.168065604456097
71,10,0,0,0.169674095603562,0.166995738432077,0,0,0,0,0,5.43185912606049,0.169674095603562
72,10,0,0,0.171424282595822,0.168588924156136,0,0,0,0,0,5.42875637821973,0.171424282595822
73,10,0,0,0.173335683218715,0.169310812794795,0,0,0,0,0,5.42497515521682,0.173335683218715
74,10,0,0,0.175433750326464,0.176338685623652,0,0,0,0,0,5.42064331290253,0.175433750326464
75,10,0,0,0.177744116422224,0.176201069235935,0,0,0,0,0,5.41589167224861,0.177744116422224
76,10,0,0,0.18029241400915,0.179839397335494,0,0,0,0,0,5.41085105422683,0.18029241400915
77,10,0,0,0.183104275590394,0.182774767255459,0,0,0,0,0,5.40565227980896,0.183104275590394
78,10,0,0,0.186205333669112,0.183703989051464,0,0,0,0,0,5.40042616996676,0.186205333669112
79,10,0,0,0.189621220748457,0.187932932482476,0,0,0,0,0,5.395303545672,0.189621220748457
80,10,0,0,0.193376198733669,0.188525415981574,0,0,0,0,0,5.39039581614068,0.193376198733669
81,10,0,0,0.197481064776076,0.191378982913149,0,0,0,0,0,5.38562368950027,0.197481064776076
82,10,0,0,0.201938973573034,0.20074476513276,0,0,0,0,0,5.38079963392817,0.201938973573034
83,10,0,0,0.206752992103633,0.205542960898552,0,0,0,0,0,5.37573487524937,0.206752992103633
84,10,0,0,0.211926187346962,0.215139236993885,0,0,0,0,0,5.3702406392889,0.211926187346962
85,10,0,0,0.217461626282111,0.213679448246103,0,0,0,0,0,5.36412815187176,0.217461626282111
86,10,0,0,0.22336237588817,0.221294087283803,0,0,0,0,0,5.35720863882297,0.22336237588817
87,10,0,0,0.229631503144228,0.223248735653515,0,0,0,0,0,5.34929332596753,0.229631503144228
88,10,0,0,0.236267161980444,0.237687379474557,0,0,0,0,0,5.34013216377374,0.236267161980444
89,10,0,0,0.243237186446303,0.250152284489835,0,0,0,0,0,5.32909695432781,0.243237186446303
90,10,0,0,0.250497855828063,0.262683583553571,0,0,0,0,0,5.31541538915479,0.250497855828063
91,10,0,0,0.258005426666384,0.278210087984419,0,0,0,0,0,5.29831487609748,0.258005426666384
92,10,0,0,0.265716155501929,0.29044570401449,0,0,0,0,0,5.27702282299873,0.265716155501929
93,10,0,0,0.273586298875357,0.284776846308964,0,0,0,0,0,5.25076663770133,0.273586298875357
94,10,0,0,0.281572113327329,0.293042644207957,0,0,0,0,0,5.21877372804813,0.281572113327329
95,10,0,0,0.289629855398507,0.28729741025757,0,0,0,0,0,5.18027150188194,0.289629855398507
40,11,0,0,0.144261158303264,0.148219388229573,0,0,0,0,0,5.45143632224752,0.144261158303264
41,11,0,0,0.144859837558091,0.168616516306335,0,0,0,0,0,5.45142795593723,0.144859837558091
42,11,0,0,0.145458996129077,0.163553743899242,0,0,0,0,0,5.45141956580362,0.145458996129077
43,11,0,0,0.146059004631642,0.172545068527219,0,0,0,0,0,5.45141113785002,0.146059004631642
44,11,0,0,0.146660233681203,0.213213382397795,0,0,0,0,0,5.45140265807975,0.146660233681203
45,11,0,0,0.147263053893182,0.20042014216336,0,0,0,0,0,5.45139411249615,0.147263053893182
46,11,0,0,0.147867835882996,0.205057349846699,0,0,0,0,0,5.45138548710254,0.147867835882996
47,11,0,0,0.148474950266065,0.198207568622344,0,0,0,0,0,5.45137676790227,0.148474950266065
48,11,0,0,0.149084768297183,0.190369614927714,0,0,0,0,0,5.45136794086357,0.149084768297183
49,11,0,0,0.149697986033211,0.186240708785901,0,0,0,0,0,5.45135897412814,0.149697986033211
50,11,0,0,0.150316151816756,0.180761332655011,0,0,0,0,0,5.45134978906053,0.150316151816756
51,11,0,0,0.150940952095241,0.183407465645867,0,0,0,0,0,5.45134029944552,0.150940952095241
52,11,0,0,0.151574073316088,0.174350716956397,0,0,0,0,0,5.45133041906788,0.151574073316088
53,11,0,0,0.15221720192672,0.176770355829505,0,0,0,0,0,5.45132006171239,0.15221720192672
54,11,0,0,0.15287202437456,0.171787787924071,0,0,0,0,0,5.4513091411638,0.15287202437456
55,11,0,0,0.15354022710703,0.159163799782069,0,0,0,0,0,5.4512975712069,0.15354022710703
56,11,0,0,0.154223507978531,0.158410329044849,0,0,0,0,0,5.45128526225154,0.154223507978531
57,11,0,0,0.154924558676274,0.159251658221247,0,0,0,0,0,5.45127183066807,0.154924558676274
58,11,0,0,0.15564782185834,0.156769082693607,0,0,0,0,0,5.45125637477735,0.15564782185834
59,11,0,0,0.156397918416813,0.156600228393018,0,0,0,0,0,5.45123794016719,0.156397918416813
60,11,0,0,0.157179469243778,0.156889990399914,0,0,0,0,0,5.45121557242537,0.157179469243778
61,11,0,0,0.157997095231322,0.159496025213773,0,0,0,0,0,5.4511883171397,0.157997095231322
62,11,0,0,0.158855417271529,0.157006609845198,0,0,0,0,0,5.45115521989799,0.158855417271529
63,11,0,0,0.159759056256484,0.154269865733799,0,0,0,0,0,5.45111532628803,0.159759056256484
64,11,0,0,0.160712729091878,0.156137884972642,0,0,0,0,0,5.45106644560818,0.160712729091878
65,11,0,0,0.161724324688425,0.159338677597798,0,0,0,0,0,5.45096554381659,0.161724324688425
66,11,0,0,0.16280555472074,0.159315904442817,0,0,0,0,0,5.4507203642361,0.16280555472074
67,11,0,0,0.163968358451244,0.161115643309108,0,0,0,0,0,5.45023571972567,0.163968358451244
68,11,0,0,0.165224675142358,0.160892072264853,0,0,0,0,0,5.44941642314425,0.165224675142358
69,11,0,0,0.166586444056502,0.163446453152635,0,0,0,0,0,5.44816728735081,0.166586444056502
70,11,0,0,0.168065604456097,0.165166525376388,0,0,0,0,0,5.4463931252043,0.168065604456097
71,11,0,0,0.169674095603562,0.166995738432077,0,0,0,0,0,5.44399874956369,0.169674095603562
72,11,0,0,0.171424282595822,0.168588924156136,0,0,0,0,0,5.44089600172293,0.171424282595822
73,11,0,0,0.173335683218715,0.169310812794795,0,0,0,0,0,5.43711477872002,0.173335683218715
74,11,0,0,0.175433750326464,0.176338685623652,0,0,0,0,0,5.43278293640573,0.175433750326464
75,11,0,0,0.177744116422224,0.176201069235935,0,0,0,0,0,5.42803129575181,0.177744116422224
76,11,0,0,0.18029241400915,0.179839397335494,0,0,0,0,0,5.42299067773003,0.18029241400915
77,11,0,0,0.183104275590394,0.182774767255459,0,0,0,0,0,5.41779190331216,0.183104275590394
78,11,0,0,0.186205333669112,0.183703989051464,0,0,0,0,0,5.41256579346996,0.186205333669112
79,11,0,0,0.189621220748457,0.187932932482476,0,0,0,0,0,5.40744316917519,0.189621220748457
80,11,0,0,0.193376198733669,0.188525415981574,0,0,0,0,0,5.40253543964387,0.193376198733669
81,11,0,0,0.197481064776076,0.191378982913149,0,0,0,0,0,5.39776331300347,0.197481064776076
82,11,0,0,0.201938973573034,0.20074476513276,0,0,0,0,0,5.39293925743137,0.201938973573034
83,11,0,0,0.206752992103633,0.205542960898552,0,0,0,0,0,5.38787449875257,0.206752992103633
84,11,0,0,0.211926187346962,0.215139236993885,0,0,0,0,0,5.3823802627921,0.211926187346962
85,11,0,0,0.217461626282111,0.213679448246103,0,0,0,0,0,5.37626777537496,0.217461626282111
86,11,0,0,0.22336237588817,0.221294087283803,0,0,0,0,0,5.36934826232616,0.22336237588817
87,11,0,0,0.229631503144228,0.223248735653515,0,0,0,0,0,5.36143294947073,0.229631503144228
88,11,0,0,0.236267161980444,0.237687379474557,0,0,0,0,0,5.35227178727693,0.236267161980444
89,11,0,0,0.243237186446303,0.250152284489835,0,0,0,0,0,5.34123657783101,0.243237186446303
90,11,0,0,0.250497855828063,0.262683583553571,0,0,0,0,0,5.32755501265799,0.250497855828063
91,11,0,0,0.258005426666384,0.278210087984419,0,0,0,0,0,5.31045449960068,0.258005426666384
92,11,0,0,0.265716155501929,0.29044570401449,0,0,0,0,0,5.28916244650192,0.265716155501929
93,11,0,0,0.273586298875357,0.284776846308964,0,0,0,0,0,5.26290626120453,0.273586298875357
94,11,0,0,0.281572113327329,0.293042644207957,0,0,0,0,0,5.23091335155133,0.281572113327329
95,11,0,0,0.289629855398507,0.28729741025757,0,0,0,0,0,5.19241112538514,0.289629855398507
40,12,0,0,0.144261158303264,0.148219388229573,0,0,0,0,0,5.46357594575071,0.144261158303264
41,12,0,0,0.144859837558091,0.168616516306335,0,0,0,0,0,5.46356757944043,0.144859837558091
42,12,0,0,0.145458996129077,0.163553743899242,0,0,0,0,0,5.46355918930682,0.145458996129077
43,12,0,0,0.146059004631642,0.172545068527219,0,0,0,0,0,5.46355076135321,0.146059004631642
44,12,0,0,0.146660233681203,0.213213382397795,0,0,0,0,0,5.46354228158294,0.146660233681203
45,12,0,0,0.147263053893182,0.20042014216336,0,0,0,0,0,5.46353373599934,0.147263053893182
46,12,0,0,0.147867835882996,0.205057349846699,0,0,0,0,0,5.46352511060574,0.147867835882996
47,12,0,0,0.148474950266065,0.198207568622344,0,0,0,0,0,5.46351639140547,0.148474950266065
48,12,0,0,0.149084768297183,0.190369614927714,0,0,0,0,0,5.46350756436677,0.149084768297183
49,12,0,0,0.149697986033211,0.186240708785901,0,0,0,0,0,5.46349859763134,0.149697986033211
50,12,0,0,0.150316151816756,0.180761332655011,0,0,0,0,0,5.46348941256373,0.150316151816756
51,12,0,0,0.150940952095241,0.183407465645867,0,0,0,0,0,5.46347992294872,0.150940952095241
52,12,0,0,0.151574073316088,0.174350716956397,0,0,0,0,0,5.46347004257108,0.151574073316088
53,12,0,0,0.15221720192672,0.176770355829505,0,0,0,0,0,5.46345968521558,0.15221720192672
54,12,0,0,0.15287202437456,0.171787787924071,0,0,0,0,0,5.463448764667,0.15287202437456
55,12,0,0,0.15354022710703,0.159163799782069,0,0,0,0,0,5.4634371947101,0.15354022710703
56,12,0,0,0.154223507978531,0.158410329044849,0,0,0,0,0,5.46342488575473,0.154223507978531
57,12,0,0,0.154924558676274,0.159251658221247,0,0,0,0,0,5.46341145417127,0.154924558676274
58,12,0,0,0.15564782185834,0.156769082693607,0,0,0,0,0,5.46339599828055,0.15564782185834
59,12,0,0,0.156397918416813,0.156600228393018,0,0,0,0,0,5.46337756367038,0.156397918416813
60,12,0,0,0.157179469243778,0.156889990399914,0,0,0,0,0,5.46335519592857,0.157179469243778
61,12,0,0,0.157997095231322,0.159496025213773,0,0,0,0,0,5.4633279406429,0.157997095231322
62,12,0,0,0.158855417271529,0.157006609845198,0,0,0,0,0,5.46329484340119,0.158855417271529
63,12,0,0,0.159759056256484,0.154269865733799,0,0,0,0,0,5.46325494979123,0.159759056256484
64,12,0,0,0.160712729091878,0.156137884972642,0,0,0,0,0,5.46320606911138,0.160712729091878
65,12,0,0,0.161724324688425,0.159338677597798,0,0,0,0,0,5.46310516731979,0.161724324688425
66,12,0,0,0.16280555472074,0.159315904442817,0,0,0,0,0,5.4628599877393,0.16280555472074
67,12,0,0,0.163968358451244,0.161115643309108,0,0,0,0,0,5.46237534322887,0.163968358451244
68,12,0,0,0.165224675142358,0.160892072264853,0,0,0,0,0,5.46155604664745,0.165224675142358
69,12,0,0,0.166586444056502,0.163446453152635,0,0,0,0,0,5.46030691085401,0.166586444056502
70,12,0,0,0.168065604456097,0.165166525376388,0,0,0,0,0,5.4585327487075,0.168065604456097
71,12,0,0,0.169674095603562,0.166995738432077,0,0,0,0,0,5.45613837306689,0.169674095603562
72,12,0,0,0.171424282595822,0.168588924156136,0,0,0,0,0,5.45303562522612,0.171424282595822
73,12,0,0,0.173335683218715,0.169310812794795,0,0,0,0,0,5.44925440222322,0.173335683218715
74,12,0,0,0.175433750326464,0.176338685623652,0,0,0,0,0,5.44492255990892,0.175433750326464
75,12,0,0,0.177744116422224,0.176201069235935,0,0,0,0,0,5.44017091925501,0.177744116422224
76,12,0,0,0.18029241400915,0.179839397335494,0,0,0,0,0,5.43513030123323,0.18029241400915
77,12,0,0,0.183104275590394,0.182774767255459,0,0,0,0,0,5.42993152681536,0.183104275590394
78,12,0,0,0.186205333669112,0.183703989051464,0,0,0,0,0,5.42470541697316,0.186205333669112
79,12,0,0,0.189621220748457,0.187932932482476,0,0,0,0,0,5.41958279267839,0.189621220748457
80,12,0,0,0.193376198733669,0.188525415981574,0,0,0,0,0,5.41467506314707,0.193376198733669
81,12,0,0,0.197481064776076,0.191378982913149,0,0,0,0,0,5.40990293650667,0.197481064776076
82,12,0,0,0.201938973573034,0.20074476513276,0,0,0,0,0,5.40507888093456,0.201938973573034
83,12,0,0,0.206752992103633,0.205542960898552,0,0,0,0,0,5.40001412225577,0.206752992103633
84,12,0,0,0.211926187346962,0.215139236993885,0,0,0,0,0,5.3945198862953,0.211926187346962
85,12,0,0,0.217461626282111,0.213679448246103,0,0,0,0,0,5.38840739887816,0.217461626282111
86,12,0,0,0.22336237588817,0.221294087283803,0,0,0,0,0,5.38148788582936,0.22336237588817
87,12,0,0,0.229631503144228,0.223248735653515,0,0,0,0,0,5.37357257297393,0.229631503144228
88,12,0,0,0.236267161980444,0.237687379474557,0,0,0,0,0,5.36441141078013,0.236267161980444
89,12,0,0,0.243237186446303,0.250152284489835,0,0,0,0,0,5.35337620133421,0.243237186446303
90,12,0,0,0.250497855828063,0.262683583553571,0,0,0,0,0,5.33969463616118,0.250497855828063
91,12,0,0,0.258005426666384,0.278210087984419,0,0,0,0,0,5.32259412310388,0.258005426666384
92,12,0,0,0.265716155501929,0.29044570401449,0,0,0,0,0,5.30130207000512,0.265716155501929
93,12,0,0,0.273586298875357,0.284776846308964,0,0,0,0,0,5.27504588470773,0.273586298875357
94,12,0,0,0.281572113327329,0.293042644207957,0,0,0,0,0,5.24305297505453,0.281572113327329
95,12,0,0,0.289629855398507,0.28729741025757,0,0,0,0,0,5.20455074888833,0.289629855398507
40,13,0,0,0.144261158303264,0.148219388229573,1,0,0,40,0,5.47571556925391,0.144261158303264
41,13,0,0,0.144859837558091,0.168616516306335,1,0,0,41,0,5.47570720294363,0.144859837558091
42,13,0,0,0.145458996129077,0.163553743899242,1,0,0,42,0,5.47569881281002,0.145458996129077
43,13,0,0,0.146059004631642,0.172545068527219,1,0,0,43,0,5.47569038485641,0.146059004631642
44,13,0,0,0.146660233681203,0.213213382397795,1,0,0,44,0,5.47568190508614,0.146660233681203
45,13,0,0,0.147263053893182,0.20042014216336,1,0,0,45,0,5.47567335950254,0.147263053893182
46,13,0,0,0.147867835882996,0.205057349846699,1,0,0,46,0,5.47566473410894,0.147867835882996
47,13,0,0,0.148474950266065,0.198207568622344,1,0,0,47,0,5.47565601490867,0.148474950266065
48,13,0,0,0.149084768297183,0.190369614927714,1,0,0,48,0,5.47564718786997,0.149084768297183
49,13,0,0,0.149697986033211,0.186240708785901,1,0,0,49,0,5.47563822113453,0.149697986033211
50,13,0,0,0.150316151816756,0.180761332655011,1,0,0,50,0,5.47562903606693,0.150316151816756
51,13,0,0,0.150940952095241,0.183407465645867,1,0,0,51,0,5.47561954645192,0.150940952095241
52,13,0,0,0.151574073316088,0.174350716956397,1,0,0,52,0,5.47560966607428,0.151574073316088
53,13,0,0,0.15221720192672,0.176770355829505,1,0,0,53,0,5.47559930871878,0.15221720192672
54,13,0,0,0.15287202437456,0.171787787924071,1,0,0,54,0,5.4755883881702,0.15287202437456
55,13,0,0,0.15354022710703,0.159163799782069,1,0,0,55,0,5.47557681821329,0.15354022710703
56,13,0,0,0.154223507978531,0.158410329044849,1,0,0,56,0,5.47556450925793,0.154223507978531
57,13,0,0,0.154924558676274,0.159251658221247,1,0,0,57,0,5.47555107767446,0.154924558676274
58,13,0,0,0.15564782185834,0.156769082693607,1,0,0,58,0,5.47553562178375,0.15564782185834
59,13,0,0,0.156397918416813,0.156600228393018,1,0,0,59,0,5.47551718717358,0.156397918416813
60,13,0,0,0.157179469243778,0.156889990399914,1,0,0,60,0,5.47549481943176,0.157179469243778
61,13,0,0,0.157997095231322,0.159496025213773,1,0,0,61,0,5.4754675641461,0.157997095231322
62,13,0,0,0.158855417271529,0.157006609845198,1,0,0,62,0,5.47543446690438,0.158855417271529
63,13,0,0,0.159759056256484,0.154269865733799,1,0,0,63,0,5.47539457329442,0.159759056256484
64,13,0,0,0.160712729091878,0.156137884972642,1,0,0,64,0,5.47534569261457,0.160712729091878
65,13,0,0,0.161724324688425,0.159338677597798,1,0,0,65,0,5.47524479082299,0.161724324688425
66,13,0,0,0.16280555472074,0.159315904442817,1,0,0,66,0,5.4749996112425,0.16280555472074
67,13,0,0,0.163968358451244,0.161115643309108,1,0,0,67,0,5.47451496673206,0.163968358451244
68,13,0,0,0.165224675142358,0.160892072264853,1,0,0,68,0,5.47369567015065,0.165224675142358
69,13,0,0,0.166586444056502,0.163446453152635,1,0,0,69,0,5.4724465343572,0.166586444056502
70,13,0,0,0.168065604456097,0.165166525376388,1,0,0,70,0,5.4706723722107,0.168065604456097
71,13,0,0,0.169674095603562,0.166995738432077,1,0,0,71,0,5.46827799657008,0.169674095603562
72,13,0,0,0.171424282595822,0.168588924156136,1,0,0,72,0,5.46517524872932,0.171424282595822
73,13,0,0,0.173335683218715,0.169310812794795,1,0,0,73,0,5.46139402572641,0.173335683218715
74,13,0,0,0.175433750326464,0.176338685623652,1,0,0,74,0,5.45706218341212,0.175433750326464
75,13,0,0,0.177744116422224,0.176201069235935,1,0,0,75,0,5.4523105427582,0.177744116422224
76,13,0,0,0.18029241400915,0.179839397335494,1,0,0,76,0,5.44726992473642,0.18029241400915
77,13,0,0,0.183104275590394,0.182774767255459,1,0,0,77,0,5.44207115031855,0.183104275590394
78,13,0,0,0.186205333669112,0.183703989051464,1,0,0,78,0,5.43684504047635,0.186205333669112
79,13,0,0,0.189621220748457,0.187932932482476,1,0,0,79,0,5.43172241618159,0.189621220748457
80,13,0,0,0.193376198733669,0.188525415981574,1,0,0,80,0,5.42681468665027,0.193376198733669
81,13,0,0,0.197481064776076,0.191378982913149,1,0,0,81,0,5.42204256000987,0.197481064776076
82,13,0,0,0.201938973573034,0.20074476513276,1,0,0,82,0,5.41721850443776,0.201938973573034
83,13,0,0,0.206752992103633,0.205542960898552,1,0,0,83,0,5.41215374575896,0.206752992103633
84,13,0,0,0.211926187346962,0.215139236993885,1,0,0,84,0,5.40665950979849,0.211926187346962
85,13,0,0,0.217461626282111,0.213679448246103,1,0,0,85,0,5.40054702238135,0.217461626282111
86,13,0,0,0.22336237588817,0.221294087283803,1,0,0,86,0,5.39362750933256,0.22336237588817
87,13,0,0,0.229631503144228,0.223248735653515,1,0,0,87,0,5.38571219647712,0.229631503144228
88,13,0,0,0.236267161980444,0.237687379474557,1,0,0,88,0,5.37655103428333,0.236267161980444
89,13,0,0,0.243237186446303,0.250152284489835,1,0,0,89,0,5.3655158248374,0.243237186446303
90,13,0,0,0.250497855828063,0.262683583553571,1,0,0,90,0,5.35183425966438,0.250497855828063
91,13,0,0,0.258005426666384,0.278210087984419,1,0,0,91,0,5.33473374660707,0.258005426666384
92,13,0,0,0.265716155501929,0.29044570401449,1,0,0,92,0,5.31344169350832,0.265716155501929
93,13,0,0,0.273586298875357,0.284776846308964,1,0,0,93,0,5.28718550821093,0.273586298875357
94,13,0,0,0.281572113327329,0.293042644207957,1,0,0,94,0,5.25519259855772,0.281572113327329
95,13,0,0,0.289629855398507,0.28729741025757,1,0,0,95,0,5.21669037239153,0.289629855398507
40,14,0,0,0.144261158303264,0.148219388229573,1,0,0,40,0,5.48785519275711,0.144261158303264
41,14,0,0,0.144859837558091,0.168616516306335,1,0,0,41,0,5.48784682644682,0.144859837558091
42,14,0,0,0.145458996129077,0.163553743899242,1,0,0,42,0,5.48783843631321,0.145458996129077
43,14,0,0,0.146059004631642,0.172545068527219,1,0,0,43,0,5.48783000835961,0.146059004631642
44,14,0,0,0.146660233681203,0.213213382397795,1,0,0,44,0,5.48782152858934,0.146660233681203
45,14,0,0,0.147263053893182,0.20042014216336,1,0,0,45,0,5.48781298300574,0.147263053893182
46,14,0,0,0.147867835882996,0.205057349846699,1,0,0,46,0,5.48780435761214,0.147867835882996
47,14,0,0,0.148474950266065,0.198207568622344,1,0,0,47,0,5.48779563841186,0.148474950266065
48,14,0,0,0.149084768297183,0.190369614927714,1,0,0,48,0,5.48778681137316,0.149084768297183
49,14,0,0,0.149697986033211,0.186240708785901,1,0,0,49,0,5.48777784463773,0.149697986033211
50,14,0,0,0.150316151816756,0.180761332655011,1,0,0,50,0,5.48776865957012,0.150316151816756
51,14,0,0,0.150940952095241,0.183407465645867,1,0,0,51,0,5.48775916995511,0.150940952095241
52,14,0,0,0.151574073316088,0.174350716956397,1,0,0,52,0,5.48774928957748,0.151574073316088
53,14,0,0,0.15221720192672,0.176770355829505,1,0,0,53,0,5.48773893222198,0.15221720192672
54,14,0,0,0.15287202437456,0.171787787924071,1,0,0,54,0,5.48772801167339,0.15287202437456
55,14,0,0,0.15354022710703,0.159163799782069,1,0,0,55,0,5.48771644171649,0.15354022710703
56,14,0,0,0.154223507978531,0.158410329044849,1,0,0,56,0,5.48770413276113,0.154223507978531
57,14,0,0,0.154924558676274,0.159251658221247,1,0,0,57,0,5.48769070117766,0.154924558676274
58,14,0,0,0.15564782185834,0.156769082693607,1,0,0,58,0,5.48767524528694,0.15564782185834
59,14,0,0,0.156397918416813,0.156600228393018,1,0,0,59,0,5.48765681067678,0.156397918416813
60,14,0,0,0.157179469243778,0.156889990399914,1,0,0,60,0,5.48763444293496,0.157179469243778
61,14,0,0,0.157997095231322,0.159496025213773,1,0,0,61,0,5.4876071876493,0.157997095231322
62,14,0,0,0.158855417271529,0.157006609845198,1,0,0,62,0,5.48757409040758,0.158855417271529
63,14,0,0,0.159759056256484,0.154269865733799,1,0,0,63,0,5.48753419679762,0.159759056256484
64,14,0,0,0.160712729091878,0.156137884972642,1,0,0,64,0,5.48748531611777,0.160712729091878
65,14,0,0,0.161724324688425,0.159338677597798,1,0,0,65,0,5.48738441432618,0.161724324688425
66,14,0,0,0.16280555472074,0.159315904442817,1,0,0,66,0,5.48713923474569,0.16280555472074
67,14,0,0,0.163968358451244,0.161115643309108,1,0,0,67,0,5.48665459023526,0.163968358451244
68,14,0,0,0.165224675142358,0.160892072264853,1,0,0,68,0,5.48583529365384,0.165224675142358
69,14,0,0,0.166586444056502,0.163446453152635,1,0,0,69,0,5.4845861578604,0.166586444056502
70,14,0,0,0.168065604456097,0.165166525376388,1,0,0,70,0,5.48281199571389,0.168065604456097
71,14,0,0,0.169674095603562,0.166995738432077,1,0,0,71,0,5.48041762007328,0.169674095603562
72,14,0,0,0.171424282595822,0.168588924156136,1,0,0,72,0,5.47731487223252,0.171424282595822
73,14,0,0,0.173335683218715,0.169310812794795,1,0,0,73,0,5.47353364922961,0.173335683218715
74,14,0,0,0.175433750326464,0.176338685623652,1,0,0,74,0,5.46920180691532,0.175433750326464
75,14,0,0,0.177744116422224,0.176201069235935,1,0,0,75,0,5.4644501662614,0.177744116422224
76,14,0,0,0.18029241400915,0.179839397335494,1,0,0,76,0,5.45940954823962,0.18029241400915
77,14,0,0,0.183104275590394,0.182774767255459,1,0,0,77,0,5.45421077382175,0.183104275590394
78,14,0,0,0.186205333669112,0.183703989051464,1,0,0,78,0,5.44898466397955,0.186205333669112
79,14,0,0,0.189621220748457,0.187932932482476,1,0,0,79,0,5.44386203968478,0.189621220748457
80,14,0,0,0.193376198733669,0.188525415981574,1,0,0,80,0,5.43895431015347,0.193376198733669
81,14,0,0,0.197481064776076,0.191378982913149,1,0,0,81,0,5.43418218351306,0.197481064776076
82,14,0,0,0.201938973573034,0.20074476513276,1,0,0,82,0,5.42935812794096,0.201938973573034
83,14,0,0,0.206752992103633,0.205542960898552,1,0,0,83,0,5.42429336926216,0.206752992103633
84,14,0,0,0.211926187346962,0.215139236993885,1,0,0,84,0,5.41879913330169,0.211926187346962
85,14,0,0,0.217461626282111,0.213679448246103,1,0,0,85,0,5.41268664588455,0.217461626282111
86,14,0,0,0.22336237588817,0.221294087283803,1,0,0,86,0,5.40576713283576,0.22336237588817
87,14,0,0,0.229631503144228,0.223248735653515,1,0,0,87,0,5.39785181998032,0.229631503144228
88,14,0,0,0.236267161980444,0.237687379474557,1,0,0,88,0,5.38869065778653,0.236267161980444
89,14,0,0,0.243237186446303,0.250152284489835,1,0,0,89,0,5.3776554483406,0.243237186446303
90,14,0,0,0.250497855828063,0.262683583553571,1,0,0,90,0,5.36397388316758,0.250497855828063
91,14,0,0,0.258005426666384,0.278210087984419,1,0,0,91,0,5.34687337011027,0.258005426666384
92,14,0,0,0.265716155501929,0.29044570401449,1,0,0,92,0,5.32558131701151,0.265716155501929
93,14,0,0,0.273586298875357,0.284776846308964,1,0,0,93,0,5.29932513171412,0.273586298875357
94,14,0,0,0.281572113327329,0.293042644207957,1,0,0,94,0,5.26733222206092,0.281572113327329
95,14,0,0,0.289629855398507,0.28729741025757,1,0,0,95,0,5.22882999589473,0.289629855398507
40,15,0,0,0.144261158303264,0.148219388229573,1,0,0,40,0,5.4999948162603,0.144261158303264
41,15,0,0,0.144859837558091,0.168616516306335,1,0,0,41,0,5.49998644995002,0.144859837558091
42,15,0,0,0.145458996129077,0.163553743899242,1,0,0,42,0,5.49997805981641,0.145458996129077
43,15,0,0,0.146059004631642,0.172545068527219,1,0,0,43,0,5.4999696318628,0.146059004631642
44,15,0,0,0.146660233681203,0.213213382397795,1,0,0,44,0,5.49996115209253,0.146660233681203
45,15,0,0,0.147263053893182,0.20042014216336,1,0,0,45,0,5.49995260650893,0.147263053893182
46,15,0,0,0.147867835882996,0.205057349846699,1,0,0,46,0,5.49994398111533,0.147867835882996
47,15,0,0,0.148474950266065,0.198207568622344,1,0,0,47,0,5.49993526191506,0.148474950266065
48,15,0,0,0.149084768297183,0.190369614927714,1,0,0,48,0,5.49992643487636,0.149084768297183
49,15,0,0,0.149697986033211,0.186240708785901,1,0,0,49,0,5.49991746814093,0.149697986033211
50,15,0,0,0.150316151816756,0.180761332655011,1,0,0,50,0,5.49990828307332,0.150316151816756
51,15,0,0,0.150940952095241,0.183407465645867,1,0,0,51,0,5.49989879345831,0.150940952095241
52,15,0,0,0.151574073316088,0.174350716956397,1,0,0,52,0,5.49988891308067,0.151574073316088
53,15,0,0,0.15221720192672,0.176770355829505,1,0,0,53,0,5.49987855572518,0.15221720192672
54,15,0,0,0.15287202437456,0.171787787924071,1,0,0,54,0,5.49986763517659,0.15287202437456
55,15,0,0,0.15354022710703,0.159163799782069,1,0,0,55,0,5.49985606521969,0.15354022710703
56,15,0,0,0.154223507978531,0.158410329044849,1,0,0,56,0,5.49984375626432,0.154223507978531
57,15,0,0,0.154924558676274,0.159251658221247,1,0,0,57,0,5.49983032468086,0.154924558676274
58,15,0,0,0.15564782185834,0.156769082693607,1,0,0,58,0,5.49981486879014,0.15564782185834
59,15,0,0,0.156397918416813,0.156600228393018,1,0,0,59,0,5.49979643417997,0.156397918416813
60,15,0,0,0.157179469243778,0.156889990399914,1,0,0,60,0,5.49977406643816,0.157179469243778
61,15,0,0,0.157997095231322,0.159496025213773,1,0,0,61,0,5.49974681115249,0.157997095231322
62,15,0,0,0.158855417271529,0.157006609845198,1,0,0,62,0,5.49971371391078,0.158855417271529
63,15,0,0,0.159759056256484,0.154269865733799,1,0,0,63,0,5.49967382030082,0.159759056256484
64,15,0,0,0.160712729091878,0.156137884972642,1,0,0,64,0,5.49962493962097,0.160712729091878
65,15,0,0,0.161724324688425,0.159338677597798,1,0,0,65,0,5.49952403782938,0.161724324688425
66,15,0,0,0.16280555472074,0.159315904442817,1,0,0,66,0,5.49927885824889,0.16280555472074
67,15,0,0,0.163968358451244,0.161115643309108,1,0,0,67,0,5.49879421373846,0.163968358451244
68,15,0,0,0.165224675142358,0.160892072264853,1,0,0,68,0,5.49797491715704,0.165224675142358
69,15,0,0,0.166586444056502,0.163446453152635,1,0,0,69,0,5.4967257813636,0.166586444056502
70,15,0,0,0.168065604456097,0.165166525376388,1,0,0,70,0,5.49495161921709,0.168065604456097
71,15,0,0,0.169674095603562,0.166995738432077,1,0,0,71,0,5.49255724357648,0.169674095603562
72,15,0,0,0.171424282595822,0.168588924156136,1,0,0,72,0,5.48945449573571,0.171424282595822
73,15,0,0,0.173335683218715,0.169310812794795,1,0,0,73,0,5.48567327273281,0.173335683218715
74,15,0,0,0.175433750326464,0.176338685623652,1,0,0,74,0,5.48134143041852,0.175433750326464
75,15,0,0,0.177744116422224,0.176201069235935,1,0,0,75,0,5.4765897897646,0.177744116422224
76,15,0,0,0.18029241400915,0.179839397335494,1,0,0,76,0,5.47154917174282,0.18029241400915
77,15,0,0,0.183104275590394,0.182774767255459,1,0,0,77,0,5.46635039732495,0.183104275590394
78,15,0,0,0.186205333669112,0.183703989051464,1,0,0,78,0,5.46112428748275,0.186205333669112
79,15,0,0,0.189621220748457,0.187932932482476,1,0,0,79,0,5.45600166318798,0.189621220748457
80,15,0,0,0.193376198733669,0.188525415981574,1,0,0,80,0,5.45109393365666,0.193376198733669
81,15,0,0,0.197481064776076,0.191378982913149,1,0,0,81,0,5.44632180701626,0.197481064776076
82,15,0,0,0.201938973573034,0.20074476513276,1,0,0,82,0,5.44149775144415,0.201938973573034
83,15,0,0,0.206752992103633,0.205542960898552,1,0,0,83,0,5.43643299276536,0.206752992103633
84,15,0,0,0.211926187346962,0.215139236993885,1,0,0,84,0,5.43093875680489,0.211926187346962
85,15,0,0,0.217461626282111,0.213679448246103,1,0,0,85,0,5.42482626938775,0.217461626282111
86,15,0,0,0.22336237588817,0.221294087283803,1,0,0,86,0,5.41790675633895,0.22336237588817
87,15,0,0,0.229631503144228,0.223248735653515,1,0,0,87,0,5.40999144348352,0.229631503144228
88,15,0,0,0.236267161980444,0.237687379474557,1,0,0,88,0,5.40083028128972,0.236267161980444
89,15,0,0,0.243237186446303,0.250152284489835,1,0,0,89,0,5.3897950718438,0.243237186446303
90,15,0,0,0.250497855828063,0.262683583553571,1,0,0,90,0,5.37611350667077,0.250497855828063
91,15,0,0,0.258005426666384,0.278210087984419,1,0,0,91,0,5.35901299361347,0.258005426666384
92,15,0,0,0.265716155501929,0.29044570401449,1,0,0,92,0,5.33772094051471,0.265716155501929
93,15,0,0,0.273586298875357,0.284776846308964,1,0,0,93,0,5.31146475521732,0.273586298875357
94,15,0,0,0.281572113327329,0.293042644207957,1,0,0,94,0,5.27947184556412,0.281572113327329
95,15,0,0,0.289629855398507,0.28729741025757,1,0,0,95,0,5.24096961939792,0.289629855398507
40,16,0,0,0.144261158303264,0.148219388229573,1,0,0,40,0,5.5121344397635,0.144261158303264
41,16,0,0,0.144859837558091,0.168616516306335,1,0,0,41,0,5.51212607345322,0.144859837558091
42,16,0,0,0.145458996129077,0.163553743899242,1,0,0,42,0,5.51211768331961,0.145458996129077
43,16,0,0,0.146059004631642,0.172545068527219,1,0,0,43,0,5.512109255366,0.146059004631642
44,16,0,0,0.146660233681203,0.213213382397795,1,0,0,44,0,5.51210077559573,0.146660233681203
45,16,0,0,0.147263053893182,0.20042014216336,1,0,0,45,0,5.51209223001213,0.147263053893182
46,16,0,0,0.147867835882996,0.205057349846699,1,0,0,46,0,5.51208360461853,0.147867835882996
47,16,0,0,0.148474950266065,0.198207568622344,1,0,0,47,0,5.51207488541826,0.148474950266065
48,16,0,0,0.149084768297183,0.190369614927714,1,0,0,48,0,5.51206605837956,0.149084768297183
49,16,0,0,0.149697986033211,0.186240708785901,1,0,0,49,0,5.51205709164412,0.149697986033211
50,16,0,0,0.150316151816756,0.180761332655011,1,0,0,50,0,5.51204790657652,0.150316151816756
51,16,0,0,0.150940952095241,0.183407465645867,1,0,0,51,0,5.51203841696151,0.150940952095241
52,16,0,0,0.151574073316088,0.174350716956397,1,0,0,52,0,5.51202853658387,0.151574073316088
53,16,0,0,0.15221720192672,0.176770355829505,1,0,0,53,0,5.51201817922837,0.15221720192672
54,16,0,0,0.15287202437456,0.171787787924071,1,0,0,54,0,5.51200725867979,0.15287202437456
55,16,0,0,0.15354022710703,0.159163799782069,1,0,0,55,0,5.51199568872288,0.15354022710703
56,16,0,0,0.154223507978531,0.158410329044849,1,0,0,56,0,5.51198337976752,0.154223507978531
57,16,0,0,0.154924558676274,0.159251658221247,1,0,0,57,0,5.51196994818405,0.154924558676274
58,16,0,0,0.15564782185834,0.156769082693607,1,0,0,58,0,5.51195449229334,0.15564782185834
59,16,0,0,0.156397918416813,0.156600228393018,1,0,0,59,0,5.51193605768317,0.156397918416813
60,16,0,0,0.157179469243778,0.156889990399914,1,0,0,60,0,5.51191368994135,0.157179469243778
61,16,0,0,0.157997095231322,0.159496025213773,1,0,0,61,0,5.51188643465569,0.157997095231322
62,16,0,0,0.158855417271529,0.157006609845198,1,0,0,62,0,5.51185333741398,0.158855417271529
63,16,0,0,0.159759056256484,0.154269865733799,1,0,0,63,0,5.51181344380402,0.159759056256484
64,16,0,0,0.160712729091878,0.156137884972642,1,0,0,64,0,5.51176456312416,0.160712729091878
65,16,0,0,0.161724324688425,0.159338677597798,1,0,0,65,0,5.51166366133258,0.161724324688425
66,16,0,0,0.16280555472074,0.159315904442817,1,0,0,66,0,5.51141848175209,0.16280555472074
67,16,0,0,0.163968358451244,0.161115643309108,1,0,0,67,0,5.51093383724165,0.163968358451244
68,16,0,0,0.165224675142358,0.160892072264853,1,0,0,68,0,5.51011454066024,0.165224675142358
69,16,0,0,0.166586444056502,0.163446453152635,1,0,0,69,0,5.50886540486679,0.166586444056502
70,16,0,0,0.168065604456097,0.165166525376388,1,0,0,70,0,5.50709124272029,0.168065604456097
71,16,0,0,0.169674095603562,0.166995738432077,1,0,0,71,0,5.50469686707967,0.169674095603562
72,16,0,0,0.171424282595822,0.168588924156136,1,0,0,72,0,5.50159411923891,0.171424282595822
73,16,0,0,0.173335683218715,0.169310812794795,1,0,0,73,0,5.497812896236,0.173335683218715
74,16,0,0,0.175433750326464,0.176338685623652,1,0,0,74,0,5.49348105392171,0.175433750326464
75,16,0,0,0.177744116422224,0.176201069235935,1,0,0,75,0,5.48872941326779,0.177744116422224
76,16,0,0,0.18029241400915,0.179839397335494,1,0,0,76,0,5.48368879524602,0.18029241400915
77,16,0,0,0.183104275590394,0.182774767255459,1,0,0,77,0,5.47849002082814,0.183104275590394
78,16,0,0,0.186205333669112,0.183703989051464,1,0,0,78,0,5.47326391098594,0.186205333669112
79,16,0,0,0.189621220748457,0.187932932482476,1,0,0,79,0,5.46814128669118,0.189621220748457
80,16,0,0,0.193376198733669,0.188525415981574,1,0,0,80,0,5.46323355715986,0.193376198733669
81,16,0,0,0.197481064776076,0.191378982913149,1,0,0,81,0,5.45846143051946,0.197481064776076
82,16,0,0,0.201938973573034,0.20074476513276,1,0,0,82,0,5.45363737494735,0.201938973573034
83,16,0,0,0.206752992103633,0.205542960898552,1,0,0,83,0,5.44857261626856,0.206752992103633
84,16,0,0,0.211926187346962,0.215139236993885,1,0,0,84,0,5.44307838030808,0.211926187346962
85,16,0,0,0.217461626282111,0.213679448246103,1,0,0,85,0,5.43696589289094,0.217461626282111
86,16,0,0,0.22336237588817,0.221294087283803,1,0,0,86,0,5.43004637984215,0.22336237588817
87,16,0,0,0.229631503144228,0.223248735653515,1,0,0,87,0,5.42213106698672,0.229631503144228
88,16,0,0,0.236267161980444,0.237687379474557,1,0,0,88,0,5.41296990479292,0.236267161980444
89,16,0,0,0.243237186446303,0.250152284489835,1,0,0,89,0,5.401934695347,0.243237186446303
90,16,0,0,0.250497855828063,0.262683583553571,1,0,0,90,0,5.38825313017397,0.250497855828063
91,16,0,0,0.258005426666384,0.278210087984419,1,0,0,91,0,5.37115261711667,0.258005426666384
92,16,0,0,0.265716155501929,0.29044570401449,1,0,0,92,0,5.34986056401791,0.265716155501929
93,16,0,0,0.273586298875357,0.284776846308964,1,0,0,93,0,5.32360437872052,0.273586298875357
94,16,0,0,0.281572113327329,0.293042644207957,1,0,0,94,0,5.29161146906731,0.281572113327329
95,16,0,0,0.289629855398507,0.28729741025757,1,0,0,95,0,5.25310924290112,0.289629855398507
40,17,0,0,0.144261158303264,0.148219388229573,0,1,0,0,40,5.5242740632667,0.144261158303264
41,17,0,0,0.144859837558091,0.168616516306335,0,1,0,0,41,5.52426569695641,0.144859837558091
42,17,0,0,0.145458996129077,0.163553743899242,0,1,0,0,42,5.5242573068228,0.145458996129077
43,17,0,0,0.146059004631642,0.172545068527219,0,1,0,0,43,5.5242488788692,0.146059004631642
44,17,0,0,0.146660233681203,0.213213382397795,0,1,0,0,44,5.52424039909893,0.146660233681203
45,17,0,0,0.147263053893182,0.20042014216336,0,1,0,0,45,5.52423185351533,0.147263053893182
46,17,0,0,0.147867835882996,0.205057349846699,0,1,0,0,46,5.52422322812173,0.147867835882996
47,17,0,0,0.148474950266065,0.198207568622344,0,1,0,0,47,5.52421450892145,0.148474950266065
48,17,0,0,0.149084768297183,0.190369614927714,0,1,0,0,48,5.52420568188275,0.149084768297183
49,17,0,0,0.149697986033211,0.186240708785901,0,1,0,0,49,5.52419671514732,0.149697986033211
50,17,0,0,0.150316151816756,0.180761332655011,0,1,0,0,50,5.52418753007971,0.150316151816756
51,17,0,0,0.150940952095241,0.183407465645867,0,1,0,0,51,5.52417804046471,0.150940952095241
52,17,0,0,0.151574073316088,0.174350716956397,0,1,0,0,52,5.52416816008707,0.151574073316088
53,17,0,0,0.15221720192672,0.176770355829505,0,1,0,0,53,5.52415780273157,0.15221720192672
54,17,0,0,0.15287202437456,0.171787787924071,0,1,0,0,54,5.52414688218298,0.15287202437456
55,17,0,0,0.15354022710703,0.159163799782069,0,1,0,0,55,5.52413531222608,0.15354022710703
56,17,0,0,0.154223507978531,0.158410329044849,0,1,0,0,56,5.52412300327072,0.154223507978531
57,17,0,0,0.154924558676274,0.159251658221247,0,1,0,0,57,5.52410957168725,0.154924558676274
58,17,0,0,0.15564782185834,0.156769082693607,0,1,0,0,58,5.52409411579653,0.15564782185834
59,17,0,0,0.156397918416813,0.156600228393018,0,1,0,0,59,5.52407568118637,0.156397918416813
60,17,0,0,0.157179469243778,0.156889990399914,0,1,0,0,60,5.52405331344455,0.157179469243778
61,17,0,0,0.157997095231322,0.159496025213773,0,1,0,0,61,5.52402605815889,0.157997095231322
62,17,0,0,0.158855417271529,0.157006609845198,0,1,0,0,62,5.52399296091717,0.158855417271529
63,17,0,0,0.159759056256484,0.154269865733799,0,1,0,0,63,5.52395306730721,0.159759056256484
64,17,0,0,0.160712729091878,0.156137884972642,0,1,0,0,64,5.52390418662736,0.160712729091878
65,17,0,0,0.161724324688425,0.159338677597798,0,1,0,0,65,5.52380328483577,0.161724324688425
66,17,0,0,0.16280555472074,0.159315904442817,0,1,0,0,66,5.52355810525528,0.16280555472074
67,17,0,0,0.163968358451244,0.161115643309108,0,1,0,0,67,5.52307346074485,0.163968358451244
68,17,0,0,0.165224675142358,0.160892072264853,0,1,0,0,68,5.52225416416343,0.165224675142358
69,17,0,0,0.166586444056502,0.163446453152635,0,1,0,0,69,5.52100502836999,0.166586444056502
70,17,0,0,0.168065604456097,0.165166525376388,0,1,0,0,70,5.51923086622348,0.168065604456097
71,17,0,0,0.169674095603562,0.166995738432077,0,1,0,0,71,5.51683649058287,0.169674095603562
72,17,0,0,0.171424282595822,0.168588924156136,0,1,0,0,72,5.51373374274211,0.171424282595822
73,17,0,0,0.173335683218715,0.169310812794795,0,1,0,0,73,5.5099525197392,0.173335683218715
74,17,0,0,0.175433750326464,0.176338685623652,0,1,0,0,74,5.50562067742491,0.175433750326464
75,17,0,0,0.177744116422224,0.176201069235935,0,1,0,0,75,5.50086903677099,0.177744116422224
76,17,0,0,0.18029241400915,0.179839397335494,0,1,0,0,76,5.49582841874921,0.18029241400915
77,17,0,0,0.183104275590394,0.182774767255459,0,1,0,0,77,5.49062964433134,0.183104275590394
78,17,0,0,0.186205333669112,0.183703989051464,0,1,0,0,78,5.48540353448914,0.186205333669112
79,17,0,0,0.189621220748457,0.187932932482476,0,1,0,0,79,5.48028091019438,0.189621220748457
80,17,0,0,0.193376198733669,0.188525415981574,0,1,0,0,80,5.47537318066306,0.193376198733669
81,17,0,0,0.197481064776076,0.191378982913149,0,1,0,0,81,5.47060105402265,0.197481064776076
82,17,0,0,0.201938973573034,0.20074476513276,0,1,0,0,82,5.46577699845055,0.201938973573034
83,17,0,0,0.206752992103633,0.205542960898552,0,1,0,0,83,5.46071223977175,0.206752992103633
84,17,0,0,0.211926187346962,0.215139236993885,0,1,0,0,84,5.45521800381128,0.211926187346962
85,17,0,0,0.217461626282111,0.213679448246103,0,1,0,0,85,5.44910551639414,0.217461626282111
86,17,0,0,0.22336237588817,0.221294087283803,0,1,0,0,86,5.44218600334535,0.22336237588817
87,17,0,0,0.229631503144228,0.223248735653515,0,1,0,0,87,5.43427069048991,0.229631503144228
88,17,0,0,0.236267161980444,0.237687379474557,0,1,0,0,88,5.42510952829612,0.236267161980444
89,17,0,0,0.243237186446303,0.250152284489835,0,1,0,0,89,5.41407431885019,0.243237186446303
90,17,0,0,0.250497855828063,0.262683583553571,0,1,0,0,90,5.40039275367717,0.250497855828063
91,17,0,0,0.258005426666384,0.278210087984419,0,1,0,0,91,5.38329224061986,0.258005426666384
92,17,0,0,0.265716155501929,0.29044570401449,0,1,0,0,92,5.3620001875211,0.265716155501929
93,17,0,0,0.273586298875357,0.284776846308964,0,1,0,0,93,5.33574400222371,0.273586298875357
94,17,0,0,0.281572113327329,0.293042644207957,0,1,0,0,94,5.30375109257051,0.281572113327329
95,17,0,0,0.289629855398507,0.28729741025757,0,1,0,0,95,5.26524886640432,0.289629855398507
40,18,0,0,0.144261158303264,0.148219388229573,0,1,0,0,40,5.5364136867699,0.144261158303264
41,18,0,0,0.144859837558091,0.168616516306335,0,1,0,0,41,5.53640532045961,0.144859837558091
42,18,0,0,0.145458996129077,0.163553743899242,0,1,0,0,42,5.536396930326,0.145458996129077
43,18,0,0,0.146059004631642,0.172545068527219,0,1,0,0,43,5.53638850237239,0.146059004631642
44,18,0,0,0.146660233681203,0.213213382397795,0,1,0,0,44,5.53638002260212,0.146660233681203
45,18,0,0,0.147263053893182,0.20042014216336,0,1,0,0,45,5.53637147701852,0.147263053893182
46,18,0,0,0.147867835882996,0.205057349846699,0,1,0,0,46,5.53636285162492,0.147867835882996
47,18,0,0,0.148474950266065,0.198207568622344,0,1,0,0,47,5.53635413242465,0.148474950266065
48,18,0,0,0.149084768297183,0.190369614927714,0,1,0,0,48,5.53634530538595,0.149084768297183
49,18,0,0,0.149697986033211,0.186240708785901,0,1,0,0,49,5.53633633865052,0.149697986033211
50,18,0,0,0.150316151816756,0.180761332655011,0,1,0,0,50,5.53632715358291,0.150316151816756
51,18,0,0,0.150940952095241,0.183407465645867,0,1,0,0,51,5.5363176639679,0.150940952095241
52,18,0,0,0.151574073316088,0.174350716956397,0,1,0,0,52,5.53630778359026,0.151574073316088
53,18,0,0,0.15221720192672,0.176770355829505,0,1,0,0,53,5.53629742623477,0.15221720192672
54,18,0,0,0.15287202437456,0.171787787924071,0,1,0,0,54,5.53628650568618,0.15287202437456
55,18,0,0,0.15354022710703,0.159163799782069,0,1,0,0,55,5.53627493572928,0.15354022710703
56,18,0,0,0.154223507978531,0.158410329044849,0,1,0,0,56,5.53626262677391,0.154223507978531
57,18,0,0,0.154924558676274,0.159251658221247,0,1,0,0,57,5.53624919519045,0.154924558676274
58,18,0,0,0.15564782185834,0.156769082693607,0,1,0,0,58,5.53623373929973,0.15564782185834
59,18,0,0,0.156397918416813,0.156600228393018,0,1,0,0,59,5.53621530468956,0.156397918416813
60,18,0,0,0.157179469243778,0.156889990399914,0,1,0,0,60,5.53619293694775,0.157179469243778
61,18,0,0,0.157997095231322,0.159496025213773,0,1,0,0,61,5.53616568166208,0.157997095231322
62,18,0,0,0.158855417271529,0.157006609845198,0,1,0,0,62,5.53613258442037,0.158855417271529
63,18,0,0,0.159759056256484,0.154269865733799,0,1,0,0,63,5.53609269081041,0.159759056256484
64,18,0,0,0.160712729091878,0.156137884972642,0,1,0,0,64,5.53604381013056,0.160712729091878
65,18,0,0,0.161724324688425,0.159338677597798,0,1,0,0,65,5.53594290833897,0.161724324688425
66,18,0,0,0.16280555472074,0.159315904442817,0,1,0,0,66,5.53569772875848,0.16280555472074
67,18,0,0,0.163968358451244,0.161115643309108,0,1,0,0,67,5.53521308424805,0.163968358451244
68,18,0,0,0.165224675142358,0.160892072264853,0,1,0,0,68,5.53439378766663,0.165224675142358
69,18,0,0,0.166586444056502,0.163446453152635,0,1,0,0,69,5.53314465187319,0.166586444056502
70,18,0,0,0.168065604456097,0.165166525376388,0,1,0,0,70,5.53137048972668,0.168065604456097
71,18,0,0,0.169674095603562,0.166995738432077,0,1,0,0,71,5.52897611408607,0.169674095603562
72,18,0,0,0.171424282595822,0.168588924156136,0,1,0,0,72,5.5258733662453,0.171424282595822
73,18,0,0,0.173335683218715,0.169310812794795,0,1,0,0,73,5.5220921432424,0.173335683218715
74,18,0,0,0.175433750326464,0.176338685623652,0,1,0,0,74,5.51776030092811,0.175433750326464
75,18,0,0,0.177744116422224,0.176201069235935,0,1,0,0,75,5.51300866027419,0.177744116422224
76,18,0,0,0.18029241400915,0.179839397335494,0,1,0,0,76,5.50796804225241,0.18029241400915
77,18,0,0,0.183104275590394,0.182774767255459,0,1,0,0,77,5.50276926783454,0.183104275590394
78,18,0,0,0.186205333669112,0.183703989051464,0,1,0,0,78,5.49754315799234,0.186205333669112
79,18,0,0,0.189621220748457,0.187932932482476,0,1,0,0,79,5.49242053369757,0.189621220748457
80,18,0,0,0.193376198733669,0.188525415981574,0,1,0,0,80,5.48751280416625,0.193376198733669
81,18,0,0,0.197481064776076,0.191378982913149,0,1,0,0,81,5.48274067752585,0.197481064776076
82,18,0,0,0.201938973573034,0.20074476513276,0,1,0,0,82,5.47791662195375,0.201938973573034
83,18,0,0,0.206752992103633,0.205542960898552,0,1,0,0,83,5.47285186327495,0.206752992103633
84,18,0,0,0.211926187346962,0.215139236993885,0,1,0,0,84,5.46735762731448,0.211926187346962
85,18,0,0,0.217461626282111,0.213679448246103,0,1,0,0,85,5.46124513989734,0.217461626282111
86,18,0,0,0.22336237588817,0.221294087283803,0,1,0,0,86,5.45432562684854,0.22336237588817
87,18,0,0,0.229631503144228,0.223248735653515,0,1,0,0,87,5.44641031399311,0.229631503144228
88,18,0,0,0.236267161980444,0.237687379474557,0,1,0,0,88,5.43724915179931,0.236267161980444
89,18,0,0,0.243237186446303,0.250152284489835,0,1,0,0,89,5.42621394235339,0.243237186446303
90,18,0,0,0.250497855828063,0.262683583553571,0,1,0,0,90,5.41253237718036,0.250497855828063
91,18,0,0,0.258005426666384,0.278210087984419,0,1,0,0,91,5.39543186412306,0.258005426666384
92,18,0,0,0.265716155501929,0.29044570401449,0,1,0,0,92,5.3741398110243,0.265716155501929
93,18,0,0,0.273586298875357,0.284776846308964,0,1,0,0,93,5.34788362572691,0.273586298875357
94,18,0,0,0.281572113327329,0.293042644207957,0,1,0,0,94,5.31589071607371,0.281572113327329
95,18,0,0,0.289629855398507,0.28729741025757,0,1,0,0,95,5.27738848990751,0.289629855398507
40,19,0,0,0.144261158303264,0.148219388229573,0,1,0,0,40,5.54855331027309,0.144261158303264
41,19,0,0,0.144859837558091,0.168616516306335,0,1,0,0,41,5.54854494396281,0.144859837558091
42,19,0,0,0.145458996129077,0.163553743899242,0,1,0,0,42,5.5485365538292,0.145458996129077
43,19,0,0,0.146059004631642,0.172545068527219,0,1,0,0,43,5.54852812587559,0.146059004631642
44,19,0,0,0.146660233681203,0.213213382397795,0,1,0,0,44,5.54851964610532,0.146660233681203
45,19,0,0,0.147263053893182,0.20042014216336,0,1,0,0,45,5.54851110052172,0.147263053893182
46,19,0,0,0.147867835882996,0.205057349846699,0,1,0,0,46,5.54850247512812,0.147867835882996
47,19,0,0,0.148474950266065,0.198207568622344,0,1,0,0,47,5.54849375592785,0.148474950266065
48,19,0,0,0.149084768297183,0.190369614927714,0,1,0,0,48,5.54848492888915,0.149084768297183
49,19,0,0,0.149697986033211,0.186240708785901,0,1,0,0,49,5.54847596215371,0.149697986033211
50,19,0,0,0.150316151816756,0.180761332655011,0,1,0,0,50,5.54846677708611,0.150316151816756
51,19,0,0,0.150940952095241,0.183407465645867,0,1,0,0,51,5.5484572874711,0.150940952095241
52,19,0,0,0.151574073316088,0.174350716956397,0,1,0,0,52,5.54844740709346,0.151574073316088
53,19,0,0,0.15221720192672,0.176770355829505,0,1,0,0,53,5.54843704973796,0.15221720192672
54,19,0,0,0.15287202437456,0.171787787924071,0,1,0,0,54,5.54842612918938,0.15287202437456
55,19,0,0,0.15354022710703,0.159163799782069,0,1,0,0,55,5.54841455923248,0.15354022710703
56,19,0,0,0.154223507978531,0.158410329044849,0,1,0,0,56,5.54840225027711,0.154223507978531
57,19,0,0,0.154924558676274,0.159251658221247,0,1,0,0,57,5.54838881869365,0.154924558676274
58,19,0,0,0.15564782185834,0.156769082693607,0,1,0,0,58,5.54837336280293,0.15564782185834
59,19,0,0,0.156397918416813,0.156600228393018,0,1,0,0,59,5.54835492819276,0.156397918416813
60,19,0,0,0.157179469243778,0.156889990399914,0,1,0,0,60,5.54833256045094,0.157179469243778
61,19,0,0,0.157997095231322,0.159496025213773,0,1,0,0,61,5.54830530516528,0.157997095231322
62,19,0,0,0.158855417271529,0.157006609845198,0,1,0,0,62,5.54827220792357,0.158855417271529
63,19,0,0,0.159759056256484,0.154269865733799,0,1,0,0,63,5.54823231431361,0.159759056256484
64,19,0,0,0.160712729091878,0.156137884972642,0,1,0,0,64,5.54818343363376,0.160712729091878
65,19,0,0,0.161724324688425,0.159338677597798,0,1,0,0,65,5.54808253184217,0.161724324688425
66,19,0,0,0.16280555472074,0.159315904442817,0,1,0,0,66,5.54783735226168,0.16280555472074
67,19,0,0,0.163968358451244,0.161115643309108,0,1,0,0,67,5.54735270775125,0.163968358451244
68,19,0,0,0.165224675142358,0.160892072264853,0,1,0,0,68,5.54653341116983,0.165224675142358
69,19,0,0,0.166586444056502,0.163446453152635,0,1,0,0,69,5.54528427537638,0.166586444056502
70,19,0,0,0.168065604456097,0.165166525376388,0,1,0,0,70,5.54351011322988,0.168065604456097
71,19,0,0,0.169674095603562,0.166995738432077,0,1,0,0,71,5.54111573758926,0.169674095603562
72,19,0,0,0.171424282595822,0.168588924156136,0,1,0,0,72,5.5380129897485,0.171424282595822
73,19,0,0,0.173335683218715,0.169310812794795,0,1,0,0,73,5.5342317667456,0.173335683218715
74,19,0,0,0.175433750326464,0.176338685623652,0,1,0,0,74,5.5298999244313,0.175433750326464
75,19,0,0,0.177744116422224,0.176201069235935,0,1,0,0,75,5.52514828377738,0.177744116422224
76,19,0,0,0.18029241400915,0.179839397335494,0,1,0,0,76,5.52010766575561,0.18029241400915
77,19,0,0,0.183104275590394,0.182774767255459,0,1,0,0,77,5.51490889133773,0.183104275590394
78,19,0,0,0.186205333669112,0.183703989051464,0,1,0,0,78,5.50968278149553,0.186205333669112
79,19,0,0,0.189621220748457,0.187932932482476,0,1,0,0,79,5.50456015720077,0.189621220748457
80,19,0,0,0.193376198733669,0.188525415981574,0,1,0,0,80,5.49965242766945,0.193376198733669
81,19,0,0,0.197481064776076,0.191378982913149,0,1,0,0,81,5.49488030102905,0.197481064776076
82,19,0,0,0.201938973573034,0.20074476513276,0,1,0,0,82,5.49005624545694,0.201938973573034
83,19,0,0,0.206752992103633,0.205542960898552,0,1,0,0,83,5.48499148677815,0.206752992103633
84,19,0,0,0.211926187346962,0.215139236993885,0,1,0,0,84,5.47949725081767,0.211926187346962
85,19,0,0,0.217461626282111,0.213679448246103,0,1,0,0,85,5.47338476340053,0.217461626282111
86,19,0,0,0.22336237588817,0.221294087283803,0,1,0,0,86,5.46646525035174,0.22336237588817
87,19,0,0,0.229631503144228,0.223248735653515,0,1,0,0,87,5.45854993749631,0.229631503144228
88,19,0,0,0.236267161980444,0.237687379474557,0,1,0,0,88,5.44938877530251,0.236267161980444
89,19,0,0,0.243237186446303,0.250152284489835,0,1,0,0,89,5.43835356585659,0.243237186446303
90,19,0,0,0.250497855828063,0.262683583553571,0,1,0,0,90,5.42467200068356,0.250497855828063
91,19,0,0,0.258005426666384,0.278210087984419,0,1,0,0,91,5.40757148762626,0.258005426666384
92,19,0,0,0.265716155501929,0.29044570401449,0,1,0,0,92,5.3862794345275,0.265716155501929
93,19,0,0,0.273586298875357,0.284776846308964,0,1,0,0,93,5.36002324923011,0.273586298875357
94,19,0,0,0.281572113327329,0.293042644207957,0,1,0,0,94,5.3280303395769,0.281572113327329
95,19,0,0,0.289629855398507,0.28729741025757,0,1,0,0,95,5.28952811341071,0.289629855398507
40,20,0,0,0.144261158303264,0.148219388229573,0,1,0,0,40,5.56069293377629,0.144261158303264
41,20,0,0,0.144859837558091,0.168616516306335,0,1,0,0,41,5.560684567466,0.144859837558091
42,20,0,0,0.145458996129077,0.163553743899242,0,1,0,0,42,5.56067617733239,0.145458996129077
43,20,0,0,0.146059004631642,0.172545068527219,0,1,0,0,43,5.56066774937879,0.146059004631642
44,20,0,0,0.146660233681203,0.213213382397795,0,1,0,0,44,5.56065926960852,0.146660233681203
45,20,0,0,0.147263053893182,0.20042014216336,0,1,0,0,45,5.56065072402492,0.147263053893182
46,20,0,0,0.147867835882996,0.205057349846699,0,1,0,0,46,5.56064209863132,0.147867835882996
47,20,0,0,0.148474950266065,0.198207568622344,0,1,0,0,47,5.56063337943105,0.148474950266065
48,20,0,0,0.149084768297183,0.190369614927714,0,1,0,0,48,5.56062455239235,0.149084768297183
49,20,0,0,0.149697986033211,0.186240708785901,0,1,0,0,49,5.56061558565691,0.149697986033211
50,20,0,0,0.150316151816756,0.180761332655011,0,1,0,0,50,5.5606064005893,0.150316151816756
51,20,0,0,0.150940952095241,0.183407465645867,0,1,0,0,51,5.5605969109743,0.150940952095241
52,20,0,0,0.151574073316088,0.174350716956397,0,1,0,0,52,5.56058703059666,0.151574073316088
53,20,0,0,0.15221720192672,0.176770355829505,0,1,0,0,53,5.56057667324116,0.15221720192672
54,20,0,0,0.15287202437456,0.171787787924071,0,1,0,0,54,5.56056575269257,0.15287202437456
55,20,0,0,0.15354022710703,0.159163799782069,0,1,0,0,55,5.56055418273567,0.15354022710703
56,20,0,0,0.154223507978531,0.158410329044849,0,1,0,0,56,5.56054187378031,0.154223507978531
57,20,0,0,0.154924558676274,0.159251658221247,0,1,0,0,57,5.56052844219684,0.154924558676274
58,20,0,0,0.15564782185834,0.156769082693607,0,1,0,0,58,5.56051298630613,0.15564782185834
59,20,0,0,0.156397918416813,0.156600228393018,0,1,0,0,59,5.56049455169596,0.156397918416813
60,20,0,0,0.157179469243778,0.156889990399914,0,1,0,0,60,5.56047218395414,0.157179469243778
61,20,0,0,0.157997095231322,0.159496025213773,0,1,0,0,61,5.56044492866848,0.157997095231322
62,20,0,0,0.158855417271529,0.157006609845198,0,1,0,0,62,5.56041183142676,0.158855417271529
63,20,0,0,0.159759056256484,0.154269865733799,0,1,0,0,63,5.5603719378168,0.159759056256484
64,20,0,0,0.160712729091878,0.156137884972642,0,1,0,0,64,5.56032305713695,0.160712729091878
65,20,0,0,0.161724324688425,0.159338677597798,0,1,0,0,65,5.56022215534537,0.161724324688425
66,20,0,0,0.16280555472074,0.159315904442817,0,1,0,0,66,5.55997697576488,0.16280555472074
67,20,0,0,0.163968358451244,0.161115643309108,0,1,0,0,67,5.55949233125444,0.163968358451244
68,20,0,0,0.165224675142358,0.160892072264853,0,1,0,0,68,5.55867303467302,0.165224675142358
69,20,0,0,0.166586444056502,0.163446453152635,0,1,0,0,69,5.55742389887958,0.166586444056502
70,20,0,0,0.168065604456097,0.165166525376388,0,1,0,0,70,5.55564973673307,0.168065604456097
71,20,0,0,0.169674095603562,0.166995738432077,0,1,0,0,71,5.55325536109246,0.169674095603562
72,20,0,0,0.171424282595822,0.168588924156136,0,1,0,0,72,5.5501526132517,0.171424282595822
73,20,0,0,0.173335683218715,0.169310812794795,0,1,0,0,73,5.54637139024879,0.173335683218715
74,20,0,0,0.175433750326464,0.176338685623652,0,1,0,0,74,5.5420395479345,0.175433750326464
75,20,0,0,0.177744116422224,0.176201069235935,0,1,0,0,75,5.53728790728058,0.177744116422224
76,20,0,0,0.18029241400915,0.179839397335494,0,1,0,0,76,5.5322472892588,0.18029241400915
77,20,0,0,0.183104275590394,0.182774767255459,0,1,0,0,77,5.52704851484093,0.183104275590394
78,20,0,0,0.186205333669112,0.183703989051464,0,1,0,0,78,5.52182240499873,0.186205333669112
79,20,0,0,0.189621220748457,0.187932932482476,0,1,0,0,79,5.51669978070397,0.189621220748457
80,20,0,0,0.193376198733669,0.188525415981574,0,1,0,0,80,5.51179205117265,0.193376198733669
81,20,0,0,0.197481064776076,0.191378982913149,0,1,0,0,81,5.50701992453224,0.197481064776076
82,20,0,0,0.201938973573034,0.20074476513276,0,1,0,0,82,5.50219586896014,0.201938973573034
83,20,0,0,0.206752992103633,0.205542960898552,0,1,0,0,83,5.49713111028134,0.206752992103633
84,20,0,0,0.211926187346962,0.215139236993885,0,1,0,0,84,5.49163687432087,0.211926187346962
85,20,0,0,0.217461626282111,0.213679448246103,0,1,0,0,85,5.48552438690373,0.217461626282111
86,20,0,0,0.22336237588817,0.221294087283803,0,1,0,0,86,5.47860487385494,0.22336237588817
87,20,0,0,0.229631503144228,0.223248735653515,0,1,0,0,87,5.4706895609995,0.229631503144228
88,20,0,0,0.236267161980444,0.237687379474557,0,1,0,0,88,5.46152839880571,0.236267161980444
89,20,0,0,0.243237186446303,0.250152284489835,0,1,0,0,89,5.45049318935978,0.243237186446303
90,20,0,0,0.250497855828063,0.262683583553571,0,1,0,0,90,5.43681162418676,0.250497855828063
91,20,0,0,0.258005426666384,0.278210087984419,0,1,0,0,91,5.41971111112945,0.258005426666384
92,20,0,0,0.265716155501929,0.29044570401449,0,1,0,0,92,5.3984190580307,0.265716155501929
93,20,0,0,0.273586298875357,0.284776846308964,0,1,0,0,93,5.3721628727333,0.273586298875357
94,20,0,0,0.281572113327329,0.293042644207957,0,1,0,0,94,5.3401699630801,0.281572113327329
95,20,0,0,0.289629855398507,0.28729741025757,0,1,0,0,95,5.30166773691391,0.289629855398507
40,21,0,0,0.144261158303264,0.148219388229573,0,1,0,0,40,5.57283255727949,0.144261158303264
41,21,0,0,0.144859837558091,0.168616516306335,0,1,0,0,41,5.5728241909692,0.144859837558091
42,21,0,0,0.145458996129077,0.163553743899242,0,1,0,0,42,5.57281580083559,0.145458996129077
43,21,0,0,0.146059004631642,0.172545068527219,0,1,0,0,43,5.57280737288198,0.146059004631642
44,21,0,0,0.146660233681203,0.213213382397795,0,1,0,0,44,5.57279889311172,0.146660233681203
45,21,0,0,0.147263053893182,0.20042014216336,0,1,0,0,45,5.57279034752812,0.147263053893182
46,21,0,0,0.147867835882996,0.205057349846699,0,1,0,0,46,5.57278172213451,0.147867835882996
47,21,0,0,0.148474950266065,0.198207568622344,0,1,0,0,47,5.57277300293424,0.148474950266065
48,21,0,0,0.149084768297183,0.190369614927714,0,1,0,0,48,5.57276417589554,0.149084768297183
49,21,0,0,0.149697986033211,0.186240708785901,0,1,0,0,49,5.57275520916011,0.149697986033211
50,21,0,0,0.150316151816756,0.180761332655011,0,1,0,0,50,5.5727460240925,0.150316151816756
51,21,0,0,0.150940952095241,0.183407465645867,0,1,0,0,51,5.57273653447749,0.150940952095241
52,21,0,0,0.151574073316088,0.174350716956397,0,1,0,0,52,5.57272665409985,0.151574073316088
53,21,0,0,0.15221720192672,0.176770355829505,0,1,0,0,53,5.57271629674436,0.15221720192672
54,21,0,0,0.15287202437456,0.171787787924071,0,1,0,0,54,5.57270537619577,0.15287202437456
55,21,0,0,0.15354022710703,0.159163799782069,0,1,0,0,55,5.57269380623887,0.15354022710703
56,21,0,0,0.154223507978531,0.158410329044849,0,1,0,0,56,5.5726814972835,0.154223507978531
57,21,0,0,0.154924558676274,0.159251658221247,0,1,0,0,57,5.57266806570004,0.154924558676274
58,21,0,0,0.15564782185834,0.156769082693607,0,1,0,0,58,5.57265260980932,0.15564782185834
59,21,0,0,0.156397918416813,0.156600228393018,0,1,0,0,59,5.57263417519916,0.156397918416813
60,21,0,0,0.157179469243778,0.156889990399914,0,1,0,0,60,5.57261180745734,0.157179469243778
61,21,0,0,0.157997095231322,0.159496025213773,0,1,0,0,61,5.57258455217167,0.157997095231322
62,21,0,0,0.158855417271529,0.157006609845198,0,1,0,0,62,5.57255145492996,0.158855417271529
63,21,0,0,0.159759056256484,0.154269865733799,0,1,0,0,63,5.57251156132,0.159759056256484
64,21,0,0,0.160712729091878,0.156137884972642,0,1,0,0,64,5.57246268064015,0.160712729091878
65,21,0,0,0.161724324688425,0.159338677597798,0,1,0,0,65,5.57236177884856,0.161724324688425
66,21,0,0,0.16280555472074,0.159315904442817,0,1,0,0,66,5.57211659926807,0.16280555472074
67,21,0,0,0.163968358451244,0.161115643309108,0,1,0,0,67,5.57163195475764,0.163968358451244
68,21,0,0,0.165224675142358,0.160892072264853,0,1,0,0,68,5.57081265817622,0.165224675142358
69,21,0,0,0.166586444056502,0.163446453152635,0,1,0,0,69,5.56956352238278,0.166586444056502
70,21,0,0,0.168065604456097,0.165166525376388,0,1,0,0,70,5.56778936023627,0.168065604456097
71,21,0,0,0.169674095603562,0.166995738432077,0,1,0,0,71,5.56539498459566,0.169674095603562
72,21,0,0,0.171424282595822,0.168588924156136,0,1,0,0,72,5.5622922367549,0.171424282595822
73,21,0,0,0.173335683218715,0.169310812794795,0,1,0,0,73,5.55851101375199,0.173335683218715
74,21,0,0,0.175433750326464,0.176338685623652,0,1,0,0,74,5.5541791714377,0.175433750326464
75,21,0,0,0.177744116422224,0.176201069235935,0,1,0,0,75,5.54942753078378,0.177744116422224
76,21,0,0,0.18029241400915,0.179839397335494,0,1,0,0,76,5.544386912762,0.18029241400915
77,21,0,0,0.183104275590394,0.182774767255459,0,1,0,0,77,5.53918813834413,0.183104275590394
78,21,0,0,0.186205333669112,0.183703989051464,0,1,0,0,78,5.53396202850193,0.186205333669112
79,21,0,0,0.189621220748457,0.187932932482476,0,1,0,0,79,5.52883940420716,0.189621220748457
80,21,0,0,0.193376198733669,0.188525415981574,0,1,0,0,80,5.52393167467584,0.193376198733669
81,21,0,0,0.197481064776076,0.191378982913149,0,1,0,0,81,5.51915954803544,0.197481064776076
82,21,0,0,0.201938973573034,0.20074476513276,0,1,0,0,82,5.51433549246334,0.201938973573034
83,21,0,0,0.206752992103633,0.205542960898552,0,1,0,0,83,5.50927073378454,0.206752992103633
84,21,0,0,0.211926187346962,0.215139236993885,0,1,0,0,84,5.50377649782407,0.211926187346962
85,21,0,0,0.217461626282111,0.213679448246103,0,1,0,0,85,5.49766401040693,0.217461626282111
86,21,0,0,0.22336237588817,0.221294087283803,0,1,0,0,86,5.49074449735813,0.22336237588817
87,21,0,0,0.229631503144228,0.223248735653515,0,1,0,0,87,5.4828291845027,0.229631503144228
88,21,0,0,0.236267161980444,0.237687379474557,0,1,0,0,88,5.4736680223089,0.236267161980444
89,21,0,0,0.243237186446303,0.250152284489835,0,1,0,0,89,5.46263281286298,0.243237186446303
90,21,0,0,0.250497855828063,0.262683583553571,0,1,0,0,90,5.44895124768995,0.250497855828063
91,21,0,0,0.258005426666384,0.278210087984419,0,1,0,0,91,5.43185073463265,0.258005426666384
92,21,0,0,0.265716155501929,0.29044570401449,0,1,0,0,92,5.41055868153389,0.265716155501929
93,21,0,0,0.273586298875357,0.284776846308964,0,1,0,0,93,5.3843024962365,0.273586298875357
94,21,0,0,0.281572113327329,0.293042644207957,0,1,0,0,94,5.3523095865833,0.281572113327329
95,21,0,0,0.289629855398507,0.28729741025757,0,1,0,0,95,5.31380736041711,0.289629855398507
40,22,0,0,0.144261158303264,0.148219388229573,0,1,0,0,40,5.58497218078268,0.144261158303264
41,22,0,0,0.144859837558091,0.168616516306335,0,1,0,0,41,5.5849638144724,0.144859837558091
42,22,0,0,0.145458996129077,0.163553743899242,0,1,0,0,42,5.58495542433879,0.145458996129077
43,22,0,0,0.146059004631642,0.172545068527219,0,1,0,0,43,5.58494699638518,0.146059004631642
44,22,0,0,0.146660233681203,0.213213382397795,0,1,0,0,44,5.58493851661491,0.146660233681203
45,22,0,0,0.147263053893182,0.20042014216336,0,1,0,0,45,5.58492997103131,0.147263053893182
46,22,0,0,0.147867835882996,0.205057349846699,0,1,0,0,46,5.58492134563771,0.147867835882996
47,22,0,0,0.148474950266065,0.198207568622344,0,1,0,0,47,5.58491262643744,0.148474950266065
48,22,0,0,0.149084768297183,0.190369614927714,0,1,0,0,48,5.58490379939874,0.149084768297183
49,22,0,0,0.149697986033211,0.186240708785901,0,1,0,0,49,5.58489483266331,0.149697986033211
50,22,0,0,0.150316151816756,0.180761332655011,0,1,0,0,50,5.5848856475957,0.150316151816756
51,22,0,0,0.150940952095241,0.183407465645867,0,1,0,0,51,5.58487615798069,0.150940952095241
52,22,0,0,0.151574073316088,0.174350716956397,0,1,0,0,52,5.58486627760305,0.151574073316088
53,22,0,0,0.15221720192672,0.176770355829505,0,1,0,0,53,5.58485592024755,0.15221720192672
54,22,0,0,0.15287202437456,0.171787787924071,0,1,0,0,54,5.58484499969897,0.15287202437456
55,22,0,0,0.15354022710703,0.159163799782069,0,1,0,0,55,5.58483342974207,0.15354022710703
56,22,0,0,0.154223507978531,0.158410329044849,0,1,0,0,56,5.5848211207867,0.154223507978531
57,22,0,0,0.154924558676274,0.159251658221247,0,1,0,0,57,5.58480768920324,0.154924558676274
58,22,0,0,0.15564782185834,0.156769082693607,0,1,0,0,58,5.58479223331252,0.15564782185834
59,22,0,0,0.156397918416813,0.156600228393018,0,1,0,0,59,5.58477379870235,0.156397918416813
60,22,0,0,0.157179469243778,0.156889990399914,0,1,0,0,60,5.58475143096054,0.157179469243778
61,22,0,0,0.157997095231322,0.159496025213773,0,1,0,0,61,5.58472417567487,0.157997095231322
62,22,0,0,0.158855417271529,0.157006609845198,0,1,0,0,62,5.58469107843316,0.158855417271529
63,22,0,0,0.159759056256484,0.154269865733799,0,1,0,0,63,5.5846511848232,0.159759056256484
64,22,0,0,0.160712729091878,0.156137884972642,0,1,0,0,64,5.58460230414335,0.160712729091878
65,22,0,0,0.161724324688425,0.159338677597798,0,1,0,0,65,5.58450140235176,0.161724324688425
66,22,0,0,0.16280555472074,0.159315904442817,0,1,0,0,66,5.58425622277127,0.16280555472074
67,22,0,0,0.163968358451244,0.161115643309108,0,1,0,0,67,5.58377157826084,0.163968358451244
68,22,0,0,0.165224675142358,0.160892072264853,0,1,0,0,68,5.58295228167942,0.165224675142358
69,22,0,0,0.166586444056502,0.163446453152635,0,1,0,0,69,5.58170314588598,0.166586444056502
70,22,0,0,0.168065604456097,0.165166525376388,0,1,0,0,70,5.57992898373947,0.168065604456097
71,22,0,0,0.169674095603562,0.166995738432077,0,1,0,0,71,5.57753460809885,0.169674095603562
72,22,0,0,0.171424282595822,0.168588924156136,0,1,0,0,72,5.57443186025809,0.171424282595822
73,22,0,0,0.173335683218715,0.169310812794795,0,1,0,0,73,5.57065063725519,0.173335683218715
74,22,0,0,0.175433750326464,0.176338685623652,0,1,0,0,74,5.56631879494089,0.175433750326464
75,22,0,0,0.177744116422224,0.176201069235935,0,1,0,0,75,5.56156715428698,0.177744116422224
76,22,0,0,0.18029241400915,0.179839397335494,0,1,0,0,76,5.5565265362652,0.18029241400915
77,22,0,0,0.183104275590394,0.182774767255459,0,1,0,0,77,5.55132776184733,0.183104275590394
78,22,0,0,0.186205333669112,0.183703989051464,0,1,0,0,78,5.54610165200512,0.186205333669112
79,22,0,0,0.189621220748457,0.187932932482476,0,1,0,0,79,5.54097902771036,0.189621220748457
80,22,0,0,0.193376198733669,0.188525415981574,0,1,0,0,80,5.53607129817904,0.193376198733669
81,22,0,0,0.197481064776076,0.191378982913149,0,1,0,0,81,5.53129917153864,0.197481064776076
82,22,0,0,0.201938973573034,0.20074476513276,0,1,0,0,82,5.52647511596653,0.201938973573034
83,22,0,0,0.206752992103633,0.205542960898552,0,1,0,0,83,5.52141035728774,0.206752992103633
84,22,0,0,0.211926187346962,0.215139236993885,0,1,0,0,84,5.51591612132726,0.211926187346962
85,22,0,0,0.217461626282111,0.213679448246103,0,1,0,0,85,5.50980363391013,0.217461626282111
86,22,0,0,0.22336237588817,0.221294087283803,0,1,0,0,86,5.50288412086133,0.22336237588817
87,22,0,0,0.229631503144228,0.223248735653515,0,1,0,0,87,5.4949688080059,0.229631503144228
88,22,0,0,0.236267161980444,0.237687379474557,0,1,0,0,88,5.4858076458121,0.236267161980444
89,22,0,0,0.243237186446303,0.250152284489835,0,1,0,0,89,5.47477243636618,0.243237186446303
90,22,0,0,0.250497855828063,0.262683583553571,0,1,0,0,90,5.46109087119315,0.250497855828063
91,22,0,0,0.258005426666384,0.278210087984419,0,1,0,0,91,5.44399035813585,0.258005426666384
92,22,0,0,0.265716155501929,0.29044570401449,0,1,0,0,92,5.42269830503709,0.265716155501929
93,22,0,0,0.273586298875357,0.284776846308964,0,1,0,0,93,5.3964421197397,0.273586298875357
94,22,0,0,0.281572113327329,0.293042644207957,0,1,0,0,94,5.3644492100865,0.281572113327329
95,22,0,0,0.289629855398507,0.28729741025757,0,1,0,0,95,5.3259469839203,0.289629855398507
40,23,0,0,0.144261158303264,0.148219388229573,0,1,0,0,40,5.59711180428588,0.144261158303264
41,23,0,0,0.144859837558091,0.168616516306335,0,1,0,0,41,5.5971034379756,0.144859837558091
42,23,0,0,0.145458996129077,0.163553743899242,0,1,0,0,42,5.59709504784198,0.145458996129077
43,23,0,0,0.146059004631642,0.172545068527219,0,1,0,0,43,5.59708661988838,0.146059004631642
44,23,0,0,0.146660233681203,0.213213382397795,0,1,0,0,44,5.59707814011811,0.146660233681203
45,23,0,0,0.147263053893182,0.20042014216336,0,1,0,0,45,5.59706959453451,0.147263053893182
46,23,0,0,0.147867835882996,0.205057349846699,0,1,0,0,46,5.59706096914091,0.147867835882996
47,23,0,0,0.148474950266065,0.198207568622344,0,1,0,0,47,5.59705224994064,0.148474950266065
48,23,0,0,0.149084768297183,0.190369614927714,0,1,0,0,48,5.59704342290194,0.149084768297183
49,23,0,0,0.149697986033211,0.186240708785901,0,1,0,0,49,5.5970344561665,0.149697986033211
50,23,0,0,0.150316151816756,0.180761332655011,0,1,0,0,50,5.5970252710989,0.150316151816756
51,23,0,0,0.150940952095241,0.183407465645867,0,1,0,0,51,5.59701578148389,0.150940952095241
52,23,0,0,0.151574073316088,0.174350716956397,0,1,0,0,52,5.59700590110625,0.151574073316088
53,23,0,0,0.15221720192672,0.176770355829505,0,1,0,0,53,5.59699554375075,0.15221720192672
54,23,0,0,0.15287202437456,0.171787787924071,0,1,0,0,54,5.59698462320216,0.15287202437456
55,23,0,0,0.15354022710703,0.159163799782069,0,1,0,0,55,5.59697305324526,0.15354022710703
56,23,0,0,0.154223507978531,0.158410329044849,0,1,0,0,56,5.5969607442899,0.154223507978531
57,23,0,0,0.154924558676274,0.159251658221247,0,1,0,0,57,5.59694731270643,0.154924558676274
58,23,0,0,0.15564782185834,0.156769082693607,0,1,0,0,58,5.59693185681572,0.15564782185834
59,23,0,0,0.156397918416813,0.156600228393018,0,1,0,0,59,5.59691342220555,0.156397918416813
60,23,0,0,0.157179469243778,0.156889990399914,0,1,0,0,60,5.59689105446373,0.157179469243778
61,23,0,0,0.157997095231322,0.159496025213773,0,1,0,0,61,5.59686379917807,0.157997095231322
62,23,0,0,0.158855417271529,0.157006609845198,0,1,0,0,62,5.59683070193635,0.158855417271529
63,23,0,0,0.159759056256484,0.154269865733799,0,1,0,0,63,5.59679080832639,0.159759056256484
64,23,0,0,0.160712729091878,0.156137884972642,0,1,0,0,64,5.59674192764654,0.160712729091878
65,23,0,0,0.161724324688425,0.159338677597798,0,1,0,0,65,5.59664102585496,0.161724324688425
66,23,0,0,0.16280555472074,0.159315904442817,0,1,0,0,66,5.59639584627447,0.16280555472074
67,23,0,0,0.163968358451244,0.161115643309108,0,1,0,0,67,5.59591120176403,0.163968358451244
68,23,0,0,0.165224675142358,0.160892072264853,0,1,0,0,68,5.59509190518262,0.165224675142358
69,23,0,0,0.166586444056502,0.163446453152635,0,1,0,0,69,5.59384276938917,0.166586444056502
70,23,0,0,0.168065604456097,0.165166525376388,0,1,0,0,70,5.59206860724266,0.168065604456097
71,23,0,0,0.169674095603562,0.166995738432077,0,1,0,0,71,5.58967423160205,0.169674095603562
72,23,0,0,0.171424282595822,0.168588924156136,0,1,0,0,72,5.58657148376129,0.171424282595822
73,23,0,0,0.173335683218715,0.169310812794795,0,1,0,0,73,5.58279026075838,0.173335683218715
74,23,0,0,0.175433750326464,0.176338685623652,0,1,0,0,74,5.57845841844409,0.175433750326464
75,23,0,0,0.177744116422224,0.176201069235935,0,1,0,0,75,5.57370677779017,0.177744116422224
76,23,0,0,0.18029241400915,0.179839397335494,0,1,0,0,76,5.56866615976839,0.18029241400915
77,23,0,0,0.183104275590394,0.182774767255459,0,1,0,0,77,5.56346738535052,0.183104275590394
78,23,0,0,0.186205333669112,0.183703989051464,0,1,0,0,78,5.55824127550832,0.186205333669112
79,23,0,0,0.189621220748457,0.187932932482476,0,1,0,0,79,5.55311865121356,0.189621220748457
80,23,0,0,0.193376198733669,0.188525415981574,0,1,0,0,80,5.54821092168224,0.193376198733669
81,23,0,0,0.197481064776076,0.191378982913149,0,1,0,0,81,5.54343879504184,0.197481064776076
82,23,0,0,0.201938973573034,0.20074476513276,0,1,0,0,82,5.53861473946973,0.201938973573034
83,23,0,0,0.206752992103633,0.205542960898552,0,1,0,0,83,5.53354998079093,0.206752992103633
84,23,0,0,0.211926187346962,0.215139236993885,0,1,0,0,84,5.52805574483046,0.211926187346962
85,23,0,0,0.217461626282111,0.213679448246103,0,1,0,0,85,5.52194325741332,0.217461626282111
86,23,0,0,0.22336237588817,0.221294087283803,0,1,0,0,86,5.51502374436453,0.22336237588817
87,23,0,0,0.229631503144228,0.223248735653515,0,1,0,0,87,5.50710843150909,0.229631503144228
88,23,0,0,0.236267161980444,0.237687379474557,0,1,0,0,88,5.4979472693153,0.236267161980444
89,23,0,0,0.243237186446303,0.250152284489835,0,1,0,0,89,5.48691205986937,0.243237186446303
90,23,0,0,0.250497855828063,0.262683583553571,0,1,0,0,90,5.47323049469635,0.250497855828063
91,23,0,0,0.258005426666384,0.278210087984419,0,1,0,0,91,5.45612998163904,0.258005426666384
92,23,0,0,0.265716155501929,0.29044570401449,0,1,0,0,92,5.43483792854029,0.265716155501929
93,23,0,0,0.273586298875357,0.284776846308964,0,1,0,0,93,5.4085817432429,0.273586298875357
94,23,0,0,0.281572113327329,0.293042644207957,0,1,0,0,94,5.37658883358969,0.281572113327329
95,23,0,0,0.289629855398507,0.28729741025757,0,1,0,0,95,5.3380866074235,0.289629855398507
40,24,0,0,0.144261158303264,0.148219388229573,0,1,0,0,40,5.60925142778908,0.144261158303264
41,24,0,0,0.144859837558091,0.168616516306335,0,1,0,0,41,5.60924306147879,0.144859837558091
42,24,0,0,0.145458996129077,0.163553743899242,0,1,0,0,42,5.60923467134518,0.145458996129077
43,24,0,0,0.146059004631642,0.172545068527219,0,1,0,0,43,5.60922624339158,0.146059004631642
44,24,0,0,0.146660233681203,0.213213382397795,0,1,0,0,44,5.60921776362131,0.146660233681203
45,24,0,0,0.147263053893182,0.20042014216336,0,1,0,0,45,5.60920921803771,0.147263053893182
46,24,0,0,0.147867835882996,0.205057349846699,0,1,0,0,46,5.6092005926441,0.147867835882996
47,24,0,0,0.148474950266065,0.198207568622344,0,1,0,0,47,5.60919187344383,0.148474950266065
48,24,0,0,0.149084768297183,0.190369614927714,0,1,0,0,48,5.60918304640513,0.149084768297183
49,24,0,0,0.149697986033211,0.186240708785901,0,1,0,0,49,5.6091740796697,0.149697986033211
50,24,0,0,0.150316151816756,0.180761332655011,0,1,0,0,50,5.60916489460209,0.150316151816756
51,24,0,0,0.150940952095241,0.183407465645867,0,1,0,0,51,5.60915540498708,0.150940952095241
52,24,0,0,0.151574073316088,0.174350716956397,0,1,0,0,52,5.60914552460945,0.151574073316088
53,24,0,0,0.15221720192672,0.176770355829505,0,1,0,0,53,5.60913516725395,0.15221720192672
54,24,0,0,0.15287202437456,0.171787787924071,0,1,0,0,54,5.60912424670536,0.15287202437456
55,24,0,0,0.15354022710703,0.159163799782069,0,1,0,0,55,5.60911267674846,0.15354022710703
56,24,0,0,0.154223507978531,0.158410329044849,0,1,0,0,56,5.6091003677931,0.154223507978531
57,24,0,0,0.154924558676274,0.159251658221247,0,1,0,0,57,5.60908693620963,0.154924558676274
58,24,0,0,0.15564782185834,0.156769082693607,0,1,0,0,58,5.60907148031891,0.15564782185834
59,24,0,0,0.156397918416813,0.156600228393018,0,1,0,0,59,5.60905304570875,0.156397918416813
60,24,0,0,0.157179469243778,0.156889990399914,0,1,0,0,60,5.60903067796693,0.157179469243778
61,24,0,0,0.157997095231322,0.159496025213773,0,1,0,0,61,5.60900342268126,0.157997095231322
62,24,0,0,0.158855417271529,0.157006609845198,0,1,0,0,62,5.60897032543955,0.158855417271529
63,24,0,0,0.159759056256484,0.154269865733799,0,1,0,0,63,5.60893043182959,0.159759056256484
64,24,0,0,0.160712729091878,0.156137884972642,0,1,0,0,64,5.60888155114974,0.160712729091878
65,24,0,0,0.161724324688425,0.159338677597798,0,1,0,0,65,5.60878064935815,0.161724324688425
66,24,0,0,0.16280555472074,0.159315904442817,0,1,0,0,66,5.60853546977766,0.16280555472074
67,24,0,0,0.163968358451244,0.161115643309108,0,1,0,0,67,5.60805082526723,0.163968358451244
68,24,0,0,0.165224675142358,0.160892072264853,0,1,0,0,68,5.60723152868581,0.165224675142358
69,24,0,0,0.166586444056502,0.163446453152635,0,1,0,0,69,5.60598239289237,0.166586444056502
70,24,0,0,0.168065604456097,0.165166525376388,0,1,0,0,70,5.60420823074586,0.168065604456097
71,24,0,0,0.169674095603562,0.166995738432077,0,1,0,0,71,5.60181385510525,0.169674095603562
72,24,0,0,0.171424282595822,0.168588924156136,0,1,0,0,72,5.59871110726449,0.171424282595822
73,24,0,0,0.173335683218715,0.169310812794795,0,1,0,0,73,5.59492988426158,0.173335683218715
74,24,0,0,0.175433750326464,0.176338685623652,0,1,0,0,74,5.59059804194729,0.175433750326464
75,24,0,0,0.177744116422224,0.176201069235935,0,1,0,0,75,5.58584640129337,0.177744116422224
76,24,0,0,0.18029241400915,0.179839397335494,0,1,0,0,76,5.58080578327159,0.18029241400915
77,24,0,0,0.183104275590394,0.182774767255459,0,1,0,0,77,5.57560700885372,0.183104275590394
78,24,0,0,0.186205333669112,0.183703989051464,0,1,0,0,78,5.57038089901152,0.186205333669112
79,24,0,0,0.189621220748457,0.187932932482476,0,1,0,0,79,5.56525827471675,0.189621220748457
80,24,0,0,0.193376198733669,0.188525415981574,0,1,0,0,80,5.56035054518544,0.193376198733669
81,24,0,0,0.197481064776076,0.191378982913149,0,1,0,0,81,5.55557841854503,0.197481064776076
82,24,0,0,0.201938973573034,0.20074476513276,0,1,0,0,82,5.55075436297293,0.201938973573034
83,24,0,0,0.206752992103633,0.205542960898552,0,1,0,0,83,5.54568960429413,0.206752992103633
84,24,0,0,0.211926187346962,0.215139236993885,0,1,0,0,84,5.54019536833366,0.211926187346962
85,24,0,0,0.217461626282111,0.213679448246103,0,1,0,0,85,5.53408288091652,0.217461626282111
86,24,0,0,0.22336237588817,0.221294087283803,0,1,0,0,86,5.52716336786773,0.22336237588817
87,24,0,0,0.229631503144228,0.223248735653515,0,1,0,0,87,5.51924805501229,0.229631503144228
88,24,0,0,0.236267161980444,0.237687379474557,0,1,0,0,88,5.5100868928185,0.236267161980444
89,24,0,0,0.243237186446303,0.250152284489835,0,1,0,0,89,5.49905168337257,0.243237186446303
90,24,0,0,0.250497855828063,0.262683583553571,0,1,0,0,90,5.48537011819955,0.250497855828063
91,24,0,0,0.258005426666384,0.278210087984419,0,1,0,0,91,5.46826960514224,0.258005426666384
92,24,0,0,0.265716155501929,0.29044570401449,0,1,0,0,92,5.44697755204348,0.265716155501929
93,24,0,0,0.273586298875357,0.284776846308964,0,1,0,0,93,5.42072136674609,0.273586298875357
94,24,0,0,0.281572113327329,0.293042644207957,0,1,0,0,94,5.38872845709289,0.281572113327329
95,24,0,0,0.289629855398507,0.28729741025757,0,1,0,0,95,5.3502262309267,0.289629855398507
40,25,0,0,0.144261158303264,0.148219388229573,0,1,0,0,40,5.62139105129227,0.144261158303264
41,25,0,0,0.144859837558091,0.168616516306335,0,1,0,0,41,5.62138268498199,0.144859837558091
42,25,0,0,0.145458996129077,0.163553743899242,0,1,0,0,42,5.62137429484838,0.145458996129077
43,25,0,0,0.146059004631642,0.172545068527219,0,1,0,0,43,5.62136586689477,0.146059004631642
44,25,0,0,0.146660233681203,0.213213382397795,0,1,0,0,44,5.6213573871245,0.146660233681203
45,25,0,0,0.147263053893182,0.20042014216336,0,1,0,0,45,5.6213488415409,0.147263053893182
46,25,0,0,0.147867835882996,0.205057349846699,0,1,0,0,46,5.6213402161473,0.147867835882996
47,25,0,0,0.148474950266065,0.198207568622344,0,1,0,0,47,5.62133149694703,0.148474950266065
48,25,0,0,0.149084768297183,0.190369614927714,0,1,0,0,48,5.62132266990833,0.149084768297183
49,25,0,0,0.149697986033211,0.186240708785901,0,1,0,0,49,5.6213137031729,0.149697986033211
50,25,0,0,0.150316151816756,0.180761332655011,0,1,0,0,50,5.62130451810529,0.150316151816756
51,25,0,0,0.150940952095241,0.183407465645867,0,1,0,0,51,5.62129502849028,0.150940952095241
52,25,0,0,0.151574073316088,0.174350716956397,0,1,0,0,52,5.62128514811264,0.151574073316088
53,25,0,0,0.15221720192672,0.176770355829505,0,1,0,0,53,5.62127479075714,0.15221720192672
54,25,0,0,0.15287202437456,0.171787787924071,0,1,0,0,54,5.62126387020856,0.15287202437456
55,25,0,0,0.15354022710703,0.159163799782069,0,1,0,0,55,5.62125230025166,0.15354022710703
56,25,0,0,0.154223507978531,0.158410329044849,0,1,0,0,56,5.62123999129629,0.154223507978531
57,25,0,0,0.154924558676274,0.159251658221247,0,1,0,0,57,5.62122655971283,0.154924558676274
58,25,0,0,0.15564782185834,0.156769082693607,0,1,0,0,58,5.62121110382211,0.15564782185834
59,25,0,0,0.156397918416813,0.156600228393018,0,1,0,0,59,5.62119266921194,0.156397918416813
60,25,0,0,0.157179469243778,0.156889990399914,0,1,0,0,60,5.62117030147013,0.157179469243778
61,25,0,0,0.157997095231322,0.159496025213773,0,1,0,0,61,5.62114304618446,0.157997095231322
62,25,0,0,0.158855417271529,0.157006609845198,0,1,0,0,62,5.62110994894275,0.158855417271529
63,25,0,0,0.159759056256484,0.154269865733799,0,1,0,0,63,5.62107005533279,0.159759056256484
64,25,0,0,0.160712729091878,0.156137884972642,0,1,0,0,64,5.62102117465294,0.160712729091878
65,25,0,0,0.161724324688425,0.159338677597798,0,1,0,0,65,5.62092027286135,0.161724324688425
66,25,0,0,0.16280555472074,0.159315904442817,0,1,0,0,66,5.62067509328086,0.16280555472074
67,25,0,0,0.163968358451244,0.161115643309108,0,1,0,0,67,5.62019044877043,0.163968358451244
68,25,0,0,0.165224675142358,0.160892072264853,0,1,0,0,68,5.61937115218901,0.165224675142358
69,25,0,0,0.166586444056502,0.163446453152635,0,1,0,0,69,5.61812201639557,0.166586444056502
70,25,0,0,0.168065604456097,0.165166525376388,0,1,0,0,70,5.61634785424906,0.168065604456097
71,25,0,0,0.169674095603562,0.166995738432077,0,1,0,0,71,5.61395347860845,0.169674095603562
72,25,0,0,0.171424282595822,0.168588924156136,0,1,0,0,72,5.61085073076768,0.171424282595822
73,25,0,0,0.173335683218715,0.169310812794795,0,1,0,0,73,5.60706950776478,0.173335683218715
74,25,0,0,0.175433750326464,0.176338685623652,0,1,0,0,74,5.60273766545049,0.175433750326464
75,25,0,0,0.177744116422224,0.176201069235935,0,1,0,0,75,5.59798602479657,0.177744116422224
76,25,0,0,0.18029241400915,0.179839397335494,0,1,0,0,76,5.59294540677479,0.18029241400915
77,25,0,0,0.183104275590394,0.182774767255459,0,1,0,0,77,5.58774663235692,0.183104275590394
78,25,0,0,0.186205333669112,0.183703989051464,0,1,0,0,78,5.58252052251472,0.186205333669112
79,25,0,0,0.189621220748457,0.187932932482476,0,1,0,0,79,5.57739789821995,0.189621220748457
80,25,0,0,0.193376198733669,0.188525415981574,0,1,0,0,80,5.57249016868863,0.193376198733669
81,25,0,0,0.197481064776076,0.191378982913149,0,1,0,0,81,5.56771804204823,0.197481064776076
82,25,0,0,0.201938973573034,0.20074476513276,0,1,0,0,82,5.56289398647612,0.201938973573034
83,25,0,0,0.206752992103633,0.205542960898552,0,1,0,0,83,5.55782922779733,0.206752992103633
84,25,0,0,0.211926187346962,0.215139236993885,0,1,0,0,84,5.55233499183686,0.211926187346962
85,25,0,0,0.217461626282111,0.213679448246103,0,1,0,0,85,5.54622250441972,0.217461626282111
86,25,0,0,0.22336237588817,0.221294087283803,0,1,0,0,86,5.53930299137092,0.22336237588817
87,25,0,0,0.229631503144228,0.223248735653515,0,1,0,0,87,5.53138767851549,0.229631503144228
88,25,0,0,0.236267161980444,0.237687379474557,0,1,0,0,88,5.52222651632169,0.236267161980444
89,25,0,0,0.243237186446303,0.250152284489835,0,1,0,0,89,5.51119130687577,0.243237186446303
90,25,0,0,0.250497855828063,0.262683583553571,0,1,0,0,90,5.49750974170274,0.250497855828063
91,25,0,0,0.258005426666384,0.278210087984419,0,1,0,0,91,5.48040922864544,0.258005426666384
92,25,0,0,0.265716155501929,0.29044570401449,0,1,0,0,92,5.45911717554668,0.265716155501929
93,25,0,0,0.273586298875357,0.284776846308964,0,1,0,0,93,5.43286099024929,0.273586298875357
94,25,0,0,0.281572113327329,0.293042644207957,0,1,0,0,94,5.40086808059609,0.281572113327329
95,25,0,0,0.289629855398507,0.28729741025757,0,1,0,0,95,5.36236585442989,0.289629855398507
40,10,1,0,0.144261158303264,0.148219388229573,0,0,40,0,0,5.49527384892769,0.144261158303264
41,10,1,0,0.144859837558091,0.168616516306335,0,0,41,0,0,5.49526548261741,0.144859837558091
42,10,1,0,0.145458996129077,0.163553743899242,0,0,42,0,0,5.4952570924838,0.145458996129077
43,10,1,0,0.146059004631642,0.172545068527219,0,0,43,0,0,5.49524866453019,0.146059004631642
44,10,1,0,0.146660233681203,0.213213382397795,0,0,44,0,0,5.49524018475992,0.146660233681203
45,10,1,0,0.147263053893182,0.20042014216336,0,0,45,0,0,5.49523163917632,0.147263053893182
46,10,1,0,0.147867835882996,0.205057349846699,0,0,46,0,0,5.49522301378272,0.147867835882996
47,10,1,0,0.148474950266065,0.198207568622344,0,0,47,0,0,5.49521429458245,0.148474950266065
48,10,1,0,0.149084768297183,0.190369614927714,0,0,48,0,0,5.49520546754375,0.149084768297183
49,10,1,0,0.149697986033211,0.186240708785901,0,0,49,0,0,5.49519650080831,0.149697986033211
50,10,1,0,0.150316151816756,0.180761332655011,0,0,50,0,0,5.49518731574071,0.150316151816756
51,10,1,0,0.150940952095241,0.183407465645867,0,0,51,0,0,5.4951778261257,0.150940952095241
52,10,1,0,0.151574073316088,0.174350716956397,0,0,52,0,0,5.49516794574806,0.151574073316088
53,10,1,0,0.15221720192672,0.176770355829505,0,0,53,0,0,5.49515758839256,0.15221720192672
54,10,1,0,0.15287202437456,0.171787787924071,0,0,54,0,0,5.49514666784398,0.15287202437456
55,10,1,0,0.15354022710703,0.159163799782069,0,0,55,0,0,5.49513509788708,0.15354022710703
56,10,1,0,0.154223507978531,0.158410329044849,0,0,56,0,0,5.49512278893171,0.154223507978531
57,10,1,0,0.154924558676274,0.159251658221247,0,0,57,0,0,5.49510935734825,0.154924558676274
58,10,1,0,0.15564782185834,0.156769082693607,0,0,58,0,0,5.49509390145753,0.15564782185834
59,10,1,0,0.156397918416813,0.156600228393018,0,0,59,0,0,5.49507546684736,0.156397918416813
60,10,1,0,0.157179469243778,0.156889990399914,0,0,60,0,0,5.49505309910554,0.157179469243778
61,10,1,0,0.157997095231322,0.159496025213773,0,0,61,0,0,5.49502584381988,0.157997095231322
62,10,1,0,0.158855417271529,0.157006609845198,0,0,62,0,0,5.49499274657817,0.158855417271529
63,10,1,0,0.159759056256484,0.154269865733799,0,0,63,0,0,5.49495285296821,0.159759056256484
64,10,1,0,0.160712729091878,0.156137884972642,0,0,64,0,0,5.49490397228836,0.160712729091878
65,10,1,0,0.161724324688425,0.159338677597798,0,0,65,0,0,5.49480307049677,0.161724324688425
66,10,1,0,0.16280555472074,0.159315904442817,0,0,66,0,0,5.49455789091628,0.16280555472074
67,10,1,0,0.163968358451244,0.161115643309108,0,0,67,0,0,5.49407324640585,0.163968358451244
68,10,1,0,0.165224675142358,0.160892072264853,0,0,68,0,0,5.49325394982443,0.165224675142358
69,10,1,0,0.166586444056502,0.163446453152635,0,0,69,0,0,5.49200481403098,0.166586444056502
70,10,1,0,0.168065604456097,0.165166525376388,0,0,70,0,0,5.49023065188448,0.168065604456097
71,10,1,0,0.169674095603562,0.166995738432077,0,0,71,0,0,5.48783627624386,0.169674095603562
72,10,1,0,0.171424282595822,0.168588924156136,0,0,72,0,0,5.4847335284031,0.171424282595822
73,10,1,0,0.173335683218715,0.169310812794795,0,0,73,0,0,5.4809523054002,0.173335683218715
74,10,1,0,0.175433750326464,0.176338685623652,0,0,74,0,0,5.4766204630859,0.175433750326464
75,10,1,0,0.177744116422224,0.176201069235935,0,0,75,0,0,5.47186882243198,0.177744116422224
76,10,1,0,0.18029241400915,0.179839397335494,0,0,76,0,0,5.46682820441021,0.18029241400915
77,10,1,0,0.183104275590394,0.182774767255459,0,0,77,0,0,5.46162942999233,0.183104275590394
78,10,1,0,0.186205333669112,0.183703989051464,0,0,78,0,0,5.45640332015013,0.186205333669112
79,10,1,0,0.189621220748457,0.187932932482476,0,0,79,0,0,5.45128069585537,0.189621220748457
80,10,1,0,0.193376198733669,0.188525415981574,0,0,80,0,0,5.44637296632405,0.193376198733669
81,10,1,0,0.197481064776076,0.191378982913149,0,0,81,0,0,5.44160083968365,0.197481064776076
82,10,1,0,0.201938973573034,0.20074476513276,0,0,82,0,0,5.43677678411154,0.201938973573034
83,10,1,0,0.206752992103633,0.205542960898552,0,0,83,0,0,5.43171202543275,0.206752992103633
84,10,1,0,0.211926187346962,0.215139236993885,0,0,84,0,0,5.42621778947227,0.211926187346962
85,10,1,0,0.217461626282111,0.213679448246103,0,0,85,0,0,5.42010530205513,0.217461626282111
86,10,1,0,0.22336237588817,0.221294087283803,0,0,86,0,0,5.41318578900634,0.22336237588817
87,10,1,0,0.229631503144228,0.223248735653515,0,0,87,0,0,5.40527047615091,0.229631503144228
88,10,1,0,0.236267161980444,0.237687379474557,0,0,88,0,0,5.39610931395711,0.236267161980444
89,10,1,0,0.243237186446303,0.250152284489835,0,0,89,0,0,5.38507410451119,0.243237186446303
90,10,1,0,0.250497855828063,0.262683583553571,0,0,90,0,0,5.37139253933816,0.250497855828063
91,10,1,0,0.258005426666384,0.278210087984419,0,0,91,0,0,5.35429202628086,0.258005426666384
92,10,1,0,0.265716155501929,0.29044570401449,0,0,92,0,0,5.3329999731821,0.265716155501929
93,10,1,0,0.273586298875357,0.284776846308964,0,0,93,0,0,5.30674378788471,0.273586298875357
94,10,1,0,0.281572113327329,0.293042644207957,0,0,94,0,0,5.2747508782315,0.281572113327329
95,10,1,0,0.289629855398507,0.28729741025757,0,0,95,0,0,5.23624865206531,0.289629855398507
40,11,1,0,0.144261158303264,0.148219388229573,0,0,40,0,0,5.50741347243089,0.144261158303264
41,11,1,0,0.144859837558091,0.168616516306335,0,0,41,0,0,5.5074051061206,0.144859837558091
42,11,1,0,0.145458996129077,0.163553743899242,0,0,42,0,0,5.50739671598699,0.145458996129077
43,11,1,0,0.146059004631642,0.172545068527219,0,0,43,0,0,5.50738828803339,0.146059004631642
44,11,1,0,0.146660233681203,0.213213382397795,0,0,44,0,0,5.50737980826312,0.146660233681203
45,11,1,0,0.147263053893182,0.20042014216336,0,0,45,0,0,5.50737126267952,0.147263053893182
46,11,1,0,0.147867835882996,0.205057349846699,0,0,46,0,0,5.50736263728592,0.147867835882996
47,11,1,0,0.148474950266065,0.198207568622344,0,0,47,0,0,5.50735391808565,0.148474950266065
48,11,1,0,0.149084768297183,0.190369614927714,0,0,48,0,0,5.50734509104695,0.149084768297183
49,11,1,0,0.149697986033211,0.186240708785901,0,0,49,0,0,5.50733612431151,0.149697986033211
50,11,1,0,0.150316151816756,0.180761332655011,0,0,50,0,0,5.5073269392439,0.150316151816756
51,11,1,0,0.150940952095241,0.183407465645867,0,0,51,0,0,5.5073174496289,0.150940952095241
52,11,1,0,0.151574073316088,0.174350716956397,0,0,52,0,0,5.50730756925126,0.151574073316088
53,11,1,0,0.15221720192672,0.176770355829505,0,0,53,0,0,5.50729721189576,0.15221720192672
54,11,1,0,0.15287202437456,0.171787787924071,0,0,54,0,0,5.50728629134717,0.15287202437456
55,11,1,0,0.15354022710703,0.159163799782069,0,0,55,0,0,5.50727472139027,0.15354022710703
56,11,1,0,0.154223507978531,0.158410329044849,0,0,56,0,0,5.50726241243491,0.154223507978531
57,11,1,0,0.154924558676274,0.159251658221247,0,0,57,0,0,5.50724898085144,0.154924558676274
58,11,1,0,0.15564782185834,0.156769082693607,0,0,58,0,0,5.50723352496073,0.15564782185834
59,11,1,0,0.156397918416813,0.156600228393018,0,0,59,0,0,5.50721509035056,0.156397918416813
60,11,1,0,0.157179469243778,0.156889990399914,0,0,60,0,0,5.50719272260874,0.157179469243778
61,11,1,0,0.157997095231322,0.159496025213773,0,0,61,0,0,5.50716546732308,0.157997095231322
62,11,1,0,0.158855417271529,0.157006609845198,0,0,62,0,0,5.50713237008136,0.158855417271529
63,11,1,0,0.159759056256484,0.154269865733799,0,0,63,0,0,5.5070924764714,0.159759056256484
64,11,1,0,0.160712729091878,0.156137884972642,0,0,64,0,0,5.50704359579155,0.160712729091878
65,11,1,0,0.161724324688425,0.159338677597798,0,0,65,0,0,5.50694269399997,0.161724324688425
66,11,1,0,0.16280555472074,0.159315904442817,0,0,66,0,0,5.50669751441948,0.16280555472074
67,11,1,0,0.163968358451244,0.161115643309108,0,0,67,0,0,5.50621286990904,0.163968358451244
68,11,1,0,0.165224675142358,0.160892072264853,0,0,68,0,0,5.50539357332762,0.165224675142358
69,11,1,0,0.166586444056502,0.163446453152635,0,0,69,0,0,5.50414443753418,0.166586444056502
70,11,1,0,0.168065604456097,0.165166525376388,0,0,70,0,0,5.50237027538767,0.168065604456097
71,11,1,0,0.169674095603562,0.166995738432077,0,0,71,0,0,5.49997589974706,0.169674095603562
72,11,1,0,0.171424282595822,0.168588924156136,0,0,72,0,0,5.4968731519063,0.171424282595822
73,11,1,0,0.173335683218715,0.169310812794795,0,0,73,0,0,5.49309192890339,0.173335683218715
74,11,1,0,0.175433750326464,0.176338685623652,0,0,74,0,0,5.4887600865891,0.175433750326464
75,11,1,0,0.177744116422224,0.176201069235935,0,0,75,0,0,5.48400844593518,0.177744116422224
76,11,1,0,0.18029241400915,0.179839397335494,0,0,76,0,0,5.4789678279134,0.18029241400915
77,11,1,0,0.183104275590394,0.182774767255459,0,0,77,0,0,5.47376905349553,0.183104275590394
78,11,1,0,0.186205333669112,0.183703989051464,0,0,78,0,0,5.46854294365333,0.186205333669112
79,11,1,0,0.189621220748457,0.187932932482476,0,0,79,0,0,5.46342031935857,0.189621220748457
80,11,1,0,0.193376198733669,0.188525415981574,0,0,80,0,0,5.45851258982725,0.193376198733669
81,11,1,0,0.197481064776076,0.191378982913149,0,0,81,0,0,5.45374046318684,0.197481064776076
82,11,1,0,0.201938973573034,0.20074476513276,0,0,82,0,0,5.44891640761474,0.201938973573034
83,11,1,0,0.206752992103633,0.205542960898552,0,0,83,0,0,5.44385164893594,0.206752992103633
84,11,1,0,0.211926187346962,0.215139236993885,0,0,84,0,0,5.43835741297547,0.211926187346962
85,11,1,0,0.217461626282111,0.213679448246103,0,0,85,0,0,5.43224492555833,0.217461626282111
86,11,1,0,0.22336237588817,0.221294087283803,0,0,86,0,0,5.42532541250954,0.22336237588817
87,11,1,0,0.229631503144228,0.223248735653515,0,0,87,0,0,5.4174100996541,0.229631503144228
88,11,1,0,0.236267161980444,0.237687379474557,0,0,88,0,0,5.40824893746031,0.236267161980444
89,11,1,0,0.243237186446303,0.250152284489835,0,0,89,0,0,5.39721372801438,0.243237186446303
90,11,1,0,0.250497855828063,0.262683583553571,0,0,90,0,0,5.38353216284136,0.250497855828063
91,11,1,0,0.258005426666384,0.278210087984419,0,0,91,0,0,5.36643164978405,0.258005426666384
92,11,1,0,0.265716155501929,0.29044570401449,0,0,92,0,0,5.3451395966853,0.265716155501929
93,11,1,0,0.273586298875357,0.284776846308964,0,0,93,0,0,5.3188834113879,0.273586298875357
94,11,1,0,0.281572113327329,0.293042644207957,0,0,94,0,0,5.2868905017347,0.281572113327329
95,11,1,0,0.289629855398507,0.28729741025757,0,0,95,0,0,5.24838827556851,0.289629855398507
40,12,1,0,0.144261158303264,0.148219388229573,0,0,40,0,0,5.51955309593409,0.144261158303264
41,12,1,0,0.144859837558091,0.168616516306335,0,0,41,0,0,5.5195447296238,0.144859837558091
42,12,1,0,0.145458996129077,0.163553743899242,0,0,42,0,0,5.51953633949019,0.145458996129077
43,12,1,0,0.146059004631642,0.172545068527219,0,0,43,0,0,5.51952791153658,0.146059004631642
44,12,1,0,0.146660233681203,0.213213382397795,0,0,44,0,0,5.51951943176632,0.146660233681203
45,12,1,0,0.147263053893182,0.20042014216336,0,0,45,0,0,5.51951088618272,0.147263053893182
46,12,1,0,0.147867835882996,0.205057349846699,0,0,46,0,0,5.51950226078911,0.147867835882996
47,12,1,0,0.148474950266065,0.198207568622344,0,0,47,0,0,5.51949354158884,0.148474950266065
48,12,1,0,0.149084768297183,0.190369614927714,0,0,48,0,0,5.51948471455014,0.149084768297183
49,12,1,0,0.149697986033211,0.186240708785901,0,0,49,0,0,5.51947574781471,0.149697986033211
50,12,1,0,0.150316151816756,0.180761332655011,0,0,50,0,0,5.5194665627471,0.150316151816756
51,12,1,0,0.150940952095241,0.183407465645867,0,0,51,0,0,5.51945707313209,0.150940952095241
52,12,1,0,0.151574073316088,0.174350716956397,0,0,52,0,0,5.51944719275445,0.151574073316088
53,12,1,0,0.15221720192672,0.176770355829505,0,0,53,0,0,5.51943683539896,0.15221720192672
54,12,1,0,0.15287202437456,0.171787787924071,0,0,54,0,0,5.51942591485037,0.15287202437456
55,12,1,0,0.15354022710703,0.159163799782069,0,0,55,0,0,5.51941434489347,0.15354022710703
56,12,1,0,0.154223507978531,0.158410329044849,0,0,56,0,0,5.5194020359381,0.154223507978531
57,12,1,0,0.154924558676274,0.159251658221247,0,0,57,0,0,5.51938860435464,0.154924558676274
58,12,1,0,0.15564782185834,0.156769082693607,0,0,58,0,0,5.51937314846392,0.15564782185834
59,12,1,0,0.156397918416813,0.156600228393018,0,0,59,0,0,5.51935471385376,0.156397918416813
60,12,1,0,0.157179469243778,0.156889990399914,0,0,60,0,0,5.51933234611194,0.157179469243778
61,12,1,0,0.157997095231322,0.159496025213773,0,0,61,0,0,5.51930509082627,0.157997095231322
62,12,1,0,0.158855417271529,0.157006609845198,0,0,62,0,0,5.51927199358456,0.158855417271529
63,12,1,0,0.159759056256484,0.154269865733799,0,0,63,0,0,5.5192320999746,0.159759056256484
64,12,1,0,0.160712729091878,0.156137884972642,0,0,64,0,0,5.51918321929475,0.160712729091878
65,12,1,0,0.161724324688425,0.159338677597798,0,0,65,0,0,5.51908231750316,0.161724324688425
66,12,1,0,0.16280555472074,0.159315904442817,0,0,66,0,0,5.51883713792267,0.16280555472074
67,12,1,0,0.163968358451244,0.161115643309108,0,0,67,0,0,5.51835249341224,0.163968358451244
68,12,1,0,0.165224675142358,0.160892072264853,0,0,68,0,0,5.51753319683082,0.165224675142358
69,12,1,0,0.166586444056502,0.163446453152635,0,0,69,0,0,5.51628406103738,0.166586444056502
70,12,1,0,0.168065604456097,0.165166525376388,0,0,70,0,0,5.51450989889087,0.168065604456097
71,12,1,0,0.169674095603562,0.166995738432077,0,0,71,0,0,5.51211552325026,0.169674095603562
72,12,1,0,0.171424282595822,0.168588924156136,0,0,72,0,0,5.5090127754095,0.171424282595822
73,12,1,0,0.173335683218715,0.169310812794795,0,0,73,0,0,5.50523155240659,0.173335683218715
74,12,1,0,0.175433750326464,0.176338685623652,0,0,74,0,0,5.5008997100923,0.175433750326464
75,12,1,0,0.177744116422224,0.176201069235935,0,0,75,0,0,5.49614806943838,0.177744116422224
76,12,1,0,0.18029241400915,0.179839397335494,0,0,76,0,0,5.4911074514166,0.18029241400915
77,12,1,0,0.183104275590394,0.182774767255459,0,0,77,0,0,5.48590867699873,0.183104275590394
78,12,1,0,0.186205333669112,0.183703989051464,0,0,78,0,0,5.48068256715653,0.186205333669112
79,12,1,0,0.189621220748457,0.187932932482476,0,0,79,0,0,5.47555994286176,0.189621220748457
80,12,1,0,0.193376198733669,0.188525415981574,0,0,80,0,0,5.47065221333044,0.193376198733669
81,12,1,0,0.197481064776076,0.191378982913149,0,0,81,0,0,5.46588008669004,0.197481064776076
82,12,1,0,0.201938973573034,0.20074476513276,0,0,82,0,0,5.46105603111794,0.201938973573034
83,12,1,0,0.206752992103633,0.205542960898552,0,0,83,0,0,5.45599127243914,0.206752992103633
84,12,1,0,0.211926187346962,0.215139236993885,0,0,84,0,0,5.45049703647867,0.211926187346962
85,12,1,0,0.217461626282111,0.213679448246103,0,0,85,0,0,5.44438454906153,0.217461626282111
86,12,1,0,0.22336237588817,0.221294087283803,0,0,86,0,0,5.43746503601273,0.22336237588817
87,12,1,0,0.229631503144228,0.223248735653515,0,0,87,0,0,5.4295497231573,0.229631503144228
88,12,1,0,0.236267161980444,0.237687379474557,0,0,88,0,0,5.4203885609635,0.236267161980444
89,12,1,0,0.243237186446303,0.250152284489835,0,0,89,0,0,5.40935335151758,0.243237186446303
90,12,1,0,0.250497855828063,0.262683583553571,0,0,90,0,0,5.39567178634455,0.250497855828063
91,12,1,0,0.258005426666384,0.278210087984419,0,0,91,0,0,5.37857127328725,0.258005426666384
92,12,1,0,0.265716155501929,0.29044570401449,0,0,92,0,0,5.35727922018849,0.265716155501929
93,12,1,0,0.273586298875357,0.284776846308964,0,0,93,0,0,5.3310230348911,0.273586298875357
94,12,1,0,0.281572113327329,0.293042644207957,0,0,94,0,0,5.2990301252379,0.281572113327329
95,12,1,0,0.289629855398507,0.28729741025757,0,0,95,0,0,5.26052789907171,0.289629855398507
40,13,1,0,0.144261158303264,0.148219388229573,1,0,40,40,0,5.53169271943728,0.144261158303264
41,13,1,0,0.144859837558091,0.168616516306335,1,0,41,41,0,5.531684353127,0.144859837558091
42,13,1,0,0.145458996129077,0.163553743899242,1,0,42,42,0,5.53167596299339,0.145458996129077
43,13,1,0,0.146059004631642,0.172545068527219,1,0,43,43,0,5.53166753503978,0.146059004631642
44,13,1,0,0.146660233681203,0.213213382397795,1,0,44,44,0,5.53165905526951,0.146660233681203
45,13,1,0,0.147263053893182,0.20042014216336,1,0,45,45,0,5.53165050968591,0.147263053893182
46,13,1,0,0.147867835882996,0.205057349846699,1,0,46,46,0,5.53164188429231,0.147867835882996
47,13,1,0,0.148474950266065,0.198207568622344,1,0,47,47,0,5.53163316509204,0.148474950266065
48,13,1,0,0.149084768297183,0.190369614927714,1,0,48,48,0,5.53162433805334,0.149084768297183
49,13,1,0,0.149697986033211,0.186240708785901,1,0,49,49,0,5.53161537131791,0.149697986033211
50,13,1,0,0.150316151816756,0.180761332655011,1,0,50,50,0,5.5316061862503,0.150316151816756
51,13,1,0,0.150940952095241,0.183407465645867,1,0,51,51,0,5.53159669663529,0.150940952095241
52,13,1,0,0.151574073316088,0.174350716956397,1,0,52,52,0,5.53158681625765,0.151574073316088
53,13,1,0,0.15221720192672,0.176770355829505,1,0,53,53,0,5.53157645890215,0.15221720192672
54,13,1,0,0.15287202437456,0.171787787924071,1,0,54,54,0,5.53156553835357,0.15287202437456
55,13,1,0,0.15354022710703,0.159163799782069,1,0,55,55,0,5.53155396839667,0.15354022710703
56,13,1,0,0.154223507978531,0.158410329044849,1,0,56,56,0,5.5315416594413,0.154223507978531
57,13,1,0,0.154924558676274,0.159251658221247,1,0,57,57,0,5.53152822785784,0.154924558676274
58,13,1,0,0.15564782185834,0.156769082693607,1,0,58,58,0,5.53151277196712,0.15564782185834
59,13,1,0,0.156397918416813,0.156600228393018,1,0,59,59,0,5.53149433735695,0.156397918416813
60,13,1,0,0.157179469243778,0.156889990399914,1,0,60,60,0,5.53147196961514,0.157179469243778
61,13,1,0,0.157997095231322,0.159496025213773,1,0,61,61,0,5.53144471432947,0.157997095231322
62,13,1,0,0.158855417271529,0.157006609845198,1,0,62,62,0,5.53141161708776,0.158855417271529
63,13,1,0,0.159759056256484,0.154269865733799,1,0,63,63,0,5.5313717234778,0.159759056256484
64,13,1,0,0.160712729091878,0.156137884972642,1,0,64,64,0,5.53132284279795,0.160712729091878
65,13,1,0,0.161724324688425,0.159338677597798,1,0,65,65,0,5.53122194100636,0.161724324688425
66,13,1,0,0.16280555472074,0.159315904442817,1,0,66,66,0,5.53097676142587,0.16280555472074
67,13,1,0,0.163968358451244,0.161115643309108,1,0,67,67,0,5.53049211691544,0.163968358451244
68,13,1,0,0.165224675142358,0.160892072264853,1,0,68,68,0,5.52967282033402,0.165224675142358
69,13,1,0,0.166586444056502,0.163446453152635,1,0,69,69,0,5.52842368454058,0.166586444056502
70,13,1,0,0.168065604456097,0.165166525376388,1,0,70,70,0,5.52664952239407,0.168065604456097
71,13,1,0,0.169674095603562,0.166995738432077,1,0,71,71,0,5.52425514675345,0.169674095603562
72,13,1,0,0.171424282595822,0.168588924156136,1,0,72,72,0,5.52115239891269,0.171424282595822
73,13,1,0,0.173335683218715,0.169310812794795,1,0,73,73,0,5.51737117590979,0.173335683218715
74,13,1,0,0.175433750326464,0.176338685623652,1,0,74,74,0,5.51303933359549,0.175433750326464
75,13,1,0,0.177744116422224,0.176201069235935,1,0,75,75,0,5.50828769294158,0.177744116422224
76,13,1,0,0.18029241400915,0.179839397335494,1,0,76,76,0,5.5032470749198,0.18029241400915
77,13,1,0,0.183104275590394,0.182774767255459,1,0,77,77,0,5.49804830050193,0.183104275590394
78,13,1,0,0.186205333669112,0.183703989051464,1,0,78,78,0,5.49282219065972,0.186205333669112
79,13,1,0,0.189621220748457,0.187932932482476,1,0,79,79,0,5.48769956636496,0.189621220748457
80,13,1,0,0.193376198733669,0.188525415981574,1,0,80,80,0,5.48279183683364,0.193376198733669
81,13,1,0,0.197481064776076,0.191378982913149,1,0,81,81,0,5.47801971019324,0.197481064776076
82,13,1,0,0.201938973573034,0.20074476513276,1,0,82,82,0,5.47319565462113,0.201938973573034
83,13,1,0,0.206752992103633,0.205542960898552,1,0,83,83,0,5.46813089594234,0.206752992103633
84,13,1,0,0.211926187346962,0.215139236993885,1,0,84,84,0,5.46263665998186,0.211926187346962
85,13,1,0,0.217461626282111,0.213679448246103,1,0,85,85,0,5.45652417256473,0.217461626282111
86,13,1,0,0.22336237588817,0.221294087283803,1,0,86,86,0,5.44960465951593,0.22336237588817
87,13,1,0,0.229631503144228,0.223248735653515,1,0,87,87,0,5.4416893466605,0.229631503144228
88,13,1,0,0.236267161980444,0.237687379474557,1,0,88,88,0,5.4325281844667,0.236267161980444
89,13,1,0,0.243237186446303,0.250152284489835,1,0,89,89,0,5.42149297502078,0.243237186446303
90,13,1,0,0.250497855828063,0.262683583553571,1,0,90,90,0,5.40781140984775,0.250497855828063
91,13,1,0,0.258005426666384,0.278210087984419,1,0,91,91,0,5.39071089679045,0.258005426666384
92,13,1,0,0.265716155501929,0.29044570401449,1,0,92,92,0,5.36941884369169,0.265716155501929
93,13,1,0,0.273586298875357,0.284776846308964,1,0,93,93,0,5.3431626583943,0.273586298875357
94,13,1,0,0.281572113327329,0.293042644207957,1,0,94,94,0,5.3111697487411,0.281572113327329
95,13,1,0,0.289629855398507,0.28729741025757,1,0,95,95,0,5.2726675225749,0.289629855398507
40,14,1,0,0.144261158303264,0.148219388229573,1,0,40,40,0,5.54383234294048,0.144261158303264
41,14,1,0,0.144859837558091,0.168616516306335,1,0,41,41,0,5.5438239766302,0.144859837558091
42,14,1,0,0.145458996129077,0.163553743899242,1,0,42,42,0,5.54381558649659,0.145458996129077
43,14,1,0,0.146059004631642,0.172545068527219,1,0,43,43,0,5.54380715854298,0.146059004631642
44,14,1,0,0.146660233681203,0.213213382397795,1,0,44,44,0,5.54379867877271,0.146660233681203
45,14,1,0,0.147263053893182,0.20042014216336,1,0,45,45,0,5.54379013318911,0.147263053893182
46,14,1,0,0.147867835882996,0.205057349846699,1,0,46,46,0,5.54378150779551,0.147867835882996
47,14,1,0,0.148474950266065,0.198207568622344,1,0,47,47,0,5.54377278859524,0.148474950266065
48,14,1,0,0.149084768297183,0.190369614927714,1,0,48,48,0,5.54376396155654,0.149084768297183
49,14,1,0,0.149697986033211,0.186240708785901,1,0,49,49,0,5.5437549948211,0.149697986033211
50,14,1,0,0.150316151816756,0.180761332655011,1,0,50,50,0,5.5437458097535,0.150316151816756
51,14,1,0,0.150940952095241,0.183407465645867,1,0,51,51,0,5.54373632013849,0.150940952095241
52,14,1,0,0.151574073316088,0.174350716956397,1,0,52,52,0,5.54372643976085,0.151574073316088
53,14,1,0,0.15221720192672,0.176770355829505,1,0,53,53,0,5.54371608240535,0.15221720192672
54,14,1,0,0.15287202437456,0.171787787924071,1,0,54,54,0,5.54370516185676,0.15287202437456
55,14,1,0,0.15354022710703,0.159163799782069,1,0,55,55,0,5.54369359189986,0.15354022710703
56,14,1,0,0.154223507978531,0.158410329044849,1,0,56,56,0,5.5436812829445,0.154223507978531
57,14,1,0,0.154924558676274,0.159251658221247,1,0,57,57,0,5.54366785136103,0.154924558676274
58,14,1,0,0.15564782185834,0.156769082693607,1,0,58,58,0,5.54365239547032,0.15564782185834
59,14,1,0,0.156397918416813,0.156600228393018,1,0,59,59,0,5.54363396086015,0.156397918416813
60,14,1,0,0.157179469243778,0.156889990399914,1,0,60,60,0,5.54361159311833,0.157179469243778
61,14,1,0,0.157997095231322,0.159496025213773,1,0,61,61,0,5.54358433783267,0.157997095231322
62,14,1,0,0.158855417271529,0.157006609845198,1,0,62,62,0,5.54355124059095,0.158855417271529
63,14,1,0,0.159759056256484,0.154269865733799,1,0,63,63,0,5.54351134698099,0.159759056256484
64,14,1,0,0.160712729091878,0.156137884972642,1,0,64,64,0,5.54346246630114,0.160712729091878
65,14,1,0,0.161724324688425,0.159338677597798,1,0,65,65,0,5.54336156450956,0.161724324688425
66,14,1,0,0.16280555472074,0.159315904442817,1,0,66,66,0,5.54311638492907,0.16280555472074
67,14,1,0,0.163968358451244,0.161115643309108,1,0,67,67,0,5.54263174041863,0.163968358451244
68,14,1,0,0.165224675142358,0.160892072264853,1,0,68,68,0,5.54181244383722,0.165224675142358
69,14,1,0,0.166586444056502,0.163446453152635,1,0,69,69,0,5.54056330804377,0.166586444056502
70,14,1,0,0.168065604456097,0.165166525376388,1,0,70,70,0,5.53878914589726,0.168065604456097
71,14,1,0,0.169674095603562,0.166995738432077,1,0,71,71,0,5.53639477025665,0.169674095603562
72,14,1,0,0.171424282595822,0.168588924156136,1,0,72,72,0,5.53329202241589,0.171424282595822
73,14,1,0,0.173335683218715,0.169310812794795,1,0,73,73,0,5.52951079941298,0.173335683218715
74,14,1,0,0.175433750326464,0.176338685623652,1,0,74,74,0,5.52517895709869,0.175433750326464
75,14,1,0,0.177744116422224,0.176201069235935,1,0,75,75,0,5.52042731644477,0.177744116422224
76,14,1,0,0.18029241400915,0.179839397335494,1,0,76,76,0,5.51538669842299,0.18029241400915
77,14,1,0,0.183104275590394,0.182774767255459,1,0,77,77,0,5.51018792400512,0.183104275590394
78,14,1,0,0.186205333669112,0.183703989051464,1,0,78,78,0,5.50496181416292,0.186205333669112
79,14,1,0,0.189621220748457,0.187932932482476,1,0,79,79,0,5.49983918986816,0.189621220748457
80,14,1,0,0.193376198733669,0.188525415981574,1,0,80,80,0,5.49493146033684,0.193376198733669
81,14,1,0,0.197481064776076,0.191378982913149,1,0,81,81,0,5.49015933369644,0.197481064776076
82,14,1,0,0.201938973573034,0.20074476513276,1,0,82,82,0,5.48533527812433,0.201938973573034
83,14,1,0,0.206752992103633,0.205542960898552,1,0,83,83,0,5.48027051944553,0.206752992103633
84,14,1,0,0.211926187346962,0.215139236993885,1,0,84,84,0,5.47477628348506,0.211926187346962
85,14,1,0,0.217461626282111,0.213679448246103,1,0,85,85,0,5.46866379606792,0.217461626282111
86,14,1,0,0.22336237588817,0.221294087283803,1,0,86,86,0,5.46174428301913,0.22336237588817
87,14,1,0,0.229631503144228,0.223248735653515,1,0,87,87,0,5.45382897016369,0.229631503144228
88,14,1,0,0.236267161980444,0.237687379474557,1,0,88,88,0,5.4446678079699,0.236267161980444
89,14,1,0,0.243237186446303,0.250152284489835,1,0,89,89,0,5.43363259852397,0.243237186446303
90,14,1,0,0.250497855828063,0.262683583553571,1,0,90,90,0,5.41995103335095,0.250497855828063
91,14,1,0,0.258005426666384,0.278210087984419,1,0,91,91,0,5.40285052029364,0.258005426666384
92,14,1,0,0.265716155501929,0.29044570401449,1,0,92,92,0,5.38155846719489,0.265716155501929
93,14,1,0,0.273586298875357,0.284776846308964,1,0,93,93,0,5.3553022818975,0.273586298875357
94,14,1,0,0.281572113327329,0.293042644207957,1,0,94,94,0,5.32330937224429,0.281572113327329
95,14,1,0,0.289629855398507,0.28729741025757,1,0,95,95,0,5.2848071460781,0.289629855398507
40,15,1,0,0.144261158303264,0.148219388229573,1,0,40,40,0,5.55597196644368,0.144261158303264
41,15,1,0,0.144859837558091,0.168616516306335,1,0,41,41,0,5.55596360013339,0.144859837558091
42,15,1,0,0.145458996129077,0.163553743899242,1,0,42,42,0,5.55595520999978,0.145458996129077
43,15,1,0,0.146059004631642,0.172545068527219,1,0,43,43,0,5.55594678204618,0.146059004631642
44,15,1,0,0.146660233681203,0.213213382397795,1,0,44,44,0,5.55593830227591,0.146660233681203
45,15,1,0,0.147263053893182,0.20042014216336,1,0,45,45,0,5.55592975669231,0.147263053893182
46,15,1,0,0.147867835882996,0.205057349846699,1,0,46,46,0,5.5559211312987,0.147867835882996
47,15,1,0,0.148474950266065,0.198207568622344,1,0,47,47,0,5.55591241209843,0.148474950266065
48,15,1,0,0.149084768297183,0.190369614927714,1,0,48,48,0,5.55590358505973,0.149084768297183
49,15,1,0,0.149697986033211,0.186240708785901,1,0,49,49,0,5.5558946183243,0.149697986033211
50,15,1,0,0.150316151816756,0.180761332655011,1,0,50,50,0,5.55588543325669,0.150316151816756
51,15,1,0,0.150940952095241,0.183407465645867,1,0,51,51,0,5.55587594364168,0.150940952095241
52,15,1,0,0.151574073316088,0.174350716956397,1,0,52,52,0,5.55586606326405,0.151574073316088
53,15,1,0,0.15221720192672,0.176770355829505,1,0,53,53,0,5.55585570590855,0.15221720192672
54,15,1,0,0.15287202437456,0.171787787924071,1,0,54,54,0,5.55584478535996,0.15287202437456
55,15,1,0,0.15354022710703,0.159163799782069,1,0,55,55,0,5.55583321540306,0.15354022710703
56,15,1,0,0.154223507978531,0.158410329044849,1,0,56,56,0,5.5558209064477,0.154223507978531
57,15,1,0,0.154924558676274,0.159251658221247,1,0,57,57,0,5.55580747486423,0.154924558676274
58,15,1,0,0.15564782185834,0.156769082693607,1,0,58,58,0,5.55579201897351,0.15564782185834
59,15,1,0,0.156397918416813,0.156600228393018,1,0,59,59,0,5.55577358436335,0.156397918416813
60,15,1,0,0.157179469243778,0.156889990399914,1,0,60,60,0,5.55575121662153,0.157179469243778
61,15,1,0,0.157997095231322,0.159496025213773,1,0,61,61,0,5.55572396133586,0.157997095231322
62,15,1,0,0.158855417271529,0.157006609845198,1,0,62,62,0,5.55569086409415,0.158855417271529
63,15,1,0,0.159759056256484,0.154269865733799,1,0,63,63,0,5.55565097048419,0.159759056256484
64,15,1,0,0.160712729091878,0.156137884972642,1,0,64,64,0,5.55560208980434,0.160712729091878
65,15,1,0,0.161724324688425,0.159338677597798,1,0,65,65,0,5.55550118801275,0.161724324688425
66,15,1,0,0.16280555472074,0.159315904442817,1,0,66,66,0,5.55525600843226,0.16280555472074
67,15,1,0,0.163968358451244,0.161115643309108,1,0,67,67,0,5.55477136392183,0.163968358451244
68,15,1,0,0.165224675142358,0.160892072264853,1,0,68,68,0,5.55395206734041,0.165224675142358
69,15,1,0,0.166586444056502,0.163446453152635,1,0,69,69,0,5.55270293154697,0.166586444056502
70,15,1,0,0.168065604456097,0.165166525376388,1,0,70,70,0,5.55092876940046,0.168065604456097
71,15,1,0,0.169674095603562,0.166995738432077,1,0,71,71,0,5.54853439375985,0.169674095603562
72,15,1,0,0.171424282595822,0.168588924156136,1,0,72,72,0,5.54543164591909,0.171424282595822
73,15,1,0,0.173335683218715,0.169310812794795,1,0,73,73,0,5.54165042291618,0.173335683218715
74,15,1,0,0.175433750326464,0.176338685623652,1,0,74,74,0,5.53731858060189,0.175433750326464
75,15,1,0,0.177744116422224,0.176201069235935,1,0,75,75,0,5.53256693994797,0.177744116422224
76,15,1,0,0.18029241400915,0.179839397335494,1,0,76,76,0,5.52752632192619,0.18029241400915
77,15,1,0,0.183104275590394,0.182774767255459,1,0,77,77,0,5.52232754750832,0.183104275590394
78,15,1,0,0.186205333669112,0.183703989051464,1,0,78,78,0,5.51710143766612,0.186205333669112
79,15,1,0,0.189621220748457,0.187932932482476,1,0,79,79,0,5.51197881337135,0.189621220748457
80,15,1,0,0.193376198733669,0.188525415981574,1,0,80,80,0,5.50707108384004,0.193376198733669
81,15,1,0,0.197481064776076,0.191378982913149,1,0,81,81,0,5.50229895719963,0.197481064776076
82,15,1,0,0.201938973573034,0.20074476513276,1,0,82,82,0,5.49747490162753,0.201938973573034
83,15,1,0,0.206752992103633,0.205542960898552,1,0,83,83,0,5.49241014294873,0.206752992103633
84,15,1,0,0.211926187346962,0.215139236993885,1,0,84,84,0,5.48691590698826,0.211926187346962
85,15,1,0,0.217461626282111,0.213679448246103,1,0,85,85,0,5.48080341957112,0.217461626282111
86,15,1,0,0.22336237588817,0.221294087283803,1,0,86,86,0,5.47388390652233,0.22336237588817
87,15,1,0,0.229631503144228,0.223248735653515,1,0,87,87,0,5.46596859366689,0.229631503144228
88,15,1,0,0.236267161980444,0.237687379474557,1,0,88,88,0,5.4568074314731,0.236267161980444
89,15,1,0,0.243237186446303,0.250152284489835,1,0,89,89,0,5.44577222202717,0.243237186446303
90,15,1,0,0.250497855828063,0.262683583553571,1,0,90,90,0,5.43209065685415,0.250497855828063
91,15,1,0,0.258005426666384,0.278210087984419,1,0,91,91,0,5.41499014379684,0.258005426666384
92,15,1,0,0.265716155501929,0.29044570401449,1,0,92,92,0,5.39369809069808,0.265716155501929
93,15,1,0,0.273586298875357,0.284776846308964,1,0,93,93,0,5.36744190540069,0.273586298875357
94,15,1,0,0.281572113327329,0.293042644207957,1,0,94,94,0,5.33544899574749,0.281572113327329
95,15,1,0,0.289629855398507,0.28729741025757,1,0,95,95,0,5.2969467695813,0.289629855398507
40,16,1,0,0.144261158303264,0.148219388229573,1,0,40,40,0,5.56811158994687,0.144261158303264
41,16,1,0,0.144859837558091,0.168616516306335,1,0,41,41,0,5.56810322363659,0.144859837558091
42,16,1,0,0.145458996129077,0.163553743899242,1,0,42,42,0,5.56809483350298,0.145458996129077
43,16,1,0,0.146059004631642,0.172545068527219,1,0,43,43,0,5.56808640554937,0.146059004631642
44,16,1,0,0.146660233681203,0.213213382397795,1,0,44,44,0,5.5680779257791,0.146660233681203
45,16,1,0,0.147263053893182,0.20042014216336,1,0,45,45,0,5.5680693801955,0.147263053893182
46,16,1,0,0.147867835882996,0.205057349846699,1,0,46,46,0,5.5680607548019,0.147867835882996
47,16,1,0,0.148474950266065,0.198207568622344,1,0,47,47,0,5.56805203560163,0.148474950266065
48,16,1,0,0.149084768297183,0.190369614927714,1,0,48,48,0,5.56804320856293,0.149084768297183
49,16,1,0,0.149697986033211,0.186240708785901,1,0,49,49,0,5.5680342418275,0.149697986033211
50,16,1,0,0.150316151816756,0.180761332655011,1,0,50,50,0,5.56802505675989,0.150316151816756
51,16,1,0,0.150940952095241,0.183407465645867,1,0,51,51,0,5.56801556714488,0.150940952095241
52,16,1,0,0.151574073316088,0.174350716956397,1,0,52,52,0,5.56800568676724,0.151574073316088
53,16,1,0,0.15221720192672,0.176770355829505,1,0,53,53,0,5.56799532941174,0.15221720192672
54,16,1,0,0.15287202437456,0.171787787924071,1,0,54,54,0,5.56798440886316,0.15287202437456
55,16,1,0,0.15354022710703,0.159163799782069,1,0,55,55,0,5.56797283890626,0.15354022710703
56,16,1,0,0.154223507978531,0.158410329044849,1,0,56,56,0,5.56796052995089,0.154223507978531
57,16,1,0,0.154924558676274,0.159251658221247,1,0,57,57,0,5.56794709836743,0.154924558676274
58,16,1,0,0.15564782185834,0.156769082693607,1,0,58,58,0,5.56793164247671,0.15564782185834
59,16,1,0,0.156397918416813,0.156600228393018,1,0,59,59,0,5.56791320786654,0.156397918416813
60,16,1,0,0.157179469243778,0.156889990399914,1,0,60,60,0,5.56789084012473,0.157179469243778
61,16,1,0,0.157997095231322,0.159496025213773,1,0,61,61,0,5.56786358483906,0.157997095231322
62,16,1,0,0.158855417271529,0.157006609845198,1,0,62,62,0,5.56783048759735,0.158855417271529
63,16,1,0,0.159759056256484,0.154269865733799,1,0,63,63,0,5.56779059398739,0.159759056256484
64,16,1,0,0.160712729091878,0.156137884972642,1,0,64,64,0,5.56774171330754,0.160712729091878
65,16,1,0,0.161724324688425,0.159338677597798,1,0,65,65,0,5.56764081151595,0.161724324688425
66,16,1,0,0.16280555472074,0.159315904442817,1,0,66,66,0,5.56739563193546,0.16280555472074
67,16,1,0,0.163968358451244,0.161115643309108,1,0,67,67,0,5.56691098742503,0.163968358451244
68,16,1,0,0.165224675142358,0.160892072264853,1,0,68,68,0,5.56609169084361,0.165224675142358
69,16,1,0,0.166586444056502,0.163446453152635,1,0,69,69,0,5.56484255505017,0.166586444056502
70,16,1,0,0.168065604456097,0.165166525376388,1,0,70,70,0,5.56306839290366,0.168065604456097
71,16,1,0,0.169674095603562,0.166995738432077,1,0,71,71,0,5.56067401726305,0.169674095603562
72,16,1,0,0.171424282595822,0.168588924156136,1,0,72,72,0,5.55757126942228,0.171424282595822
73,16,1,0,0.173335683218715,0.169310812794795,1,0,73,73,0,5.55379004641938,0.173335683218715
74,16,1,0,0.175433750326464,0.176338685623652,1,0,74,74,0,5.54945820410509,0.175433750326464
75,16,1,0,0.177744116422224,0.176201069235935,1,0,75,75,0,5.54470656345117,0.177744116422224
76,16,1,0,0.18029241400915,0.179839397335494,1,0,76,76,0,5.53966594542939,0.18029241400915
77,16,1,0,0.183104275590394,0.182774767255459,1,0,77,77,0,5.53446717101152,0.183104275590394
78,16,1,0,0.186205333669112,0.183703989051464,1,0,78,78,0,5.52924106116932,0.186205333669112
79,16,1,0,0.189621220748457,0.187932932482476,1,0,79,79,0,5.52411843687455,0.189621220748457
80,16,1,0,0.193376198733669,0.188525415981574,1,0,80,80,0,5.51921070734323,0.193376198733669
81,16,1,0,0.197481064776076,0.191378982913149,1,0,81,81,0,5.51443858070283,0.197481064776076
82,16,1,0,0.201938973573034,0.20074476513276,1,0,82,82,0,5.50961452513072,0.201938973573034
83,16,1,0,0.206752992103633,0.205542960898552,1,0,83,83,0,5.50454976645193,0.206752992103633
84,16,1,0,0.211926187346962,0.215139236993885,1,0,84,84,0,5.49905553049146,0.211926187346962
85,16,1,0,0.217461626282111,0.213679448246103,1,0,85,85,0,5.49294304307432,0.217461626282111
86,16,1,0,0.22336237588817,0.221294087283803,1,0,86,86,0,5.48602353002552,0.22336237588817
87,16,1,0,0.229631503144228,0.223248735653515,1,0,87,87,0,5.47810821717009,0.229631503144228
88,16,1,0,0.236267161980444,0.237687379474557,1,0,88,88,0,5.46894705497629,0.236267161980444
89,16,1,0,0.243237186446303,0.250152284489835,1,0,89,89,0,5.45791184553037,0.243237186446303
90,16,1,0,0.250497855828063,0.262683583553571,1,0,90,90,0,5.44423028035734,0.250497855828063
91,16,1,0,0.258005426666384,0.278210087984419,1,0,91,91,0,5.42712976730004,0.258005426666384
92,16,1,0,0.265716155501929,0.29044570401449,1,0,92,92,0,5.40583771420128,0.265716155501929
93,16,1,0,0.273586298875357,0.284776846308964,1,0,93,93,0,5.37958152890389,0.273586298875357
94,16,1,0,0.281572113327329,0.293042644207957,1,0,94,94,0,5.34758861925069,0.281572113327329
95,16,1,0,0.289629855398507,0.28729741025757,1,0,95,95,0,5.30908639308449,0.289629855398507
40,17,1,0,0.144261158303264,0.148219388229573,0,1,40,0,40,5.58025121345007,0.144261158303264
41,17,1,0,0.144859837558091,0.168616516306335,0,1,41,0,41,5.58024284713979,0.144859837558091
42,17,1,0,0.145458996129077,0.163553743899242,0,1,42,0,42,5.58023445700618,0.145458996129077
43,17,1,0,0.146059004631642,0.172545068527219,0,1,43,0,43,5.58022602905257,0.146059004631642
44,17,1,0,0.146660233681203,0.213213382397795,0,1,44,0,44,5.5802175492823,0.146660233681203
45,17,1,0,0.147263053893182,0.20042014216336,0,1,45,0,45,5.5802090036987,0.147263053893182
46,17,1,0,0.147867835882996,0.205057349846699,0,1,46,0,46,5.5802003783051,0.147867835882996
47,17,1,0,0.148474950266065,0.198207568622344,0,1,47,0,47,5.58019165910483,0.148474950266065
48,17,1,0,0.149084768297183,0.190369614927714,0,1,48,0,48,5.58018283206613,0.149084768297183
49,17,1,0,0.149697986033211,0.186240708785901,0,1,49,0,49,5.58017386533069,0.149697986033211
50,17,1,0,0.150316151816756,0.180761332655011,0,1,50,0,50,5.58016468026309,0.150316151816756
51,17,1,0,0.150940952095241,0.183407465645867,0,1,51,0,51,5.58015519064808,0.150940952095241
52,17,1,0,0.151574073316088,0.174350716956397,0,1,52,0,52,5.58014531027044,0.151574073316088
53,17,1,0,0.15221720192672,0.176770355829505,0,1,53,0,53,5.58013495291494,0.15221720192672
54,17,1,0,0.15287202437456,0.171787787924071,0,1,54,0,54,5.58012403236636,0.15287202437456
55,17,1,0,0.15354022710703,0.159163799782069,0,1,55,0,55,5.58011246240945,0.15354022710703
56,17,1,0,0.154223507978531,0.158410329044849,0,1,56,0,56,5.58010015345409,0.154223507978531
57,17,1,0,0.154924558676274,0.159251658221247,0,1,57,0,57,5.58008672187062,0.154924558676274
58,17,1,0,0.15564782185834,0.156769082693607,0,1,58,0,58,5.58007126597991,0.15564782185834
59,17,1,0,0.156397918416813,0.156600228393018,0,1,59,0,59,5.58005283136974,0.156397918416813
60,17,1,0,0.157179469243778,0.156889990399914,0,1,60,0,60,5.58003046362792,0.157179469243778
61,17,1,0,0.157997095231322,0.159496025213773,0,1,61,0,61,5.58000320834226,0.157997095231322
62,17,1,0,0.158855417271529,0.157006609845198,0,1,62,0,62,5.57997011110055,0.158855417271529
63,17,1,0,0.159759056256484,0.154269865733799,0,1,63,0,63,5.57993021749059,0.159759056256484
64,17,1,0,0.160712729091878,0.156137884972642,0,1,64,0,64,5.57988133681073,0.160712729091878
65,17,1,0,0.161724324688425,0.159338677597798,0,1,65,0,65,5.57978043501915,0.161724324688425
66,17,1,0,0.16280555472074,0.159315904442817,0,1,66,0,66,5.57953525543866,0.16280555472074
67,17,1,0,0.163968358451244,0.161115643309108,0,1,67,0,67,5.57905061092822,0.163968358451244
68,17,1,0,0.165224675142358,0.160892072264853,0,1,68,0,68,5.57823131434681,0.165224675142358
69,17,1,0,0.166586444056502,0.163446453152635,0,1,69,0,69,5.57698217855336,0.166586444056502
70,17,1,0,0.168065604456097,0.165166525376388,0,1,70,0,70,5.57520801640686,0.168065604456097
71,17,1,0,0.169674095603562,0.166995738432077,0,1,71,0,71,5.57281364076624,0.169674095603562
72,17,1,0,0.171424282595822,0.168588924156136,0,1,72,0,72,5.56971089292548,0.171424282595822
73,17,1,0,0.173335683218715,0.169310812794795,0,1,73,0,73,5.56592966992257,0.173335683218715
74,17,1,0,0.175433750326464,0.176338685623652,0,1,74,0,74,5.56159782760828,0.175433750326464
75,17,1,0,0.177744116422224,0.176201069235935,0,1,75,0,75,5.55684618695436,0.177744116422224
76,17,1,0,0.18029241400915,0.179839397335494,0,1,76,0,76,5.55180556893259,0.18029241400915
77,17,1,0,0.183104275590394,0.182774767255459,0,1,77,0,77,5.54660679451471,0.183104275590394
78,17,1,0,0.186205333669112,0.183703989051464,0,1,78,0,78,5.54138068467251,0.186205333669112
79,17,1,0,0.189621220748457,0.187932932482476,0,1,79,0,79,5.53625806037775,0.189621220748457
80,17,1,0,0.193376198733669,0.188525415981574,0,1,80,0,80,5.53135033084643,0.193376198733669
81,17,1,0,0.197481064776076,0.191378982913149,0,1,81,0,81,5.52657820420603,0.197481064776076
82,17,1,0,0.201938973573034,0.20074476513276,0,1,82,0,82,5.52175414863392,0.201938973573034
83,17,1,0,0.206752992103633,0.205542960898552,0,1,83,0,83,5.51668938995513,0.206752992103633
84,17,1,0,0.211926187346962,0.215139236993885,0,1,84,0,84,5.51119515399465,0.211926187346962
85,17,1,0,0.217461626282111,0.213679448246103,0,1,85,0,85,5.50508266657751,0.217461626282111
86,17,1,0,0.22336237588817,0.221294087283803,0,1,86,0,86,5.49816315352872,0.22336237588817
87,17,1,0,0.229631503144228,0.223248735653515,0,1,87,0,87,5.49024784067328,0.229631503144228
88,17,1,0,0.236267161980444,0.237687379474557,0,1,88,0,88,5.48108667847949,0.236267161980444
89,17,1,0,0.243237186446303,0.250152284489835,0,1,89,0,89,5.47005146903356,0.243237186446303
90,17,1,0,0.250497855828063,0.262683583553571,0,1,90,0,90,5.45636990386054,0.250497855828063
91,17,1,0,0.258005426666384,0.278210087984419,0,1,91,0,91,5.43926939080324,0.258005426666384
92,17,1,0,0.265716155501929,0.29044570401449,0,1,92,0,92,5.41797733770448,0.265716155501929
93,17,1,0,0.273586298875357,0.284776846308964,0,1,93,0,93,5.39172115240709,0.273586298875357
94,17,1,0,0.281572113327329,0.293042644207957,0,1,94,0,94,5.35972824275388,0.281572113327329
95,17,1,0,0.289629855398507,0.28729741025757,0,1,95,0,95,5.32122601658769,0.289629855398507
40,18,1,0,0.144261158303264,0.148219388229573,0,1,40,0,40,5.59239083695327,0.144261158303264
41,18,1,0,0.144859837558091,0.168616516306335,0,1,41,0,41,5.59238247064298,0.144859837558091
42,18,1,0,0.145458996129077,0.163553743899242,0,1,42,0,42,5.59237408050937,0.145458996129077
43,18,1,0,0.146059004631642,0.172545068527219,0,1,43,0,43,5.59236565255577,0.146059004631642
44,18,1,0,0.146660233681203,0.213213382397795,0,1,44,0,44,5.5923571727855,0.146660233681203
45,18,1,0,0.147263053893182,0.20042014216336,0,1,45,0,45,5.5923486272019,0.147263053893182
46,18,1,0,0.147867835882996,0.205057349846699,0,1,46,0,46,5.5923400018083,0.147867835882996
47,18,1,0,0.148474950266065,0.198207568622344,0,1,47,0,47,5.59233128260802,0.148474950266065
48,18,1,0,0.149084768297183,0.190369614927714,0,1,48,0,48,5.59232245556932,0.149084768297183
49,18,1,0,0.149697986033211,0.186240708785901,0,1,49,0,49,5.59231348883389,0.149697986033211
50,18,1,0,0.150316151816756,0.180761332655011,0,1,50,0,50,5.59230430376628,0.150316151816756
51,18,1,0,0.150940952095241,0.183407465645867,0,1,51,0,51,5.59229481415128,0.150940952095241
52,18,1,0,0.151574073316088,0.174350716956397,0,1,52,0,52,5.59228493377364,0.151574073316088
53,18,1,0,0.15221720192672,0.176770355829505,0,1,53,0,53,5.59227457641814,0.15221720192672
54,18,1,0,0.15287202437456,0.171787787924071,0,1,54,0,54,5.59226365586955,0.15287202437456
55,18,1,0,0.15354022710703,0.159163799782069,0,1,55,0,55,5.59225208591265,0.15354022710703
56,18,1,0,0.154223507978531,0.158410329044849,0,1,56,0,56,5.59223977695729,0.154223507978531
57,18,1,0,0.154924558676274,0.159251658221247,0,1,57,0,57,5.59222634537382,0.154924558676274
58,18,1,0,0.15564782185834,0.156769082693607,0,1,58,0,58,5.5922108894831,0.15564782185834
59,18,1,0,0.156397918416813,0.156600228393018,0,1,59,0,59,5.59219245487294,0.156397918416813
60,18,1,0,0.157179469243778,0.156889990399914,0,1,60,0,60,5.59217008713112,0.157179469243778
61,18,1,0,0.157997095231322,0.159496025213773,0,1,61,0,61,5.59214283184546,0.157997095231322
62,18,1,0,0.158855417271529,0.157006609845198,0,1,62,0,62,5.59210973460374,0.158855417271529
63,18,1,0,0.159759056256484,0.154269865733799,0,1,63,0,63,5.59206984099378,0.159759056256484
64,18,1,0,0.160712729091878,0.156137884972642,0,1,64,0,64,5.59202096031393,0.160712729091878
65,18,1,0,0.161724324688425,0.159338677597798,0,1,65,0,65,5.59192005852234,0.161724324688425
66,18,1,0,0.16280555472074,0.159315904442817,0,1,66,0,66,5.59167487894185,0.16280555472074
67,18,1,0,0.163968358451244,0.161115643309108,0,1,67,0,67,5.59119023443142,0.163968358451244
68,18,1,0,0.165224675142358,0.160892072264853,0,1,68,0,68,5.59037093785,0.165224675142358
69,18,1,0,0.166586444056502,0.163446453152635,0,1,69,0,69,5.58912180205656,0.166586444056502
70,18,1,0,0.168065604456097,0.165166525376388,0,1,70,0,70,5.58734763991005,0.168065604456097
71,18,1,0,0.169674095603562,0.166995738432077,0,1,71,0,71,5.58495326426944,0.169674095603562
72,18,1,0,0.171424282595822,0.168588924156136,0,1,72,0,72,5.58185051642868,0.171424282595822
73,18,1,0,0.173335683218715,0.169310812794795,0,1,73,0,73,5.57806929342577,0.173335683218715
74,18,1,0,0.175433750326464,0.176338685623652,0,1,74,0,74,5.57373745111148,0.175433750326464
75,18,1,0,0.177744116422224,0.176201069235935,0,1,75,0,75,5.56898581045756,0.177744116422224
76,18,1,0,0.18029241400915,0.179839397335494,0,1,76,0,76,5.56394519243578,0.18029241400915
77,18,1,0,0.183104275590394,0.182774767255459,0,1,77,0,77,5.55874641801791,0.183104275590394
78,18,1,0,0.186205333669112,0.183703989051464,0,1,78,0,78,5.55352030817571,0.186205333669112
79,18,1,0,0.189621220748457,0.187932932482476,0,1,79,0,79,5.54839768388095,0.189621220748457
80,18,1,0,0.193376198733669,0.188525415981574,0,1,80,0,80,5.54348995434963,0.193376198733669
81,18,1,0,0.197481064776076,0.191378982913149,0,1,81,0,81,5.53871782770922,0.197481064776076
82,18,1,0,0.201938973573034,0.20074476513276,0,1,82,0,82,5.53389377213712,0.201938973573034
83,18,1,0,0.206752992103633,0.205542960898552,0,1,83,0,83,5.52882901345832,0.206752992103633
84,18,1,0,0.211926187346962,0.215139236993885,0,1,84,0,84,5.52333477749785,0.211926187346962
85,18,1,0,0.217461626282111,0.213679448246103,0,1,85,0,85,5.51722229008071,0.217461626282111
86,18,1,0,0.22336237588817,0.221294087283803,0,1,86,0,86,5.51030277703192,0.22336237588817
87,18,1,0,0.229631503144228,0.223248735653515,0,1,87,0,87,5.50238746417648,0.229631503144228
88,18,1,0,0.236267161980444,0.237687379474557,0,1,88,0,88,5.49322630198269,0.236267161980444
89,18,1,0,0.243237186446303,0.250152284489835,0,1,89,0,89,5.48219109253676,0.243237186446303
90,18,1,0,0.250497855828063,0.262683583553571,0,1,90,0,90,5.46850952736374,0.250497855828063
91,18,1,0,0.258005426666384,0.278210087984419,0,1,91,0,91,5.45140901430643,0.258005426666384
92,18,1,0,0.265716155501929,0.29044570401449,0,1,92,0,92,5.43011696120767,0.265716155501929
93,18,1,0,0.273586298875357,0.284776846308964,0,1,93,0,93,5.40386077591028,0.273586298875357
94,18,1,0,0.281572113327329,0.293042644207957,0,1,94,0,94,5.37186786625708,0.281572113327329
95,18,1,0,0.289629855398507,0.28729741025757,0,1,95,0,95,5.33336564009089,0.289629855398507
40,19,1,0,0.144261158303264,0.148219388229573,0,1,40,0,40,5.60453046045646,0.144261158303264
41,19,1,0,0.144859837558091,0.168616516306335,0,1,41,0,41,5.60452209414618,0.144859837558091
42,19,1,0,0.145458996129077,0.163553743899242,0,1,42,0,42,5.60451370401257,0.145458996129077
43,19,1,0,0.146059004631642,0.172545068527219,0,1,43,0,43,5.60450527605896,0.146059004631642
44,19,1,0,0.146660233681203,0.213213382397795,0,1,44,0,44,5.60449679628869,0.146660233681203
45,19,1,0,0.147263053893182,0.20042014216336,0,1,45,0,45,5.60448825070509,0.147263053893182
46,19,1,0,0.147867835882996,0.205057349846699,0,1,46,0,46,5.60447962531149,0.147867835882996
47,19,1,0,0.148474950266065,0.198207568622344,0,1,47,0,47,5.60447090611122,0.148474950266065
48,19,1,0,0.149084768297183,0.190369614927714,0,1,48,0,48,5.60446207907252,0.149084768297183
49,19,1,0,0.149697986033211,0.186240708785901,0,1,49,0,49,5.60445311233709,0.149697986033211
50,19,1,0,0.150316151816756,0.180761332655011,0,1,50,0,50,5.60444392726948,0.150316151816756
51,19,1,0,0.150940952095241,0.183407465645867,0,1,51,0,51,5.60443443765447,0.150940952095241
52,19,1,0,0.151574073316088,0.174350716956397,0,1,52,0,52,5.60442455727683,0.151574073316088
53,19,1,0,0.15221720192672,0.176770355829505,0,1,53,0,53,5.60441419992134,0.15221720192672
54,19,1,0,0.15287202437456,0.171787787924071,0,1,54,0,54,5.60440327937275,0.15287202437456
55,19,1,0,0.15354022710703,0.159163799782069,0,1,55,0,55,5.60439170941585,0.15354022710703
56,19,1,0,0.154223507978531,0.158410329044849,0,1,56,0,56,5.60437940046048,0.154223507978531
57,19,1,0,0.154924558676274,0.159251658221247,0,1,57,0,57,5.60436596887702,0.154924558676274
58,19,1,0,0.15564782185834,0.156769082693607,0,1,58,0,58,5.6043505129863,0.15564782185834
59,19,1,0,0.156397918416813,0.156600228393018,0,1,59,0,59,5.60433207837613,0.156397918416813
60,19,1,0,0.157179469243778,0.156889990399914,0,1,60,0,60,5.60430971063432,0.157179469243778
61,19,1,0,0.157997095231322,0.159496025213773,0,1,61,0,61,5.60428245534865,0.157997095231322
62,19,1,0,0.158855417271529,0.157006609845198,0,1,62,0,62,5.60424935810694,0.158855417271529
63,19,1,0,0.159759056256484,0.154269865733799,0,1,63,0,63,5.60420946449698,0.159759056256484
64,19,1,0,0.160712729091878,0.156137884972642,0,1,64,0,64,5.60416058381713,0.160712729091878
65,19,1,0,0.161724324688425,0.159338677597798,0,1,65,0,65,5.60405968202554,0.161724324688425
66,19,1,0,0.16280555472074,0.159315904442817,0,1,66,0,66,5.60381450244505,0.16280555472074
67,19,1,0,0.163968358451244,0.161115643309108,0,1,67,0,67,5.60332985793462,0.163968358451244
68,19,1,0,0.165224675142358,0.160892072264853,0,1,68,0,68,5.6025105613532,0.165224675142358
69,19,1,0,0.166586444056502,0.163446453152635,0,1,69,0,69,5.60126142555976,0.166586444056502
70,19,1,0,0.168065604456097,0.165166525376388,0,1,70,0,70,5.59948726341325,0.168065604456097
71,19,1,0,0.169674095603562,0.166995738432077,0,1,71,0,71,5.59709288777264,0.169674095603562
72,19,1,0,0.171424282595822,0.168588924156136,0,1,72,0,72,5.59399013993187,0.171424282595822
73,19,1,0,0.173335683218715,0.169310812794795,0,1,73,0,73,5.59020891692897,0.173335683218715
74,19,1,0,0.175433750326464,0.176338685623652,0,1,74,0,74,5.58587707461468,0.175433750326464
75,19,1,0,0.177744116422224,0.176201069235935,0,1,75,0,75,5.58112543396076,0.177744116422224
76,19,1,0,0.18029241400915,0.179839397335494,0,1,76,0,76,5.57608481593898,0.18029241400915
77,19,1,0,0.183104275590394,0.182774767255459,0,1,77,0,77,5.57088604152111,0.183104275590394
78,19,1,0,0.186205333669112,0.183703989051464,0,1,78,0,78,5.56565993167891,0.186205333669112
79,19,1,0,0.189621220748457,0.187932932482476,0,1,79,0,79,5.56053730738414,0.189621220748457
80,19,1,0,0.193376198733669,0.188525415981574,0,1,80,0,80,5.55562957785282,0.193376198733669
81,19,1,0,0.197481064776076,0.191378982913149,0,1,81,0,81,5.55085745121242,0.197481064776076
82,19,1,0,0.201938973573034,0.20074476513276,0,1,82,0,82,5.54603339564032,0.201938973573034
83,19,1,0,0.206752992103633,0.205542960898552,0,1,83,0,83,5.54096863696152,0.206752992103633
84,19,1,0,0.211926187346962,0.215139236993885,0,1,84,0,84,5.53547440100105,0.211926187346962
85,19,1,0,0.217461626282111,0.213679448246103,0,1,85,0,85,5.52936191358391,0.217461626282111
86,19,1,0,0.22336237588817,0.221294087283803,0,1,86,0,86,5.52244240053511,0.22336237588817
87,19,1,0,0.229631503144228,0.223248735653515,0,1,87,0,87,5.51452708767968,0.229631503144228
88,19,1,0,0.236267161980444,0.237687379474557,0,1,88,0,88,5.50536592548588,0.236267161980444
89,19,1,0,0.243237186446303,0.250152284489835,0,1,89,0,89,5.49433071603996,0.243237186446303
90,19,1,0,0.250497855828063,0.262683583553571,0,1,90,0,90,5.48064915086693,0.250497855828063
91,19,1,0,0.258005426666384,0.278210087984419,0,1,91,0,91,5.46354863780963,0.258005426666384
92,19,1,0,0.265716155501929,0.29044570401449,0,1,92,0,92,5.44225658471087,0.265716155501929
93,19,1,0,0.273586298875357,0.284776846308964,0,1,93,0,93,5.41600039941348,0.273586298875357
94,19,1,0,0.281572113327329,0.293042644207957,0,1,94,0,94,5.38400748976028,0.281572113327329
95,19,1,0,0.289629855398507,0.28729741025757,0,1,95,0,95,5.34550526359408,0.289629855398507
40,20,1,0,0.144261158303264,0.148219388229573,0,1,40,0,40,5.61667008395966,0.144261158303264
41,20,1,0,0.144859837558091,0.168616516306335,0,1,41,0,41,5.61666171764938,0.144859837558091
42,20,1,0,0.145458996129077,0.163553743899242,0,1,42,0,42,5.61665332751577,0.145458996129077
43,20,1,0,0.146059004631642,0.172545068527219,0,1,43,0,43,5.61664489956216,0.146059004631642
44,20,1,0,0.146660233681203,0.213213382397795,0,1,44,0,44,5.61663641979189,0.146660233681203
45,20,1,0,0.147263053893182,0.20042014216336,0,1,45,0,45,5.61662787420829,0.147263053893182
46,20,1,0,0.147867835882996,0.205057349846699,0,1,46,0,46,5.61661924881469,0.147867835882996
47,20,1,0,0.148474950266065,0.198207568622344,0,1,47,0,47,5.61661052961442,0.148474950266065
48,20,1,0,0.149084768297183,0.190369614927714,0,1,48,0,48,5.61660170257572,0.149084768297183
49,20,1,0,0.149697986033211,0.186240708785901,0,1,49,0,49,5.61659273584028,0.149697986033211
50,20,1,0,0.150316151816756,0.180761332655011,0,1,50,0,50,5.61658355077268,0.150316151816756
51,20,1,0,0.150940952095241,0.183407465645867,0,1,51,0,51,5.61657406115767,0.150940952095241
52,20,1,0,0.151574073316088,0.174350716956397,0,1,52,0,52,5.61656418078003,0.151574073316088
53,20,1,0,0.15221720192672,0.176770355829505,0,1,53,0,53,5.61655382342453,0.15221720192672
54,20,1,0,0.15287202437456,0.171787787924071,0,1,54,0,54,5.61654290287595,0.15287202437456
55,20,1,0,0.15354022710703,0.159163799782069,0,1,55,0,55,5.61653133291905,0.15354022710703
56,20,1,0,0.154223507978531,0.158410329044849,0,1,56,0,56,5.61651902396368,0.154223507978531
57,20,1,0,0.154924558676274,0.159251658221247,0,1,57,0,57,5.61650559238022,0.154924558676274
58,20,1,0,0.15564782185834,0.156769082693607,0,1,58,0,58,5.6164901364895,0.15564782185834
59,20,1,0,0.156397918416813,0.156600228393018,0,1,59,0,59,5.61647170187933,0.156397918416813
60,20,1,0,0.157179469243778,0.156889990399914,0,1,60,0,60,5.61644933413751,0.157179469243778
61,20,1,0,0.157997095231322,0.159496025213773,0,1,61,0,61,5.61642207885185,0.157997095231322
62,20,1,0,0.158855417271529,0.157006609845198,0,1,62,0,62,5.61638898161014,0.158855417271529
63,20,1,0,0.159759056256484,0.154269865733799,0,1,63,0,63,5.61634908800018,0.159759056256484
64,20,1,0,0.160712729091878,0.156137884972642,0,1,64,0,64,5.61630020732033,0.160712729091878
65,20,1,0,0.161724324688425,0.159338677597798,0,1,65,0,65,5.61619930552874,0.161724324688425
66,20,1,0,0.16280555472074,0.159315904442817,0,1,66,0,66,5.61595412594825,0.16280555472074
67,20,1,0,0.163968358451244,0.161115643309108,0,1,67,0,67,5.61546948143781,0.163968358451244
68,20,1,0,0.165224675142358,0.160892072264853,0,1,68,0,68,5.6146501848564,0.165224675142358
69,20,1,0,0.166586444056502,0.163446453152635,0,1,69,0,69,5.61340104906295,0.166586444056502
70,20,1,0,0.168065604456097,0.165166525376388,0,1,70,0,70,5.61162688691645,0.168065604456097
71,20,1,0,0.169674095603562,0.166995738432077,0,1,71,0,71,5.60923251127583,0.169674095603562
72,20,1,0,0.171424282595822,0.168588924156136,0,1,72,0,72,5.60612976343507,0.171424282595822
73,20,1,0,0.173335683218715,0.169310812794795,0,1,73,0,73,5.60234854043217,0.173335683218715
74,20,1,0,0.175433750326464,0.176338685623652,0,1,74,0,74,5.59801669811787,0.175433750326464
75,20,1,0,0.177744116422224,0.176201069235935,0,1,75,0,75,5.59326505746395,0.177744116422224
76,20,1,0,0.18029241400915,0.179839397335494,0,1,76,0,76,5.58822443944218,0.18029241400915
77,20,1,0,0.183104275590394,0.182774767255459,0,1,77,0,77,5.5830256650243,0.183104275590394
78,20,1,0,0.186205333669112,0.183703989051464,0,1,78,0,78,5.5777995551821,0.186205333669112
79,20,1,0,0.189621220748457,0.187932932482476,0,1,79,0,79,5.57267693088734,0.189621220748457
80,20,1,0,0.193376198733669,0.188525415981574,0,1,80,0,80,5.56776920135602,0.193376198733669
81,20,1,0,0.197481064776076,0.191378982913149,0,1,81,0,81,5.56299707471562,0.197481064776076
82,20,1,0,0.201938973573034,0.20074476513276,0,1,82,0,82,5.55817301914351,0.201938973573034
83,20,1,0,0.206752992103633,0.205542960898552,0,1,83,0,83,5.55310826046472,0.206752992103633
84,20,1,0,0.211926187346962,0.215139236993885,0,1,84,0,84,5.54761402450424,0.211926187346962
85,20,1,0,0.217461626282111,0.213679448246103,0,1,85,0,85,5.5415015370871,0.217461626282111
86,20,1,0,0.22336237588817,0.221294087283803,0,1,86,0,86,5.53458202403831,0.22336237588817
87,20,1,0,0.229631503144228,0.223248735653515,0,1,87,0,87,5.52666671118288,0.229631503144228
88,20,1,0,0.236267161980444,0.237687379474557,0,1,88,0,88,5.51750554898908,0.236267161980444
89,20,1,0,0.243237186446303,0.250152284489835,0,1,89,0,89,5.50647033954316,0.243237186446303
90,20,1,0,0.250497855828063,0.262683583553571,0,1,90,0,90,5.49278877437013,0.250497855828063
91,20,1,0,0.258005426666384,0.278210087984419,0,1,91,0,91,5.47568826131283,0.258005426666384
92,20,1,0,0.265716155501929,0.29044570401449,0,1,92,0,92,5.45439620821407,0.265716155501929
93,20,1,0,0.273586298875357,0.284776846308964,0,1,93,0,93,5.42814002291668,0.273586298875357
94,20,1,0,0.281572113327329,0.293042644207957,0,1,94,0,94,5.39614711326347,0.281572113327329
95,20,1,0,0.289629855398507,0.28729741025757,0,1,95,0,95,5.35764488709728,0.289629855398507
40,21,1,0,0.144261158303264,0.148219388229573,0,1,40,0,40,5.62880970746286,0.144261158303264
41,21,1,0,0.144859837558091,0.168616516306335,0,1,41,0,41,5.62880134115257,0.144859837558091
42,21,1,0,0.145458996129077,0.163553743899242,0,1,42,0,42,5.62879295101896,0.145458996129077
43,21,1,0,0.146059004631642,0.172545068527219,0,1,43,0,43,5.62878452306536,0.146059004631642
44,21,1,0,0.146660233681203,0.213213382397795,0,1,44,0,44,5.62877604329509,0.146660233681203
45,21,1,0,0.147263053893182,0.20042014216336,0,1,45,0,45,5.62876749771149,0.147263053893182
46,21,1,0,0.147867835882996,0.205057349846699,0,1,46,0,46,5.62875887231789,0.147867835882996
47,21,1,0,0.148474950266065,0.198207568622344,0,1,47,0,47,5.62875015311762,0.148474950266065
48,21,1,0,0.149084768297183,0.190369614927714,0,1,48,0,48,5.62874132607892,0.149084768297183
49,21,1,0,0.149697986033211,0.186240708785901,0,1,49,0,49,5.62873235934348,0.149697986033211
50,21,1,0,0.150316151816756,0.180761332655011,0,1,50,0,50,5.62872317427587,0.150316151816756
51,21,1,0,0.150940952095241,0.183407465645867,0,1,51,0,51,5.62871368466087,0.150940952095241
52,21,1,0,0.151574073316088,0.174350716956397,0,1,52,0,52,5.62870380428323,0.151574073316088
53,21,1,0,0.15221720192672,0.176770355829505,0,1,53,0,53,5.62869344692773,0.15221720192672
54,21,1,0,0.15287202437456,0.171787787924071,0,1,54,0,54,5.62868252637914,0.15287202437456
55,21,1,0,0.15354022710703,0.159163799782069,0,1,55,0,55,5.62867095642224,0.15354022710703
56,21,1,0,0.154223507978531,0.158410329044849,0,1,56,0,56,5.62865864746688,0.154223507978531
57,21,1,0,0.154924558676274,0.159251658221247,0,1,57,0,57,5.62864521588341,0.154924558676274
58,21,1,0,0.15564782185834,0.156769082693607,0,1,58,0,58,5.6286297599927,0.15564782185834
59,21,1,0,0.156397918416813,0.156600228393018,0,1,59,0,59,5.62861132538253,0.156397918416813
60,21,1,0,0.157179469243778,0.156889990399914,0,1,60,0,60,5.62858895764071,0.157179469243778
61,21,1,0,0.157997095231322,0.159496025213773,0,1,61,0,61,5.62856170235505,0.157997095231322
62,21,1,0,0.158855417271529,0.157006609845198,0,1,62,0,62,5.62852860511333,0.158855417271529
63,21,1,0,0.159759056256484,0.154269865733799,0,1,63,0,63,5.62848871150337,0.159759056256484
64,21,1,0,0.160712729091878,0.156137884972642,0,1,64,0,64,5.62843983082352,0.160712729091878
65,21,1,0,0.161724324688425,0.159338677597798,0,1,65,0,65,5.62833892903194,0.161724324688425
66,21,1,0,0.16280555472074,0.159315904442817,0,1,66,0,66,5.62809374945145,0.16280555472074
67,21,1,0,0.163968358451244,0.161115643309108,0,1,67,0,67,5.62760910494101,0.163968358451244
68,21,1,0,0.165224675142358,0.160892072264853,0,1,68,0,68,5.62678980835959,0.165224675142358
69,21,1,0,0.166586444056502,0.163446453152635,0,1,69,0,69,5.62554067256615,0.166586444056502
70,21,1,0,0.168065604456097,0.165166525376388,0,1,70,0,70,5.62376651041964,0.168065604456097
71,21,1,0,0.169674095603562,0.166995738432077,0,1,71,0,71,5.62137213477903,0.169674095603562
72,21,1,0,0.171424282595822,0.168588924156136,0,1,72,0,72,5.61826938693827,0.171424282595822
73,21,1,0,0.173335683218715,0.169310812794795,0,1,73,0,73,5.61448816393536,0.173335683218715
74,21,1,0,0.175433750326464,0.176338685623652,0,1,74,0,74,5.61015632162107,0.175433750326464
75,21,1,0,0.177744116422224,0.176201069235935,0,1,75,0,75,5.60540468096715,0.177744116422224
76,21,1,0,0.18029241400915,0.179839397335494,0,1,76,0,76,5.60036406294537,0.18029241400915
77,21,1,0,0.183104275590394,0.182774767255459,0,1,77,0,77,5.5951652885275,0.183104275590394
78,21,1,0,0.186205333669112,0.183703989051464,0,1,78,0,78,5.5899391786853,0.186205333669112
79,21,1,0,0.189621220748457,0.187932932482476,0,1,79,0,79,5.58481655439054,0.189621220748457
80,21,1,0,0.193376198733669,0.188525415981574,0,1,80,0,80,5.57990882485922,0.193376198733669
81,21,1,0,0.197481064776076,0.191378982913149,0,1,81,0,81,5.57513669821881,0.197481064776076
82,21,1,0,0.201938973573034,0.20074476513276,0,1,82,0,82,5.57031264264671,0.201938973573034
83,21,1,0,0.206752992103633,0.205542960898552,0,1,83,0,83,5.56524788396791,0.206752992103633
84,21,1,0,0.211926187346962,0.215139236993885,0,1,84,0,84,5.55975364800744,0.211926187346962
85,21,1,0,0.217461626282111,0.213679448246103,0,1,85,0,85,5.5536411605903,0.217461626282111
86,21,1,0,0.22336237588817,0.221294087283803,0,1,86,0,86,5.54672164754151,0.22336237588817
87,21,1,0,0.229631503144228,0.223248735653515,0,1,87,0,87,5.53880633468607,0.229631503144228
88,21,1,0,0.236267161980444,0.237687379474557,0,1,88,0,88,5.52964517249228,0.236267161980444
89,21,1,0,0.243237186446303,0.250152284489835,0,1,89,0,89,5.51860996304635,0.243237186446303
90,21,1,0,0.250497855828063,0.262683583553571,0,1,90,0,90,5.50492839787333,0.250497855828063
91,21,1,0,0.258005426666384,0.278210087984419,0,1,91,0,91,5.48782788481602,0.258005426666384
92,21,1,0,0.265716155501929,0.29044570401449,0,1,92,0,92,5.46653583171727,0.265716155501929
93,21,1,0,0.273586298875357,0.284776846308964,0,1,93,0,93,5.44027964641987,0.273586298875357
94,21,1,0,0.281572113327329,0.293042644207957,0,1,94,0,94,5.40828673676667,0.281572113327329
95,21,1,0,0.289629855398507,0.28729741025757,0,1,95,0,95,5.36978451060048,0.289629855398507
40,22,1,0,0.144261158303264,0.148219388229573,0,1,40,0,40,5.64094933096606,0.144261158303264
41,22,1,0,0.144859837558091,0.168616516306335,0,1,41,0,41,5.64094096465577,0.144859837558091
42,22,1,0,0.145458996129077,0.163553743899242,0,1,42,0,42,5.64093257452216,0.145458996129077
43,22,1,0,0.146059004631642,0.172545068527219,0,1,43,0,43,5.64092414656855,0.146059004631642
44,22,1,0,0.146660233681203,0.213213382397795,0,1,44,0,44,5.64091566679829,0.146660233681203
45,22,1,0,0.147263053893182,0.20042014216336,0,1,45,0,45,5.64090712121468,0.147263053893182
46,22,1,0,0.147867835882996,0.205057349846699,0,1,46,0,46,5.64089849582108,0.147867835882996
47,22,1,0,0.148474950266065,0.198207568622344,0,1,47,0,47,5.64088977662081,0.148474950266065
48,22,1,0,0.149084768297183,0.190369614927714,0,1,48,0,48,5.64088094958211,0.149084768297183
49,22,1,0,0.149697986033211,0.186240708785901,0,1,49,0,49,5.64087198284668,0.149697986033211
50,22,1,0,0.150316151816756,0.180761332655011,0,1,50,0,50,5.64086279777907,0.150316151816756
51,22,1,0,0.150940952095241,0.183407465645867,0,1,51,0,51,5.64085330816406,0.150940952095241
52,22,1,0,0.151574073316088,0.174350716956397,0,1,52,0,52,5.64084342778642,0.151574073316088
53,22,1,0,0.15221720192672,0.176770355829505,0,1,53,0,53,5.64083307043093,0.15221720192672
54,22,1,0,0.15287202437456,0.171787787924071,0,1,54,0,54,5.64082214988234,0.15287202437456
55,22,1,0,0.15354022710703,0.159163799782069,0,1,55,0,55,5.64081057992544,0.15354022710703
56,22,1,0,0.154223507978531,0.158410329044849,0,1,56,0,56,5.64079827097008,0.154223507978531
57,22,1,0,0.154924558676274,0.159251658221247,0,1,57,0,57,5.64078483938661,0.154924558676274
58,22,1,0,0.15564782185834,0.156769082693607,0,1,58,0,58,5.64076938349589,0.15564782185834
59,22,1,0,0.156397918416813,0.156600228393018,0,1,59,0,59,5.64075094888573,0.156397918416813
60,22,1,0,0.157179469243778,0.156889990399914,0,1,60,0,60,5.64072858114391,0.157179469243778
61,22,1,0,0.157997095231322,0.159496025213773,0,1,61,0,61,5.64070132585824,0.157997095231322
62,22,1,0,0.158855417271529,0.157006609845198,0,1,62,0,62,5.64066822861653,0.158855417271529
63,22,1,0,0.159759056256484,0.154269865733799,0,1,63,0,63,5.64062833500657,0.159759056256484
64,22,1,0,0.160712729091878,0.156137884972642,0,1,64,0,64,5.64057945432672,0.160712729091878
65,22,1,0,0.161724324688425,0.159338677597798,0,1,65,0,65,5.64047855253513,0.161724324688425
66,22,1,0,0.16280555472074,0.159315904442817,0,1,66,0,66,5.64023337295464,0.16280555472074
67,22,1,0,0.163968358451244,0.161115643309108,0,1,67,0,67,5.63974872844421,0.163968358451244
68,22,1,0,0.165224675142358,0.160892072264853,0,1,68,0,68,5.63892943186279,0.165224675142358
69,22,1,0,0.166586444056502,0.163446453152635,0,1,69,0,69,5.63768029606935,0.166586444056502
70,22,1,0,0.168065604456097,0.165166525376388,0,1,70,0,70,5.63590613392284,0.168065604456097
71,22,1,0,0.169674095603562,0.166995738432077,0,1,71,0,71,5.63351175828223,0.169674095603562
72,22,1,0,0.171424282595822,0.168588924156136,0,1,72,0,72,5.63040901044146,0.171424282595822
73,22,1,0,0.173335683218715,0.169310812794795,0,1,73,0,73,5.62662778743856,0.173335683218715
74,22,1,0,0.175433750326464,0.176338685623652,0,1,74,0,74,5.62229594512427,0.175433750326464
75,22,1,0,0.177744116422224,0.176201069235935,0,1,75,0,75,5.61754430447035,0.177744116422224
76,22,1,0,0.18029241400915,0.179839397335494,0,1,76,0,76,5.61250368644857,0.18029241400915
77,22,1,0,0.183104275590394,0.182774767255459,0,1,77,0,77,5.6073049120307,0.183104275590394
78,22,1,0,0.186205333669112,0.183703989051464,0,1,78,0,78,5.6020788021885,0.186205333669112
79,22,1,0,0.189621220748457,0.187932932482476,0,1,79,0,79,5.59695617789373,0.189621220748457
80,22,1,0,0.193376198733669,0.188525415981574,0,1,80,0,80,5.59204844836241,0.193376198733669
81,22,1,0,0.197481064776076,0.191378982913149,0,1,81,0,81,5.58727632172201,0.197481064776076
82,22,1,0,0.201938973573034,0.20074476513276,0,1,82,0,82,5.58245226614991,0.201938973573034
83,22,1,0,0.206752992103633,0.205542960898552,0,1,83,0,83,5.57738750747111,0.206752992103633
84,22,1,0,0.211926187346962,0.215139236993885,0,1,84,0,84,5.57189327151064,0.211926187346962
85,22,1,0,0.217461626282111,0.213679448246103,0,1,85,0,85,5.5657807840935,0.217461626282111
86,22,1,0,0.22336237588817,0.221294087283803,0,1,86,0,86,5.5588612710447,0.22336237588817
87,22,1,0,0.229631503144228,0.223248735653515,0,1,87,0,87,5.55094595818927,0.229631503144228
88,22,1,0,0.236267161980444,0.237687379474557,0,1,88,0,88,5.54178479599547,0.236267161980444
89,22,1,0,0.243237186446303,0.250152284489835,0,1,89,0,89,5.53074958654955,0.243237186446303
90,22,1,0,0.250497855828063,0.262683583553571,0,1,90,0,90,5.51706802137652,0.250497855828063
91,22,1,0,0.258005426666384,0.278210087984419,0,1,91,0,91,5.49996750831922,0.258005426666384
92,22,1,0,0.265716155501929,0.29044570401449,0,1,92,0,92,5.47867545522046,0.265716155501929
93,22,1,0,0.273586298875357,0.284776846308964,0,1,93,0,93,5.45241926992307,0.273586298875357
94,22,1,0,0.281572113327329,0.293042644207957,0,1,94,0,94,5.42042636026987,0.281572113327329
95,22,1,0,0.289629855398507,0.28729741025757,0,1,95,0,95,5.38192413410368,0.289629855398507
40,23,1,0,0.144261158303264,0.148219388229573,0,1,40,0,40,5.65308895446925,0.144261158303264
41,23,1,0,0.144859837558091,0.168616516306335,0,1,41,0,41,5.65308058815897,0.144859837558091
42,23,1,0,0.145458996129077,0.163553743899242,0,1,42,0,42,5.65307219802536,0.145458996129077
43,23,1,0,0.146059004631642,0.172545068527219,0,1,43,0,43,5.65306377007175,0.146059004631642
44,23,1,0,0.146660233681203,0.213213382397795,0,1,44,0,44,5.65305529030148,0.146660233681203
45,23,1,0,0.147263053893182,0.20042014216336,0,1,45,0,45,5.65304674471788,0.147263053893182
46,23,1,0,0.147867835882996,0.205057349846699,0,1,46,0,46,5.65303811932428,0.147867835882996
47,23,1,0,0.148474950266065,0.198207568622344,0,1,47,0,47,5.65302940012401,0.148474950266065
48,23,1,0,0.149084768297183,0.190369614927714,0,1,48,0,48,5.65302057308531,0.149084768297183
49,23,1,0,0.149697986033211,0.186240708785901,0,1,49,0,49,5.65301160634988,0.149697986033211
50,23,1,0,0.150316151816756,0.180761332655011,0,1,50,0,50,5.65300242128227,0.150316151816756
51,23,1,0,0.150940952095241,0.183407465645867,0,1,51,0,51,5.65299293166726,0.150940952095241
52,23,1,0,0.151574073316088,0.174350716956397,0,1,52,0,52,5.65298305128962,0.151574073316088
53,23,1,0,0.15221720192672,0.176770355829505,0,1,53,0,53,5.65297269393412,0.15221720192672
54,23,1,0,0.15287202437456,0.171787787924071,0,1,54,0,54,5.65296177338554,0.15287202437456
55,23,1,0,0.15354022710703,0.159163799782069,0,1,55,0,55,5.65295020342864,0.15354022710703
56,23,1,0,0.154223507978531,0.158410329044849,0,1,56,0,56,5.65293789447327,0.154223507978531
57,23,1,0,0.154924558676274,0.159251658221247,0,1,57,0,57,5.65292446288981,0.154924558676274
58,23,1,0,0.15564782185834,0.156769082693607,0,1,58,0,58,5.65290900699909,0.15564782185834
59,23,1,0,0.156397918416813,0.156600228393018,0,1,59,0,59,5.65289057238892,0.156397918416813
60,23,1,0,0.157179469243778,0.156889990399914,0,1,60,0,60,5.6528682046471,0.157179469243778
61,23,1,0,0.157997095231322,0.159496025213773,0,1,61,0,61,5.65284094936144,0.157997095231322
62,23,1,0,0.158855417271529,0.157006609845198,0,1,62,0,62,5.65280785211973,0.158855417271529
63,23,1,0,0.159759056256484,0.154269865733799,0,1,63,0,63,5.65276795850977,0.159759056256484
64,23,1,0,0.160712729091878,0.156137884972642,0,1,64,0,64,5.65271907782992,0.160712729091878
65,23,1,0,0.161724324688425,0.159338677597798,0,1,65,0,65,5.65261817603833,0.161724324688425
66,23,1,0,0.16280555472074,0.159315904442817,0,1,66,0,66,5.65237299645784,0.16280555472074
67,23,1,0,0.163968358451244,0.161115643309108,0,1,67,0,67,5.65188835194741,0.163968358451244
68,23,1,0,0.165224675142358,0.160892072264853,0,1,68,0,68,5.65106905536599,0.165224675142358
69,23,1,0,0.166586444056502,0.163446453152635,0,1,69,0,69,5.64981991957255,0.166586444056502
70,23,1,0,0.168065604456097,0.165166525376388,0,1,70,0,70,5.64804575742604,0.168065604456097
71,23,1,0,0.169674095603562,0.166995738432077,0,1,71,0,71,5.64565138178542,0.169674095603562
72,23,1,0,0.171424282595822,0.168588924156136,0,1,72,0,72,5.64254863394466,0.171424282595822
73,23,1,0,0.173335683218715,0.169310812794795,0,1,73,0,73,5.63876741094176,0.173335683218715
74,23,1,0,0.175433750326464,0.176338685623652,0,1,74,0,74,5.63443556862746,0.175433750326464
75,23,1,0,0.177744116422224,0.176201069235935,0,1,75,0,75,5.62968392797355,0.177744116422224
76,23,1,0,0.18029241400915,0.179839397335494,0,1,76,0,76,5.62464330995177,0.18029241400915
77,23,1,0,0.183104275590394,0.182774767255459,0,1,77,0,77,5.6194445355339,0.183104275590394
78,23,1,0,0.186205333669112,0.183703989051464,0,1,78,0,78,5.61421842569169,0.186205333669112
79,23,1,0,0.189621220748457,0.187932932482476,0,1,79,0,79,5.60909580139693,0.189621220748457
80,23,1,0,0.193376198733669,0.188525415981574,0,1,80,0,80,5.60418807186561,0.193376198733669
81,23,1,0,0.197481064776076,0.191378982913149,0,1,81,0,81,5.59941594522521,0.197481064776076
82,23,1,0,0.201938973573034,0.20074476513276,0,1,82,0,82,5.5945918896531,0.201938973573034
83,23,1,0,0.206752992103633,0.205542960898552,0,1,83,0,83,5.58952713097431,0.206752992103633
84,23,1,0,0.211926187346962,0.215139236993885,0,1,84,0,84,5.58403289501383,0.211926187346962
85,23,1,0,0.217461626282111,0.213679448246103,0,1,85,0,85,5.5779204075967,0.217461626282111
86,23,1,0,0.22336237588817,0.221294087283803,0,1,86,0,86,5.5710008945479,0.22336237588817
87,23,1,0,0.229631503144228,0.223248735653515,0,1,87,0,87,5.56308558169247,0.229631503144228
88,23,1,0,0.236267161980444,0.237687379474557,0,1,88,0,88,5.55392441949867,0.236267161980444
89,23,1,0,0.243237186446303,0.250152284489835,0,1,89,0,89,5.54288921005275,0.243237186446303
90,23,1,0,0.250497855828063,0.262683583553571,0,1,90,0,90,5.52920764487972,0.250497855828063
91,23,1,0,0.258005426666384,0.278210087984419,0,1,91,0,91,5.51210713182242,0.258005426666384
92,23,1,0,0.265716155501929,0.29044570401449,0,1,92,0,92,5.49081507872366,0.265716155501929
93,23,1,0,0.273586298875357,0.284776846308964,0,1,93,0,93,5.46455889342627,0.273586298875357
94,23,1,0,0.281572113327329,0.293042644207957,0,1,94,0,94,5.43256598377307,0.281572113327329
95,23,1,0,0.289629855398507,0.28729741025757,0,1,95,0,95,5.39406375760687,0.289629855398507
40,24,1,0,0.144261158303264,0.148219388229573,0,1,40,0,40,5.66522857797245,0.144261158303264
41,24,1,0,0.144859837558091,0.168616516306335,0,1,41,0,41,5.66522021166216,0.144859837558091
42,24,1,0,0.145458996129077,0.163553743899242,0,1,42,0,42,5.66521182152855,0.145458996129077
43,24,1,0,0.146059004631642,0.172545068527219,0,1,43,0,43,5.66520339357495,0.146059004631642
44,24,1,0,0.146660233681203,0.213213382397795,0,1,44,0,44,5.66519491380468,0.146660233681203
45,24,1,0,0.147263053893182,0.20042014216336,0,1,45,0,45,5.66518636822108,0.147263053893182
46,24,1,0,0.147867835882996,0.205057349846699,0,1,46,0,46,5.66517774282748,0.147867835882996
47,24,1,0,0.148474950266065,0.198207568622344,0,1,47,0,47,5.66516902362721,0.148474950266065
48,24,1,0,0.149084768297183,0.190369614927714,0,1,48,0,48,5.66516019658851,0.149084768297183
49,24,1,0,0.149697986033211,0.186240708785901,0,1,49,0,49,5.66515122985307,0.149697986033211
50,24,1,0,0.150316151816756,0.180761332655011,0,1,50,0,50,5.66514204478547,0.150316151816756
51,24,1,0,0.150940952095241,0.183407465645867,0,1,51,0,51,5.66513255517046,0.150940952095241
52,24,1,0,0.151574073316088,0.174350716956397,0,1,52,0,52,5.66512267479282,0.151574073316088
53,24,1,0,0.15221720192672,0.176770355829505,0,1,53,0,53,5.66511231743732,0.15221720192672
54,24,1,0,0.15287202437456,0.171787787924071,0,1,54,0,54,5.66510139688873,0.15287202437456
55,24,1,0,0.15354022710703,0.159163799782069,0,1,55,0,55,5.66508982693183,0.15354022710703
56,24,1,0,0.154223507978531,0.158410329044849,0,1,56,0,56,5.66507751797647,0.154223507978531
57,24,1,0,0.154924558676274,0.159251658221247,0,1,57,0,57,5.665064086393,0.154924558676274
58,24,1,0,0.15564782185834,0.156769082693607,0,1,58,0,58,5.66504863050229,0.15564782185834
59,24,1,0,0.156397918416813,0.156600228393018,0,1,59,0,59,5.66503019589212,0.156397918416813
60,24,1,0,0.157179469243778,0.156889990399914,0,1,60,0,60,5.6650078281503,0.157179469243778
61,24,1,0,0.157997095231322,0.159496025213773,0,1,61,0,61,5.66498057286464,0.157997095231322
62,24,1,0,0.158855417271529,0.157006609845198,0,1,62,0,62,5.66494747562292,0.158855417271529
63,24,1,0,0.159759056256484,0.154269865733799,0,1,63,0,63,5.66490758201296,0.159759056256484
64,24,1,0,0.160712729091878,0.156137884972642,0,1,64,0,64,5.66485870133311,0.160712729091878
65,24,1,0,0.161724324688425,0.159338677597798,0,1,65,0,65,5.66475779954153,0.161724324688425
66,24,1,0,0.16280555472074,0.159315904442817,0,1,66,0,66,5.66451261996104,0.16280555472074
67,24,1,0,0.163968358451244,0.161115643309108,0,1,67,0,67,5.6640279754506,0.163968358451244
68,24,1,0,0.165224675142358,0.160892072264853,0,1,68,0,68,5.66320867886918,0.165224675142358
69,24,1,0,0.166586444056502,0.163446453152635,0,1,69,0,69,5.66195954307574,0.166586444056502
70,24,1,0,0.168065604456097,0.165166525376388,0,1,70,0,70,5.66018538092923,0.168065604456097
71,24,1,0,0.169674095603562,0.166995738432077,0,1,71,0,71,5.65779100528862,0.169674095603562
72,24,1,0,0.171424282595822,0.168588924156136,0,1,72,0,72,5.65468825744786,0.171424282595822
73,24,1,0,0.173335683218715,0.169310812794795,0,1,73,0,73,5.65090703444495,0.173335683218715
74,24,1,0,0.175433750326464,0.176338685623652,0,1,74,0,74,5.64657519213066,0.175433750326464
75,24,1,0,0.177744116422224,0.176201069235935,0,1,75,0,75,5.64182355147674,0.177744116422224
76,24,1,0,0.18029241400915,0.179839397335494,0,1,76,0,76,5.63678293345496,0.18029241400915
77,24,1,0,0.183104275590394,0.182774767255459,0,1,77,0,77,5.63158415903709,0.183104275590394
78,24,1,0,0.186205333669112,0.183703989051464,0,1,78,0,78,5.62635804919489,0.186205333669112
79,24,1,0,0.189621220748457,0.187932932482476,0,1,79,0,79,5.62123542490013,0.189621220748457
80,24,1,0,0.193376198733669,0.188525415981574,0,1,80,0,80,5.61632769536881,0.193376198733669
81,24,1,0,0.197481064776076,0.191378982913149,0,1,81,0,81,5.6115555687284,0.197481064776076
82,24,1,0,0.201938973573034,0.20074476513276,0,1,82,0,82,5.6067315131563,0.201938973573034
83,24,1,0,0.206752992103633,0.205542960898552,0,1,83,0,83,5.6016667544775,0.206752992103633
84,24,1,0,0.211926187346962,0.215139236993885,0,1,84,0,84,5.59617251851703,0.211926187346962
85,24,1,0,0.217461626282111,0.213679448246103,0,1,85,0,85,5.59006003109989,0.217461626282111
86,24,1,0,0.22336237588817,0.221294087283803,0,1,86,0,86,5.5831405180511,0.22336237588817
87,24,1,0,0.229631503144228,0.223248735653515,0,1,87,0,87,5.57522520519566,0.229631503144228
88,24,1,0,0.236267161980444,0.237687379474557,0,1,88,0,88,5.56606404300187,0.236267161980444
89,24,1,0,0.243237186446303,0.250152284489835,0,1,89,0,89,5.55502883355594,0.243237186446303
90,24,1,0,0.250497855828063,0.262683583553571,0,1,90,0,90,5.54134726838292,0.250497855828063
91,24,1,0,0.258005426666384,0.278210087984419,0,1,91,0,91,5.52424675532561,0.258005426666384
92,24,1,0,0.265716155501929,0.29044570401449,0,1,92,0,92,5.50295470222686,0.265716155501929
93,24,1,0,0.273586298875357,0.284776846308964,0,1,93,0,93,5.47669851692947,0.273586298875357
94,24,1,0,0.281572113327329,0.293042644207957,0,1,94,0,94,5.44470560727626,0.281572113327329
95,24,1,0,0.289629855398507,0.28729741025757,0,1,95,0,95,5.40620338111007,0.289629855398507
40,25,1,0,0.144261158303264,0.148219388229573,0,1,40,0,40,5.67736820147565,0.144261158303264
41,25,1,0,0.144859837558091,0.168616516306335,0,1,41,0,41,5.67735983516536,0.144859837558091
42,25,1,0,0.145458996129077,0.163553743899242,0,1,42,0,42,5.67735144503175,0.145458996129077
43,25,1,0,0.146059004631642,0.172545068527219,0,1,43,0,43,5.67734301707815,0.146059004631642
44,25,1,0,0.146660233681203,0.213213382397795,0,1,44,0,44,5.67733453730788,0.146660233681203
45,25,1,0,0.147263053893182,0.20042014216336,0,1,45,0,45,5.67732599172428,0.147263053893182
46,25,1,0,0.147867835882996,0.205057349846699,0,1,46,0,46,5.67731736633067,0.147867835882996
47,25,1,0,0.148474950266065,0.198207568622344,0,1,47,0,47,5.6773086471304,0.148474950266065
48,25,1,0,0.149084768297183,0.190369614927714,0,1,48,0,48,5.6772998200917,0.149084768297183
49,25,1,0,0.149697986033211,0.186240708785901,0,1,49,0,49,5.67729085335627,0.149697986033211
50,25,1,0,0.150316151816756,0.180761332655011,0,1,50,0,50,5.67728166828866,0.150316151816756
51,25,1,0,0.150940952095241,0.183407465645867,0,1,51,0,51,5.67727217867365,0.150940952095241
52,25,1,0,0.151574073316088,0.174350716956397,0,1,52,0,52,5.67726229829602,0.151574073316088
53,25,1,0,0.15221720192672,0.176770355829505,0,1,53,0,53,5.67725194094052,0.15221720192672
54,25,1,0,0.15287202437456,0.171787787924071,0,1,54,0,54,5.67724102039193,0.15287202437456
55,25,1,0,0.15354022710703,0.159163799782069,0,1,55,0,55,5.67722945043503,0.15354022710703
56,25,1,0,0.154223507978531,0.158410329044849,0,1,56,0,56,5.67721714147967,0.154223507978531
57,25,1,0,0.154924558676274,0.159251658221247,0,1,57,0,57,5.6772037098962,0.154924558676274
58,25,1,0,0.15564782185834,0.156769082693607,0,1,58,0,58,5.67718825400548,0.15564782185834
59,25,1,0,0.156397918416813,0.156600228393018,0,1,59,0,59,5.67716981939532,0.156397918416813
60,25,1,0,0.157179469243778,0.156889990399914,0,1,60,0,60,5.6771474516535,0.157179469243778
61,25,1,0,0.157997095231322,0.159496025213773,0,1,61,0,61,5.67712019636783,0.157997095231322
62,25,1,0,0.158855417271529,0.157006609845198,0,1,62,0,62,5.67708709912612,0.158855417271529
63,25,1,0,0.159759056256484,0.154269865733799,0,1,63,0,63,5.67704720551616,0.159759056256484
64,25,1,0,0.160712729091878,0.156137884972642,0,1,64,0,64,5.67699832483631,0.160712729091878
65,25,1,0,0.161724324688425,0.159338677597798,0,1,65,0,65,5.67689742304472,0.161724324688425
66,25,1,0,0.16280555472074,0.159315904442817,0,1,66,0,66,5.67665224346423,0.16280555472074
67,25,1,0,0.163968358451244,0.161115643309108,0,1,67,0,67,5.6761675989538,0.163968358451244
68,25,1,0,0.165224675142358,0.160892072264853,0,1,68,0,68,5.67534830237238,0.165224675142358
69,25,1,0,0.166586444056502,0.163446453152635,0,1,69,0,69,5.67409916657894,0.166586444056502
70,25,1,0,0.168065604456097,0.165166525376388,0,1,70,0,70,5.67232500443243,0.168065604456097
71,25,1,0,0.169674095603562,0.166995738432077,0,1,71,0,71,5.66993062879182,0.169674095603562
72,25,1,0,0.171424282595822,0.168588924156136,0,1,72,0,72,5.66682788095106,0.171424282595822
73,25,1,0,0.173335683218715,0.169310812794795,0,1,73,0,73,5.66304665794815,0.173335683218715
74,25,1,0,0.175433750326464,0.176338685623652,0,1,74,0,74,5.65871481563386,0.175433750326464
75,25,1,0,0.177744116422224,0.176201069235935,0,1,75,0,75,5.65396317497994,0.177744116422224
76,25,1,0,0.18029241400915,0.179839397335494,0,1,76,0,76,5.64892255695816,0.18029241400915
77,25,1,0,0.183104275590394,0.182774767255459,0,1,77,0,77,5.64372378254029,0.183104275590394
78,25,1,0,0.186205333669112,0.183703989051464,0,1,78,0,78,5.63849767269809,0.186205333669112
79,25,1,0,0.189621220748457,0.187932932482476,0,1,79,0,79,5.63337504840332,0.189621220748457
80,25,1,0,0.193376198733669,0.188525415981574,0,1,80,0,80,5.628467318872,0.193376198733669
81,25,1,0,0.197481064776076,0.191378982913149,0,1,81,0,81,5.6236951922316,0.197481064776076
82,25,1,0,0.201938973573034,0.20074476513276,0,1,82,0,82,5.6188711366595,0.201938973573034
83,25,1,0,0.206752992103633,0.205542960898552,0,1,83,0,83,5.6138063779807,0.206752992103633
84,25,1,0,0.211926187346962,0.215139236993885,0,1,84,0,84,5.60831214202023,0.211926187346962
85,25,1,0,0.217461626282111,0.213679448246103,0,1,85,0,85,5.60219965460309,0.217461626282111
86,25,1,0,0.22336237588817,0.221294087283803,0,1,86,0,86,5.5952801415543,0.22336237588817
87,25,1,0,0.229631503144228,0.223248735653515,0,1,87,0,87,5.58736482869886,0.229631503144228
88,25,1,0,0.236267161980444,0.237687379474557,0,1,88,0,88,5.57820366650506,0.236267161980444
89,25,1,0,0.243237186446303,0.250152284489835,0,1,89,0,89,5.56716845705914,0.243237186446303
90,25,1,0,0.250497855828063,0.262683583553571,0,1,90,0,90,5.55348689188612,0.250497855828063
91,25,1,0,0.258005426666384,0.278210087984419,0,1,91,0,91,5.53638637882881,0.258005426666384
92,25,1,0,0.265716155501929,0.29044570401449,0,1,92,0,92,5.51509432573005,0.265716155501929
93,25,1,0,0.273586298875357,0.284776846308964,0,1,93,0,93,5.48883814043266,0.273586298875357
94,25,1,0,0.281572113327329,0.293042644207957,0,1,94,0,94,5.45684523077946,0.281572113327329
95,25,1,0,0.289629855398507,0.28729741025757,0,1,95,0,95,5.41834300461327,0.289629855398507
40,10,0,1,0.144261158303264,0.148219388229573,0,0,0,0,0,5.40762091362529,0.144261158303264
41,10,0,1,0.144859837558091,0.168616516306335,0,0,0,0,0,5.40226717286817,0.144859837558091
42,10,0,1,0.145458996129077,0.163553743899242,0,0,0,0,0,5.39691340828773,0.145458996129077
43,10,0,1,0.146059004631642,0.172545068527219,0,0,0,0,0,5.39155960588728,0.146059004631642
44,10,0,1,0.146660233681203,0.213213382397795,0,0,0,0,0,5.38620575167018,0.146660233681203
45,10,0,1,0.147263053893182,0.20042014216336,0,0,0,0,0,5.38085183163974,0.147263053893182
46,10,0,1,0.147867835882996,0.205057349846699,0,0,0,0,0,5.3754978317993,0.147867835882996
47,10,0,1,0.148474950266065,0.198207568622344,0,0,0,0,0,5.37014373815219,0.148474950266065
48,10,0,1,0.149084768297183,0.190369614927714,0,0,0,0,0,5.36478953666665,0.149084768297183
49,10,0,1,0.149697986033211,0.186240708785901,0,0,0,0,0,5.35943519548438,0.149697986033211
50,10,0,1,0.150316151816756,0.180761332655011,0,0,0,0,0,5.35408063596994,0.150316151816756
51,10,0,1,0.150940952095241,0.183407465645867,0,0,0,0,0,5.34872577190809,0.150940952095241
52,10,0,1,0.151574073316088,0.174350716956397,0,0,0,0,0,5.34337051708362,0.151574073316088
53,10,0,1,0.15221720192672,0.176770355829505,0,0,0,0,0,5.33801478528128,0.15221720192672
54,10,0,1,0.15287202437456,0.171787787924071,0,0,0,0,0,5.33265849028586,0.15287202437456
55,10,0,1,0.15354022710703,0.159163799782069,0,0,0,0,0,5.32730154588212,0.15354022710703
56,10,0,1,0.154223507978531,0.158410329044849,0,0,0,0,0,5.32194386247992,0.154223507978531
57,10,0,1,0.154924558676274,0.159251658221247,0,0,0,0,0,5.31658505644962,0.154924558676274
58,10,0,1,0.15564782185834,0.156769082693607,0,0,0,0,0,5.31122422611206,0.15564782185834
59,10,0,1,0.156397918416813,0.156600228393018,0,0,0,0,0,5.30586041705506,0.156397918416813
60,10,0,1,0.157179469243778,0.156889990399914,0,0,0,0,0,5.3004926748664,0.157179469243778
61,10,0,1,0.157997095231322,0.159496025213773,0,0,0,0,0,5.2951200451339,0.157997095231322
62,10,0,1,0.158855417271529,0.157006609845198,0,0,0,0,0,5.28974157344535,0.158855417271529
63,10,0,1,0.159759056256484,0.154269865733799,0,0,0,0,0,5.28435630538856,0.159759056256484
64,10,0,1,0.160712729091878,0.156137884972642,0,0,0,0,0,5.27896205026187,0.160712729091878
65,10,0,1,0.161724324688425,0.159338677597798,0,0,0,0,0,5.27351577402344,0.161724324688425
66,10,0,1,0.16280555472074,0.159315904442817,0,0,0,0,0,5.26792521999612,0.16280555472074
67,10,0,1,0.163968358451244,0.161115643309108,0,0,0,0,0,5.26209520103885,0.163968358451244
68,10,0,1,0.165224675142358,0.160892072264853,0,0,0,0,0,5.25593053001059,0.165224675142358
69,10,0,1,0.166586444056502,0.163446453152635,0,0,0,0,0,5.24933601977031,0.166586444056502
70,10,0,1,0.168065604456097,0.165166525376388,0,0,0,0,0,5.24221648317697,0.168065604456097
71,10,0,1,0.169674095603562,0.166995738432077,0,0,0,0,0,5.23447673308952,0.169674095603562
72,10,0,1,0.171424282595822,0.168588924156136,0,0,0,0,0,5.22602861080192,0.171424282595822
73,10,0,1,0.173335683218715,0.169310812794795,0,0,0,0,0,5.21690201335217,0.173335683218715
74,10,0,1,0.175433750326464,0.176338685623652,0,0,0,0,0,5.20722479659104,0.175433750326464
75,10,0,1,0.177744116422224,0.176201069235935,0,0,0,0,0,5.19712778149029,0.177744116422224
76,10,0,1,0.18029241400915,0.179839397335494,0,0,0,0,0,5.18674178902167,0.18029241400915
77,10,0,1,0.183104275590394,0.182774767255459,0,0,0,0,0,5.17619764015696,0.183104275590394
78,10,0,1,0.186205333669112,0.183703989051464,0,0,0,0,0,5.16562615586793,0.186205333669112
79,10,0,1,0.189621220748457,0.187932932482476,0,0,0,0,0,5.15515815712632,0.189621220748457
80,10,0,1,0.193376198733669,0.188525415981574,0,0,0,0,0,5.14490505314817,0.193376198733669
81,10,0,1,0.197481064776076,0.191378982913149,0,0,0,0,0,5.13478755206093,0.197481064776076
82,10,0,1,0.201938973573034,0.20074476513276,0,0,0,0,0,5.12461812204199,0.201938973573034
83,10,0,1,0.206752992103633,0.205542960898552,0,0,0,0,0,5.11420798891635,0.206752992103633
84,10,0,1,0.211926187346962,0.215139236993885,0,0,0,0,0,5.10336837850904,0.211926187346962
85,10,0,1,0.217461626282111,0.213679448246103,0,0,0,0,0,5.09191051664507,0.217461626282111
86,10,0,1,0.22336237588817,0.221294087283803,0,0,0,0,0,5.07964562914944,0.22336237588817
87,10,0,1,0.229631503144228,0.223248735653515,0,0,0,0,0,5.06638494184716,0.229631503144228
88,10,0,1,0.236267161980444,0.237687379474557,0,0,0,0,0,5.05187840520653,0.236267161980444
89,10,0,1,0.243237186446303,0.250152284489835,0,0,0,0,0,5.03549782131377,0.243237186446303
90,10,0,1,0.250497855828063,0.262683583553571,0,0,0,0,0,5.01647088169391,0.250497855828063
91,10,0,1,0.258005426666384,0.278210087984419,0,0,0,0,0,4.99402499418977,0.258005426666384
92,10,0,1,0.265716155501929,0.29044570401449,0,0,0,0,0,4.96738756664417,0.265716155501929
93,10,0,1,0.273586298875357,0.284776846308964,0,0,0,0,0,4.93578600689994,0.273586298875357
94,10,0,1,0.281572113327329,0.293042644207957,0,0,0,0,0,4.8984477227999,0.281572113327329
95,10,0,1,0.289629855398507,0.28729741025757,0,0,0,0,0,4.85460012218687,0.289629855398507
40,11,0,1,0.144261158303264,0.148219388229573,0,0,0,0,0,5.41976053712849,0.144261158303264
41,11,0,1,0.144859837558091,0.168616516306335,0,0,0,0,0,5.41440679637137,0.144859837558091
42,11,0,1,0.145458996129077,0.163553743899242,0,0,0,0,0,5.40905303179092,0.145458996129077
43,11,0,1,0.146059004631642,0.172545068527219,0,0,0,0,0,5.40369922939048,0.146059004631642
44,11,0,1,0.146660233681203,0.213213382397795,0,0,0,0,0,5.39834537517337,0.146660233681203
45,11,0,1,0.147263053893182,0.20042014216336,0,0,0,0,0,5.39299145514293,0.147263053893182
46,11,0,1,0.147867835882996,0.205057349846699,0,0,0,0,0,5.3876374553025,0.147867835882996
47,11,0,1,0.148474950266065,0.198207568622344,0,0,0,0,0,5.38228336165539,0.148474950266065
48,11,0,1,0.149084768297183,0.190369614927714,0,0,0,0,0,5.37692916016985,0.149084768297183
49,11,0,1,0.149697986033211,0.186240708785901,0,0,0,0,0,5.37157481898758,0.149697986033211
50,11,0,1,0.150316151816756,0.180761332655011,0,0,0,0,0,5.36622025947314,0.150316151816756
51,11,0,1,0.150940952095241,0.183407465645867,0,0,0,0,0,5.36086539541129,0.150940952095241
52,11,0,1,0.151574073316088,0.174350716956397,0,0,0,0,0,5.35551014058681,0.151574073316088
53,11,0,1,0.15221720192672,0.176770355829505,0,0,0,0,0,5.35015440878448,0.15221720192672
54,11,0,1,0.15287202437456,0.171787787924071,0,0,0,0,0,5.34479811378906,0.15287202437456
55,11,0,1,0.15354022710703,0.159163799782069,0,0,0,0,0,5.33944116938532,0.15354022710703
56,11,0,1,0.154223507978531,0.158410329044849,0,0,0,0,0,5.33408348598312,0.154223507978531
57,11,0,1,0.154924558676274,0.159251658221247,0,0,0,0,0,5.32872467995281,0.154924558676274
58,11,0,1,0.15564782185834,0.156769082693607,0,0,0,0,0,5.32336384961526,0.15564782185834
59,11,0,1,0.156397918416813,0.156600228393018,0,0,0,0,0,5.31800004055826,0.156397918416813
60,11,0,1,0.157179469243778,0.156889990399914,0,0,0,0,0,5.3126322983696,0.157179469243778
61,11,0,1,0.157997095231322,0.159496025213773,0,0,0,0,0,5.3072596686371,0.157997095231322
62,11,0,1,0.158855417271529,0.157006609845198,0,0,0,0,0,5.30188119694855,0.158855417271529
63,11,0,1,0.159759056256484,0.154269865733799,0,0,0,0,0,5.29649592889175,0.159759056256484
64,11,0,1,0.160712729091878,0.156137884972642,0,0,0,0,0,5.29110167376506,0.160712729091878
65,11,0,1,0.161724324688425,0.159338677597798,0,0,0,0,0,5.28565539752664,0.161724324688425
66,11,0,1,0.16280555472074,0.159315904442817,0,0,0,0,0,5.28006484349931,0.16280555472074
67,11,0,1,0.163968358451244,0.161115643309108,0,0,0,0,0,5.27423482454204,0.163968358451244
68,11,0,1,0.165224675142358,0.160892072264853,0,0,0,0,0,5.26807015351379,0.165224675142358
69,11,0,1,0.166586444056502,0.163446453152635,0,0,0,0,0,5.26147564327351,0.166586444056502
70,11,0,1,0.168065604456097,0.165166525376388,0,0,0,0,0,5.25435610668016,0.168065604456097
71,11,0,1,0.169674095603562,0.166995738432077,0,0,0,0,0,5.24661635659271,0.169674095603562
72,11,0,1,0.171424282595822,0.168588924156136,0,0,0,0,0,5.23816823430511,0.171424282595822
73,11,0,1,0.173335683218715,0.169310812794795,0,0,0,0,0,5.22904163685537,0.173335683218715
74,11,0,1,0.175433750326464,0.176338685623652,0,0,0,0,0,5.21936442009424,0.175433750326464
75,11,0,1,0.177744116422224,0.176201069235935,0,0,0,0,0,5.20926740499348,0.177744116422224
76,11,0,1,0.18029241400915,0.179839397335494,0,0,0,0,0,5.19888141252487,0.18029241400915
77,11,0,1,0.183104275590394,0.182774767255459,0,0,0,0,0,5.18833726366016,0.183104275590394
78,11,0,1,0.186205333669112,0.183703989051464,0,0,0,0,0,5.17776577937112,0.186205333669112
79,11,0,1,0.189621220748457,0.187932932482476,0,0,0,0,0,5.16729778062952,0.189621220748457
80,11,0,1,0.193376198733669,0.188525415981574,0,0,0,0,0,5.15704467665137,0.193376198733669
81,11,0,1,0.197481064776076,0.191378982913149,0,0,0,0,0,5.14692717556412,0.197481064776076
82,11,0,1,0.201938973573034,0.20074476513276,0,0,0,0,0,5.13675774554518,0.201938973573034
83,11,0,1,0.206752992103633,0.205542960898552,0,0,0,0,0,5.12634761241955,0.206752992103633
84,11,0,1,0.211926187346962,0.215139236993885,0,0,0,0,0,5.11550800201224,0.211926187346962
85,11,0,1,0.217461626282111,0.213679448246103,0,0,0,0,0,5.10405014014826,0.217461626282111
86,11,0,1,0.22336237588817,0.221294087283803,0,0,0,0,0,5.09178525265263,0.22336237588817
87,11,0,1,0.229631503144228,0.223248735653515,0,0,0,0,0,5.07852456535036,0.229631503144228
88,11,0,1,0.236267161980444,0.237687379474557,0,0,0,0,0,5.06401802870973,0.236267161980444
89,11,0,1,0.243237186446303,0.250152284489835,0,0,0,0,0,5.04763744481697,0.243237186446303
90,11,0,1,0.250497855828063,0.262683583553571,0,0,0,0,0,5.0286105051971,0.250497855828063
91,11,0,1,0.258005426666384,0.278210087984419,0,0,0,0,0,5.00616461769296,0.258005426666384
92,11,0,1,0.265716155501929,0.29044570401449,0,0,0,0,0,4.97952719014737,0.265716155501929
93,11,0,1,0.273586298875357,0.284776846308964,0,0,0,0,0,4.94792563040314,0.273586298875357
94,11,0,1,0.281572113327329,0.293042644207957,0,0,0,0,0,4.9105873463031,0.281572113327329
95,11,0,1,0.289629855398507,0.28729741025757,0,0,0,0,0,4.86673974569007,0.289629855398507
40,12,0,1,0.144261158303264,0.148219388229573,0,0,0,0,0,5.43190016063169,0.144261158303264
41,12,0,1,0.144859837558091,0.168616516306335,0,0,0,0,0,5.42654641987457,0.144859837558091
42,12,0,1,0.145458996129077,0.163553743899242,0,0,0,0,0,5.42119265529412,0.145458996129077
43,12,0,1,0.146059004631642,0.172545068527219,0,0,0,0,0,5.41583885289368,0.146059004631642
44,12,0,1,0.146660233681203,0.213213382397795,0,0,0,0,0,5.41048499867657,0.146660233681203
45,12,0,1,0.147263053893182,0.20042014216336,0,0,0,0,0,5.40513107864613,0.147263053893182
46,12,0,1,0.147867835882996,0.205057349846699,0,0,0,0,0,5.39977707880569,0.147867835882996
47,12,0,1,0.148474950266065,0.198207568622344,0,0,0,0,0,5.39442298515858,0.148474950266065
48,12,0,1,0.149084768297183,0.190369614927714,0,0,0,0,0,5.38906878367305,0.149084768297183
49,12,0,1,0.149697986033211,0.186240708785901,0,0,0,0,0,5.38371444249078,0.149697986033211
50,12,0,1,0.150316151816756,0.180761332655011,0,0,0,0,0,5.37835988297633,0.150316151816756
51,12,0,1,0.150940952095241,0.183407465645867,0,0,0,0,0,5.37300501891449,0.150940952095241
52,12,0,1,0.151574073316088,0.174350716956397,0,0,0,0,0,5.36764976409001,0.151574073316088
53,12,0,1,0.15221720192672,0.176770355829505,0,0,0,0,0,5.36229403228768,0.15221720192672
54,12,0,1,0.15287202437456,0.171787787924071,0,0,0,0,0,5.35693773729225,0.15287202437456
55,12,0,1,0.15354022710703,0.159163799782069,0,0,0,0,0,5.35158079288852,0.15354022710703
56,12,0,1,0.154223507978531,0.158410329044849,0,0,0,0,0,5.34622310948631,0.154223507978531
57,12,0,1,0.154924558676274,0.159251658221247,0,0,0,0,0,5.34086430345601,0.154924558676274
58,12,0,1,0.15564782185834,0.156769082693607,0,0,0,0,0,5.33550347311846,0.15564782185834
59,12,0,1,0.156397918416813,0.156600228393018,0,0,0,0,0,5.33013966406145,0.156397918416813
60,12,0,1,0.157179469243778,0.156889990399914,0,0,0,0,0,5.3247719218728,0.157179469243778
61,12,0,1,0.157997095231322,0.159496025213773,0,0,0,0,0,5.3193992921403,0.157997095231322
62,12,0,1,0.158855417271529,0.157006609845198,0,0,0,0,0,5.31402082045175,0.158855417271529
63,12,0,1,0.159759056256484,0.154269865733799,0,0,0,0,0,5.30863555239495,0.159759056256484
64,12,0,1,0.160712729091878,0.156137884972642,0,0,0,0,0,5.30324129726826,0.160712729091878
65,12,0,1,0.161724324688425,0.159338677597798,0,0,0,0,0,5.29779502102984,0.161724324688425
66,12,0,1,0.16280555472074,0.159315904442817,0,0,0,0,0,5.29220446700251,0.16280555472074
67,12,0,1,0.163968358451244,0.161115643309108,0,0,0,0,0,5.28637444804524,0.163968358451244
68,12,0,1,0.165224675142358,0.160892072264853,0,0,0,0,0,5.28020977701698,0.165224675142358
69,12,0,1,0.166586444056502,0.163446453152635,0,0,0,0,0,5.2736152667767,0.166586444056502
70,12,0,1,0.168065604456097,0.165166525376388,0,0,0,0,0,5.26649573018336,0.168065604456097
71,12,0,1,0.169674095603562,0.166995738432077,0,0,0,0,0,5.25875598009591,0.169674095603562
72,12,0,1,0.171424282595822,0.168588924156136,0,0,0,0,0,5.25030785780831,0.171424282595822
73,12,0,1,0.173335683218715,0.169310812794795,0,0,0,0,0,5.24118126035857,0.173335683218715
74,12,0,1,0.175433750326464,0.176338685623652,0,0,0,0,0,5.23150404359744,0.175433750326464
75,12,0,1,0.177744116422224,0.176201069235935,0,0,0,0,0,5.22140702849668,0.177744116422224
76,12,0,1,0.18029241400915,0.179839397335494,0,0,0,0,0,5.21102103602807,0.18029241400915
77,12,0,1,0.183104275590394,0.182774767255459,0,0,0,0,0,5.20047688716336,0.183104275590394
78,12,0,1,0.186205333669112,0.183703989051464,0,0,0,0,0,5.18990540287432,0.186205333669112
79,12,0,1,0.189621220748457,0.187932932482476,0,0,0,0,0,5.17943740413272,0.189621220748457
80,12,0,1,0.193376198733669,0.188525415981574,0,0,0,0,0,5.16918430015456,0.193376198733669
81,12,0,1,0.197481064776076,0.191378982913149,0,0,0,0,0,5.15906679906732,0.197481064776076
82,12,0,1,0.201938973573034,0.20074476513276,0,0,0,0,0,5.14889736904838,0.201938973573034
83,12,0,1,0.206752992103633,0.205542960898552,0,0,0,0,0,5.13848723592275,0.206752992103633
84,12,0,1,0.211926187346962,0.215139236993885,0,0,0,0,0,5.12764762551544,0.211926187346962
85,12,0,1,0.217461626282111,0.213679448246103,0,0,0,0,0,5.11618976365146,0.217461626282111
86,12,0,1,0.22336237588817,0.221294087283803,0,0,0,0,0,5.10392487615583,0.22336237588817
87,12,0,1,0.229631503144228,0.223248735653515,0,0,0,0,0,5.09066418885356,0.229631503144228
88,12,0,1,0.236267161980444,0.237687379474557,0,0,0,0,0,5.07615765221293,0.236267161980444
89,12,0,1,0.243237186446303,0.250152284489835,0,0,0,0,0,5.05977706832016,0.243237186446303
90,12,0,1,0.250497855828063,0.262683583553571,0,0,0,0,0,5.0407501287003,0.250497855828063
91,12,0,1,0.258005426666384,0.278210087984419,0,0,0,0,0,5.01830424119616,0.258005426666384
92,12,0,1,0.265716155501929,0.29044570401449,0,0,0,0,0,4.99166681365057,0.265716155501929
93,12,0,1,0.273586298875357,0.284776846308964,0,0,0,0,0,4.96006525390634,0.273586298875357
94,12,0,1,0.281572113327329,0.293042644207957,0,0,0,0,0,4.9227269698063,0.281572113327329
95,12,0,1,0.289629855398507,0.28729741025757,0,0,0,0,0,4.87887936919327,0.289629855398507
40,13,0,1,0.144261158303264,0.148219388229573,1,0,0,40,0,5.44403978413488,0.144261158303264
41,13,0,1,0.144859837558091,0.168616516306335,1,0,0,41,0,5.43868604337776,0.144859837558091
42,13,0,1,0.145458996129077,0.163553743899242,1,0,0,42,0,5.43333227879732,0.145458996129077
43,13,0,1,0.146059004631642,0.172545068527219,1,0,0,43,0,5.42797847639687,0.146059004631642
44,13,0,1,0.146660233681203,0.213213382397795,1,0,0,44,0,5.42262462217977,0.146660233681203
45,13,0,1,0.147263053893182,0.20042014216336,1,0,0,45,0,5.41727070214933,0.147263053893182
46,13,0,1,0.147867835882996,0.205057349846699,1,0,0,46,0,5.41191670230889,0.147867835882996
47,13,0,1,0.148474950266065,0.198207568622344,1,0,0,47,0,5.40656260866178,0.148474950266065
48,13,0,1,0.149084768297183,0.190369614927714,1,0,0,48,0,5.40120840717625,0.149084768297183
49,13,0,1,0.149697986033211,0.186240708785901,1,0,0,49,0,5.39585406599397,0.149697986033211
50,13,0,1,0.150316151816756,0.180761332655011,1,0,0,50,0,5.39049950647953,0.150316151816756
51,13,0,1,0.150940952095241,0.183407465645867,1,0,0,51,0,5.38514464241768,0.150940952095241
52,13,0,1,0.151574073316088,0.174350716956397,1,0,0,52,0,5.37978938759321,0.151574073316088
53,13,0,1,0.15221720192672,0.176770355829505,1,0,0,53,0,5.37443365579087,0.15221720192672
54,13,0,1,0.15287202437456,0.171787787924071,1,0,0,54,0,5.36907736079545,0.15287202437456
55,13,0,1,0.15354022710703,0.159163799782069,1,0,0,55,0,5.36372041639171,0.15354022710703
56,13,0,1,0.154223507978531,0.158410329044849,1,0,0,56,0,5.35836273298951,0.154223507978531
57,13,0,1,0.154924558676274,0.159251658221247,1,0,0,57,0,5.35300392695921,0.154924558676274
58,13,0,1,0.15564782185834,0.156769082693607,1,0,0,58,0,5.34764309662165,0.15564782185834
59,13,0,1,0.156397918416813,0.156600228393018,1,0,0,59,0,5.34227928756465,0.156397918416813
60,13,0,1,0.157179469243778,0.156889990399914,1,0,0,60,0,5.336911545376,0.157179469243778
61,13,0,1,0.157997095231322,0.159496025213773,1,0,0,61,0,5.33153891564349,0.157997095231322
62,13,0,1,0.158855417271529,0.157006609845198,1,0,0,62,0,5.32616044395494,0.158855417271529
63,13,0,1,0.159759056256484,0.154269865733799,1,0,0,63,0,5.32077517589815,0.159759056256484
64,13,0,1,0.160712729091878,0.156137884972642,1,0,0,64,0,5.31538092077146,0.160712729091878
65,13,0,1,0.161724324688425,0.159338677597798,1,0,0,65,0,5.30993464453303,0.161724324688425
66,13,0,1,0.16280555472074,0.159315904442817,1,0,0,66,0,5.30434409050571,0.16280555472074
67,13,0,1,0.163968358451244,0.161115643309108,1,0,0,67,0,5.29851407154844,0.163968358451244
68,13,0,1,0.165224675142358,0.160892072264853,1,0,0,68,0,5.29234940052018,0.165224675142358
69,13,0,1,0.166586444056502,0.163446453152635,1,0,0,69,0,5.2857548902799,0.166586444056502
70,13,0,1,0.168065604456097,0.165166525376388,1,0,0,70,0,5.27863535368656,0.168065604456097
71,13,0,1,0.169674095603562,0.166995738432077,1,0,0,71,0,5.27089560359911,0.169674095603562
72,13,0,1,0.171424282595822,0.168588924156136,1,0,0,72,0,5.26244748131151,0.171424282595822
73,13,0,1,0.173335683218715,0.169310812794795,1,0,0,73,0,5.25332088386176,0.173335683218715
74,13,0,1,0.175433750326464,0.176338685623652,1,0,0,74,0,5.24364366710063,0.175433750326464
75,13,0,1,0.177744116422224,0.176201069235935,1,0,0,75,0,5.23354665199988,0.177744116422224
76,13,0,1,0.18029241400915,0.179839397335494,1,0,0,76,0,5.22316065953126,0.18029241400915
77,13,0,1,0.183104275590394,0.182774767255459,1,0,0,77,0,5.21261651066655,0.183104275590394
78,13,0,1,0.186205333669112,0.183703989051464,1,0,0,78,0,5.20204502637752,0.186205333669112
79,13,0,1,0.189621220748457,0.187932932482476,1,0,0,79,0,5.19157702763592,0.189621220748457
80,13,0,1,0.193376198733669,0.188525415981574,1,0,0,80,0,5.18132392365776,0.193376198733669
81,13,0,1,0.197481064776076,0.191378982913149,1,0,0,81,0,5.17120642257052,0.197481064776076
82,13,0,1,0.201938973573034,0.20074476513276,1,0,0,82,0,5.16103699255158,0.201938973573034
83,13,0,1,0.206752992103633,0.205542960898552,1,0,0,83,0,5.15062685942594,0.206752992103633
84,13,0,1,0.211926187346962,0.215139236993885,1,0,0,84,0,5.13978724901863,0.211926187346962
85,13,0,1,0.217461626282111,0.213679448246103,1,0,0,85,0,5.12832938715466,0.217461626282111
86,13,0,1,0.22336237588817,0.221294087283803,1,0,0,86,0,5.11606449965903,0.22336237588817
87,13,0,1,0.229631503144228,0.223248735653515,1,0,0,87,0,5.10280381235676,0.229631503144228
88,13,0,1,0.236267161980444,0.237687379474557,1,0,0,88,0,5.08829727571612,0.236267161980444
89,13,0,1,0.243237186446303,0.250152284489835,1,0,0,89,0,5.07191669182336,0.243237186446303
90,13,0,1,0.250497855828063,0.262683583553571,1,0,0,90,0,5.0528897522035,0.250497855828063
91,13,0,1,0.258005426666384,0.278210087984419,1,0,0,91,0,5.03044386469936,0.258005426666384
92,13,0,1,0.265716155501929,0.29044570401449,1,0,0,92,0,5.00380643715376,0.265716155501929
93,13,0,1,0.273586298875357,0.284776846308964,1,0,0,93,0,4.97220487740953,0.273586298875357
94,13,0,1,0.281572113327329,0.293042644207957,1,0,0,94,0,4.93486659330949,0.281572113327329
95,13,0,1,0.289629855398507,0.28729741025757,1,0,0,95,0,4.89101899269646,0.289629855398507
40,14,0,1,0.144261158303264,0.148219388229573,1,0,0,40,0,5.45617940763808,0.144261158303264
41,14,0,1,0.144859837558091,0.168616516306335,1,0,0,41,0,5.45082566688096,0.144859837558091
42,14,0,1,0.145458996129077,0.163553743899242,1,0,0,42,0,5.44547190230051,0.145458996129077
43,14,0,1,0.146059004631642,0.172545068527219,1,0,0,43,0,5.44011809990007,0.146059004631642
44,14,0,1,0.146660233681203,0.213213382397795,1,0,0,44,0,5.43476424568296,0.146660233681203
45,14,0,1,0.147263053893182,0.20042014216336,1,0,0,45,0,5.42941032565253,0.147263053893182
46,14,0,1,0.147867835882996,0.205057349846699,1,0,0,46,0,5.42405632581209,0.147867835882996
47,14,0,1,0.148474950266065,0.198207568622344,1,0,0,47,0,5.41870223216498,0.148474950266065
48,14,0,1,0.149084768297183,0.190369614927714,1,0,0,48,0,5.41334803067944,0.149084768297183
49,14,0,1,0.149697986033211,0.186240708785901,1,0,0,49,0,5.40799368949717,0.149697986033211
50,14,0,1,0.150316151816756,0.180761332655011,1,0,0,50,0,5.40263912998273,0.150316151816756
51,14,0,1,0.150940952095241,0.183407465645867,1,0,0,51,0,5.39728426592088,0.150940952095241
52,14,0,1,0.151574073316088,0.174350716956397,1,0,0,52,0,5.3919290110964,0.151574073316088
53,14,0,1,0.15221720192672,0.176770355829505,1,0,0,53,0,5.38657327929407,0.15221720192672
54,14,0,1,0.15287202437456,0.171787787924071,1,0,0,54,0,5.38121698429865,0.15287202437456
55,14,0,1,0.15354022710703,0.159163799782069,1,0,0,55,0,5.37586003989491,0.15354022710703
56,14,0,1,0.154223507978531,0.158410329044849,1,0,0,56,0,5.37050235649271,0.154223507978531
57,14,0,1,0.154924558676274,0.159251658221247,1,0,0,57,0,5.3651435504624,0.154924558676274
58,14,0,1,0.15564782185834,0.156769082693607,1,0,0,58,0,5.35978272012485,0.15564782185834
59,14,0,1,0.156397918416813,0.156600228393018,1,0,0,59,0,5.35441891106785,0.156397918416813
60,14,0,1,0.157179469243778,0.156889990399914,1,0,0,60,0,5.34905116887919,0.157179469243778
61,14,0,1,0.157997095231322,0.159496025213773,1,0,0,61,0,5.34367853914669,0.157997095231322
62,14,0,1,0.158855417271529,0.157006609845198,1,0,0,62,0,5.33830006745814,0.158855417271529
63,14,0,1,0.159759056256484,0.154269865733799,1,0,0,63,0,5.33291479940134,0.159759056256484
64,14,0,1,0.160712729091878,0.156137884972642,1,0,0,64,0,5.32752054427465,0.160712729091878
65,14,0,1,0.161724324688425,0.159338677597798,1,0,0,65,0,5.32207426803623,0.161724324688425
66,14,0,1,0.16280555472074,0.159315904442817,1,0,0,66,0,5.3164837140089,0.16280555472074
67,14,0,1,0.163968358451244,0.161115643309108,1,0,0,67,0,5.31065369505163,0.163968358451244
68,14,0,1,0.165224675142358,0.160892072264853,1,0,0,68,0,5.30448902402338,0.165224675142358
69,14,0,1,0.166586444056502,0.163446453152635,1,0,0,69,0,5.2978945137831,0.166586444056502
70,14,0,1,0.168065604456097,0.165166525376388,1,0,0,70,0,5.29077497718975,0.168065604456097
71,14,0,1,0.169674095603562,0.166995738432077,1,0,0,71,0,5.2830352271023,0.169674095603562
72,14,0,1,0.171424282595822,0.168588924156136,1,0,0,72,0,5.2745871048147,0.171424282595822
73,14,0,1,0.173335683218715,0.169310812794795,1,0,0,73,0,5.26546050736496,0.173335683218715
74,14,0,1,0.175433750326464,0.176338685623652,1,0,0,74,0,5.25578329060383,0.175433750326464
75,14,0,1,0.177744116422224,0.176201069235935,1,0,0,75,0,5.24568627550308,0.177744116422224
76,14,0,1,0.18029241400915,0.179839397335494,1,0,0,76,0,5.23530028303446,0.18029241400915
77,14,0,1,0.183104275590394,0.182774767255459,1,0,0,77,0,5.22475613416975,0.183104275590394
78,14,0,1,0.186205333669112,0.183703989051464,1,0,0,78,0,5.21418464988071,0.186205333669112
79,14,0,1,0.189621220748457,0.187932932482476,1,0,0,79,0,5.20371665113911,0.189621220748457
80,14,0,1,0.193376198733669,0.188525415981574,1,0,0,80,0,5.19346354716096,0.193376198733669
81,14,0,1,0.197481064776076,0.191378982913149,1,0,0,81,0,5.18334604607372,0.197481064776076
82,14,0,1,0.201938973573034,0.20074476513276,1,0,0,82,0,5.17317661605477,0.201938973573034
83,14,0,1,0.206752992103633,0.205542960898552,1,0,0,83,0,5.16276648292914,0.206752992103633
84,14,0,1,0.211926187346962,0.215139236993885,1,0,0,84,0,5.15192687252183,0.211926187346962
85,14,0,1,0.217461626282111,0.213679448246103,1,0,0,85,0,5.14046901065785,0.217461626282111
86,14,0,1,0.22336237588817,0.221294087283803,1,0,0,86,0,5.12820412316222,0.22336237588817
87,14,0,1,0.229631503144228,0.223248735653515,1,0,0,87,0,5.11494343585995,0.229631503144228
88,14,0,1,0.236267161980444,0.237687379474557,1,0,0,88,0,5.10043689921932,0.236267161980444
89,14,0,1,0.243237186446303,0.250152284489835,1,0,0,89,0,5.08405631532656,0.243237186446303
90,14,0,1,0.250497855828063,0.262683583553571,1,0,0,90,0,5.0650293757067,0.250497855828063
91,14,0,1,0.258005426666384,0.278210087984419,1,0,0,91,0,5.04258348820255,0.258005426666384
92,14,0,1,0.265716155501929,0.29044570401449,1,0,0,92,0,5.01594606065696,0.265716155501929
93,14,0,1,0.273586298875357,0.284776846308964,1,0,0,93,0,4.98434450091273,0.273586298875357
94,14,0,1,0.281572113327329,0.293042644207957,1,0,0,94,0,4.94700621681269,0.281572113327329
95,14,0,1,0.289629855398507,0.28729741025757,1,0,0,95,0,4.90315861619966,0.289629855398507
40,15,0,1,0.144261158303264,0.148219388229573,1,0,0,40,0,5.46831903114128,0.144261158303264
41,15,0,1,0.144859837558091,0.168616516306335,1,0,0,41,0,5.46296529038416,0.144859837558091
42,15,0,1,0.145458996129077,0.163553743899242,1,0,0,42,0,5.45761152580371,0.145458996129077
43,15,0,1,0.146059004631642,0.172545068527219,1,0,0,43,0,5.45225772340327,0.146059004631642
44,15,0,1,0.146660233681203,0.213213382397795,1,0,0,44,0,5.44690386918616,0.146660233681203
45,15,0,1,0.147263053893182,0.20042014216336,1,0,0,45,0,5.44154994915572,0.147263053893182
46,15,0,1,0.147867835882996,0.205057349846699,1,0,0,46,0,5.43619594931528,0.147867835882996
47,15,0,1,0.148474950266065,0.198207568622344,1,0,0,47,0,5.43084185566818,0.148474950266065
48,15,0,1,0.149084768297183,0.190369614927714,1,0,0,48,0,5.42548765418264,0.149084768297183
49,15,0,1,0.149697986033211,0.186240708785901,1,0,0,49,0,5.42013331300037,0.149697986033211
50,15,0,1,0.150316151816756,0.180761332655011,1,0,0,50,0,5.41477875348592,0.150316151816756
51,15,0,1,0.150940952095241,0.183407465645867,1,0,0,51,0,5.40942388942408,0.150940952095241
52,15,0,1,0.151574073316088,0.174350716956397,1,0,0,52,0,5.4040686345996,0.151574073316088
53,15,0,1,0.15221720192672,0.176770355829505,1,0,0,53,0,5.39871290279727,0.15221720192672
54,15,0,1,0.15287202437456,0.171787787924071,1,0,0,54,0,5.39335660780184,0.15287202437456
55,15,0,1,0.15354022710703,0.159163799782069,1,0,0,55,0,5.38799966339811,0.15354022710703
56,15,0,1,0.154223507978531,0.158410329044849,1,0,0,56,0,5.3826419799959,0.154223507978531
57,15,0,1,0.154924558676274,0.159251658221247,1,0,0,57,0,5.3772831739656,0.154924558676274
58,15,0,1,0.15564782185834,0.156769082693607,1,0,0,58,0,5.37192234362805,0.15564782185834
59,15,0,1,0.156397918416813,0.156600228393018,1,0,0,59,0,5.36655853457104,0.156397918416813
60,15,0,1,0.157179469243778,0.156889990399914,1,0,0,60,0,5.36119079238239,0.157179469243778
61,15,0,1,0.157997095231322,0.159496025213773,1,0,0,61,0,5.35581816264989,0.157997095231322
62,15,0,1,0.158855417271529,0.157006609845198,1,0,0,62,0,5.35043969096134,0.158855417271529
63,15,0,1,0.159759056256484,0.154269865733799,1,0,0,63,0,5.34505442290454,0.159759056256484
64,15,0,1,0.160712729091878,0.156137884972642,1,0,0,64,0,5.33966016777785,0.160712729091878
65,15,0,1,0.161724324688425,0.159338677597798,1,0,0,65,0,5.33421389153943,0.161724324688425
66,15,0,1,0.16280555472074,0.159315904442817,1,0,0,66,0,5.3286233375121,0.16280555472074
67,15,0,1,0.163968358451244,0.161115643309108,1,0,0,67,0,5.32279331855483,0.163968358451244
68,15,0,1,0.165224675142358,0.160892072264853,1,0,0,68,0,5.31662864752658,0.165224675142358
69,15,0,1,0.166586444056502,0.163446453152635,1,0,0,69,0,5.3100341372863,0.166586444056502
70,15,0,1,0.168065604456097,0.165166525376388,1,0,0,70,0,5.30291460069295,0.168065604456097
71,15,0,1,0.169674095603562,0.166995738432077,1,0,0,71,0,5.2951748506055,0.169674095603562
72,15,0,1,0.171424282595822,0.168588924156136,1,0,0,72,0,5.2867267283179,0.171424282595822
73,15,0,1,0.173335683218715,0.169310812794795,1,0,0,73,0,5.27760013086816,0.173335683218715
74,15,0,1,0.175433750326464,0.176338685623652,1,0,0,74,0,5.26792291410703,0.175433750326464
75,15,0,1,0.177744116422224,0.176201069235935,1,0,0,75,0,5.25782589900627,0.177744116422224
76,15,0,1,0.18029241400915,0.179839397335494,1,0,0,76,0,5.24743990653766,0.18029241400915
77,15,0,1,0.183104275590394,0.182774767255459,1,0,0,77,0,5.23689575767295,0.183104275590394
78,15,0,1,0.186205333669112,0.183703989051464,1,0,0,78,0,5.22632427338391,0.186205333669112
79,15,0,1,0.189621220748457,0.187932932482476,1,0,0,79,0,5.21585627464231,0.189621220748457
80,15,0,1,0.193376198733669,0.188525415981574,1,0,0,80,0,5.20560317066415,0.193376198733669
81,15,0,1,0.197481064776076,0.191378982913149,1,0,0,81,0,5.19548566957691,0.197481064776076
82,15,0,1,0.201938973573034,0.20074476513276,1,0,0,82,0,5.18531623955797,0.201938973573034
83,15,0,1,0.206752992103633,0.205542960898552,1,0,0,83,0,5.17490610643234,0.206752992103633
84,15,0,1,0.211926187346962,0.215139236993885,1,0,0,84,0,5.16406649602503,0.211926187346962
85,15,0,1,0.217461626282111,0.213679448246103,1,0,0,85,0,5.15260863416105,0.217461626282111
86,15,0,1,0.22336237588817,0.221294087283803,1,0,0,86,0,5.14034374666542,0.22336237588817
87,15,0,1,0.229631503144228,0.223248735653515,1,0,0,87,0,5.12708305936315,0.229631503144228
88,15,0,1,0.236267161980444,0.237687379474557,1,0,0,88,0,5.11257652272252,0.236267161980444
89,15,0,1,0.243237186446303,0.250152284489835,1,0,0,89,0,5.09619593882976,0.243237186446303
90,15,0,1,0.250497855828063,0.262683583553571,1,0,0,90,0,5.07716899920989,0.250497855828063
91,15,0,1,0.258005426666384,0.278210087984419,1,0,0,91,0,5.05472311170575,0.258005426666384
92,15,0,1,0.265716155501929,0.29044570401449,1,0,0,92,0,5.02808568416016,0.265716155501929
93,15,0,1,0.273586298875357,0.284776846308964,1,0,0,93,0,4.99648412441593,0.273586298875357
94,15,0,1,0.281572113327329,0.293042644207957,1,0,0,94,0,4.95914584031589,0.281572113327329
95,15,0,1,0.289629855398507,0.28729741025757,1,0,0,95,0,4.91529823970286,0.289629855398507
40,16,0,1,0.144261158303264,0.148219388229573,1,0,0,40,0,5.48045865464448,0.144261158303264
41,16,0,1,0.144859837558091,0.168616516306335,1,0,0,41,0,5.47510491388735,0.144859837558091
42,16,0,1,0.145458996129077,0.163553743899242,1,0,0,42,0,5.46975114930691,0.145458996129077
43,16,0,1,0.146059004631642,0.172545068527219,1,0,0,43,0,5.46439734690646,0.146059004631642
44,16,0,1,0.146660233681203,0.213213382397795,1,0,0,44,0,5.45904349268936,0.146660233681203
45,16,0,1,0.147263053893182,0.20042014216336,1,0,0,45,0,5.45368957265892,0.147263053893182
46,16,0,1,0.147867835882996,0.205057349846699,1,0,0,46,0,5.44833557281848,0.147867835882996
47,16,0,1,0.148474950266065,0.198207568622344,1,0,0,47,0,5.44298147917137,0.148474950266065
48,16,0,1,0.149084768297183,0.190369614927714,1,0,0,48,0,5.43762727768584,0.149084768297183
49,16,0,1,0.149697986033211,0.186240708785901,1,0,0,49,0,5.43227293650356,0.149697986033211
50,16,0,1,0.150316151816756,0.180761332655011,1,0,0,50,0,5.42691837698912,0.150316151816756
51,16,0,1,0.150940952095241,0.183407465645867,1,0,0,51,0,5.42156351292727,0.150940952095241
52,16,0,1,0.151574073316088,0.174350716956397,1,0,0,52,0,5.4162082581028,0.151574073316088
53,16,0,1,0.15221720192672,0.176770355829505,1,0,0,53,0,5.41085252630046,0.15221720192672
54,16,0,1,0.15287202437456,0.171787787924071,1,0,0,54,0,5.40549623130504,0.15287202437456
55,16,0,1,0.15354022710703,0.159163799782069,1,0,0,55,0,5.4001392869013,0.15354022710703
56,16,0,1,0.154223507978531,0.158410329044849,1,0,0,56,0,5.3947816034991,0.154223507978531
57,16,0,1,0.154924558676274,0.159251658221247,1,0,0,57,0,5.3894227974688,0.154924558676274
58,16,0,1,0.15564782185834,0.156769082693607,1,0,0,58,0,5.38406196713124,0.15564782185834
59,16,0,1,0.156397918416813,0.156600228393018,1,0,0,59,0,5.37869815807424,0.156397918416813
60,16,0,1,0.157179469243778,0.156889990399914,1,0,0,60,0,5.37333041588559,0.157179469243778
61,16,0,1,0.157997095231322,0.159496025213773,1,0,0,61,0,5.36795778615308,0.157997095231322
62,16,0,1,0.158855417271529,0.157006609845198,1,0,0,62,0,5.36257931446453,0.158855417271529
63,16,0,1,0.159759056256484,0.154269865733799,1,0,0,63,0,5.35719404640774,0.159759056256484
64,16,0,1,0.160712729091878,0.156137884972642,1,0,0,64,0,5.35179979128105,0.160712729091878
65,16,0,1,0.161724324688425,0.159338677597798,1,0,0,65,0,5.34635351504263,0.161724324688425
66,16,0,1,0.16280555472074,0.159315904442817,1,0,0,66,0,5.3407629610153,0.16280555472074
67,16,0,1,0.163968358451244,0.161115643309108,1,0,0,67,0,5.33493294205803,0.163968358451244
68,16,0,1,0.165224675142358,0.160892072264853,1,0,0,68,0,5.32876827102977,0.165224675142358
69,16,0,1,0.166586444056502,0.163446453152635,1,0,0,69,0,5.32217376078949,0.166586444056502
70,16,0,1,0.168065604456097,0.165166525376388,1,0,0,70,0,5.31505422419615,0.168065604456097
71,16,0,1,0.169674095603562,0.166995738432077,1,0,0,71,0,5.3073144741087,0.169674095603562
72,16,0,1,0.171424282595822,0.168588924156136,1,0,0,72,0,5.2988663518211,0.171424282595822
73,16,0,1,0.173335683218715,0.169310812794795,1,0,0,73,0,5.28973975437136,0.173335683218715
74,16,0,1,0.175433750326464,0.176338685623652,1,0,0,74,0,5.28006253761023,0.175433750326464
75,16,0,1,0.177744116422224,0.176201069235935,1,0,0,75,0,5.26996552250947,0.177744116422224
76,16,0,1,0.18029241400915,0.179839397335494,1,0,0,76,0,5.25957953004086,0.18029241400915
77,16,0,1,0.183104275590394,0.182774767255459,1,0,0,77,0,5.24903538117615,0.183104275590394
78,16,0,1,0.186205333669112,0.183703989051464,1,0,0,78,0,5.23846389688711,0.186205333669112
79,16,0,1,0.189621220748457,0.187932932482476,1,0,0,79,0,5.22799589814551,0.189621220748457
80,16,0,1,0.193376198733669,0.188525415981574,1,0,0,80,0,5.21774279416735,0.193376198733669
81,16,0,1,0.197481064776076,0.191378982913149,1,0,0,81,0,5.20762529308011,0.197481064776076
82,16,0,1,0.201938973573034,0.20074476513276,1,0,0,82,0,5.19745586306117,0.201938973573034
83,16,0,1,0.206752992103633,0.205542960898552,1,0,0,83,0,5.18704572993554,0.206752992103633
84,16,0,1,0.211926187346962,0.215139236993885,1,0,0,84,0,5.17620611952823,0.211926187346962
85,16,0,1,0.217461626282111,0.213679448246103,1,0,0,85,0,5.16474825766425,0.217461626282111
86,16,0,1,0.22336237588817,0.221294087283803,1,0,0,86,0,5.15248337016862,0.22336237588817
87,16,0,1,0.229631503144228,0.223248735653515,1,0,0,87,0,5.13922268286635,0.229631503144228
88,16,0,1,0.236267161980444,0.237687379474557,1,0,0,88,0,5.12471614622571,0.236267161980444
89,16,0,1,0.243237186446303,0.250152284489835,1,0,0,89,0,5.10833556233295,0.243237186446303
90,16,0,1,0.250497855828063,0.262683583553571,1,0,0,90,0,5.08930862271309,0.250497855828063
91,16,0,1,0.258005426666384,0.278210087984419,1,0,0,91,0,5.06686273520895,0.258005426666384
92,16,0,1,0.265716155501929,0.29044570401449,1,0,0,92,0,5.04022530766335,0.265716155501929
93,16,0,1,0.273586298875357,0.284776846308964,1,0,0,93,0,5.00862374791913,0.273586298875357
94,16,0,1,0.281572113327329,0.293042644207957,1,0,0,94,0,4.97128546381909,0.281572113327329
95,16,0,1,0.289629855398507,0.28729741025757,1,0,0,95,0,4.92743786320606,0.289629855398507
40,17,0,1,0.144261158303264,0.148219388229573,0,1,0,0,40,5.49259827814767,0.144261158303264
41,17,0,1,0.144859837558091,0.168616516306335,0,1,0,0,41,5.48724453739055,0.144859837558091
42,17,0,1,0.145458996129077,0.163553743899242,0,1,0,0,42,5.4818907728101,0.145458996129077
43,17,0,1,0.146059004631642,0.172545068527219,0,1,0,0,43,5.47653697040966,0.146059004631642
44,17,0,1,0.146660233681203,0.213213382397795,0,1,0,0,44,5.47118311619255,0.146660233681203
45,17,0,1,0.147263053893182,0.20042014216336,0,1,0,0,45,5.46582919616212,0.147263053893182
46,17,0,1,0.147867835882996,0.205057349846699,0,1,0,0,46,5.46047519632168,0.147867835882996
47,17,0,1,0.148474950266065,0.198207568622344,0,1,0,0,47,5.45512110267457,0.148474950266065
48,17,0,1,0.149084768297183,0.190369614927714,0,1,0,0,48,5.44976690118903,0.149084768297183
49,17,0,1,0.149697986033211,0.186240708785901,0,1,0,0,49,5.44441256000676,0.149697986033211
50,17,0,1,0.150316151816756,0.180761332655011,0,1,0,0,50,5.43905800049232,0.150316151816756
51,17,0,1,0.150940952095241,0.183407465645867,0,1,0,0,51,5.43370313643047,0.150940952095241
52,17,0,1,0.151574073316088,0.174350716956397,0,1,0,0,52,5.428347881606,0.151574073316088
53,17,0,1,0.15221720192672,0.176770355829505,0,1,0,0,53,5.42299214980366,0.15221720192672
54,17,0,1,0.15287202437456,0.171787787924071,0,1,0,0,54,5.41763585480824,0.15287202437456
55,17,0,1,0.15354022710703,0.159163799782069,0,1,0,0,55,5.4122789104045,0.15354022710703
56,17,0,1,0.154223507978531,0.158410329044849,0,1,0,0,56,5.4069212270023,0.154223507978531
57,17,0,1,0.154924558676274,0.159251658221247,0,1,0,0,57,5.401562420972,0.154924558676274
58,17,0,1,0.15564782185834,0.156769082693607,0,1,0,0,58,5.39620159063444,0.15564782185834
59,17,0,1,0.156397918416813,0.156600228393018,0,1,0,0,59,5.39083778157744,0.156397918416813
60,17,0,1,0.157179469243778,0.156889990399914,0,1,0,0,60,5.38547003938878,0.157179469243778
61,17,0,1,0.157997095231322,0.159496025213773,0,1,0,0,61,5.38009740965628,0.157997095231322
62,17,0,1,0.158855417271529,0.157006609845198,0,1,0,0,62,5.37471893796773,0.158855417271529
63,17,0,1,0.159759056256484,0.154269865733799,0,1,0,0,63,5.36933366991093,0.159759056256484
64,17,0,1,0.160712729091878,0.156137884972642,0,1,0,0,64,5.36393941478425,0.160712729091878
65,17,0,1,0.161724324688425,0.159338677597798,0,1,0,0,65,5.35849313854582,0.161724324688425
66,17,0,1,0.16280555472074,0.159315904442817,0,1,0,0,66,5.3529025845185,0.16280555472074
67,17,0,1,0.163968358451244,0.161115643309108,0,1,0,0,67,5.34707256556122,0.163968358451244
68,17,0,1,0.165224675142358,0.160892072264853,0,1,0,0,68,5.34090789453297,0.165224675142358
69,17,0,1,0.166586444056502,0.163446453152635,0,1,0,0,69,5.33431338429269,0.166586444056502
70,17,0,1,0.168065604456097,0.165166525376388,0,1,0,0,70,5.32719384769934,0.168065604456097
71,17,0,1,0.169674095603562,0.166995738432077,0,1,0,0,71,5.3194540976119,0.169674095603562
72,17,0,1,0.171424282595822,0.168588924156136,0,1,0,0,72,5.3110059753243,0.171424282595822
73,17,0,1,0.173335683218715,0.169310812794795,0,1,0,0,73,5.30187937787455,0.173335683218715
74,17,0,1,0.175433750326464,0.176338685623652,0,1,0,0,74,5.29220216111342,0.175433750326464
75,17,0,1,0.177744116422224,0.176201069235935,0,1,0,0,75,5.28210514601267,0.177744116422224
76,17,0,1,0.18029241400915,0.179839397335494,0,1,0,0,76,5.27171915354405,0.18029241400915
77,17,0,1,0.183104275590394,0.182774767255459,0,1,0,0,77,5.26117500467934,0.183104275590394
78,17,0,1,0.186205333669112,0.183703989051464,0,1,0,0,78,5.2506035203903,0.186205333669112
79,17,0,1,0.189621220748457,0.187932932482476,0,1,0,0,79,5.2401355216487,0.189621220748457
80,17,0,1,0.193376198733669,0.188525415981574,0,1,0,0,80,5.22988241767055,0.193376198733669
81,17,0,1,0.197481064776076,0.191378982913149,0,1,0,0,81,5.21976491658331,0.197481064776076
82,17,0,1,0.201938973573034,0.20074476513276,0,1,0,0,82,5.20959548656437,0.201938973573034
83,17,0,1,0.206752992103633,0.205542960898552,0,1,0,0,83,5.19918535343873,0.206752992103633
84,17,0,1,0.211926187346962,0.215139236993885,0,1,0,0,84,5.18834574303142,0.211926187346962
85,17,0,1,0.217461626282111,0.213679448246103,0,1,0,0,85,5.17688788116745,0.217461626282111
86,17,0,1,0.22336237588817,0.221294087283803,0,1,0,0,86,5.16462299367181,0.22336237588817
87,17,0,1,0.229631503144228,0.223248735653515,0,1,0,0,87,5.15136230636954,0.229631503144228
88,17,0,1,0.236267161980444,0.237687379474557,0,1,0,0,88,5.13685576972891,0.236267161980444
89,17,0,1,0.243237186446303,0.250152284489835,0,1,0,0,89,5.12047518583615,0.243237186446303
90,17,0,1,0.250497855828063,0.262683583553571,0,1,0,0,90,5.10144824621629,0.250497855828063
91,17,0,1,0.258005426666384,0.278210087984419,0,1,0,0,91,5.07900235871215,0.258005426666384
92,17,0,1,0.265716155501929,0.29044570401449,0,1,0,0,92,5.05236493116655,0.265716155501929
93,17,0,1,0.273586298875357,0.284776846308964,0,1,0,0,93,5.02076337142232,0.273586298875357
94,17,0,1,0.281572113327329,0.293042644207957,0,1,0,0,94,4.98342508732228,0.281572113327329
95,17,0,1,0.289629855398507,0.28729741025757,0,1,0,0,95,4.93957748670925,0.289629855398507
40,18,0,1,0.144261158303264,0.148219388229573,0,1,0,0,40,5.50473790165087,0.144261158303264
41,18,0,1,0.144859837558091,0.168616516306335,0,1,0,0,41,5.49938416089375,0.144859837558091
42,18,0,1,0.145458996129077,0.163553743899242,0,1,0,0,42,5.4940303963133,0.145458996129077
43,18,0,1,0.146059004631642,0.172545068527219,0,1,0,0,43,5.48867659391286,0.146059004631642
44,18,0,1,0.146660233681203,0.213213382397795,0,1,0,0,44,5.48332273969575,0.146660233681203
45,18,0,1,0.147263053893182,0.20042014216336,0,1,0,0,45,5.47796881966531,0.147263053893182
46,18,0,1,0.147867835882996,0.205057349846699,0,1,0,0,46,5.47261481982487,0.147867835882996
47,18,0,1,0.148474950266065,0.198207568622344,0,1,0,0,47,5.46726072617777,0.148474950266065
48,18,0,1,0.149084768297183,0.190369614927714,0,1,0,0,48,5.46190652469223,0.149084768297183
49,18,0,1,0.149697986033211,0.186240708785901,0,1,0,0,49,5.45655218350996,0.149697986033211
50,18,0,1,0.150316151816756,0.180761332655011,0,1,0,0,50,5.45119762399551,0.150316151816756
51,18,0,1,0.150940952095241,0.183407465645867,0,1,0,0,51,5.44584275993367,0.150940952095241
52,18,0,1,0.151574073316088,0.174350716956397,0,1,0,0,52,5.44048750510919,0.151574073316088
53,18,0,1,0.15221720192672,0.176770355829505,0,1,0,0,53,5.43513177330686,0.15221720192672
54,18,0,1,0.15287202437456,0.171787787924071,0,1,0,0,54,5.42977547831144,0.15287202437456
55,18,0,1,0.15354022710703,0.159163799782069,0,1,0,0,55,5.4244185339077,0.15354022710703
56,18,0,1,0.154223507978531,0.158410329044849,0,1,0,0,56,5.4190608505055,0.154223507978531
57,18,0,1,0.154924558676274,0.159251658221247,0,1,0,0,57,5.41370204447519,0.154924558676274
58,18,0,1,0.15564782185834,0.156769082693607,0,1,0,0,58,5.40834121413764,0.15564782185834
59,18,0,1,0.156397918416813,0.156600228393018,0,1,0,0,59,5.40297740508063,0.156397918416813
60,18,0,1,0.157179469243778,0.156889990399914,0,1,0,0,60,5.39760966289198,0.157179469243778
61,18,0,1,0.157997095231322,0.159496025213773,0,1,0,0,61,5.39223703315948,0.157997095231322
62,18,0,1,0.158855417271529,0.157006609845198,0,1,0,0,62,5.38685856147093,0.158855417271529
63,18,0,1,0.159759056256484,0.154269865733799,0,1,0,0,63,5.38147329341413,0.159759056256484
64,18,0,1,0.160712729091878,0.156137884972642,0,1,0,0,64,5.37607903828744,0.160712729091878
65,18,0,1,0.161724324688425,0.159338677597798,0,1,0,0,65,5.37063276204902,0.161724324688425
66,18,0,1,0.16280555472074,0.159315904442817,0,1,0,0,66,5.36504220802169,0.16280555472074
67,18,0,1,0.163968358451244,0.161115643309108,0,1,0,0,67,5.35921218906442,0.163968358451244
68,18,0,1,0.165224675142358,0.160892072264853,0,1,0,0,68,5.35304751803617,0.165224675142358
69,18,0,1,0.166586444056502,0.163446453152635,0,1,0,0,69,5.34645300779589,0.166586444056502
70,18,0,1,0.168065604456097,0.165166525376388,0,1,0,0,70,5.33933347120254,0.168065604456097
71,18,0,1,0.169674095603562,0.166995738432077,0,1,0,0,71,5.33159372111509,0.169674095603562
72,18,0,1,0.171424282595822,0.168588924156136,0,1,0,0,72,5.32314559882749,0.171424282595822
73,18,0,1,0.173335683218715,0.169310812794795,0,1,0,0,73,5.31401900137775,0.173335683218715
74,18,0,1,0.175433750326464,0.176338685623652,0,1,0,0,74,5.30434178461662,0.175433750326464
75,18,0,1,0.177744116422224,0.176201069235935,0,1,0,0,75,5.29424476951586,0.177744116422224
76,18,0,1,0.18029241400915,0.179839397335494,0,1,0,0,76,5.28385877704725,0.18029241400915
77,18,0,1,0.183104275590394,0.182774767255459,0,1,0,0,77,5.27331462818254,0.183104275590394
78,18,0,1,0.186205333669112,0.183703989051464,0,1,0,0,78,5.2627431438935,0.186205333669112
79,18,0,1,0.189621220748457,0.187932932482476,0,1,0,0,79,5.2522751451519,0.189621220748457
80,18,0,1,0.193376198733669,0.188525415981574,0,1,0,0,80,5.24202204117374,0.193376198733669
81,18,0,1,0.197481064776076,0.191378982913149,0,1,0,0,81,5.2319045400865,0.197481064776076
82,18,0,1,0.201938973573034,0.20074476513276,0,1,0,0,82,5.22173511006756,0.201938973573034
83,18,0,1,0.206752992103633,0.205542960898552,0,1,0,0,83,5.21132497694193,0.206752992103633
84,18,0,1,0.211926187346962,0.215139236993885,0,1,0,0,84,5.20048536653462,0.211926187346962
85,18,0,1,0.217461626282111,0.213679448246103,0,1,0,0,85,5.18902750467064,0.217461626282111
86,18,0,1,0.22336237588817,0.221294087283803,0,1,0,0,86,5.17676261717501,0.22336237588817
87,18,0,1,0.229631503144228,0.223248735653515,0,1,0,0,87,5.16350192987274,0.229631503144228
88,18,0,1,0.236267161980444,0.237687379474557,0,1,0,0,88,5.14899539323211,0.236267161980444
89,18,0,1,0.243237186446303,0.250152284489835,0,1,0,0,89,5.13261480933935,0.243237186446303
90,18,0,1,0.250497855828063,0.262683583553571,0,1,0,0,90,5.11358786971948,0.250497855828063
91,18,0,1,0.258005426666384,0.278210087984419,0,1,0,0,91,5.09114198221534,0.258005426666384
92,18,0,1,0.265716155501929,0.29044570401449,0,1,0,0,92,5.06450455466975,0.265716155501929
93,18,0,1,0.273586298875357,0.284776846308964,0,1,0,0,93,5.03290299492552,0.273586298875357
94,18,0,1,0.281572113327329,0.293042644207957,0,1,0,0,94,4.99556471082548,0.281572113327329
95,18,0,1,0.289629855398507,0.28729741025757,0,1,0,0,95,4.95171711021245,0.289629855398507
40,19,0,1,0.144261158303264,0.148219388229573,0,1,0,0,40,5.51687752515407,0.144261158303264
41,19,0,1,0.144859837558091,0.168616516306335,0,1,0,0,41,5.51152378439694,0.144859837558091
42,19,0,1,0.145458996129077,0.163553743899242,0,1,0,0,42,5.5061700198165,0.145458996129077
43,19,0,1,0.146059004631642,0.172545068527219,0,1,0,0,43,5.50081621741605,0.146059004631642
44,19,0,1,0.146660233681203,0.213213382397795,0,1,0,0,44,5.49546236319895,0.146660233681203
45,19,0,1,0.147263053893182,0.20042014216336,0,1,0,0,45,5.49010844316851,0.147263053893182
46,19,0,1,0.147867835882996,0.205057349846699,0,1,0,0,46,5.48475444332807,0.147867835882996
47,19,0,1,0.148474950266065,0.198207568622344,0,1,0,0,47,5.47940034968096,0.148474950266065
48,19,0,1,0.149084768297183,0.190369614927714,0,1,0,0,48,5.47404614819543,0.149084768297183
49,19,0,1,0.149697986033211,0.186240708785901,0,1,0,0,49,5.46869180701316,0.149697986033211
50,19,0,1,0.150316151816756,0.180761332655011,0,1,0,0,50,5.46333724749871,0.150316151816756
51,19,0,1,0.150940952095241,0.183407465645867,0,1,0,0,51,5.45798238343687,0.150940952095241
52,19,0,1,0.151574073316088,0.174350716956397,0,1,0,0,52,5.45262712861239,0.151574073316088
53,19,0,1,0.15221720192672,0.176770355829505,0,1,0,0,53,5.44727139681005,0.15221720192672
54,19,0,1,0.15287202437456,0.171787787924071,0,1,0,0,54,5.44191510181463,0.15287202437456
55,19,0,1,0.15354022710703,0.159163799782069,0,1,0,0,55,5.43655815741089,0.15354022710703
56,19,0,1,0.154223507978531,0.158410329044849,0,1,0,0,56,5.43120047400869,0.154223507978531
57,19,0,1,0.154924558676274,0.159251658221247,0,1,0,0,57,5.42584166797839,0.154924558676274
58,19,0,1,0.15564782185834,0.156769082693607,0,1,0,0,58,5.42048083764084,0.15564782185834
59,19,0,1,0.156397918416813,0.156600228393018,0,1,0,0,59,5.41511702858383,0.156397918416813
60,19,0,1,0.157179469243778,0.156889990399914,0,1,0,0,60,5.40974928639518,0.157179469243778
61,19,0,1,0.157997095231322,0.159496025213773,0,1,0,0,61,5.40437665666268,0.157997095231322
62,19,0,1,0.158855417271529,0.157006609845198,0,1,0,0,62,5.39899818497412,0.158855417271529
63,19,0,1,0.159759056256484,0.154269865733799,0,1,0,0,63,5.39361291691733,0.159759056256484
64,19,0,1,0.160712729091878,0.156137884972642,0,1,0,0,64,5.38821866179064,0.160712729091878
65,19,0,1,0.161724324688425,0.159338677597798,0,1,0,0,65,5.38277238555222,0.161724324688425
66,19,0,1,0.16280555472074,0.159315904442817,0,1,0,0,66,5.37718183152489,0.16280555472074
67,19,0,1,0.163968358451244,0.161115643309108,0,1,0,0,67,5.37135181256762,0.163968358451244
68,19,0,1,0.165224675142358,0.160892072264853,0,1,0,0,68,5.36518714153936,0.165224675142358
69,19,0,1,0.166586444056502,0.163446453152635,0,1,0,0,69,5.35859263129908,0.166586444056502
70,19,0,1,0.168065604456097,0.165166525376388,0,1,0,0,70,5.35147309470574,0.168065604456097
71,19,0,1,0.169674095603562,0.166995738432077,0,1,0,0,71,5.34373334461829,0.169674095603562
72,19,0,1,0.171424282595822,0.168588924156136,0,1,0,0,72,5.33528522233069,0.171424282595822
73,19,0,1,0.173335683218715,0.169310812794795,0,1,0,0,73,5.32615862488095,0.173335683218715
74,19,0,1,0.175433750326464,0.176338685623652,0,1,0,0,74,5.31648140811982,0.175433750326464
75,19,0,1,0.177744116422224,0.176201069235935,0,1,0,0,75,5.30638439301906,0.177744116422224
76,19,0,1,0.18029241400915,0.179839397335494,0,1,0,0,76,5.29599840055045,0.18029241400915
77,19,0,1,0.183104275590394,0.182774767255459,0,1,0,0,77,5.28545425168574,0.183104275590394
78,19,0,1,0.186205333669112,0.183703989051464,0,1,0,0,78,5.2748827673967,0.186205333669112
79,19,0,1,0.189621220748457,0.187932932482476,0,1,0,0,79,5.2644147686551,0.189621220748457
80,19,0,1,0.193376198733669,0.188525415981574,0,1,0,0,80,5.25416166467694,0.193376198733669
81,19,0,1,0.197481064776076,0.191378982913149,0,1,0,0,81,5.2440441635897,0.197481064776076
82,19,0,1,0.201938973573034,0.20074476513276,0,1,0,0,82,5.23387473357076,0.201938973573034
83,19,0,1,0.206752992103633,0.205542960898552,0,1,0,0,83,5.22346460044513,0.206752992103633
84,19,0,1,0.211926187346962,0.215139236993885,0,1,0,0,84,5.21262499003782,0.211926187346962
85,19,0,1,0.217461626282111,0.213679448246103,0,1,0,0,85,5.20116712817384,0.217461626282111
86,19,0,1,0.22336237588817,0.221294087283803,0,1,0,0,86,5.18890224067821,0.22336237588817
87,19,0,1,0.229631503144228,0.223248735653515,0,1,0,0,87,5.17564155337594,0.229631503144228
88,19,0,1,0.236267161980444,0.237687379474557,0,1,0,0,88,5.1611350167353,0.236267161980444
89,19,0,1,0.243237186446303,0.250152284489835,0,1,0,0,89,5.14475443284254,0.243237186446303
90,19,0,1,0.250497855828063,0.262683583553571,0,1,0,0,90,5.12572749322268,0.250497855828063
91,19,0,1,0.258005426666384,0.278210087984419,0,1,0,0,91,5.10328160571854,0.258005426666384
92,19,0,1,0.265716155501929,0.29044570401449,0,1,0,0,92,5.07664417817294,0.265716155501929
93,19,0,1,0.273586298875357,0.284776846308964,0,1,0,0,93,5.04504261842872,0.273586298875357
94,19,0,1,0.281572113327329,0.293042644207957,0,1,0,0,94,5.00770433432868,0.281572113327329
95,19,0,1,0.289629855398507,0.28729741025757,0,1,0,0,95,4.96385673371565,0.289629855398507
40,20,0,1,0.144261158303264,0.148219388229573,0,1,0,0,40,5.52901714865726,0.144261158303264
41,20,0,1,0.144859837558091,0.168616516306335,0,1,0,0,41,5.52366340790014,0.144859837558091
42,20,0,1,0.145458996129077,0.163553743899242,0,1,0,0,42,5.5183096433197,0.145458996129077
43,20,0,1,0.146059004631642,0.172545068527219,0,1,0,0,43,5.51295584091925,0.146059004631642
44,20,0,1,0.146660233681203,0.213213382397795,0,1,0,0,44,5.50760198670215,0.146660233681203
45,20,0,1,0.147263053893182,0.20042014216336,0,1,0,0,45,5.50224806667171,0.147263053893182
46,20,0,1,0.147867835882996,0.205057349846699,0,1,0,0,46,5.49689406683127,0.147867835882996
47,20,0,1,0.148474950266065,0.198207568622344,0,1,0,0,47,5.49153997318416,0.148474950266065
48,20,0,1,0.149084768297183,0.190369614927714,0,1,0,0,48,5.48618577169862,0.149084768297183
49,20,0,1,0.149697986033211,0.186240708785901,0,1,0,0,49,5.48083143051635,0.149697986033211
50,20,0,1,0.150316151816756,0.180761332655011,0,1,0,0,50,5.47547687100191,0.150316151816756
51,20,0,1,0.150940952095241,0.183407465645867,0,1,0,0,51,5.47012200694006,0.150940952095241
52,20,0,1,0.151574073316088,0.174350716956397,0,1,0,0,52,5.46476675211559,0.151574073316088
53,20,0,1,0.15221720192672,0.176770355829505,0,1,0,0,53,5.45941102031325,0.15221720192672
54,20,0,1,0.15287202437456,0.171787787924071,0,1,0,0,54,5.45405472531783,0.15287202437456
55,20,0,1,0.15354022710703,0.159163799782069,0,1,0,0,55,5.44869778091409,0.15354022710703
56,20,0,1,0.154223507978531,0.158410329044849,0,1,0,0,56,5.44334009751189,0.154223507978531
57,20,0,1,0.154924558676274,0.159251658221247,0,1,0,0,57,5.43798129148159,0.154924558676274
58,20,0,1,0.15564782185834,0.156769082693607,0,1,0,0,58,5.43262046114403,0.15564782185834
59,20,0,1,0.156397918416813,0.156600228393018,0,1,0,0,59,5.42725665208703,0.156397918416813
60,20,0,1,0.157179469243778,0.156889990399914,0,1,0,0,60,5.42188890989837,0.157179469243778
61,20,0,1,0.157997095231322,0.159496025213773,0,1,0,0,61,5.41651628016587,0.157997095231322
62,20,0,1,0.158855417271529,0.157006609845198,0,1,0,0,62,5.41113780847732,0.158855417271529
63,20,0,1,0.159759056256484,0.154269865733799,0,1,0,0,63,5.40575254042052,0.159759056256484
64,20,0,1,0.160712729091878,0.156137884972642,0,1,0,0,64,5.40035828529384,0.160712729091878
65,20,0,1,0.161724324688425,0.159338677597798,0,1,0,0,65,5.39491200905541,0.161724324688425
66,20,0,1,0.16280555472074,0.159315904442817,0,1,0,0,66,5.38932145502809,0.16280555472074
67,20,0,1,0.163968358451244,0.161115643309108,0,1,0,0,67,5.38349143607082,0.163968358451244
68,20,0,1,0.165224675142358,0.160892072264853,0,1,0,0,68,5.37732676504256,0.165224675142358
69,20,0,1,0.166586444056502,0.163446453152635,0,1,0,0,69,5.37073225480228,0.166586444056502
70,20,0,1,0.168065604456097,0.165166525376388,0,1,0,0,70,5.36361271820894,0.168065604456097
71,20,0,1,0.169674095603562,0.166995738432077,0,1,0,0,71,5.35587296812149,0.169674095603562
72,20,0,1,0.171424282595822,0.168588924156136,0,1,0,0,72,5.34742484583389,0.171424282595822
73,20,0,1,0.173335683218715,0.169310812794795,0,1,0,0,73,5.33829824838414,0.173335683218715
74,20,0,1,0.175433750326464,0.176338685623652,0,1,0,0,74,5.32862103162301,0.175433750326464
75,20,0,1,0.177744116422224,0.176201069235935,0,1,0,0,75,5.31852401652226,0.177744116422224
76,20,0,1,0.18029241400915,0.179839397335494,0,1,0,0,76,5.30813802405364,0.18029241400915
77,20,0,1,0.183104275590394,0.182774767255459,0,1,0,0,77,5.29759387518893,0.183104275590394
78,20,0,1,0.186205333669112,0.183703989051464,0,1,0,0,78,5.2870223908999,0.186205333669112
79,20,0,1,0.189621220748457,0.187932932482476,0,1,0,0,79,5.27655439215829,0.189621220748457
80,20,0,1,0.193376198733669,0.188525415981574,0,1,0,0,80,5.26630128818014,0.193376198733669
81,20,0,1,0.197481064776076,0.191378982913149,0,1,0,0,81,5.2561837870929,0.197481064776076
82,20,0,1,0.201938973573034,0.20074476513276,0,1,0,0,82,5.24601435707396,0.201938973573034
83,20,0,1,0.206752992103633,0.205542960898552,0,1,0,0,83,5.23560422394832,0.206752992103633
84,20,0,1,0.211926187346962,0.215139236993885,0,1,0,0,84,5.22476461354101,0.211926187346962
85,20,0,1,0.217461626282111,0.213679448246103,0,1,0,0,85,5.21330675167704,0.217461626282111
86,20,0,1,0.22336237588817,0.221294087283803,0,1,0,0,86,5.20104186418141,0.22336237588817
87,20,0,1,0.229631503144228,0.223248735653515,0,1,0,0,87,5.18778117687913,0.229631503144228
88,20,0,1,0.236267161980444,0.237687379474557,0,1,0,0,88,5.1732746402385,0.236267161980444
89,20,0,1,0.243237186446303,0.250152284489835,0,1,0,0,89,5.15689405634574,0.243237186446303
90,20,0,1,0.250497855828063,0.262683583553571,0,1,0,0,90,5.13786711672588,0.250497855828063
91,20,0,1,0.258005426666384,0.278210087984419,0,1,0,0,91,5.11542122922174,0.258005426666384
92,20,0,1,0.265716155501929,0.29044570401449,0,1,0,0,92,5.08878380167614,0.265716155501929
93,20,0,1,0.273586298875357,0.284776846308964,0,1,0,0,93,5.05718224193191,0.273586298875357
94,20,0,1,0.281572113327329,0.293042644207957,0,1,0,0,94,5.01984395783187,0.281572113327329
95,20,0,1,0.289629855398507,0.28729741025757,0,1,0,0,95,4.97599635721884,0.289629855398507
40,21,0,1,0.144261158303264,0.148219388229573,0,1,0,0,40,5.54115677216046,0.144261158303264
41,21,0,1,0.144859837558091,0.168616516306335,0,1,0,0,41,5.53580303140334,0.144859837558091
42,21,0,1,0.145458996129077,0.163553743899242,0,1,0,0,42,5.53044926682289,0.145458996129077
43,21,0,1,0.146059004631642,0.172545068527219,0,1,0,0,43,5.52509546442245,0.146059004631642
44,21,0,1,0.146660233681203,0.213213382397795,0,1,0,0,44,5.51974161020534,0.146660233681203
45,21,0,1,0.147263053893182,0.20042014216336,0,1,0,0,45,5.5143876901749,0.147263053893182
46,21,0,1,0.147867835882996,0.205057349846699,0,1,0,0,46,5.50903369033447,0.147867835882996
47,21,0,1,0.148474950266065,0.198207568622344,0,1,0,0,47,5.50367959668736,0.148474950266065
48,21,0,1,0.149084768297183,0.190369614927714,0,1,0,0,48,5.49832539520182,0.149084768297183
49,21,0,1,0.149697986033211,0.186240708785901,0,1,0,0,49,5.49297105401955,0.149697986033211
50,21,0,1,0.150316151816756,0.180761332655011,0,1,0,0,50,5.48761649450511,0.150316151816756
51,21,0,1,0.150940952095241,0.183407465645867,0,1,0,0,51,5.48226163044326,0.150940952095241
52,21,0,1,0.151574073316088,0.174350716956397,0,1,0,0,52,5.47690637561878,0.151574073316088
53,21,0,1,0.15221720192672,0.176770355829505,0,1,0,0,53,5.47155064381645,0.15221720192672
54,21,0,1,0.15287202437456,0.171787787924071,0,1,0,0,54,5.46619434882103,0.15287202437456
55,21,0,1,0.15354022710703,0.159163799782069,0,1,0,0,55,5.46083740441729,0.15354022710703
56,21,0,1,0.154223507978531,0.158410329044849,0,1,0,0,56,5.45547972101509,0.154223507978531
57,21,0,1,0.154924558676274,0.159251658221247,0,1,0,0,57,5.45012091498478,0.154924558676274
58,21,0,1,0.15564782185834,0.156769082693607,0,1,0,0,58,5.44476008464723,0.15564782185834
59,21,0,1,0.156397918416813,0.156600228393018,0,1,0,0,59,5.43939627559023,0.156397918416813
60,21,0,1,0.157179469243778,0.156889990399914,0,1,0,0,60,5.43402853340157,0.157179469243778
61,21,0,1,0.157997095231322,0.159496025213773,0,1,0,0,61,5.42865590366907,0.157997095231322
62,21,0,1,0.158855417271529,0.157006609845198,0,1,0,0,62,5.42327743198052,0.158855417271529
63,21,0,1,0.159759056256484,0.154269865733799,0,1,0,0,63,5.41789216392372,0.159759056256484
64,21,0,1,0.160712729091878,0.156137884972642,0,1,0,0,64,5.41249790879703,0.160712729091878
65,21,0,1,0.161724324688425,0.159338677597798,0,1,0,0,65,5.40705163255861,0.161724324688425
66,21,0,1,0.16280555472074,0.159315904442817,0,1,0,0,66,5.40146107853128,0.16280555472074
67,21,0,1,0.163968358451244,0.161115643309108,0,1,0,0,67,5.39563105957401,0.163968358451244
68,21,0,1,0.165224675142358,0.160892072264853,0,1,0,0,68,5.38946638854576,0.165224675142358
69,21,0,1,0.166586444056502,0.163446453152635,0,1,0,0,69,5.38287187830548,0.166586444056502
70,21,0,1,0.168065604456097,0.165166525376388,0,1,0,0,70,5.37575234171213,0.168065604456097
71,21,0,1,0.169674095603562,0.166995738432077,0,1,0,0,71,5.36801259162468,0.169674095603562
72,21,0,1,0.171424282595822,0.168588924156136,0,1,0,0,72,5.35956446933708,0.171424282595822
73,21,0,1,0.173335683218715,0.169310812794795,0,1,0,0,73,5.35043787188734,0.173335683218715
74,21,0,1,0.175433750326464,0.176338685623652,0,1,0,0,74,5.34076065512621,0.175433750326464
75,21,0,1,0.177744116422224,0.176201069235935,0,1,0,0,75,5.33066364002545,0.177744116422224
76,21,0,1,0.18029241400915,0.179839397335494,0,1,0,0,76,5.32027764755684,0.18029241400915
77,21,0,1,0.183104275590394,0.182774767255459,0,1,0,0,77,5.30973349869213,0.183104275590394
78,21,0,1,0.186205333669112,0.183703989051464,0,1,0,0,78,5.29916201440309,0.186205333669112
79,21,0,1,0.189621220748457,0.187932932482476,0,1,0,0,79,5.28869401566149,0.189621220748457
80,21,0,1,0.193376198733669,0.188525415981574,0,1,0,0,80,5.27844091168333,0.193376198733669
81,21,0,1,0.197481064776076,0.191378982913149,0,1,0,0,81,5.26832341059609,0.197481064776076
82,21,0,1,0.201938973573034,0.20074476513276,0,1,0,0,82,5.25815398057715,0.201938973573034
83,21,0,1,0.206752992103633,0.205542960898552,0,1,0,0,83,5.24774384745152,0.206752992103633
84,21,0,1,0.211926187346962,0.215139236993885,0,1,0,0,84,5.23690423704421,0.211926187346962
85,21,0,1,0.217461626282111,0.213679448246103,0,1,0,0,85,5.22544637518023,0.217461626282111
86,21,0,1,0.22336237588817,0.221294087283803,0,1,0,0,86,5.2131814876846,0.22336237588817
87,21,0,1,0.229631503144228,0.223248735653515,0,1,0,0,87,5.19992080038233,0.229631503144228
88,21,0,1,0.236267161980444,0.237687379474557,0,1,0,0,88,5.1854142637417,0.236267161980444
89,21,0,1,0.243237186446303,0.250152284489835,0,1,0,0,89,5.16903367984894,0.243237186446303
90,21,0,1,0.250497855828063,0.262683583553571,0,1,0,0,90,5.15000674022907,0.250497855828063
91,21,0,1,0.258005426666384,0.278210087984419,0,1,0,0,91,5.12756085272493,0.258005426666384
92,21,0,1,0.265716155501929,0.29044570401449,0,1,0,0,92,5.10092342517934,0.265716155501929
93,21,0,1,0.273586298875357,0.284776846308964,0,1,0,0,93,5.06932186543511,0.273586298875357
94,21,0,1,0.281572113327329,0.293042644207957,0,1,0,0,94,5.03198358133507,0.281572113327329
95,21,0,1,0.289629855398507,0.28729741025757,0,1,0,0,95,4.98813598072204,0.289629855398507
40,22,0,1,0.144261158303264,0.148219388229573,0,1,0,0,40,5.55329639566366,0.144261158303264
41,22,0,1,0.144859837558091,0.168616516306335,0,1,0,0,41,5.54794265490654,0.144859837558091
42,22,0,1,0.145458996129077,0.163553743899242,0,1,0,0,42,5.54258889032609,0.145458996129077
43,22,0,1,0.146059004631642,0.172545068527219,0,1,0,0,43,5.53723508792565,0.146059004631642
44,22,0,1,0.146660233681203,0.213213382397795,0,1,0,0,44,5.53188123370854,0.146660233681203
45,22,0,1,0.147263053893182,0.20042014216336,0,1,0,0,45,5.5265273136781,0.147263053893182
46,22,0,1,0.147867835882996,0.205057349846699,0,1,0,0,46,5.52117331383766,0.147867835882996
47,22,0,1,0.148474950266065,0.198207568622344,0,1,0,0,47,5.51581922019055,0.148474950266065
48,22,0,1,0.149084768297183,0.190369614927714,0,1,0,0,48,5.51046501870502,0.149084768297183
49,22,0,1,0.149697986033211,0.186240708785901,0,1,0,0,49,5.50511067752275,0.149697986033211
50,22,0,1,0.150316151816756,0.180761332655011,0,1,0,0,50,5.4997561180083,0.150316151816756
51,22,0,1,0.150940952095241,0.183407465645867,0,1,0,0,51,5.49440125394646,0.150940952095241
52,22,0,1,0.151574073316088,0.174350716956397,0,1,0,0,52,5.48904599912198,0.151574073316088
53,22,0,1,0.15221720192672,0.176770355829505,0,1,0,0,53,5.48369026731965,0.15221720192672
54,22,0,1,0.15287202437456,0.171787787924071,0,1,0,0,54,5.47833397232422,0.15287202437456
55,22,0,1,0.15354022710703,0.159163799782069,0,1,0,0,55,5.47297702792048,0.15354022710703
56,22,0,1,0.154223507978531,0.158410329044849,0,1,0,0,56,5.46761934451828,0.154223507978531
57,22,0,1,0.154924558676274,0.159251658221247,0,1,0,0,57,5.46226053848798,0.154924558676274
58,22,0,1,0.15564782185834,0.156769082693607,0,1,0,0,58,5.45689970815043,0.15564782185834
59,22,0,1,0.156397918416813,0.156600228393018,0,1,0,0,59,5.45153589909342,0.156397918416813
60,22,0,1,0.157179469243778,0.156889990399914,0,1,0,0,60,5.44616815690477,0.157179469243778
61,22,0,1,0.157997095231322,0.159496025213773,0,1,0,0,61,5.44079552717227,0.157997095231322
62,22,0,1,0.158855417271529,0.157006609845198,0,1,0,0,62,5.43541705548372,0.158855417271529
63,22,0,1,0.159759056256484,0.154269865733799,0,1,0,0,63,5.43003178742692,0.159759056256484
64,22,0,1,0.160712729091878,0.156137884972642,0,1,0,0,64,5.42463753230023,0.160712729091878
65,22,0,1,0.161724324688425,0.159338677597798,0,1,0,0,65,5.41919125606181,0.161724324688425
66,22,0,1,0.16280555472074,0.159315904442817,0,1,0,0,66,5.41360070203448,0.16280555472074
67,22,0,1,0.163968358451244,0.161115643309108,0,1,0,0,67,5.40777068307721,0.163968358451244
68,22,0,1,0.165224675142358,0.160892072264853,0,1,0,0,68,5.40160601204895,0.165224675142358
69,22,0,1,0.166586444056502,0.163446453152635,0,1,0,0,69,5.39501150180867,0.166586444056502
70,22,0,1,0.168065604456097,0.165166525376388,0,1,0,0,70,5.38789196521533,0.168065604456097
71,22,0,1,0.169674095603562,0.166995738432077,0,1,0,0,71,5.38015221512788,0.169674095603562
72,22,0,1,0.171424282595822,0.168588924156136,0,1,0,0,72,5.37170409284028,0.171424282595822
73,22,0,1,0.173335683218715,0.169310812794795,0,1,0,0,73,5.36257749539054,0.173335683218715
74,22,0,1,0.175433750326464,0.176338685623652,0,1,0,0,74,5.35290027862941,0.175433750326464
75,22,0,1,0.177744116422224,0.176201069235935,0,1,0,0,75,5.34280326352865,0.177744116422224
76,22,0,1,0.18029241400915,0.179839397335494,0,1,0,0,76,5.33241727106004,0.18029241400915
77,22,0,1,0.183104275590394,0.182774767255459,0,1,0,0,77,5.32187312219533,0.183104275590394
78,22,0,1,0.186205333669112,0.183703989051464,0,1,0,0,78,5.31130163790629,0.186205333669112
79,22,0,1,0.189621220748457,0.187932932482476,0,1,0,0,79,5.30083363916469,0.189621220748457
80,22,0,1,0.193376198733669,0.188525415981574,0,1,0,0,80,5.29058053518653,0.193376198733669
81,22,0,1,0.197481064776076,0.191378982913149,0,1,0,0,81,5.28046303409929,0.197481064776076
82,22,0,1,0.201938973573034,0.20074476513276,0,1,0,0,82,5.27029360408035,0.201938973573034
83,22,0,1,0.206752992103633,0.205542960898552,0,1,0,0,83,5.25988347095472,0.206752992103633
84,22,0,1,0.211926187346962,0.215139236993885,0,1,0,0,84,5.24904386054741,0.211926187346962
85,22,0,1,0.217461626282111,0.213679448246103,0,1,0,0,85,5.23758599868343,0.217461626282111
86,22,0,1,0.22336237588817,0.221294087283803,0,1,0,0,86,5.2253211111878,0.22336237588817
87,22,0,1,0.229631503144228,0.223248735653515,0,1,0,0,87,5.21206042388553,0.229631503144228
88,22,0,1,0.236267161980444,0.237687379474557,0,1,0,0,88,5.1975538872449,0.236267161980444
89,22,0,1,0.243237186446303,0.250152284489835,0,1,0,0,89,5.18117330335213,0.243237186446303
90,22,0,1,0.250497855828063,0.262683583553571,0,1,0,0,90,5.16214636373227,0.250497855828063
91,22,0,1,0.258005426666384,0.278210087984419,0,1,0,0,91,5.13970047622813,0.258005426666384
92,22,0,1,0.265716155501929,0.29044570401449,0,1,0,0,92,5.11306304868253,0.265716155501929
93,22,0,1,0.273586298875357,0.284776846308964,0,1,0,0,93,5.08146148893831,0.273586298875357
94,22,0,1,0.281572113327329,0.293042644207957,0,1,0,0,94,5.04412320483827,0.281572113327329
95,22,0,1,0.289629855398507,0.28729741025757,0,1,0,0,95,5.00027560422524,0.289629855398507
40,23,0,1,0.144261158303264,0.148219388229573,0,1,0,0,40,5.56543601916685,0.144261158303264
41,23,0,1,0.144859837558091,0.168616516306335,0,1,0,0,41,5.56008227840973,0.144859837558091
42,23,0,1,0.145458996129077,0.163553743899242,0,1,0,0,42,5.55472851382929,0.145458996129077
43,23,0,1,0.146059004631642,0.172545068527219,0,1,0,0,43,5.54937471142884,0.146059004631642
44,23,0,1,0.146660233681203,0.213213382397795,0,1,0,0,44,5.54402085721174,0.146660233681203
45,23,0,1,0.147263053893182,0.20042014216336,0,1,0,0,45,5.5386669371813,0.147263053893182
46,23,0,1,0.147867835882996,0.205057349846699,0,1,0,0,46,5.53331293734086,0.147867835882996
47,23,0,1,0.148474950266065,0.198207568622344,0,1,0,0,47,5.52795884369375,0.148474950266065
48,23,0,1,0.149084768297183,0.190369614927714,0,1,0,0,48,5.52260464220821,0.149084768297183
49,23,0,1,0.149697986033211,0.186240708785901,0,1,0,0,49,5.51725030102594,0.149697986033211
50,23,0,1,0.150316151816756,0.180761332655011,0,1,0,0,50,5.5118957415115,0.150316151816756
51,23,0,1,0.150940952095241,0.183407465645867,0,1,0,0,51,5.50654087744965,0.150940952095241
52,23,0,1,0.151574073316088,0.174350716956397,0,1,0,0,52,5.50118562262518,0.151574073316088
53,23,0,1,0.15221720192672,0.176770355829505,0,1,0,0,53,5.49582989082284,0.15221720192672
54,23,0,1,0.15287202437456,0.171787787924071,0,1,0,0,54,5.49047359582742,0.15287202437456
55,23,0,1,0.15354022710703,0.159163799782069,0,1,0,0,55,5.48511665142368,0.15354022710703
56,23,0,1,0.154223507978531,0.158410329044849,0,1,0,0,56,5.47975896802148,0.154223507978531
57,23,0,1,0.154924558676274,0.159251658221247,0,1,0,0,57,5.47440016199118,0.154924558676274
58,23,0,1,0.15564782185834,0.156769082693607,0,1,0,0,58,5.46903933165362,0.15564782185834
59,23,0,1,0.156397918416813,0.156600228393018,0,1,0,0,59,5.46367552259662,0.156397918416813
60,23,0,1,0.157179469243778,0.156889990399914,0,1,0,0,60,5.45830778040797,0.157179469243778
61,23,0,1,0.157997095231322,0.159496025213773,0,1,0,0,61,5.45293515067546,0.157997095231322
62,23,0,1,0.158855417271529,0.157006609845198,0,1,0,0,62,5.44755667898691,0.158855417271529
63,23,0,1,0.159759056256484,0.154269865733799,0,1,0,0,63,5.44217141093012,0.159759056256484
64,23,0,1,0.160712729091878,0.156137884972642,0,1,0,0,64,5.43677715580343,0.160712729091878
65,23,0,1,0.161724324688425,0.159338677597798,0,1,0,0,65,5.431330879565,0.161724324688425
66,23,0,1,0.16280555472074,0.159315904442817,0,1,0,0,66,5.42574032553768,0.16280555472074
67,23,0,1,0.163968358451244,0.161115643309108,0,1,0,0,67,5.41991030658041,0.163968358451244
68,23,0,1,0.165224675142358,0.160892072264853,0,1,0,0,68,5.41374563555215,0.165224675142358
69,23,0,1,0.166586444056502,0.163446453152635,0,1,0,0,69,5.40715112531187,0.166586444056502
70,23,0,1,0.168065604456097,0.165166525376388,0,1,0,0,70,5.40003158871853,0.168065604456097
71,23,0,1,0.169674095603562,0.166995738432077,0,1,0,0,71,5.39229183863108,0.169674095603562
72,23,0,1,0.171424282595822,0.168588924156136,0,1,0,0,72,5.38384371634348,0.171424282595822
73,23,0,1,0.173335683218715,0.169310812794795,0,1,0,0,73,5.37471711889373,0.173335683218715
74,23,0,1,0.175433750326464,0.176338685623652,0,1,0,0,74,5.3650399021326,0.175433750326464
75,23,0,1,0.177744116422224,0.176201069235935,0,1,0,0,75,5.35494288703185,0.177744116422224
76,23,0,1,0.18029241400915,0.179839397335494,0,1,0,0,76,5.34455689456323,0.18029241400915
77,23,0,1,0.183104275590394,0.182774767255459,0,1,0,0,77,5.33401274569852,0.183104275590394
78,23,0,1,0.186205333669112,0.183703989051464,0,1,0,0,78,5.32344126140949,0.186205333669112
79,23,0,1,0.189621220748457,0.187932932482476,0,1,0,0,79,5.31297326266789,0.189621220748457
80,23,0,1,0.193376198733669,0.188525415981574,0,1,0,0,80,5.30272015868973,0.193376198733669
81,23,0,1,0.197481064776076,0.191378982913149,0,1,0,0,81,5.29260265760249,0.197481064776076
82,23,0,1,0.201938973573034,0.20074476513276,0,1,0,0,82,5.28243322758355,0.201938973573034
83,23,0,1,0.206752992103633,0.205542960898552,0,1,0,0,83,5.27202309445791,0.206752992103633
84,23,0,1,0.211926187346962,0.215139236993885,0,1,0,0,84,5.2611834840506,0.211926187346962
85,23,0,1,0.217461626282111,0.213679448246103,0,1,0,0,85,5.24972562218663,0.217461626282111
86,23,0,1,0.22336237588817,0.221294087283803,0,1,0,0,86,5.237460734691,0.22336237588817
87,23,0,1,0.229631503144228,0.223248735653515,0,1,0,0,87,5.22420004738873,0.229631503144228
88,23,0,1,0.236267161980444,0.237687379474557,0,1,0,0,88,5.20969351074809,0.236267161980444
89,23,0,1,0.243237186446303,0.250152284489835,0,1,0,0,89,5.19331292685533,0.243237186446303
90,23,0,1,0.250497855828063,0.262683583553571,0,1,0,0,90,5.17428598723547,0.250497855828063
91,23,0,1,0.258005426666384,0.278210087984419,0,1,0,0,91,5.15184009973133,0.258005426666384
92,23,0,1,0.265716155501929,0.29044570401449,0,1,0,0,92,5.12520267218573,0.265716155501929
93,23,0,1,0.273586298875357,0.284776846308964,0,1,0,0,93,5.0936011124415,0.273586298875357
94,23,0,1,0.281572113327329,0.293042644207957,0,1,0,0,94,5.05626282834146,0.281572113327329
95,23,0,1,0.289629855398507,0.28729741025757,0,1,0,0,95,5.01241522772843,0.289629855398507
40,24,0,1,0.144261158303264,0.148219388229573,0,1,0,0,40,5.57757564267005,0.144261158303264
41,24,0,1,0.144859837558091,0.168616516306335,0,1,0,0,41,5.57222190191293,0.144859837558091
42,24,0,1,0.145458996129077,0.163553743899242,0,1,0,0,42,5.56686813733248,0.145458996129077
43,24,0,1,0.146059004631642,0.172545068527219,0,1,0,0,43,5.56151433493204,0.146059004631642
44,24,0,1,0.146660233681203,0.213213382397795,0,1,0,0,44,5.55616048071493,0.146660233681203
45,24,0,1,0.147263053893182,0.20042014216336,0,1,0,0,45,5.5508065606845,0.147263053893182
46,24,0,1,0.147867835882996,0.205057349846699,0,1,0,0,46,5.54545256084406,0.147867835882996
47,24,0,1,0.148474950266065,0.198207568622344,0,1,0,0,47,5.54009846719695,0.148474950266065
48,24,0,1,0.149084768297183,0.190369614927714,0,1,0,0,48,5.53474426571141,0.149084768297183
49,24,0,1,0.149697986033211,0.186240708785901,0,1,0,0,49,5.52938992452914,0.149697986033211
50,24,0,1,0.150316151816756,0.180761332655011,0,1,0,0,50,5.5240353650147,0.150316151816756
51,24,0,1,0.150940952095241,0.183407465645867,0,1,0,0,51,5.51868050095285,0.150940952095241
52,24,0,1,0.151574073316088,0.174350716956397,0,1,0,0,52,5.51332524612837,0.151574073316088
53,24,0,1,0.15221720192672,0.176770355829505,0,1,0,0,53,5.50796951432604,0.15221720192672
54,24,0,1,0.15287202437456,0.171787787924071,0,1,0,0,54,5.50261321933062,0.15287202437456
55,24,0,1,0.15354022710703,0.159163799782069,0,1,0,0,55,5.49725627492688,0.15354022710703
56,24,0,1,0.154223507978531,0.158410329044849,0,1,0,0,56,5.49189859152468,0.154223507978531
57,24,0,1,0.154924558676274,0.159251658221247,0,1,0,0,57,5.48653978549437,0.154924558676274
58,24,0,1,0.15564782185834,0.156769082693607,0,1,0,0,58,5.48117895515682,0.15564782185834
59,24,0,1,0.156397918416813,0.156600228393018,0,1,0,0,59,5.47581514609982,0.156397918416813
60,24,0,1,0.157179469243778,0.156889990399914,0,1,0,0,60,5.47044740391116,0.157179469243778
61,24,0,1,0.157997095231322,0.159496025213773,0,1,0,0,61,5.46507477417866,0.157997095231322
62,24,0,1,0.158855417271529,0.157006609845198,0,1,0,0,62,5.45969630249011,0.158855417271529
63,24,0,1,0.159759056256484,0.154269865733799,0,1,0,0,63,5.45431103443331,0.159759056256484
64,24,0,1,0.160712729091878,0.156137884972642,0,1,0,0,64,5.44891677930662,0.160712729091878
65,24,0,1,0.161724324688425,0.159338677597798,0,1,0,0,65,5.4434705030682,0.161724324688425
66,24,0,1,0.16280555472074,0.159315904442817,0,1,0,0,66,5.43787994904087,0.16280555472074
67,24,0,1,0.163968358451244,0.161115643309108,0,1,0,0,67,5.4320499300836,0.163968358451244
68,24,0,1,0.165224675142358,0.160892072264853,0,1,0,0,68,5.42588525905535,0.165224675142358
69,24,0,1,0.166586444056502,0.163446453152635,0,1,0,0,69,5.41929074881507,0.166586444056502
70,24,0,1,0.168065604456097,0.165166525376388,0,1,0,0,70,5.41217121222172,0.168065604456097
71,24,0,1,0.169674095603562,0.166995738432077,0,1,0,0,71,5.40443146213427,0.169674095603562
72,24,0,1,0.171424282595822,0.168588924156136,0,1,0,0,72,5.39598333984667,0.171424282595822
73,24,0,1,0.173335683218715,0.169310812794795,0,1,0,0,73,5.38685674239693,0.173335683218715
74,24,0,1,0.175433750326464,0.176338685623652,0,1,0,0,74,5.3771795256358,0.175433750326464
75,24,0,1,0.177744116422224,0.176201069235935,0,1,0,0,75,5.36708251053505,0.177744116422224
76,24,0,1,0.18029241400915,0.179839397335494,0,1,0,0,76,5.35669651806643,0.18029241400915
77,24,0,1,0.183104275590394,0.182774767255459,0,1,0,0,77,5.34615236920172,0.183104275590394
78,24,0,1,0.186205333669112,0.183703989051464,0,1,0,0,78,5.33558088491268,0.186205333669112
79,24,0,1,0.189621220748457,0.187932932482476,0,1,0,0,79,5.32511288617108,0.189621220748457
80,24,0,1,0.193376198733669,0.188525415981574,0,1,0,0,80,5.31485978219293,0.193376198733669
81,24,0,1,0.197481064776076,0.191378982913149,0,1,0,0,81,5.30474228110569,0.197481064776076
82,24,0,1,0.201938973573034,0.20074476513276,0,1,0,0,82,5.29457285108674,0.201938973573034
83,24,0,1,0.206752992103633,0.205542960898552,0,1,0,0,83,5.28416271796111,0.206752992103633
84,24,0,1,0.211926187346962,0.215139236993885,0,1,0,0,84,5.2733231075538,0.211926187346962
85,24,0,1,0.217461626282111,0.213679448246103,0,1,0,0,85,5.26186524568982,0.217461626282111
86,24,0,1,0.22336237588817,0.221294087283803,0,1,0,0,86,5.24960035819419,0.22336237588817
87,24,0,1,0.229631503144228,0.223248735653515,0,1,0,0,87,5.23633967089192,0.229631503144228
88,24,0,1,0.236267161980444,0.237687379474557,0,1,0,0,88,5.22183313425129,0.236267161980444
89,24,0,1,0.243237186446303,0.250152284489835,0,1,0,0,89,5.20545255035853,0.243237186446303
90,24,0,1,0.250497855828063,0.262683583553571,0,1,0,0,90,5.18642561073867,0.250497855828063
91,24,0,1,0.258005426666384,0.278210087984419,0,1,0,0,91,5.16397972323452,0.258005426666384
92,24,0,1,0.265716155501929,0.29044570401449,0,1,0,0,92,5.13734229568893,0.265716155501929
93,24,0,1,0.273586298875357,0.284776846308964,0,1,0,0,93,5.1057407359447,0.273586298875357
94,24,0,1,0.281572113327329,0.293042644207957,0,1,0,0,94,5.06840245184466,0.281572113327329
95,24,0,1,0.289629855398507,0.28729741025757,0,1,0,0,95,5.02455485123163,0.289629855398507
40,25,0,1,0.144261158303264,0.148219388229573,0,1,0,0,40,5.58971526617325,0.144261158303264
41,25,0,1,0.144859837558091,0.168616516306335,0,1,0,0,41,5.58436152541613,0.144859837558091
42,25,0,1,0.145458996129077,0.163553743899242,0,1,0,0,42,5.57900776083568,0.145458996129077
43,25,0,1,0.146059004631642,0.172545068527219,0,1,0,0,43,5.57365395843524,0.146059004631642
44,25,0,1,0.146660233681203,0.213213382397795,0,1,0,0,44,5.56830010421813,0.146660233681203
45,25,0,1,0.147263053893182,0.20042014216336,0,1,0,0,45,5.56294618418769,0.147263053893182
46,25,0,1,0.147867835882996,0.205057349846699,0,1,0,0,46,5.55759218434725,0.147867835882996
47,25,0,1,0.148474950266065,0.198207568622344,0,1,0,0,47,5.55223809070015,0.148474950266065
48,25,0,1,0.149084768297183,0.190369614927714,0,1,0,0,48,5.54688388921461,0.149084768297183
49,25,0,1,0.149697986033211,0.186240708785901,0,1,0,0,49,5.54152954803234,0.149697986033211
50,25,0,1,0.150316151816756,0.180761332655011,0,1,0,0,50,5.53617498851789,0.150316151816756
51,25,0,1,0.150940952095241,0.183407465645867,0,1,0,0,51,5.53082012445605,0.150940952095241
52,25,0,1,0.151574073316088,0.174350716956397,0,1,0,0,52,5.52546486963157,0.151574073316088
53,25,0,1,0.15221720192672,0.176770355829505,0,1,0,0,53,5.52010913782924,0.15221720192672
54,25,0,1,0.15287202437456,0.171787787924071,0,1,0,0,54,5.51475284283381,0.15287202437456
55,25,0,1,0.15354022710703,0.159163799782069,0,1,0,0,55,5.50939589843008,0.15354022710703
56,25,0,1,0.154223507978531,0.158410329044849,0,1,0,0,56,5.50403821502787,0.154223507978531
57,25,0,1,0.154924558676274,0.159251658221247,0,1,0,0,57,5.49867940899757,0.154924558676274
58,25,0,1,0.15564782185834,0.156769082693607,0,1,0,0,58,5.49331857866002,0.15564782185834
59,25,0,1,0.156397918416813,0.156600228393018,0,1,0,0,59,5.48795476960301,0.156397918416813
60,25,0,1,0.157179469243778,0.156889990399914,0,1,0,0,60,5.48258702741436,0.157179469243778
61,25,0,1,0.157997095231322,0.159496025213773,0,1,0,0,61,5.47721439768186,0.157997095231322
62,25,0,1,0.158855417271529,0.157006609845198,0,1,0,0,62,5.47183592599331,0.158855417271529
63,25,0,1,0.159759056256484,0.154269865733799,0,1,0,0,63,5.46645065793651,0.159759056256484
64,25,0,1,0.160712729091878,0.156137884972642,0,1,0,0,64,5.46105640280982,0.160712729091878
65,25,0,1,0.161724324688425,0.159338677597798,0,1,0,0,65,5.4556101265714,0.161724324688425
66,25,0,1,0.16280555472074,0.159315904442817,0,1,0,0,66,5.45001957254407,0.16280555472074
67,25,0,1,0.163968358451244,0.161115643309108,0,1,0,0,67,5.4441895535868,0.163968358451244
68,25,0,1,0.165224675142358,0.160892072264853,0,1,0,0,68,5.43802488255854,0.165224675142358
69,25,0,1,0.166586444056502,0.163446453152635,0,1,0,0,69,5.43143037231826,0.166586444056502
70,25,0,1,0.168065604456097,0.165166525376388,0,1,0,0,70,5.42431083572492,0.168065604456097
71,25,0,1,0.169674095603562,0.166995738432077,0,1,0,0,71,5.41657108563747,0.169674095603562
72,25,0,1,0.171424282595822,0.168588924156136,0,1,0,0,72,5.40812296334987,0.171424282595822
73,25,0,1,0.173335683218715,0.169310812794795,0,1,0,0,73,5.39899636590013,0.173335683218715
74,25,0,1,0.175433750326464,0.176338685623652,0,1,0,0,74,5.389319149139,0.175433750326464
75,25,0,1,0.177744116422224,0.176201069235935,0,1,0,0,75,5.37922213403824,0.177744116422224
76,25,0,1,0.18029241400915,0.179839397335494,0,1,0,0,76,5.36883614156963,0.18029241400915
77,25,0,1,0.183104275590394,0.182774767255459,0,1,0,0,77,5.35829199270492,0.183104275590394
78,25,0,1,0.186205333669112,0.183703989051464,0,1,0,0,78,5.34772050841588,0.186205333669112
79,25,0,1,0.189621220748457,0.187932932482476,0,1,0,0,79,5.33725250967428,0.189621220748457
80,25,0,1,0.193376198733669,0.188525415981574,0,1,0,0,80,5.32699940569612,0.193376198733669
81,25,0,1,0.197481064776076,0.191378982913149,0,1,0,0,81,5.31688190460888,0.197481064776076
82,25,0,1,0.201938973573034,0.20074476513276,0,1,0,0,82,5.30671247458994,0.201938973573034
83,25,0,1,0.206752992103633,0.205542960898552,0,1,0,0,83,5.29630234146431,0.206752992103633
84,25,0,1,0.211926187346962,0.215139236993885,0,1,0,0,84,5.285462731057,0.211926187346962
85,25,0,1,0.217461626282111,0.213679448246103,0,1,0,0,85,5.27400486919302,0.217461626282111
86,25,0,1,0.22336237588817,0.221294087283803,0,1,0,0,86,5.26173998169739,0.22336237588817
87,25,0,1,0.229631503144228,0.223248735653515,0,1,0,0,87,5.24847929439512,0.229631503144228
88,25,0,1,0.236267161980444,0.237687379474557,0,1,0,0,88,5.23397275775449,0.236267161980444
89,25,0,1,0.243237186446303,0.250152284489835,0,1,0,0,89,5.21759217386172,0.243237186446303
90,25,0,1,0.250497855828063,0.262683583553571,0,1,0,0,90,5.19856523424186,0.250497855828063
91,25,0,1,0.258005426666384,0.278210087984419,0,1,0,0,91,5.17611934673772,0.258005426666384
92,25,0,1,0.265716155501929,0.29044570401449,0,1,0,0,92,5.14948191919213,0.265716155501929
93,25,0,1,0.273586298875357,0.284776846308964,0,1,0,0,93,5.1178803594479,0.273586298875357
94,25,0,1,0.281572113327329,0.293042644207957,0,1,0,0,94,5.08054207534786,0.281572113327329
95,25,0,1,0.289629855398507,0.28729741025757,0,1,0,0,95,5.03669447473483,0.289629855398507
40,10,1,1,0.144261158303264,0.148219388229573,0,0,40,0,0,5.46359806380867,0.144261158303264
41,10,1,1,0.144859837558091,0.168616516306335,0,0,41,0,0,5.45824432305154,0.144859837558091
42,10,1,1,0.145458996129077,0.163553743899242,0,0,42,0,0,5.4528905584711,0.145458996129077
43,10,1,1,0.146059004631642,0.172545068527219,0,0,43,0,0,5.44753675607065,0.146059004631642
44,10,1,1,0.146660233681203,0.213213382397795,0,0,44,0,0,5.44218290185355,0.146660233681203
45,10,1,1,0.147263053893182,0.20042014216336,0,0,45,0,0,5.43682898182311,0.147263053893182
46,10,1,1,0.147867835882996,0.205057349846699,0,0,46,0,0,5.43147498198267,0.147867835882996
47,10,1,1,0.148474950266065,0.198207568622344,0,0,47,0,0,5.42612088833556,0.148474950266065
48,10,1,1,0.149084768297183,0.190369614927714,0,0,48,0,0,5.42076668685003,0.149084768297183
49,10,1,1,0.149697986033211,0.186240708785901,0,0,49,0,0,5.41541234566776,0.149697986033211
50,10,1,1,0.150316151816756,0.180761332655011,0,0,50,0,0,5.41005778615331,0.150316151816756
51,10,1,1,0.150940952095241,0.183407465645867,0,0,51,0,0,5.40470292209147,0.150940952095241
52,10,1,1,0.151574073316088,0.174350716956397,0,0,52,0,0,5.39934766726699,0.151574073316088
53,10,1,1,0.15221720192672,0.176770355829505,0,0,53,0,0,5.39399193546465,0.15221720192672
54,10,1,1,0.15287202437456,0.171787787924071,0,0,54,0,0,5.38863564046923,0.15287202437456
55,10,1,1,0.15354022710703,0.159163799782069,0,0,55,0,0,5.38327869606549,0.15354022710703
56,10,1,1,0.154223507978531,0.158410329044849,0,0,56,0,0,5.37792101266329,0.154223507978531
57,10,1,1,0.154924558676274,0.159251658221247,0,0,57,0,0,5.37256220663299,0.154924558676274
58,10,1,1,0.15564782185834,0.156769082693607,0,0,58,0,0,5.36720137629544,0.15564782185834
59,10,1,1,0.156397918416813,0.156600228393018,0,0,59,0,0,5.36183756723843,0.156397918416813
60,10,1,1,0.157179469243778,0.156889990399914,0,0,60,0,0,5.35646982504978,0.157179469243778
61,10,1,1,0.157997095231322,0.159496025213773,0,0,61,0,0,5.35109719531728,0.157997095231322
62,10,1,1,0.158855417271529,0.157006609845198,0,0,62,0,0,5.34571872362872,0.158855417271529
63,10,1,1,0.159759056256484,0.154269865733799,0,0,63,0,0,5.34033345557193,0.159759056256484
64,10,1,1,0.160712729091878,0.156137884972642,0,0,64,0,0,5.33493920044524,0.160712729091878
65,10,1,1,0.161724324688425,0.159338677597798,0,0,65,0,0,5.32949292420682,0.161724324688425
66,10,1,1,0.16280555472074,0.159315904442817,0,0,66,0,0,5.32390237017949,0.16280555472074
67,10,1,1,0.163968358451244,0.161115643309108,0,0,67,0,0,5.31807235122222,0.163968358451244
68,10,1,1,0.165224675142358,0.160892072264853,0,0,68,0,0,5.31190768019396,0.165224675142358
69,10,1,1,0.166586444056502,0.163446453152635,0,0,69,0,0,5.30531316995368,0.166586444056502
70,10,1,1,0.168065604456097,0.165166525376388,0,0,70,0,0,5.29819363336034,0.168065604456097
71,10,1,1,0.169674095603562,0.166995738432077,0,0,71,0,0,5.29045388327289,0.169674095603562
72,10,1,1,0.171424282595822,0.168588924156136,0,0,72,0,0,5.28200576098529,0.171424282595822
73,10,1,1,0.173335683218715,0.169310812794795,0,0,73,0,0,5.27287916353555,0.173335683218715
74,10,1,1,0.175433750326464,0.176338685623652,0,0,74,0,0,5.26320194677442,0.175433750326464
75,10,1,1,0.177744116422224,0.176201069235935,0,0,75,0,0,5.25310493167366,0.177744116422224
76,10,1,1,0.18029241400915,0.179839397335494,0,0,76,0,0,5.24271893920505,0.18029241400915
77,10,1,1,0.183104275590394,0.182774767255459,0,0,77,0,0,5.23217479034034,0.183104275590394
78,10,1,1,0.186205333669112,0.183703989051464,0,0,78,0,0,5.2216033060513,0.186205333669112
79,10,1,1,0.189621220748457,0.187932932482476,0,0,79,0,0,5.2111353073097,0.189621220748457
80,10,1,1,0.193376198733669,0.188525415981574,0,0,80,0,0,5.20088220333154,0.193376198733669
81,10,1,1,0.197481064776076,0.191378982913149,0,0,81,0,0,5.1907647022443,0.197481064776076
82,10,1,1,0.201938973573034,0.20074476513276,0,0,82,0,0,5.18059527222536,0.201938973573034
83,10,1,1,0.206752992103633,0.205542960898552,0,0,83,0,0,5.17018513909973,0.206752992103633
84,10,1,1,0.211926187346962,0.215139236993885,0,0,84,0,0,5.15934552869242,0.211926187346962
85,10,1,1,0.217461626282111,0.213679448246103,0,0,85,0,0,5.14788766682844,0.217461626282111
86,10,1,1,0.22336237588817,0.221294087283803,0,0,86,0,0,5.13562277933281,0.22336237588817
87,10,1,1,0.229631503144228,0.223248735653515,0,0,87,0,0,5.12236209203054,0.229631503144228
88,10,1,1,0.236267161980444,0.237687379474557,0,0,88,0,0,5.1078555553899,0.236267161980444
89,10,1,1,0.243237186446303,0.250152284489835,0,0,89,0,0,5.09147497149714,0.243237186446303
90,10,1,1,0.250497855828063,0.262683583553571,0,0,90,0,0,5.07244803187728,0.250497855828063
91,10,1,1,0.258005426666384,0.278210087984419,0,0,91,0,0,5.05000214437314,0.258005426666384
92,10,1,1,0.265716155501929,0.29044570401449,0,0,92,0,0,5.02336471682754,0.265716155501929
93,10,1,1,0.273586298875357,0.284776846308964,0,0,93,0,0,4.99176315708332,0.273586298875357
94,10,1,1,0.281572113327329,0.293042644207957,0,0,94,0,0,4.95442487298328,0.281572113327329
95,10,1,1,0.289629855398507,0.28729741025757,0,0,95,0,0,4.91057727237025,0.289629855398507
40,11,1,1,0.144261158303264,0.148219388229573,0,0,40,0,0,5.47573768731186,0.144261158303264
41,11,1,1,0.144859837558091,0.168616516306335,0,0,41,0,0,5.47038394655474,0.144859837558091
42,11,1,1,0.145458996129077,0.163553743899242,0,0,42,0,0,5.4650301819743,0.145458996129077
43,11,1,1,0.146059004631642,0.172545068527219,0,0,43,0,0,5.45967637957385,0.146059004631642
44,11,1,1,0.146660233681203,0.213213382397795,0,0,44,0,0,5.45432252535675,0.146660233681203
45,11,1,1,0.147263053893182,0.20042014216336,0,0,45,0,0,5.44896860532631,0.147263053893182
46,11,1,1,0.147867835882996,0.205057349846699,0,0,46,0,0,5.44361460548587,0.147867835882996
47,11,1,1,0.148474950266065,0.198207568622344,0,0,47,0,0,5.43826051183876,0.148474950266065
48,11,1,1,0.149084768297183,0.190369614927714,0,0,48,0,0,5.43290631035322,0.149084768297183
49,11,1,1,0.149697986033211,0.186240708785901,0,0,49,0,0,5.42755196917095,0.149697986033211
50,11,1,1,0.150316151816756,0.180761332655011,0,0,50,0,0,5.42219740965651,0.150316151816756
51,11,1,1,0.150940952095241,0.183407465645867,0,0,51,0,0,5.41684254559466,0.150940952095241
52,11,1,1,0.151574073316088,0.174350716956397,0,0,52,0,0,5.41148729077019,0.151574073316088
53,11,1,1,0.15221720192672,0.176770355829505,0,0,53,0,0,5.40613155896785,0.15221720192672
54,11,1,1,0.15287202437456,0.171787787924071,0,0,54,0,0,5.40077526397243,0.15287202437456
55,11,1,1,0.15354022710703,0.159163799782069,0,0,55,0,0,5.39541831956869,0.15354022710703
56,11,1,1,0.154223507978531,0.158410329044849,0,0,56,0,0,5.39006063616649,0.154223507978531
57,11,1,1,0.154924558676274,0.159251658221247,0,0,57,0,0,5.38470183013619,0.154924558676274
58,11,1,1,0.15564782185834,0.156769082693607,0,0,58,0,0,5.37934099979863,0.15564782185834
59,11,1,1,0.156397918416813,0.156600228393018,0,0,59,0,0,5.37397719074163,0.156397918416813
60,11,1,1,0.157179469243778,0.156889990399914,0,0,60,0,0,5.36860944855297,0.157179469243778
61,11,1,1,0.157997095231322,0.159496025213773,0,0,61,0,0,5.36323681882047,0.157997095231322
62,11,1,1,0.158855417271529,0.157006609845198,0,0,62,0,0,5.35785834713192,0.158855417271529
63,11,1,1,0.159759056256484,0.154269865733799,0,0,63,0,0,5.35247307907512,0.159759056256484
64,11,1,1,0.160712729091878,0.156137884972642,0,0,64,0,0,5.34707882394844,0.160712729091878
65,11,1,1,0.161724324688425,0.159338677597798,0,0,65,0,0,5.34163254771001,0.161724324688425
66,11,1,1,0.16280555472074,0.159315904442817,0,0,66,0,0,5.33604199368269,0.16280555472074
67,11,1,1,0.163968358451244,0.161115643309108,0,0,67,0,0,5.33021197472542,0.163968358451244
68,11,1,1,0.165224675142358,0.160892072264853,0,0,68,0,0,5.32404730369716,0.165224675142358
69,11,1,1,0.166586444056502,0.163446453152635,0,0,69,0,0,5.31745279345688,0.166586444056502
70,11,1,1,0.168065604456097,0.165166525376388,0,0,70,0,0,5.31033325686354,0.168065604456097
71,11,1,1,0.169674095603562,0.166995738432077,0,0,71,0,0,5.30259350677609,0.169674095603562
72,11,1,1,0.171424282595822,0.168588924156136,0,0,72,0,0,5.29414538448849,0.171424282595822
73,11,1,1,0.173335683218715,0.169310812794795,0,0,73,0,0,5.28501878703874,0.173335683218715
74,11,1,1,0.175433750326464,0.176338685623652,0,0,74,0,0,5.27534157027761,0.175433750326464
75,11,1,1,0.177744116422224,0.176201069235935,0,0,75,0,0,5.26524455517686,0.177744116422224
76,11,1,1,0.18029241400915,0.179839397335494,0,0,76,0,0,5.25485856270824,0.18029241400915
77,11,1,1,0.183104275590394,0.182774767255459,0,0,77,0,0,5.24431441384353,0.183104275590394
78,11,1,1,0.186205333669112,0.183703989051464,0,0,78,0,0,5.2337429295545,0.186205333669112
79,11,1,1,0.189621220748457,0.187932932482476,0,0,79,0,0,5.22327493081289,0.189621220748457
80,11,1,1,0.193376198733669,0.188525415981574,0,0,80,0,0,5.21302182683474,0.193376198733669
81,11,1,1,0.197481064776076,0.191378982913149,0,0,81,0,0,5.2029043257475,0.197481064776076
82,11,1,1,0.201938973573034,0.20074476513276,0,0,82,0,0,5.19273489572856,0.201938973573034
83,11,1,1,0.206752992103633,0.205542960898552,0,0,83,0,0,5.18232476260292,0.206752992103633
84,11,1,1,0.211926187346962,0.215139236993885,0,0,84,0,0,5.17148515219561,0.211926187346962
85,11,1,1,0.217461626282111,0.213679448246103,0,0,85,0,0,5.16002729033164,0.217461626282111
86,11,1,1,0.22336237588817,0.221294087283803,0,0,86,0,0,5.14776240283601,0.22336237588817
87,11,1,1,0.229631503144228,0.223248735653515,0,0,87,0,0,5.13450171553373,0.229631503144228
88,11,1,1,0.236267161980444,0.237687379474557,0,0,88,0,0,5.1199951788931,0.236267161980444
89,11,1,1,0.243237186446303,0.250152284489835,0,0,89,0,0,5.10361459500034,0.243237186446303
90,11,1,1,0.250497855828063,0.262683583553571,0,0,90,0,0,5.08458765538048,0.250497855828063
91,11,1,1,0.258005426666384,0.278210087984419,0,0,91,0,0,5.06214176787634,0.258005426666384
92,11,1,1,0.265716155501929,0.29044570401449,0,0,92,0,0,5.03550434033074,0.265716155501929
93,11,1,1,0.273586298875357,0.284776846308964,0,0,93,0,0,5.00390278058651,0.273586298875357
94,11,1,1,0.281572113327329,0.293042644207957,0,0,94,0,0,4.96656449648647,0.281572113327329
95,11,1,1,0.289629855398507,0.28729741025757,0,0,95,0,0,4.92271689587344,0.289629855398507
40,12,1,1,0.144261158303264,0.148219388229573,0,0,40,0,0,5.48787731081506,0.144261158303264
41,12,1,1,0.144859837558091,0.168616516306335,0,0,41,0,0,5.48252357005794,0.144859837558091
42,12,1,1,0.145458996129077,0.163553743899242,0,0,42,0,0,5.47716980547749,0.145458996129077
43,12,1,1,0.146059004631642,0.172545068527219,0,0,43,0,0,5.47181600307705,0.146059004631642
44,12,1,1,0.146660233681203,0.213213382397795,0,0,44,0,0,5.46646214885994,0.146660233681203
45,12,1,1,0.147263053893182,0.20042014216336,0,0,45,0,0,5.4611082288295,0.147263053893182
46,12,1,1,0.147867835882996,0.205057349846699,0,0,46,0,0,5.45575422898907,0.147867835882996
47,12,1,1,0.148474950266065,0.198207568622344,0,0,47,0,0,5.45040013534196,0.148474950266065
48,12,1,1,0.149084768297183,0.190369614927714,0,0,48,0,0,5.44504593385642,0.149084768297183
49,12,1,1,0.149697986033211,0.186240708785901,0,0,49,0,0,5.43969159267415,0.149697986033211
50,12,1,1,0.150316151816756,0.180761332655011,0,0,50,0,0,5.43433703315971,0.150316151816756
51,12,1,1,0.150940952095241,0.183407465645867,0,0,51,0,0,5.42898216909786,0.150940952095241
52,12,1,1,0.151574073316088,0.174350716956397,0,0,52,0,0,5.42362691427338,0.151574073316088
53,12,1,1,0.15221720192672,0.176770355829505,0,0,53,0,0,5.41827118247105,0.15221720192672
54,12,1,1,0.15287202437456,0.171787787924071,0,0,54,0,0,5.41291488747563,0.15287202437456
55,12,1,1,0.15354022710703,0.159163799782069,0,0,55,0,0,5.40755794307189,0.15354022710703
56,12,1,1,0.154223507978531,0.158410329044849,0,0,56,0,0,5.40220025966969,0.154223507978531
57,12,1,1,0.154924558676274,0.159251658221247,0,0,57,0,0,5.39684145363938,0.154924558676274
58,12,1,1,0.15564782185834,0.156769082693607,0,0,58,0,0,5.39148062330183,0.15564782185834
59,12,1,1,0.156397918416813,0.156600228393018,0,0,59,0,0,5.38611681424483,0.156397918416813
60,12,1,1,0.157179469243778,0.156889990399914,0,0,60,0,0,5.38074907205617,0.157179469243778
61,12,1,1,0.157997095231322,0.159496025213773,0,0,61,0,0,5.37537644232367,0.157997095231322
62,12,1,1,0.158855417271529,0.157006609845198,0,0,62,0,0,5.36999797063512,0.158855417271529
63,12,1,1,0.159759056256484,0.154269865733799,0,0,63,0,0,5.36461270257832,0.159759056256484
64,12,1,1,0.160712729091878,0.156137884972642,0,0,64,0,0,5.35921844745163,0.160712729091878
65,12,1,1,0.161724324688425,0.159338677597798,0,0,65,0,0,5.35377217121321,0.161724324688425
66,12,1,1,0.16280555472074,0.159315904442817,0,0,66,0,0,5.34818161718588,0.16280555472074
67,12,1,1,0.163968358451244,0.161115643309108,0,0,67,0,0,5.34235159822861,0.163968358451244
68,12,1,1,0.165224675142358,0.160892072264853,0,0,68,0,0,5.33618692720036,0.165224675142358
69,12,1,1,0.166586444056502,0.163446453152635,0,0,69,0,0,5.32959241696008,0.166586444056502
70,12,1,1,0.168065604456097,0.165166525376388,0,0,70,0,0,5.32247288036673,0.168065604456097
71,12,1,1,0.169674095603562,0.166995738432077,0,0,71,0,0,5.31473313027928,0.169674095603562
72,12,1,1,0.171424282595822,0.168588924156136,0,0,72,0,0,5.30628500799168,0.171424282595822
73,12,1,1,0.173335683218715,0.169310812794795,0,0,73,0,0,5.29715841054194,0.173335683218715
74,12,1,1,0.175433750326464,0.176338685623652,0,0,74,0,0,5.28748119378081,0.175433750326464
75,12,1,1,0.177744116422224,0.176201069235935,0,0,75,0,0,5.27738417868005,0.177744116422224
76,12,1,1,0.18029241400915,0.179839397335494,0,0,76,0,0,5.26699818621144,0.18029241400915
77,12,1,1,0.183104275590394,0.182774767255459,0,0,77,0,0,5.25645403734673,0.183104275590394
78,12,1,1,0.186205333669112,0.183703989051464,0,0,78,0,0,5.24588255305769,0.186205333669112
79,12,1,1,0.189621220748457,0.187932932482476,0,0,79,0,0,5.23541455431609,0.189621220748457
80,12,1,1,0.193376198733669,0.188525415981574,0,0,80,0,0,5.22516145033793,0.193376198733669
81,12,1,1,0.197481064776076,0.191378982913149,0,0,81,0,0,5.21504394925069,0.197481064776076
82,12,1,1,0.201938973573034,0.20074476513276,0,0,82,0,0,5.20487451923175,0.201938973573034
83,12,1,1,0.206752992103633,0.205542960898552,0,0,83,0,0,5.19446438610612,0.206752992103633
84,12,1,1,0.211926187346962,0.215139236993885,0,0,84,0,0,5.18362477569881,0.211926187346962
85,12,1,1,0.217461626282111,0.213679448246103,0,0,85,0,0,5.17216691383483,0.217461626282111
86,12,1,1,0.22336237588817,0.221294087283803,0,0,86,0,0,5.1599020263392,0.22336237588817
87,12,1,1,0.229631503144228,0.223248735653515,0,0,87,0,0,5.14664133903693,0.229631503144228
88,12,1,1,0.236267161980444,0.237687379474557,0,0,88,0,0,5.1321348023963,0.236267161980444
89,12,1,1,0.243237186446303,0.250152284489835,0,0,89,0,0,5.11575421850354,0.243237186446303
90,12,1,1,0.250497855828063,0.262683583553571,0,0,90,0,0,5.09672727888367,0.250497855828063
91,12,1,1,0.258005426666384,0.278210087984419,0,0,91,0,0,5.07428139137953,0.258005426666384
92,12,1,1,0.265716155501929,0.29044570401449,0,0,92,0,0,5.04764396383394,0.265716155501929
93,12,1,1,0.273586298875357,0.284776846308964,0,0,93,0,0,5.01604240408971,0.273586298875357
94,12,1,1,0.281572113327329,0.293042644207957,0,0,94,0,0,4.97870411998967,0.281572113327329
95,12,1,1,0.289629855398507,0.28729741025757,0,0,95,0,0,4.93485651937664,0.289629855398507
40,13,1,1,0.144261158303264,0.148219388229573,1,0,40,40,0,5.50001693431826,0.144261158303264
41,13,1,1,0.144859837558091,0.168616516306335,1,0,41,41,0,5.49466319356114,0.144859837558091
42,13,1,1,0.145458996129077,0.163553743899242,1,0,42,42,0,5.48930942898069,0.145458996129077
43,13,1,1,0.146059004631642,0.172545068527219,1,0,43,43,0,5.48395562658025,0.146059004631642
44,13,1,1,0.146660233681203,0.213213382397795,1,0,44,44,0,5.47860177236314,0.146660233681203
45,13,1,1,0.147263053893182,0.20042014216336,1,0,45,45,0,5.4732478523327,0.147263053893182
46,13,1,1,0.147867835882996,0.205057349846699,1,0,46,46,0,5.46789385249226,0.147867835882996
47,13,1,1,0.148474950266065,0.198207568622344,1,0,47,47,0,5.46253975884515,0.148474950266065
48,13,1,1,0.149084768297183,0.190369614927714,1,0,48,48,0,5.45718555735962,0.149084768297183
49,13,1,1,0.149697986033211,0.186240708785901,1,0,49,49,0,5.45183121617735,0.149697986033211
50,13,1,1,0.150316151816756,0.180761332655011,1,0,50,50,0,5.4464766566629,0.150316151816756
51,13,1,1,0.150940952095241,0.183407465645867,1,0,51,51,0,5.44112179260106,0.150940952095241
52,13,1,1,0.151574073316088,0.174350716956397,1,0,52,52,0,5.43576653777658,0.151574073316088
53,13,1,1,0.15221720192672,0.176770355829505,1,0,53,53,0,5.43041080597425,0.15221720192672
54,13,1,1,0.15287202437456,0.171787787924071,1,0,54,54,0,5.42505451097882,0.15287202437456
55,13,1,1,0.15354022710703,0.159163799782069,1,0,55,55,0,5.41969756657508,0.15354022710703
56,13,1,1,0.154223507978531,0.158410329044849,1,0,56,56,0,5.41433988317288,0.154223507978531
57,13,1,1,0.154924558676274,0.159251658221247,1,0,57,57,0,5.40898107714258,0.154924558676274
58,13,1,1,0.15564782185834,0.156769082693607,1,0,58,58,0,5.40362024680503,0.15564782185834
59,13,1,1,0.156397918416813,0.156600228393018,1,0,59,59,0,5.39825643774802,0.156397918416813
60,13,1,1,0.157179469243778,0.156889990399914,1,0,60,60,0,5.39288869555937,0.157179469243778
61,13,1,1,0.157997095231322,0.159496025213773,1,0,61,61,0,5.38751606582687,0.157997095231322
62,13,1,1,0.158855417271529,0.157006609845198,1,0,62,62,0,5.38213759413832,0.158855417271529
63,13,1,1,0.159759056256484,0.154269865733799,1,0,63,63,0,5.37675232608152,0.159759056256484
64,13,1,1,0.160712729091878,0.156137884972642,1,0,64,64,0,5.37135807095483,0.160712729091878
65,13,1,1,0.161724324688425,0.159338677597798,1,0,65,65,0,5.36591179471641,0.161724324688425
66,13,1,1,0.16280555472074,0.159315904442817,1,0,66,66,0,5.36032124068908,0.16280555472074
67,13,1,1,0.163968358451244,0.161115643309108,1,0,67,67,0,5.35449122173181,0.163968358451244
68,13,1,1,0.165224675142358,0.160892072264853,1,0,68,68,0,5.34832655070355,0.165224675142358
69,13,1,1,0.166586444056502,0.163446453152635,1,0,69,69,0,5.34173204046327,0.166586444056502
70,13,1,1,0.168065604456097,0.165166525376388,1,0,70,70,0,5.33461250386993,0.168065604456097
71,13,1,1,0.169674095603562,0.166995738432077,1,0,71,71,0,5.32687275378248,0.169674095603562
72,13,1,1,0.171424282595822,0.168588924156136,1,0,72,72,0,5.31842463149488,0.171424282595822
73,13,1,1,0.173335683218715,0.169310812794795,1,0,73,73,0,5.30929803404514,0.173335683218715
74,13,1,1,0.175433750326464,0.176338685623652,1,0,74,74,0,5.29962081728401,0.175433750326464
75,13,1,1,0.177744116422224,0.176201069235935,1,0,75,75,0,5.28952380218325,0.177744116422224
76,13,1,1,0.18029241400915,0.179839397335494,1,0,76,76,0,5.27913780971464,0.18029241400915
77,13,1,1,0.183104275590394,0.182774767255459,1,0,77,77,0,5.26859366084993,0.183104275590394
78,13,1,1,0.186205333669112,0.183703989051464,1,0,78,78,0,5.25802217656089,0.186205333669112
79,13,1,1,0.189621220748457,0.187932932482476,1,0,79,79,0,5.24755417781929,0.189621220748457
80,13,1,1,0.193376198733669,0.188525415981574,1,0,80,80,0,5.23730107384113,0.193376198733669
81,13,1,1,0.197481064776076,0.191378982913149,1,0,81,81,0,5.22718357275389,0.197481064776076
82,13,1,1,0.201938973573034,0.20074476513276,1,0,82,82,0,5.21701414273495,0.201938973573034
83,13,1,1,0.206752992103633,0.205542960898552,1,0,83,83,0,5.20660400960932,0.206752992103633
84,13,1,1,0.211926187346962,0.215139236993885,1,0,84,84,0,5.19576439920201,0.211926187346962
85,13,1,1,0.217461626282111,0.213679448246103,1,0,85,85,0,5.18430653733803,0.217461626282111
86,13,1,1,0.22336237588817,0.221294087283803,1,0,86,86,0,5.1720416498424,0.22336237588817
87,13,1,1,0.229631503144228,0.223248735653515,1,0,87,87,0,5.15878096254013,0.229631503144228
88,13,1,1,0.236267161980444,0.237687379474557,1,0,88,88,0,5.1442744258995,0.236267161980444
89,13,1,1,0.243237186446303,0.250152284489835,1,0,89,89,0,5.12789384200673,0.243237186446303
90,13,1,1,0.250497855828063,0.262683583553571,1,0,90,90,0,5.10886690238687,0.250497855828063
91,13,1,1,0.258005426666384,0.278210087984419,1,0,91,91,0,5.08642101488273,0.258005426666384
92,13,1,1,0.265716155501929,0.29044570401449,1,0,92,92,0,5.05978358733713,0.265716155501929
93,13,1,1,0.273586298875357,0.284776846308964,1,0,93,93,0,5.02818202759291,0.273586298875357
94,13,1,1,0.281572113327329,0.293042644207957,1,0,94,94,0,4.99084374349287,0.281572113327329
95,13,1,1,0.289629855398507,0.28729741025757,1,0,95,95,0,4.94699614287984,0.289629855398507
40,14,1,1,0.144261158303264,0.148219388229573,1,0,40,40,0,5.51215655782145,0.144261158303264
41,14,1,1,0.144859837558091,0.168616516306335,1,0,41,41,0,5.50680281706433,0.144859837558091
42,14,1,1,0.145458996129077,0.163553743899242,1,0,42,42,0,5.50144905248389,0.145458996129077
43,14,1,1,0.146059004631642,0.172545068527219,1,0,43,43,0,5.49609525008344,0.146059004631642
44,14,1,1,0.146660233681203,0.213213382397795,1,0,44,44,0,5.49074139586634,0.146660233681203
45,14,1,1,0.147263053893182,0.20042014216336,1,0,45,45,0,5.4853874758359,0.147263053893182
46,14,1,1,0.147867835882996,0.205057349846699,1,0,46,46,0,5.48003347599546,0.147867835882996
47,14,1,1,0.148474950266065,0.198207568622344,1,0,47,47,0,5.47467938234835,0.148474950266065
48,14,1,1,0.149084768297183,0.190369614927714,1,0,48,48,0,5.46932518086281,0.149084768297183
49,14,1,1,0.149697986033211,0.186240708785901,1,0,49,49,0,5.46397083968054,0.149697986033211
50,14,1,1,0.150316151816756,0.180761332655011,1,0,50,50,0,5.4586162801661,0.150316151816756
51,14,1,1,0.150940952095241,0.183407465645867,1,0,51,51,0,5.45326141610425,0.150940952095241
52,14,1,1,0.151574073316088,0.174350716956397,1,0,52,52,0,5.44790616127978,0.151574073316088
53,14,1,1,0.15221720192672,0.176770355829505,1,0,53,53,0,5.44255042947744,0.15221720192672
54,14,1,1,0.15287202437456,0.171787787924071,1,0,54,54,0,5.43719413448202,0.15287202437456
55,14,1,1,0.15354022710703,0.159163799782069,1,0,55,55,0,5.43183719007828,0.15354022710703
56,14,1,1,0.154223507978531,0.158410329044849,1,0,56,56,0,5.42647950667608,0.154223507978531
57,14,1,1,0.154924558676274,0.159251658221247,1,0,57,57,0,5.42112070064578,0.154924558676274
58,14,1,1,0.15564782185834,0.156769082693607,1,0,58,58,0,5.41575987030822,0.15564782185834
59,14,1,1,0.156397918416813,0.156600228393018,1,0,59,59,0,5.41039606125122,0.156397918416813
60,14,1,1,0.157179469243778,0.156889990399914,1,0,60,60,0,5.40502831906257,0.157179469243778
61,14,1,1,0.157997095231322,0.159496025213773,1,0,61,61,0,5.39965568933006,0.157997095231322
62,14,1,1,0.158855417271529,0.157006609845198,1,0,62,62,0,5.39427721764151,0.158855417271529
63,14,1,1,0.159759056256484,0.154269865733799,1,0,63,63,0,5.38889194958472,0.159759056256484
64,14,1,1,0.160712729091878,0.156137884972642,1,0,64,64,0,5.38349769445803,0.160712729091878
65,14,1,1,0.161724324688425,0.159338677597798,1,0,65,65,0,5.3780514182196,0.161724324688425
66,14,1,1,0.16280555472074,0.159315904442817,1,0,66,66,0,5.37246086419228,0.16280555472074
67,14,1,1,0.163968358451244,0.161115643309108,1,0,67,67,0,5.36663084523501,0.163968358451244
68,14,1,1,0.165224675142358,0.160892072264853,1,0,68,68,0,5.36046617420675,0.165224675142358
69,14,1,1,0.166586444056502,0.163446453152635,1,0,69,69,0,5.35387166396647,0.166586444056502
70,14,1,1,0.168065604456097,0.165166525376388,1,0,70,70,0,5.34675212737313,0.168065604456097
71,14,1,1,0.169674095603562,0.166995738432077,1,0,71,71,0,5.33901237728568,0.169674095603562
72,14,1,1,0.171424282595822,0.168588924156136,1,0,72,72,0,5.33056425499808,0.171424282595822
73,14,1,1,0.173335683218715,0.169310812794795,1,0,73,73,0,5.32143765754833,0.173335683218715
74,14,1,1,0.175433750326464,0.176338685623652,1,0,74,74,0,5.3117604407872,0.175433750326464
75,14,1,1,0.177744116422224,0.176201069235935,1,0,75,75,0,5.30166342568645,0.177744116422224
76,14,1,1,0.18029241400915,0.179839397335494,1,0,76,76,0,5.29127743321783,0.18029241400915
77,14,1,1,0.183104275590394,0.182774767255459,1,0,77,77,0,5.28073328435312,0.183104275590394
78,14,1,1,0.186205333669112,0.183703989051464,1,0,78,78,0,5.27016180006409,0.186205333669112
79,14,1,1,0.189621220748457,0.187932932482476,1,0,79,79,0,5.25969380132249,0.189621220748457
80,14,1,1,0.193376198733669,0.188525415981574,1,0,80,80,0,5.24944069734433,0.193376198733669
81,14,1,1,0.197481064776076,0.191378982913149,1,0,81,81,0,5.23932319625709,0.197481064776076
82,14,1,1,0.201938973573034,0.20074476513276,1,0,82,82,0,5.22915376623815,0.201938973573034
83,14,1,1,0.206752992103633,0.205542960898552,1,0,83,83,0,5.21874363311251,0.206752992103633
84,14,1,1,0.211926187346962,0.215139236993885,1,0,84,84,0,5.2079040227052,0.211926187346962
85,14,1,1,0.217461626282111,0.213679448246103,1,0,85,85,0,5.19644616084123,0.217461626282111
86,14,1,1,0.22336237588817,0.221294087283803,1,0,86,86,0,5.1841812733456,0.22336237588817
87,14,1,1,0.229631503144228,0.223248735653515,1,0,87,87,0,5.17092058604333,0.229631503144228
88,14,1,1,0.236267161980444,0.237687379474557,1,0,88,88,0,5.15641404940269,0.236267161980444
89,14,1,1,0.243237186446303,0.250152284489835,1,0,89,89,0,5.14003346550993,0.243237186446303
90,14,1,1,0.250497855828063,0.262683583553571,1,0,90,90,0,5.12100652589007,0.250497855828063
91,14,1,1,0.258005426666384,0.278210087984419,1,0,91,91,0,5.09856063838593,0.258005426666384
92,14,1,1,0.265716155501929,0.29044570401449,1,0,92,92,0,5.07192321084033,0.265716155501929
93,14,1,1,0.273586298875357,0.284776846308964,1,0,93,93,0,5.0403216510961,0.273586298875357
94,14,1,1,0.281572113327329,0.293042644207957,1,0,94,94,0,5.00298336699606,0.281572113327329
95,14,1,1,0.289629855398507,0.28729741025757,1,0,95,95,0,4.95913576638303,0.289629855398507
40,15,1,1,0.144261158303264,0.148219388229573,1,0,40,40,0,5.52429618132465,0.144261158303264
41,15,1,1,0.144859837558091,0.168616516306335,1,0,41,41,0,5.51894244056753,0.144859837558091
42,15,1,1,0.145458996129077,0.163553743899242,1,0,42,42,0,5.51358867598708,0.145458996129077
43,15,1,1,0.146059004631642,0.172545068527219,1,0,43,43,0,5.50823487358664,0.146059004631642
44,15,1,1,0.146660233681203,0.213213382397795,1,0,44,44,0,5.50288101936953,0.146660233681203
45,15,1,1,0.147263053893182,0.20042014216336,1,0,45,45,0,5.4975270993391,0.147263053893182
46,15,1,1,0.147867835882996,0.205057349846699,1,0,46,46,0,5.49217309949866,0.147867835882996
47,15,1,1,0.148474950266065,0.198207568622344,1,0,47,47,0,5.48681900585155,0.148474950266065
48,15,1,1,0.149084768297183,0.190369614927714,1,0,48,48,0,5.48146480436601,0.149084768297183
49,15,1,1,0.149697986033211,0.186240708785901,1,0,49,49,0,5.47611046318374,0.149697986033211
50,15,1,1,0.150316151816756,0.180761332655011,1,0,50,50,0,5.4707559036693,0.150316151816756
51,15,1,1,0.150940952095241,0.183407465645867,1,0,51,51,0,5.46540103960745,0.150940952095241
52,15,1,1,0.151574073316088,0.174350716956397,1,0,52,52,0,5.46004578478297,0.151574073316088
53,15,1,1,0.15221720192672,0.176770355829505,1,0,53,53,0,5.45469005298064,0.15221720192672
54,15,1,1,0.15287202437456,0.171787787924071,1,0,54,54,0,5.44933375798522,0.15287202437456
55,15,1,1,0.15354022710703,0.159163799782069,1,0,55,55,0,5.44397681358148,0.15354022710703
56,15,1,1,0.154223507978531,0.158410329044849,1,0,56,56,0,5.43861913017928,0.154223507978531
57,15,1,1,0.154924558676274,0.159251658221247,1,0,57,57,0,5.43326032414897,0.154924558676274
58,15,1,1,0.15564782185834,0.156769082693607,1,0,58,58,0,5.42789949381142,0.15564782185834
59,15,1,1,0.156397918416813,0.156600228393018,1,0,59,59,0,5.42253568475442,0.156397918416813
60,15,1,1,0.157179469243778,0.156889990399914,1,0,60,60,0,5.41716794256576,0.157179469243778
61,15,1,1,0.157997095231322,0.159496025213773,1,0,61,61,0,5.41179531283326,0.157997095231322
62,15,1,1,0.158855417271529,0.157006609845198,1,0,62,62,0,5.40641684114471,0.158855417271529
63,15,1,1,0.159759056256484,0.154269865733799,1,0,63,63,0,5.40103157308791,0.159759056256484
64,15,1,1,0.160712729091878,0.156137884972642,1,0,64,64,0,5.39563731796122,0.160712729091878
65,15,1,1,0.161724324688425,0.159338677597798,1,0,65,65,0,5.3901910417228,0.161724324688425
66,15,1,1,0.16280555472074,0.159315904442817,1,0,66,66,0,5.38460048769547,0.16280555472074
67,15,1,1,0.163968358451244,0.161115643309108,1,0,67,67,0,5.3787704687382,0.163968358451244
68,15,1,1,0.165224675142358,0.160892072264853,1,0,68,68,0,5.37260579770995,0.165224675142358
69,15,1,1,0.166586444056502,0.163446453152635,1,0,69,69,0,5.36601128746967,0.166586444056502
70,15,1,1,0.168065604456097,0.165166525376388,1,0,70,70,0,5.35889175087632,0.168065604456097
71,15,1,1,0.169674095603562,0.166995738432077,1,0,71,71,0,5.35115200078887,0.169674095603562
72,15,1,1,0.171424282595822,0.168588924156136,1,0,72,72,0,5.34270387850127,0.171424282595822
73,15,1,1,0.173335683218715,0.169310812794795,1,0,73,73,0,5.33357728105153,0.173335683218715
74,15,1,1,0.175433750326464,0.176338685623652,1,0,74,74,0,5.3239000642904,0.175433750326464
75,15,1,1,0.177744116422224,0.176201069235935,1,0,75,75,0,5.31380304918965,0.177744116422224
76,15,1,1,0.18029241400915,0.179839397335494,1,0,76,76,0,5.30341705672103,0.18029241400915
77,15,1,1,0.183104275590394,0.182774767255459,1,0,77,77,0,5.29287290785632,0.183104275590394
78,15,1,1,0.186205333669112,0.183703989051464,1,0,78,78,0,5.28230142356728,0.186205333669112
79,15,1,1,0.189621220748457,0.187932932482476,1,0,79,79,0,5.27183342482568,0.189621220748457
80,15,1,1,0.193376198733669,0.188525415981574,1,0,80,80,0,5.26158032084753,0.193376198733669
81,15,1,1,0.197481064776076,0.191378982913149,1,0,81,81,0,5.25146281976029,0.197481064776076
82,15,1,1,0.201938973573034,0.20074476513276,1,0,82,82,0,5.24129338974134,0.201938973573034
83,15,1,1,0.206752992103633,0.205542960898552,1,0,83,83,0,5.23088325661571,0.206752992103633
84,15,1,1,0.211926187346962,0.215139236993885,1,0,84,84,0,5.2200436462084,0.211926187346962
85,15,1,1,0.217461626282111,0.213679448246103,1,0,85,85,0,5.20858578434442,0.217461626282111
86,15,1,1,0.22336237588817,0.221294087283803,1,0,86,86,0,5.19632089684879,0.22336237588817
87,15,1,1,0.229631503144228,0.223248735653515,1,0,87,87,0,5.18306020954652,0.229631503144228
88,15,1,1,0.236267161980444,0.237687379474557,1,0,88,88,0,5.16855367290589,0.236267161980444
89,15,1,1,0.243237186446303,0.250152284489835,1,0,89,89,0,5.15217308901313,0.243237186446303
90,15,1,1,0.250497855828063,0.262683583553571,1,0,90,90,0,5.13314614939327,0.250497855828063
91,15,1,1,0.258005426666384,0.278210087984419,1,0,91,91,0,5.11070026188912,0.258005426666384
92,15,1,1,0.265716155501929,0.29044570401449,1,0,92,92,0,5.08406283434353,0.265716155501929
93,15,1,1,0.273586298875357,0.284776846308964,1,0,93,93,0,5.0524612745993,0.273586298875357
94,15,1,1,0.281572113327329,0.293042644207957,1,0,94,94,0,5.01512299049926,0.281572113327329
95,15,1,1,0.289629855398507,0.28729741025757,1,0,95,95,0,4.97127538988623,0.289629855398507
40,16,1,1,0.144261158303264,0.148219388229573,1,0,40,40,0,5.53643580482785,0.144261158303264
41,16,1,1,0.144859837558091,0.168616516306335,1,0,41,41,0,5.53108206407073,0.144859837558091
42,16,1,1,0.145458996129077,0.163553743899242,1,0,42,42,0,5.52572829949028,0.145458996129077
43,16,1,1,0.146059004631642,0.172545068527219,1,0,43,43,0,5.52037449708984,0.146059004631642
44,16,1,1,0.146660233681203,0.213213382397795,1,0,44,44,0,5.51502064287273,0.146660233681203
45,16,1,1,0.147263053893182,0.20042014216336,1,0,45,45,0,5.50966672284229,0.147263053893182
46,16,1,1,0.147867835882996,0.205057349846699,1,0,46,46,0,5.50431272300185,0.147867835882996
47,16,1,1,0.148474950266065,0.198207568622344,1,0,47,47,0,5.49895862935475,0.148474950266065
48,16,1,1,0.149084768297183,0.190369614927714,1,0,48,48,0,5.49360442786921,0.149084768297183
49,16,1,1,0.149697986033211,0.186240708785901,1,0,49,49,0,5.48825008668694,0.149697986033211
50,16,1,1,0.150316151816756,0.180761332655011,1,0,50,50,0,5.48289552717249,0.150316151816756
51,16,1,1,0.150940952095241,0.183407465645867,1,0,51,51,0,5.47754066311065,0.150940952095241
52,16,1,1,0.151574073316088,0.174350716956397,1,0,52,52,0,5.47218540828617,0.151574073316088
53,16,1,1,0.15221720192672,0.176770355829505,1,0,53,53,0,5.46682967648384,0.15221720192672
54,16,1,1,0.15287202437456,0.171787787924071,1,0,54,54,0,5.46147338148841,0.15287202437456
55,16,1,1,0.15354022710703,0.159163799782069,1,0,55,55,0,5.45611643708468,0.15354022710703
56,16,1,1,0.154223507978531,0.158410329044849,1,0,56,56,0,5.45075875368247,0.154223507978531
57,16,1,1,0.154924558676274,0.159251658221247,1,0,57,57,0,5.44539994765217,0.154924558676274
58,16,1,1,0.15564782185834,0.156769082693607,1,0,58,58,0,5.44003911731462,0.15564782185834
59,16,1,1,0.156397918416813,0.156600228393018,1,0,59,59,0,5.43467530825761,0.156397918416813
60,16,1,1,0.157179469243778,0.156889990399914,1,0,60,60,0,5.42930756606896,0.157179469243778
61,16,1,1,0.157997095231322,0.159496025213773,1,0,61,61,0,5.42393493633646,0.157997095231322
62,16,1,1,0.158855417271529,0.157006609845198,1,0,62,62,0,5.41855646464791,0.158855417271529
63,16,1,1,0.159759056256484,0.154269865733799,1,0,63,63,0,5.41317119659111,0.159759056256484
64,16,1,1,0.160712729091878,0.156137884972642,1,0,64,64,0,5.40777694146442,0.160712729091878
65,16,1,1,0.161724324688425,0.159338677597798,1,0,65,65,0,5.402330665226,0.161724324688425
66,16,1,1,0.16280555472074,0.159315904442817,1,0,66,66,0,5.39674011119867,0.16280555472074
67,16,1,1,0.163968358451244,0.161115643309108,1,0,67,67,0,5.3909100922414,0.163968358451244
68,16,1,1,0.165224675142358,0.160892072264853,1,0,68,68,0,5.38474542121314,0.165224675142358
69,16,1,1,0.166586444056502,0.163446453152635,1,0,69,69,0,5.37815091097286,0.166586444056502
70,16,1,1,0.168065604456097,0.165166525376388,1,0,70,70,0,5.37103137437952,0.168065604456097
71,16,1,1,0.169674095603562,0.166995738432077,1,0,71,71,0,5.36329162429207,0.169674095603562
72,16,1,1,0.171424282595822,0.168588924156136,1,0,72,72,0,5.35484350200447,0.171424282595822
73,16,1,1,0.173335683218715,0.169310812794795,1,0,73,73,0,5.34571690455473,0.173335683218715
74,16,1,1,0.175433750326464,0.176338685623652,1,0,74,74,0,5.3360396877936,0.175433750326464
75,16,1,1,0.177744116422224,0.176201069235935,1,0,75,75,0,5.32594267269284,0.177744116422224
76,16,1,1,0.18029241400915,0.179839397335494,1,0,76,76,0,5.31555668022423,0.18029241400915
77,16,1,1,0.183104275590394,0.182774767255459,1,0,77,77,0,5.30501253135952,0.183104275590394
78,16,1,1,0.186205333669112,0.183703989051464,1,0,78,78,0,5.29444104707048,0.186205333669112
79,16,1,1,0.189621220748457,0.187932932482476,1,0,79,79,0,5.28397304832888,0.189621220748457
80,16,1,1,0.193376198733669,0.188525415981574,1,0,80,80,0,5.27371994435072,0.193376198733669
81,16,1,1,0.197481064776076,0.191378982913149,1,0,81,81,0,5.26360244326348,0.197481064776076
82,16,1,1,0.201938973573034,0.20074476513276,1,0,82,82,0,5.25343301324454,0.201938973573034
83,16,1,1,0.206752992103633,0.205542960898552,1,0,83,83,0,5.24302288011891,0.206752992103633
84,16,1,1,0.211926187346962,0.215139236993885,1,0,84,84,0,5.2321832697116,0.211926187346962
85,16,1,1,0.217461626282111,0.213679448246103,1,0,85,85,0,5.22072540784762,0.217461626282111
86,16,1,1,0.22336237588817,0.221294087283803,1,0,86,86,0,5.20846052035199,0.22336237588817
87,16,1,1,0.229631503144228,0.223248735653515,1,0,87,87,0,5.19519983304972,0.229631503144228
88,16,1,1,0.236267161980444,0.237687379474557,1,0,88,88,0,5.18069329640909,0.236267161980444
89,16,1,1,0.243237186446303,0.250152284489835,1,0,89,89,0,5.16431271251632,0.243237186446303
90,16,1,1,0.250497855828063,0.262683583553571,1,0,90,90,0,5.14528577289646,0.250497855828063
91,16,1,1,0.258005426666384,0.278210087984419,1,0,91,91,0,5.12283988539232,0.258005426666384
92,16,1,1,0.265716155501929,0.29044570401449,1,0,92,92,0,5.09620245784673,0.265716155501929
93,16,1,1,0.273586298875357,0.284776846308964,1,0,93,93,0,5.0646008981025,0.273586298875357
94,16,1,1,0.281572113327329,0.293042644207957,1,0,94,94,0,5.02726261400246,0.281572113327329
95,16,1,1,0.289629855398507,0.28729741025757,1,0,95,95,0,4.98341501338943,0.289629855398507
40,17,1,1,0.144261158303264,0.148219388229573,0,1,40,0,40,5.54857542833104,0.144261158303264
41,17,1,1,0.144859837558091,0.168616516306335,0,1,41,0,41,5.54322168757392,0.144859837558091
42,17,1,1,0.145458996129077,0.163553743899242,0,1,42,0,42,5.53786792299348,0.145458996129077
43,17,1,1,0.146059004631642,0.172545068527219,0,1,43,0,43,5.53251412059303,0.146059004631642
44,17,1,1,0.146660233681203,0.213213382397795,0,1,44,0,44,5.52716026637593,0.146660233681203
45,17,1,1,0.147263053893182,0.20042014216336,0,1,45,0,45,5.52180634634549,0.147263053893182
46,17,1,1,0.147867835882996,0.205057349846699,0,1,46,0,46,5.51645234650505,0.147867835882996
47,17,1,1,0.148474950266065,0.198207568622344,0,1,47,0,47,5.51109825285794,0.148474950266065
48,17,1,1,0.149084768297183,0.190369614927714,0,1,48,0,48,5.50574405137241,0.149084768297183
49,17,1,1,0.149697986033211,0.186240708785901,0,1,49,0,49,5.50038971019013,0.149697986033211
50,17,1,1,0.150316151816756,0.180761332655011,0,1,50,0,50,5.49503515067569,0.150316151816756
51,17,1,1,0.150940952095241,0.183407465645867,0,1,51,0,51,5.48968028661384,0.150940952095241
52,17,1,1,0.151574073316088,0.174350716956397,0,1,52,0,52,5.48432503178937,0.151574073316088
53,17,1,1,0.15221720192672,0.176770355829505,0,1,53,0,53,5.47896929998703,0.15221720192672
54,17,1,1,0.15287202437456,0.171787787924071,0,1,54,0,54,5.47361300499161,0.15287202437456
55,17,1,1,0.15354022710703,0.159163799782069,0,1,55,0,55,5.46825606058787,0.15354022710703
56,17,1,1,0.154223507978531,0.158410329044849,0,1,56,0,56,5.46289837718567,0.154223507978531
57,17,1,1,0.154924558676274,0.159251658221247,0,1,57,0,57,5.45753957115537,0.154924558676274
58,17,1,1,0.15564782185834,0.156769082693607,0,1,58,0,58,5.45217874081781,0.15564782185834
59,17,1,1,0.156397918416813,0.156600228393018,0,1,59,0,59,5.44681493176081,0.156397918416813
60,17,1,1,0.157179469243778,0.156889990399914,0,1,60,0,60,5.44144718957216,0.157179469243778
61,17,1,1,0.157997095231322,0.159496025213773,0,1,61,0,61,5.43607455983965,0.157997095231322
62,17,1,1,0.158855417271529,0.157006609845198,0,1,62,0,62,5.4306960881511,0.158855417271529
63,17,1,1,0.159759056256484,0.154269865733799,0,1,63,0,63,5.42531082009431,0.159759056256484
64,17,1,1,0.160712729091878,0.156137884972642,0,1,64,0,64,5.41991656496762,0.160712729091878
65,17,1,1,0.161724324688425,0.159338677597798,0,1,65,0,65,5.4144702887292,0.161724324688425
66,17,1,1,0.16280555472074,0.159315904442817,0,1,66,0,66,5.40887973470187,0.16280555472074
67,17,1,1,0.163968358451244,0.161115643309108,0,1,67,0,67,5.4030497157446,0.163968358451244
68,17,1,1,0.165224675142358,0.160892072264853,0,1,68,0,68,5.39688504471634,0.165224675142358
69,17,1,1,0.166586444056502,0.163446453152635,0,1,69,0,69,5.39029053447606,0.166586444056502
70,17,1,1,0.168065604456097,0.165166525376388,0,1,70,0,70,5.38317099788272,0.168065604456097
71,17,1,1,0.169674095603562,0.166995738432077,0,1,71,0,71,5.37543124779527,0.169674095603562
72,17,1,1,0.171424282595822,0.168588924156136,0,1,72,0,72,5.36698312550767,0.171424282595822
73,17,1,1,0.173335683218715,0.169310812794795,0,1,73,0,73,5.35785652805793,0.173335683218715
74,17,1,1,0.175433750326464,0.176338685623652,0,1,74,0,74,5.3481793112968,0.175433750326464
75,17,1,1,0.177744116422224,0.176201069235935,0,1,75,0,75,5.33808229619604,0.177744116422224
76,17,1,1,0.18029241400915,0.179839397335494,0,1,76,0,76,5.32769630372742,0.18029241400915
77,17,1,1,0.183104275590394,0.182774767255459,0,1,77,0,77,5.31715215486272,0.183104275590394
78,17,1,1,0.186205333669112,0.183703989051464,0,1,78,0,78,5.30658067057368,0.186205333669112
79,17,1,1,0.189621220748457,0.187932932482476,0,1,79,0,79,5.29611267183208,0.189621220748457
80,17,1,1,0.193376198733669,0.188525415981574,0,1,80,0,80,5.28585956785392,0.193376198733669
81,17,1,1,0.197481064776076,0.191378982913149,0,1,81,0,81,5.27574206676668,0.197481064776076
82,17,1,1,0.201938973573034,0.20074476513276,0,1,82,0,82,5.26557263674774,0.201938973573034
83,17,1,1,0.206752992103633,0.205542960898552,0,1,83,0,83,5.2551625036221,0.206752992103633
84,17,1,1,0.211926187346962,0.215139236993885,0,1,84,0,84,5.2443228932148,0.211926187346962
85,17,1,1,0.217461626282111,0.213679448246103,0,1,85,0,85,5.23286503135082,0.217461626282111
86,17,1,1,0.22336237588817,0.221294087283803,0,1,86,0,86,5.22060014385519,0.22336237588817
87,17,1,1,0.229631503144228,0.223248735653515,0,1,87,0,87,5.20733945655292,0.229631503144228
88,17,1,1,0.236267161980444,0.237687379474557,0,1,88,0,88,5.19283291991228,0.236267161980444
89,17,1,1,0.243237186446303,0.250152284489835,0,1,89,0,89,5.17645233601952,0.243237186446303
90,17,1,1,0.250497855828063,0.262683583553571,0,1,90,0,90,5.15742539639966,0.250497855828063
91,17,1,1,0.258005426666384,0.278210087984419,0,1,91,0,91,5.13497950889552,0.258005426666384
92,17,1,1,0.265716155501929,0.29044570401449,0,1,92,0,92,5.10834208134992,0.265716155501929
93,17,1,1,0.273586298875357,0.284776846308964,0,1,93,0,93,5.0767405216057,0.273586298875357
94,17,1,1,0.281572113327329,0.293042644207957,0,1,94,0,94,5.03940223750566,0.281572113327329
95,17,1,1,0.289629855398507,0.28729741025757,0,1,95,0,95,4.99555463689263,0.289629855398507
40,18,1,1,0.144261158303264,0.148219388229573,0,1,40,0,40,5.56071505183424,0.144261158303264
41,18,1,1,0.144859837558091,0.168616516306335,0,1,41,0,41,5.55536131107712,0.144859837558091
42,18,1,1,0.145458996129077,0.163553743899242,0,1,42,0,42,5.55000754649667,0.145458996129077
43,18,1,1,0.146059004631642,0.172545068527219,0,1,43,0,43,5.54465374409623,0.146059004631642
44,18,1,1,0.146660233681203,0.213213382397795,0,1,44,0,44,5.53929988987912,0.146660233681203
45,18,1,1,0.147263053893182,0.20042014216336,0,1,45,0,45,5.53394596984869,0.147263053893182
46,18,1,1,0.147867835882996,0.205057349846699,0,1,46,0,46,5.52859197000825,0.147867835882996
47,18,1,1,0.148474950266065,0.198207568622344,0,1,47,0,47,5.52323787636114,0.148474950266065
48,18,1,1,0.149084768297183,0.190369614927714,0,1,48,0,48,5.5178836748756,0.149084768297183
49,18,1,1,0.149697986033211,0.186240708785901,0,1,49,0,49,5.51252933369333,0.149697986033211
50,18,1,1,0.150316151816756,0.180761332655011,0,1,50,0,50,5.50717477417889,0.150316151816756
51,18,1,1,0.150940952095241,0.183407465645867,0,1,51,0,51,5.50181991011704,0.150940952095241
52,18,1,1,0.151574073316088,0.174350716956397,0,1,52,0,52,5.49646465529257,0.151574073316088
53,18,1,1,0.15221720192672,0.176770355829505,0,1,53,0,53,5.49110892349023,0.15221720192672
54,18,1,1,0.15287202437456,0.171787787924071,0,1,54,0,54,5.48575262849481,0.15287202437456
55,18,1,1,0.15354022710703,0.159163799782069,0,1,55,0,55,5.48039568409107,0.15354022710703
56,18,1,1,0.154223507978531,0.158410329044849,0,1,56,0,56,5.47503800068887,0.154223507978531
57,18,1,1,0.154924558676274,0.159251658221247,0,1,57,0,57,5.46967919465857,0.154924558676274
58,18,1,1,0.15564782185834,0.156769082693607,0,1,58,0,58,5.46431836432101,0.15564782185834
59,18,1,1,0.156397918416813,0.156600228393018,0,1,59,0,59,5.45895455526401,0.156397918416813
60,18,1,1,0.157179469243778,0.156889990399914,0,1,60,0,60,5.45358681307535,0.157179469243778
61,18,1,1,0.157997095231322,0.159496025213773,0,1,61,0,61,5.44821418334285,0.157997095231322
62,18,1,1,0.158855417271529,0.157006609845198,0,1,62,0,62,5.4428357116543,0.158855417271529
63,18,1,1,0.159759056256484,0.154269865733799,0,1,63,0,63,5.4374504435975,0.159759056256484
64,18,1,1,0.160712729091878,0.156137884972642,0,1,64,0,64,5.43205618847082,0.160712729091878
65,18,1,1,0.161724324688425,0.159338677597798,0,1,65,0,65,5.42660991223239,0.161724324688425
66,18,1,1,0.16280555472074,0.159315904442817,0,1,66,0,66,5.42101935820506,0.16280555472074
67,18,1,1,0.163968358451244,0.161115643309108,0,1,67,0,67,5.41518933924779,0.163968358451244
68,18,1,1,0.165224675142358,0.160892072264853,0,1,68,0,68,5.40902466821954,0.165224675142358
69,18,1,1,0.166586444056502,0.163446453152635,0,1,69,0,69,5.40243015797926,0.166586444056502
70,18,1,1,0.168065604456097,0.165166525376388,0,1,70,0,70,5.39531062138591,0.168065604456097
71,18,1,1,0.169674095603562,0.166995738432077,0,1,71,0,71,5.38757087129846,0.169674095603562
72,18,1,1,0.171424282595822,0.168588924156136,0,1,72,0,72,5.37912274901086,0.171424282595822
73,18,1,1,0.173335683218715,0.169310812794795,0,1,73,0,73,5.36999615156112,0.173335683218715
74,18,1,1,0.175433750326464,0.176338685623652,0,1,74,0,74,5.36031893479999,0.175433750326464
75,18,1,1,0.177744116422224,0.176201069235935,0,1,75,0,75,5.35022191969924,0.177744116422224
76,18,1,1,0.18029241400915,0.179839397335494,0,1,76,0,76,5.33983592723062,0.18029241400915
77,18,1,1,0.183104275590394,0.182774767255459,0,1,77,0,77,5.32929177836591,0.183104275590394
78,18,1,1,0.186205333669112,0.183703989051464,0,1,78,0,78,5.31872029407687,0.186205333669112
79,18,1,1,0.189621220748457,0.187932932482476,0,1,79,0,79,5.30825229533527,0.189621220748457
80,18,1,1,0.193376198733669,0.188525415981574,0,1,80,0,80,5.29799919135712,0.193376198733669
81,18,1,1,0.197481064776076,0.191378982913149,0,1,81,0,81,5.28788169026988,0.197481064776076
82,18,1,1,0.201938973573034,0.20074476513276,0,1,82,0,82,5.27771226025094,0.201938973573034
83,18,1,1,0.206752992103633,0.205542960898552,0,1,83,0,83,5.2673021271253,0.206752992103633
84,18,1,1,0.211926187346962,0.215139236993885,0,1,84,0,84,5.25646251671799,0.211926187346962
85,18,1,1,0.217461626282111,0.213679448246103,0,1,85,0,85,5.24500465485402,0.217461626282111
86,18,1,1,0.22336237588817,0.221294087283803,0,1,86,0,86,5.23273976735838,0.22336237588817
87,18,1,1,0.229631503144228,0.223248735653515,0,1,87,0,87,5.21947908005611,0.229631503144228
88,18,1,1,0.236267161980444,0.237687379474557,0,1,88,0,88,5.20497254341548,0.236267161980444
89,18,1,1,0.243237186446303,0.250152284489835,0,1,89,0,89,5.18859195952272,0.243237186446303
90,18,1,1,0.250497855828063,0.262683583553571,0,1,90,0,90,5.16956501990286,0.250497855828063
91,18,1,1,0.258005426666384,0.278210087984419,0,1,91,0,91,5.14711913239872,0.258005426666384
92,18,1,1,0.265716155501929,0.29044570401449,0,1,92,0,92,5.12048170485312,0.265716155501929
93,18,1,1,0.273586298875357,0.284776846308964,0,1,93,0,93,5.08888014510889,0.273586298875357
94,18,1,1,0.281572113327329,0.293042644207957,0,1,94,0,94,5.05154186100885,0.281572113327329
95,18,1,1,0.289629855398507,0.28729741025757,0,1,95,0,95,5.00769426039582,0.289629855398507
40,19,1,1,0.144261158303264,0.148219388229573,0,1,40,0,40,5.57285467533744,0.144261158303264
41,19,1,1,0.144859837558091,0.168616516306335,0,1,41,0,41,5.56750093458032,0.144859837558091
42,19,1,1,0.145458996129077,0.163553743899242,0,1,42,0,42,5.56214716999987,0.145458996129077
43,19,1,1,0.146059004631642,0.172545068527219,0,1,43,0,43,5.55679336759943,0.146059004631642
44,19,1,1,0.146660233681203,0.213213382397795,0,1,44,0,44,5.55143951338232,0.146660233681203
45,19,1,1,0.147263053893182,0.20042014216336,0,1,45,0,45,5.54608559335188,0.147263053893182
46,19,1,1,0.147867835882996,0.205057349846699,0,1,46,0,46,5.54073159351144,0.147867835882996
47,19,1,1,0.148474950266065,0.198207568622344,0,1,47,0,47,5.53537749986434,0.148474950266065
48,19,1,1,0.149084768297183,0.190369614927714,0,1,48,0,48,5.5300232983788,0.149084768297183
49,19,1,1,0.149697986033211,0.186240708785901,0,1,49,0,49,5.52466895719653,0.149697986033211
50,19,1,1,0.150316151816756,0.180761332655011,0,1,50,0,50,5.51931439768208,0.150316151816756
51,19,1,1,0.150940952095241,0.183407465645867,0,1,51,0,51,5.51395953362024,0.150940952095241
52,19,1,1,0.151574073316088,0.174350716956397,0,1,52,0,52,5.50860427879576,0.151574073316088
53,19,1,1,0.15221720192672,0.176770355829505,0,1,53,0,53,5.50324854699343,0.15221720192672
54,19,1,1,0.15287202437456,0.171787787924071,0,1,54,0,54,5.497892251998,0.15287202437456
55,19,1,1,0.15354022710703,0.159163799782069,0,1,55,0,55,5.49253530759427,0.15354022710703
56,19,1,1,0.154223507978531,0.158410329044849,0,1,56,0,56,5.48717762419207,0.154223507978531
57,19,1,1,0.154924558676274,0.159251658221247,0,1,57,0,57,5.48181881816176,0.154924558676274
58,19,1,1,0.15564782185834,0.156769082693607,0,1,58,0,58,5.47645798782421,0.15564782185834
59,19,1,1,0.156397918416813,0.156600228393018,0,1,59,0,59,5.4710941787672,0.156397918416813
60,19,1,1,0.157179469243778,0.156889990399914,0,1,60,0,60,5.46572643657855,0.157179469243778
61,19,1,1,0.157997095231322,0.159496025213773,0,1,61,0,61,5.46035380684605,0.157997095231322
62,19,1,1,0.158855417271529,0.157006609845198,0,1,62,0,62,5.4549753351575,0.158855417271529
63,19,1,1,0.159759056256484,0.154269865733799,0,1,63,0,63,5.4495900671007,0.159759056256484
64,19,1,1,0.160712729091878,0.156137884972642,0,1,64,0,64,5.44419581197401,0.160712729091878
65,19,1,1,0.161724324688425,0.159338677597798,0,1,65,0,65,5.43874953573559,0.161724324688425
66,19,1,1,0.16280555472074,0.159315904442817,0,1,66,0,66,5.43315898170826,0.16280555472074
67,19,1,1,0.163968358451244,0.161115643309108,0,1,67,0,67,5.42732896275099,0.163968358451244
68,19,1,1,0.165224675142358,0.160892072264853,0,1,68,0,68,5.42116429172274,0.165224675142358
69,19,1,1,0.166586444056502,0.163446453152635,0,1,69,0,69,5.41456978148246,0.166586444056502
70,19,1,1,0.168065604456097,0.165166525376388,0,1,70,0,70,5.40745024488911,0.168065604456097
71,19,1,1,0.169674095603562,0.166995738432077,0,1,71,0,71,5.39971049480166,0.169674095603562
72,19,1,1,0.171424282595822,0.168588924156136,0,1,72,0,72,5.39126237251406,0.171424282595822
73,19,1,1,0.173335683218715,0.169310812794795,0,1,73,0,73,5.38213577506432,0.173335683218715
74,19,1,1,0.175433750326464,0.176338685623652,0,1,74,0,74,5.37245855830319,0.175433750326464
75,19,1,1,0.177744116422224,0.176201069235935,0,1,75,0,75,5.36236154320243,0.177744116422224
76,19,1,1,0.18029241400915,0.179839397335494,0,1,76,0,76,5.35197555073382,0.18029241400915
77,19,1,1,0.183104275590394,0.182774767255459,0,1,77,0,77,5.34143140186911,0.183104275590394
78,19,1,1,0.186205333669112,0.183703989051464,0,1,78,0,78,5.33085991758007,0.186205333669112
79,19,1,1,0.189621220748457,0.187932932482476,0,1,79,0,79,5.32039191883847,0.189621220748457
80,19,1,1,0.193376198733669,0.188525415981574,0,1,80,0,80,5.31013881486031,0.193376198733669
81,19,1,1,0.197481064776076,0.191378982913149,0,1,81,0,81,5.30002131377307,0.197481064776076
82,19,1,1,0.201938973573034,0.20074476513276,0,1,82,0,82,5.28985188375413,0.201938973573034
83,19,1,1,0.206752992103633,0.205542960898552,0,1,83,0,83,5.2794417506285,0.206752992103633
84,19,1,1,0.211926187346962,0.215139236993885,0,1,84,0,84,5.26860214022119,0.211926187346962
85,19,1,1,0.217461626282111,0.213679448246103,0,1,85,0,85,5.25714427835721,0.217461626282111
86,19,1,1,0.22336237588817,0.221294087283803,0,1,86,0,86,5.24487939086158,0.22336237588817
87,19,1,1,0.229631503144228,0.223248735653515,0,1,87,0,87,5.23161870355931,0.229631503144228
88,19,1,1,0.236267161980444,0.237687379474557,0,1,88,0,88,5.21711216691868,0.236267161980444
89,19,1,1,0.243237186446303,0.250152284489835,0,1,89,0,89,5.20073158302592,0.243237186446303
90,19,1,1,0.250497855828063,0.262683583553571,0,1,90,0,90,5.18170464340605,0.250497855828063
91,19,1,1,0.258005426666384,0.278210087984419,0,1,91,0,91,5.15925875590191,0.258005426666384
92,19,1,1,0.265716155501929,0.29044570401449,0,1,92,0,92,5.13262132835632,0.265716155501929
93,19,1,1,0.273586298875357,0.284776846308964,0,1,93,0,93,5.10101976861209,0.273586298875357
94,19,1,1,0.281572113327329,0.293042644207957,0,1,94,0,94,5.06368148451205,0.281572113327329
95,19,1,1,0.289629855398507,0.28729741025757,0,1,95,0,95,5.01983388389902,0.289629855398507
40,20,1,1,0.144261158303264,0.148219388229573,0,1,40,0,40,5.58499429884064,0.144261158303264
41,20,1,1,0.144859837558091,0.168616516306335,0,1,41,0,41,5.57964055808351,0.144859837558091
42,20,1,1,0.145458996129077,0.163553743899242,0,1,42,0,42,5.57428679350307,0.145458996129077
43,20,1,1,0.146059004631642,0.172545068527219,0,1,43,0,43,5.56893299110262,0.146059004631642
44,20,1,1,0.146660233681203,0.213213382397795,0,1,44,0,44,5.56357913688552,0.146660233681203
45,20,1,1,0.147263053893182,0.20042014216336,0,1,45,0,45,5.55822521685508,0.147263053893182
46,20,1,1,0.147867835882996,0.205057349846699,0,1,46,0,46,5.55287121701464,0.147867835882996
47,20,1,1,0.148474950266065,0.198207568622344,0,1,47,0,47,5.54751712336753,0.148474950266065
48,20,1,1,0.149084768297183,0.190369614927714,0,1,48,0,48,5.542162921882,0.149084768297183
49,20,1,1,0.149697986033211,0.186240708785901,0,1,49,0,49,5.53680858069973,0.149697986033211
50,20,1,1,0.150316151816756,0.180761332655011,0,1,50,0,50,5.53145402118528,0.150316151816756
51,20,1,1,0.150940952095241,0.183407465645867,0,1,51,0,51,5.52609915712344,0.150940952095241
52,20,1,1,0.151574073316088,0.174350716956397,0,1,52,0,52,5.52074390229896,0.151574073316088
53,20,1,1,0.15221720192672,0.176770355829505,0,1,53,0,53,5.51538817049662,0.15221720192672
54,20,1,1,0.15287202437456,0.171787787924071,0,1,54,0,54,5.5100318755012,0.15287202437456
55,20,1,1,0.15354022710703,0.159163799782069,0,1,55,0,55,5.50467493109746,0.15354022710703
56,20,1,1,0.154223507978531,0.158410329044849,0,1,56,0,56,5.49931724769526,0.154223507978531
57,20,1,1,0.154924558676274,0.159251658221247,0,1,57,0,57,5.49395844166496,0.154924558676274
58,20,1,1,0.15564782185834,0.156769082693607,0,1,58,0,58,5.4885976113274,0.15564782185834
59,20,1,1,0.156397918416813,0.156600228393018,0,1,59,0,59,5.4832338022704,0.156397918416813
60,20,1,1,0.157179469243778,0.156889990399914,0,1,60,0,60,5.47786606008175,0.157179469243778
61,20,1,1,0.157997095231322,0.159496025213773,0,1,61,0,61,5.47249343034925,0.157997095231322
62,20,1,1,0.158855417271529,0.157006609845198,0,1,62,0,62,5.46711495866069,0.158855417271529
63,20,1,1,0.159759056256484,0.154269865733799,0,1,63,0,63,5.4617296906039,0.159759056256484
64,20,1,1,0.160712729091878,0.156137884972642,0,1,64,0,64,5.45633543547721,0.160712729091878
65,20,1,1,0.161724324688425,0.159338677597798,0,1,65,0,65,5.45088915923879,0.161724324688425
66,20,1,1,0.16280555472074,0.159315904442817,0,1,66,0,66,5.44529860521146,0.16280555472074
67,20,1,1,0.163968358451244,0.161115643309108,0,1,67,0,67,5.43946858625419,0.163968358451244
68,20,1,1,0.165224675142358,0.160892072264853,0,1,68,0,68,5.43330391522593,0.165224675142358
69,20,1,1,0.166586444056502,0.163446453152635,0,1,69,0,69,5.42670940498565,0.166586444056502
70,20,1,1,0.168065604456097,0.165166525376388,0,1,70,0,70,5.41958986839231,0.168065604456097
71,20,1,1,0.169674095603562,0.166995738432077,0,1,71,0,71,5.41185011830486,0.169674095603562
72,20,1,1,0.171424282595822,0.168588924156136,0,1,72,0,72,5.40340199601726,0.171424282595822
73,20,1,1,0.173335683218715,0.169310812794795,0,1,73,0,73,5.39427539856752,0.173335683218715
74,20,1,1,0.175433750326464,0.176338685623652,0,1,74,0,74,5.38459818180639,0.175433750326464
75,20,1,1,0.177744116422224,0.176201069235935,0,1,75,0,75,5.37450116670563,0.177744116422224
76,20,1,1,0.18029241400915,0.179839397335494,0,1,76,0,76,5.36411517423702,0.18029241400915
77,20,1,1,0.183104275590394,0.182774767255459,0,1,77,0,77,5.35357102537231,0.183104275590394
78,20,1,1,0.186205333669112,0.183703989051464,0,1,78,0,78,5.34299954108327,0.186205333669112
79,20,1,1,0.189621220748457,0.187932932482476,0,1,79,0,79,5.33253154234167,0.189621220748457
80,20,1,1,0.193376198733669,0.188525415981574,0,1,80,0,80,5.32227843836351,0.193376198733669
81,20,1,1,0.197481064776076,0.191378982913149,0,1,81,0,81,5.31216093727627,0.197481064776076
82,20,1,1,0.201938973573034,0.20074476513276,0,1,82,0,82,5.30199150725733,0.201938973573034
83,20,1,1,0.206752992103633,0.205542960898552,0,1,83,0,83,5.2915813741317,0.206752992103633
84,20,1,1,0.211926187346962,0.215139236993885,0,1,84,0,84,5.28074176372439,0.211926187346962
85,20,1,1,0.217461626282111,0.213679448246103,0,1,85,0,85,5.26928390186041,0.217461626282111
86,20,1,1,0.22336237588817,0.221294087283803,0,1,86,0,86,5.25701901436478,0.22336237588817
87,20,1,1,0.229631503144228,0.223248735653515,0,1,87,0,87,5.24375832706251,0.229631503144228
88,20,1,1,0.236267161980444,0.237687379474557,0,1,88,0,88,5.22925179042187,0.236267161980444
89,20,1,1,0.243237186446303,0.250152284489835,0,1,89,0,89,5.21287120652911,0.243237186446303
90,20,1,1,0.250497855828063,0.262683583553571,0,1,90,0,90,5.19384426690925,0.250497855828063
91,20,1,1,0.258005426666384,0.278210087984419,0,1,91,0,91,5.17139837940511,0.258005426666384
92,20,1,1,0.265716155501929,0.29044570401449,0,1,92,0,92,5.14476095185951,0.265716155501929
93,20,1,1,0.273586298875357,0.284776846308964,0,1,93,0,93,5.11315939211529,0.273586298875357
94,20,1,1,0.281572113327329,0.293042644207957,0,1,94,0,94,5.07582110801525,0.281572113327329
95,20,1,1,0.289629855398507,0.28729741025757,0,1,95,0,95,5.03197350740222,0.289629855398507
40,21,1,1,0.144261158303264,0.148219388229573,0,1,40,0,40,5.59713392234383,0.144261158303264
41,21,1,1,0.144859837558091,0.168616516306335,0,1,41,0,41,5.59178018158671,0.144859837558091
42,21,1,1,0.145458996129077,0.163553743899242,0,1,42,0,42,5.58642641700626,0.145458996129077
43,21,1,1,0.146059004631642,0.172545068527219,0,1,43,0,43,5.58107261460582,0.146059004631642
44,21,1,1,0.146660233681203,0.213213382397795,0,1,44,0,44,5.57571876038871,0.146660233681203
45,21,1,1,0.147263053893182,0.20042014216336,0,1,45,0,45,5.57036484035828,0.147263053893182
46,21,1,1,0.147867835882996,0.205057349846699,0,1,46,0,46,5.56501084051784,0.147867835882996
47,21,1,1,0.148474950266065,0.198207568622344,0,1,47,0,47,5.55965674687073,0.148474950266065
48,21,1,1,0.149084768297183,0.190369614927714,0,1,48,0,48,5.55430254538519,0.149084768297183
49,21,1,1,0.149697986033211,0.186240708785901,0,1,49,0,49,5.54894820420292,0.149697986033211
50,21,1,1,0.150316151816756,0.180761332655011,0,1,50,0,50,5.54359364468848,0.150316151816756
51,21,1,1,0.150940952095241,0.183407465645867,0,1,51,0,51,5.53823878062663,0.150940952095241
52,21,1,1,0.151574073316088,0.174350716956397,0,1,52,0,52,5.53288352580216,0.151574073316088
53,21,1,1,0.15221720192672,0.176770355829505,0,1,53,0,53,5.52752779399982,0.15221720192672
54,21,1,1,0.15287202437456,0.171787787924071,0,1,54,0,54,5.5221714990044,0.15287202437456
55,21,1,1,0.15354022710703,0.159163799782069,0,1,55,0,55,5.51681455460066,0.15354022710703
56,21,1,1,0.154223507978531,0.158410329044849,0,1,56,0,56,5.51145687119846,0.154223507978531
57,21,1,1,0.154924558676274,0.159251658221247,0,1,57,0,57,5.50609806516816,0.154924558676274
58,21,1,1,0.15564782185834,0.156769082693607,0,1,58,0,58,5.5007372348306,0.15564782185834
59,21,1,1,0.156397918416813,0.156600228393018,0,1,59,0,59,5.4953734257736,0.156397918416813
60,21,1,1,0.157179469243778,0.156889990399914,0,1,60,0,60,5.49000568358494,0.157179469243778
61,21,1,1,0.157997095231322,0.159496025213773,0,1,61,0,61,5.48463305385244,0.157997095231322
62,21,1,1,0.158855417271529,0.157006609845198,0,1,62,0,62,5.47925458216389,0.158855417271529
63,21,1,1,0.159759056256484,0.154269865733799,0,1,63,0,63,5.47386931410709,0.159759056256484
64,21,1,1,0.160712729091878,0.156137884972642,0,1,64,0,64,5.46847505898041,0.160712729091878
65,21,1,1,0.161724324688425,0.159338677597798,0,1,65,0,65,5.46302878274198,0.161724324688425
66,21,1,1,0.16280555472074,0.159315904442817,0,1,66,0,66,5.45743822871466,0.16280555472074
67,21,1,1,0.163968358451244,0.161115643309108,0,1,67,0,67,5.45160820975739,0.163968358451244
68,21,1,1,0.165224675142358,0.160892072264853,0,1,68,0,68,5.44544353872913,0.165224675142358
69,21,1,1,0.166586444056502,0.163446453152635,0,1,69,0,69,5.43884902848885,0.166586444056502
70,21,1,1,0.168065604456097,0.165166525376388,0,1,70,0,70,5.43172949189551,0.168065604456097
71,21,1,1,0.169674095603562,0.166995738432077,0,1,71,0,71,5.42398974180806,0.169674095603562
72,21,1,1,0.171424282595822,0.168588924156136,0,1,72,0,72,5.41554161952046,0.171424282595822
73,21,1,1,0.173335683218715,0.169310812794795,0,1,73,0,73,5.40641502207071,0.173335683218715
74,21,1,1,0.175433750326464,0.176338685623652,0,1,74,0,74,5.39673780530958,0.175433750326464
75,21,1,1,0.177744116422224,0.176201069235935,0,1,75,0,75,5.38664079020883,0.177744116422224
76,21,1,1,0.18029241400915,0.179839397335494,0,1,76,0,76,5.37625479774021,0.18029241400915
77,21,1,1,0.183104275590394,0.182774767255459,0,1,77,0,77,5.3657106488755,0.183104275590394
78,21,1,1,0.186205333669112,0.183703989051464,0,1,78,0,78,5.35513916458647,0.186205333669112
79,21,1,1,0.189621220748457,0.187932932482476,0,1,79,0,79,5.34467116584486,0.189621220748457
80,21,1,1,0.193376198733669,0.188525415981574,0,1,80,0,80,5.33441806186671,0.193376198733669
81,21,1,1,0.197481064776076,0.191378982913149,0,1,81,0,81,5.32430056077947,0.197481064776076
82,21,1,1,0.201938973573034,0.20074476513276,0,1,82,0,82,5.31413113076053,0.201938973573034
83,21,1,1,0.206752992103633,0.205542960898552,0,1,83,0,83,5.30372099763489,0.206752992103633
84,21,1,1,0.211926187346962,0.215139236993885,0,1,84,0,84,5.29288138722758,0.211926187346962
85,21,1,1,0.217461626282111,0.213679448246103,0,1,85,0,85,5.28142352536361,0.217461626282111
86,21,1,1,0.22336237588817,0.221294087283803,0,1,86,0,86,5.26915863786798,0.22336237588817
87,21,1,1,0.229631503144228,0.223248735653515,0,1,87,0,87,5.2558979505657,0.229631503144228
88,21,1,1,0.236267161980444,0.237687379474557,0,1,88,0,88,5.24139141392507,0.236267161980444
89,21,1,1,0.243237186446303,0.250152284489835,0,1,89,0,89,5.22501083003231,0.243237186446303
90,21,1,1,0.250497855828063,0.262683583553571,0,1,90,0,90,5.20598389041245,0.250497855828063
91,21,1,1,0.258005426666384,0.278210087984419,0,1,91,0,91,5.18353800290831,0.258005426666384
92,21,1,1,0.265716155501929,0.29044570401449,0,1,92,0,92,5.15690057536271,0.265716155501929
93,21,1,1,0.273586298875357,0.284776846308964,0,1,93,0,93,5.12529901561848,0.273586298875357
94,21,1,1,0.281572113327329,0.293042644207957,0,1,94,0,94,5.08796073151844,0.281572113327329
95,21,1,1,0.289629855398507,0.28729741025757,0,1,95,0,95,5.04411313090541,0.289629855398507
40,22,1,1,0.144261158303264,0.148219388229573,0,1,40,0,40,5.60927354584703,0.144261158303264
41,22,1,1,0.144859837558091,0.168616516306335,0,1,41,0,41,5.60391980508991,0.144859837558091
42,22,1,1,0.145458996129077,0.163553743899242,0,1,42,0,42,5.59856604050946,0.145458996129077
43,22,1,1,0.146059004631642,0.172545068527219,0,1,43,0,43,5.59321223810902,0.146059004631642
44,22,1,1,0.146660233681203,0.213213382397795,0,1,44,0,44,5.58785838389191,0.146660233681203
45,22,1,1,0.147263053893182,0.20042014216336,0,1,45,0,45,5.58250446386147,0.147263053893182
46,22,1,1,0.147867835882996,0.205057349846699,0,1,46,0,46,5.57715046402104,0.147867835882996
47,22,1,1,0.148474950266065,0.198207568622344,0,1,47,0,47,5.57179637037393,0.148474950266065
48,22,1,1,0.149084768297183,0.190369614927714,0,1,48,0,48,5.56644216888839,0.149084768297183
49,22,1,1,0.149697986033211,0.186240708785901,0,1,49,0,49,5.56108782770612,0.149697986033211
50,22,1,1,0.150316151816756,0.180761332655011,0,1,50,0,50,5.55573326819168,0.150316151816756
51,22,1,1,0.150940952095241,0.183407465645867,0,1,51,0,51,5.55037840412983,0.150940952095241
52,22,1,1,0.151574073316088,0.174350716956397,0,1,52,0,52,5.54502314930535,0.151574073316088
53,22,1,1,0.15221720192672,0.176770355829505,0,1,53,0,53,5.53966741750302,0.15221720192672
54,22,1,1,0.15287202437456,0.171787787924071,0,1,54,0,54,5.5343111225076,0.15287202437456
55,22,1,1,0.15354022710703,0.159163799782069,0,1,55,0,55,5.52895417810386,0.15354022710703
56,22,1,1,0.154223507978531,0.158410329044849,0,1,56,0,56,5.52359649470166,0.154223507978531
57,22,1,1,0.154924558676274,0.159251658221247,0,1,57,0,57,5.51823768867135,0.154924558676274
58,22,1,1,0.15564782185834,0.156769082693607,0,1,58,0,58,5.5128768583338,0.15564782185834
59,22,1,1,0.156397918416813,0.156600228393018,0,1,59,0,59,5.5075130492768,0.156397918416813
60,22,1,1,0.157179469243778,0.156889990399914,0,1,60,0,60,5.50214530708814,0.157179469243778
61,22,1,1,0.157997095231322,0.159496025213773,0,1,61,0,61,5.49677267735564,0.157997095231322
62,22,1,1,0.158855417271529,0.157006609845198,0,1,62,0,62,5.49139420566709,0.158855417271529
63,22,1,1,0.159759056256484,0.154269865733799,0,1,63,0,63,5.48600893761029,0.159759056256484
64,22,1,1,0.160712729091878,0.156137884972642,0,1,64,0,64,5.4806146824836,0.160712729091878
65,22,1,1,0.161724324688425,0.159338677597798,0,1,65,0,65,5.47516840624518,0.161724324688425
66,22,1,1,0.16280555472074,0.159315904442817,0,1,66,0,66,5.46957785221785,0.16280555472074
67,22,1,1,0.163968358451244,0.161115643309108,0,1,67,0,67,5.46374783326058,0.163968358451244
68,22,1,1,0.165224675142358,0.160892072264853,0,1,68,0,68,5.45758316223233,0.165224675142358
69,22,1,1,0.166586444056502,0.163446453152635,0,1,69,0,69,5.45098865199205,0.166586444056502
70,22,1,1,0.168065604456097,0.165166525376388,0,1,70,0,70,5.4438691153987,0.168065604456097
71,22,1,1,0.169674095603562,0.166995738432077,0,1,71,0,71,5.43612936531125,0.169674095603562
72,22,1,1,0.171424282595822,0.168588924156136,0,1,72,0,72,5.42768124302365,0.171424282595822
73,22,1,1,0.173335683218715,0.169310812794795,0,1,73,0,73,5.41855464557391,0.173335683218715
74,22,1,1,0.175433750326464,0.176338685623652,0,1,74,0,74,5.40887742881278,0.175433750326464
75,22,1,1,0.177744116422224,0.176201069235935,0,1,75,0,75,5.39878041371202,0.177744116422224
76,22,1,1,0.18029241400915,0.179839397335494,0,1,76,0,76,5.38839442124341,0.18029241400915
77,22,1,1,0.183104275590394,0.182774767255459,0,1,77,0,77,5.3778502723787,0.183104275590394
78,22,1,1,0.186205333669112,0.183703989051464,0,1,78,0,78,5.36727878808966,0.186205333669112
79,22,1,1,0.189621220748457,0.187932932482476,0,1,79,0,79,5.35681078934806,0.189621220748457
80,22,1,1,0.193376198733669,0.188525415981574,0,1,80,0,80,5.3465576853699,0.193376198733669
81,22,1,1,0.197481064776076,0.191378982913149,0,1,81,0,81,5.33644018428266,0.197481064776076
82,22,1,1,0.201938973573034,0.20074476513276,0,1,82,0,82,5.32627075426372,0.201938973573034
83,22,1,1,0.206752992103633,0.205542960898552,0,1,83,0,83,5.31586062113809,0.206752992103633
84,22,1,1,0.211926187346962,0.215139236993885,0,1,84,0,84,5.30502101073078,0.211926187346962
85,22,1,1,0.217461626282111,0.213679448246103,0,1,85,0,85,5.2935631488668,0.217461626282111
86,22,1,1,0.22336237588817,0.221294087283803,0,1,86,0,86,5.28129826137117,0.22336237588817
87,22,1,1,0.229631503144228,0.223248735653515,0,1,87,0,87,5.2680375740689,0.229631503144228
88,22,1,1,0.236267161980444,0.237687379474557,0,1,88,0,88,5.25353103742827,0.236267161980444
89,22,1,1,0.243237186446303,0.250152284489835,0,1,89,0,89,5.23715045353551,0.243237186446303
90,22,1,1,0.250497855828063,0.262683583553571,0,1,90,0,90,5.21812351391564,0.250497855828063
91,22,1,1,0.258005426666384,0.278210087984419,0,1,91,0,91,5.1956776264115,0.258005426666384
92,22,1,1,0.265716155501929,0.29044570401449,0,1,92,0,92,5.16904019886591,0.265716155501929
93,22,1,1,0.273586298875357,0.284776846308964,0,1,93,0,93,5.13743863912168,0.273586298875357
94,22,1,1,0.281572113327329,0.293042644207957,0,1,94,0,94,5.10010035502164,0.281572113327329
95,22,1,1,0.289629855398507,0.28729741025757,0,1,95,0,95,5.05625275440861,0.289629855398507
40,23,1,1,0.144261158303264,0.148219388229573,0,1,40,0,40,5.62141316935023,0.144261158303264
41,23,1,1,0.144859837558091,0.168616516306335,0,1,41,0,41,5.6160594285931,0.144859837558091
42,23,1,1,0.145458996129077,0.163553743899242,0,1,42,0,42,5.61070566401266,0.145458996129077
43,23,1,1,0.146059004631642,0.172545068527219,0,1,43,0,43,5.60535186161222,0.146059004631642
44,23,1,1,0.146660233681203,0.213213382397795,0,1,44,0,44,5.59999800739511,0.146660233681203
45,23,1,1,0.147263053893182,0.20042014216336,0,1,45,0,45,5.59464408736467,0.147263053893182
46,23,1,1,0.147867835882996,0.205057349846699,0,1,46,0,46,5.58929008752423,0.147867835882996
47,23,1,1,0.148474950266065,0.198207568622344,0,1,47,0,47,5.58393599387712,0.148474950266065
48,23,1,1,0.149084768297183,0.190369614927714,0,1,48,0,48,5.57858179239159,0.149084768297183
49,23,1,1,0.149697986033211,0.186240708785901,0,1,49,0,49,5.57322745120932,0.149697986033211
50,23,1,1,0.150316151816756,0.180761332655011,0,1,50,0,50,5.56787289169487,0.150316151816756
51,23,1,1,0.150940952095241,0.183407465645867,0,1,51,0,51,5.56251802763303,0.150940952095241
52,23,1,1,0.151574073316088,0.174350716956397,0,1,52,0,52,5.55716277280855,0.151574073316088
53,23,1,1,0.15221720192672,0.176770355829505,0,1,53,0,53,5.55180704100622,0.15221720192672
54,23,1,1,0.15287202437456,0.171787787924071,0,1,54,0,54,5.54645074601079,0.15287202437456
55,23,1,1,0.15354022710703,0.159163799782069,0,1,55,0,55,5.54109380160705,0.15354022710703
56,23,1,1,0.154223507978531,0.158410329044849,0,1,56,0,56,5.53573611820485,0.154223507978531
57,23,1,1,0.154924558676274,0.159251658221247,0,1,57,0,57,5.53037731217455,0.154924558676274
58,23,1,1,0.15564782185834,0.156769082693607,0,1,58,0,58,5.525016481837,0.15564782185834
59,23,1,1,0.156397918416813,0.156600228393018,0,1,59,0,59,5.51965267277999,0.156397918416813
60,23,1,1,0.157179469243778,0.156889990399914,0,1,60,0,60,5.51428493059134,0.157179469243778
61,23,1,1,0.157997095231322,0.159496025213773,0,1,61,0,61,5.50891230085884,0.157997095231322
62,23,1,1,0.158855417271529,0.157006609845198,0,1,62,0,62,5.50353382917029,0.158855417271529
63,23,1,1,0.159759056256484,0.154269865733799,0,1,63,0,63,5.49814856111349,0.159759056256484
64,23,1,1,0.160712729091878,0.156137884972642,0,1,64,0,64,5.4927543059868,0.160712729091878
65,23,1,1,0.161724324688425,0.159338677597798,0,1,65,0,65,5.48730802974838,0.161724324688425
66,23,1,1,0.16280555472074,0.159315904442817,0,1,66,0,66,5.48171747572105,0.16280555472074
67,23,1,1,0.163968358451244,0.161115643309108,0,1,67,0,67,5.47588745676378,0.163968358451244
68,23,1,1,0.165224675142358,0.160892072264853,0,1,68,0,68,5.46972278573552,0.165224675142358
69,23,1,1,0.166586444056502,0.163446453152635,0,1,69,0,69,5.46312827549524,0.166586444056502
70,23,1,1,0.168065604456097,0.165166525376388,0,1,70,0,70,5.4560087389019,0.168065604456097
71,23,1,1,0.169674095603562,0.166995738432077,0,1,71,0,71,5.44826898881445,0.169674095603562
72,23,1,1,0.171424282595822,0.168588924156136,0,1,72,0,72,5.43982086652685,0.171424282595822
73,23,1,1,0.173335683218715,0.169310812794795,0,1,73,0,73,5.43069426907711,0.173335683218715
74,23,1,1,0.175433750326464,0.176338685623652,0,1,74,0,74,5.42101705231598,0.175433750326464
75,23,1,1,0.177744116422224,0.176201069235935,0,1,75,0,75,5.41092003721522,0.177744116422224
76,23,1,1,0.18029241400915,0.179839397335494,0,1,76,0,76,5.40053404474661,0.18029241400915
77,23,1,1,0.183104275590394,0.182774767255459,0,1,77,0,77,5.3899898958819,0.183104275590394
78,23,1,1,0.186205333669112,0.183703989051464,0,1,78,0,78,5.37941841159286,0.186205333669112
79,23,1,1,0.189621220748457,0.187932932482476,0,1,79,0,79,5.36895041285126,0.189621220748457
80,23,1,1,0.193376198733669,0.188525415981574,0,1,80,0,80,5.3586973088731,0.193376198733669
81,23,1,1,0.197481064776076,0.191378982913149,0,1,81,0,81,5.34857980778586,0.197481064776076
82,23,1,1,0.201938973573034,0.20074476513276,0,1,82,0,82,5.33841037776692,0.201938973573034
83,23,1,1,0.206752992103633,0.205542960898552,0,1,83,0,83,5.32800024464129,0.206752992103633
84,23,1,1,0.211926187346962,0.215139236993885,0,1,84,0,84,5.31716063423398,0.211926187346962
85,23,1,1,0.217461626282111,0.213679448246103,0,1,85,0,85,5.30570277237,0.217461626282111
86,23,1,1,0.22336237588817,0.221294087283803,0,1,86,0,86,5.29343788487437,0.22336237588817
87,23,1,1,0.229631503144228,0.223248735653515,0,1,87,0,87,5.2801771975721,0.229631503144228
88,23,1,1,0.236267161980444,0.237687379474557,0,1,88,0,88,5.26567066093147,0.236267161980444
89,23,1,1,0.243237186446303,0.250152284489835,0,1,89,0,89,5.2492900770387,0.243237186446303
90,23,1,1,0.250497855828063,0.262683583553571,0,1,90,0,90,5.23026313741884,0.250497855828063
91,23,1,1,0.258005426666384,0.278210087984419,0,1,91,0,91,5.2078172499147,0.258005426666384
92,23,1,1,0.265716155501929,0.29044570401449,0,1,92,0,92,5.1811798223691,0.265716155501929
93,23,1,1,0.273586298875357,0.284776846308964,0,1,93,0,93,5.14957826262488,0.273586298875357
94,23,1,1,0.281572113327329,0.293042644207957,0,1,94,0,94,5.11223997852484,0.281572113327329
95,23,1,1,0.289629855398507,0.28729741025757,0,1,95,0,95,5.06839237791181,0.289629855398507
40,24,1,1,0.144261158303264,0.148219388229573,0,1,40,0,40,5.63355279285342,0.144261158303264
41,24,1,1,0.144859837558091,0.168616516306335,0,1,41,0,41,5.6281990520963,0.144859837558091
42,24,1,1,0.145458996129077,0.163553743899242,0,1,42,0,42,5.62284528751586,0.145458996129077
43,24,1,1,0.146059004631642,0.172545068527219,0,1,43,0,43,5.61749148511541,0.146059004631642
44,24,1,1,0.146660233681203,0.213213382397795,0,1,44,0,44,5.61213763089831,0.146660233681203
45,24,1,1,0.147263053893182,0.20042014216336,0,1,45,0,45,5.60678371086787,0.147263053893182
46,24,1,1,0.147867835882996,0.205057349846699,0,1,46,0,46,5.60142971102743,0.147867835882996
47,24,1,1,0.148474950266065,0.198207568622344,0,1,47,0,47,5.59607561738032,0.148474950266065
48,24,1,1,0.149084768297183,0.190369614927714,0,1,48,0,48,5.59072141589478,0.149084768297183
49,24,1,1,0.149697986033211,0.186240708785901,0,1,49,0,49,5.58536707471251,0.149697986033211
50,24,1,1,0.150316151816756,0.180761332655011,0,1,50,0,50,5.58001251519807,0.150316151816756
51,24,1,1,0.150940952095241,0.183407465645867,0,1,51,0,51,5.57465765113622,0.150940952095241
52,24,1,1,0.151574073316088,0.174350716956397,0,1,52,0,52,5.56930239631175,0.151574073316088
53,24,1,1,0.15221720192672,0.176770355829505,0,1,53,0,53,5.56394666450941,0.15221720192672
54,24,1,1,0.15287202437456,0.171787787924071,0,1,54,0,54,5.55859036951399,0.15287202437456
55,24,1,1,0.15354022710703,0.159163799782069,0,1,55,0,55,5.55323342511025,0.15354022710703
56,24,1,1,0.154223507978531,0.158410329044849,0,1,56,0,56,5.54787574170805,0.154223507978531
57,24,1,1,0.154924558676274,0.159251658221247,0,1,57,0,57,5.54251693567775,0.154924558676274
58,24,1,1,0.15564782185834,0.156769082693607,0,1,58,0,58,5.53715610534019,0.15564782185834
59,24,1,1,0.156397918416813,0.156600228393018,0,1,59,0,59,5.53179229628319,0.156397918416813
60,24,1,1,0.157179469243778,0.156889990399914,0,1,60,0,60,5.52642455409454,0.157179469243778
61,24,1,1,0.157997095231322,0.159496025213773,0,1,61,0,61,5.52105192436203,0.157997095231322
62,24,1,1,0.158855417271529,0.157006609845198,0,1,62,0,62,5.51567345267348,0.158855417271529
63,24,1,1,0.159759056256484,0.154269865733799,0,1,63,0,63,5.51028818461669,0.159759056256484
64,24,1,1,0.160712729091878,0.156137884972642,0,1,64,0,64,5.50489392949,0.160712729091878
65,24,1,1,0.161724324688425,0.159338677597798,0,1,65,0,65,5.49944765325157,0.161724324688425
66,24,1,1,0.16280555472074,0.159315904442817,0,1,66,0,66,5.49385709922425,0.16280555472074
67,24,1,1,0.163968358451244,0.161115643309108,0,1,67,0,67,5.48802708026698,0.163968358451244
68,24,1,1,0.165224675142358,0.160892072264853,0,1,68,0,68,5.48186240923872,0.165224675142358
69,24,1,1,0.166586444056502,0.163446453152635,0,1,69,0,69,5.47526789899844,0.166586444056502
70,24,1,1,0.168065604456097,0.165166525376388,0,1,70,0,70,5.4681483624051,0.168065604456097
71,24,1,1,0.169674095603562,0.166995738432077,0,1,71,0,71,5.46040861231765,0.169674095603562
72,24,1,1,0.171424282595822,0.168588924156136,0,1,72,0,72,5.45196049003005,0.171424282595822
73,24,1,1,0.173335683218715,0.169310812794795,0,1,73,0,73,5.4428338925803,0.173335683218715
74,24,1,1,0.175433750326464,0.176338685623652,0,1,74,0,74,5.43315667581917,0.175433750326464
75,24,1,1,0.177744116422224,0.176201069235935,0,1,75,0,75,5.42305966071842,0.177744116422224
76,24,1,1,0.18029241400915,0.179839397335494,0,1,76,0,76,5.4126736682498,0.18029241400915
77,24,1,1,0.183104275590394,0.182774767255459,0,1,77,0,77,5.40212951938509,0.183104275590394
78,24,1,1,0.186205333669112,0.183703989051464,0,1,78,0,78,5.39155803509606,0.186205333669112
79,24,1,1,0.189621220748457,0.187932932482476,0,1,79,0,79,5.38109003635445,0.189621220748457
80,24,1,1,0.193376198733669,0.188525415981574,0,1,80,0,80,5.3708369323763,0.193376198733669
81,24,1,1,0.197481064776076,0.191378982913149,0,1,81,0,81,5.36071943128906,0.197481064776076
82,24,1,1,0.201938973573034,0.20074476513276,0,1,82,0,82,5.35055000127012,0.201938973573034
83,24,1,1,0.206752992103633,0.205542960898552,0,1,83,0,83,5.34013986814448,0.206752992103633
84,24,1,1,0.211926187346962,0.215139236993885,0,1,84,0,84,5.32930025773717,0.211926187346962
85,24,1,1,0.217461626282111,0.213679448246103,0,1,85,0,85,5.3178423958732,0.217461626282111
86,24,1,1,0.22336237588817,0.221294087283803,0,1,86,0,86,5.30557750837757,0.22336237588817
87,24,1,1,0.229631503144228,0.223248735653515,0,1,87,0,87,5.2923168210753,0.229631503144228
88,24,1,1,0.236267161980444,0.237687379474557,0,1,88,0,88,5.27781028443466,0.236267161980444
89,24,1,1,0.243237186446303,0.250152284489835,0,1,89,0,89,5.2614297005419,0.243237186446303
90,24,1,1,0.250497855828063,0.262683583553571,0,1,90,0,90,5.24240276092204,0.250497855828063
91,24,1,1,0.258005426666384,0.278210087984419,0,1,91,0,91,5.2199568734179,0.258005426666384
92,24,1,1,0.265716155501929,0.29044570401449,0,1,92,0,92,5.1933194458723,0.265716155501929
93,24,1,1,0.273586298875357,0.284776846308964,0,1,93,0,93,5.16171788612807,0.273586298875357
94,24,1,1,0.281572113327329,0.293042644207957,0,1,94,0,94,5.12437960202803,0.281572113327329
95,24,1,1,0.289629855398507,0.28729741025757,0,1,95,0,95,5.080532001415,0.289629855398507
40,25,1,1,0.144261158303264,0.148219388229573,0,1,40,0,40,5.64569241635662,0.144261158303264
41,25,1,1,0.144859837558091,0.168616516306335,0,1,41,0,41,5.6403386755995,0.144859837558091
42,25,1,1,0.145458996129077,0.163553743899242,0,1,42,0,42,5.63498491101905,0.145458996129077
43,25,1,1,0.146059004631642,0.172545068527219,0,1,43,0,43,5.62963110861861,0.146059004631642
44,25,1,1,0.146660233681203,0.213213382397795,0,1,44,0,44,5.6242772544015,0.146660233681203
45,25,1,1,0.147263053893182,0.20042014216336,0,1,45,0,45,5.61892333437106,0.147263053893182
46,25,1,1,0.147867835882996,0.205057349846699,0,1,46,0,46,5.61356933453063,0.147867835882996
47,25,1,1,0.148474950266065,0.198207568622344,0,1,47,0,47,5.60821524088352,0.148474950266065
48,25,1,1,0.149084768297183,0.190369614927714,0,1,48,0,48,5.60286103939798,0.149084768297183
49,25,1,1,0.149697986033211,0.186240708785901,0,1,49,0,49,5.59750669821571,0.149697986033211
50,25,1,1,0.150316151816756,0.180761332655011,0,1,50,0,50,5.59215213870127,0.150316151816756
51,25,1,1,0.150940952095241,0.183407465645867,0,1,51,0,51,5.58679727463942,0.150940952095241
52,25,1,1,0.151574073316088,0.174350716956397,0,1,52,0,52,5.58144201981494,0.151574073316088
53,25,1,1,0.15221720192672,0.176770355829505,0,1,53,0,53,5.57608628801261,0.15221720192672
54,25,1,1,0.15287202437456,0.171787787924071,0,1,54,0,54,5.57072999301719,0.15287202437456
55,25,1,1,0.15354022710703,0.159163799782069,0,1,55,0,55,5.56537304861345,0.15354022710703
56,25,1,1,0.154223507978531,0.158410329044849,0,1,56,0,56,5.56001536521125,0.154223507978531
57,25,1,1,0.154924558676274,0.159251658221247,0,1,57,0,57,5.55465655918094,0.154924558676274
58,25,1,1,0.15564782185834,0.156769082693607,0,1,58,0,58,5.54929572884339,0.15564782185834
59,25,1,1,0.156397918416813,0.156600228393018,0,1,59,0,59,5.54393191978639,0.156397918416813
60,25,1,1,0.157179469243778,0.156889990399914,0,1,60,0,60,5.53856417759773,0.157179469243778
61,25,1,1,0.157997095231322,0.159496025213773,0,1,61,0,61,5.53319154786523,0.157997095231322
62,25,1,1,0.158855417271529,0.157006609845198,0,1,62,0,62,5.52781307617668,0.158855417271529
63,25,1,1,0.159759056256484,0.154269865733799,0,1,63,0,63,5.52242780811988,0.159759056256484
64,25,1,1,0.160712729091878,0.156137884972642,0,1,64,0,64,5.51703355299319,0.160712729091878
65,25,1,1,0.161724324688425,0.159338677597798,0,1,65,0,65,5.51158727675477,0.161724324688425
66,25,1,1,0.16280555472074,0.159315904442817,0,1,66,0,66,5.50599672272744,0.16280555472074
67,25,1,1,0.163968358451244,0.161115643309108,0,1,67,0,67,5.50016670377017,0.163968358451244
68,25,1,1,0.165224675142358,0.160892072264853,0,1,68,0,68,5.49400203274192,0.165224675142358
69,25,1,1,0.166586444056502,0.163446453152635,0,1,69,0,69,5.48740752250164,0.166586444056502
70,25,1,1,0.168065604456097,0.165166525376388,0,1,70,0,70,5.48028798590829,0.168065604456097
71,25,1,1,0.169674095603562,0.166995738432077,0,1,71,0,71,5.47254823582084,0.169674095603562
72,25,1,1,0.171424282595822,0.168588924156136,0,1,72,0,72,5.46410011353324,0.171424282595822
73,25,1,1,0.173335683218715,0.169310812794795,0,1,73,0,73,5.4549735160835,0.173335683218715
74,25,1,1,0.175433750326464,0.176338685623652,0,1,74,0,74,5.44529629932237,0.175433750326464
75,25,1,1,0.177744116422224,0.176201069235935,0,1,75,0,75,5.43519928422162,0.177744116422224
76,25,1,1,0.18029241400915,0.179839397335494,0,1,76,0,76,5.424813291753,0.18029241400915
77,25,1,1,0.183104275590394,0.182774767255459,0,1,77,0,77,5.41426914288829,0.183104275590394
78,25,1,1,0.186205333669112,0.183703989051464,0,1,78,0,78,5.40369765859925,0.186205333669112
79,25,1,1,0.189621220748457,0.187932932482476,0,1,79,0,79,5.39322965985765,0.189621220748457
80,25,1,1,0.193376198733669,0.188525415981574,0,1,80,0,80,5.3829765558795,0.193376198733669
81,25,1,1,0.197481064776076,0.191378982913149,0,1,81,0,81,5.37285905479226,0.197481064776076
82,25,1,1,0.201938973573034,0.20074476513276,0,1,82,0,82,5.36268962477331,0.201938973573034
83,25,1,1,0.206752992103633,0.205542960898552,0,1,83,0,83,5.35227949164768,0.206752992103633
84,25,1,1,0.211926187346962,0.215139236993885,0,1,84,0,84,5.34143988124037,0.211926187346962
85,25,1,1,0.217461626282111,0.213679448246103,0,1,85,0,85,5.32998201937639,0.217461626282111
86,25,1,1,0.22336237588817,0.221294087283803,0,1,86,0,86,5.31771713188076,0.22336237588817
87,25,1,1,0.229631503144228,0.223248735653515,0,1,87,0,87,5.30445644457849,0.229631503144228
88,25,1,1,0.236267161980444,0.237687379474557,0,1,88,0,88,5.28994990793786,0.236267161980444
89,25,1,1,0.243237186446303,0.250152284489835,0,1,89,0,89,5.2735693240451,0.243237186446303
90,25,1,1,0.250497855828063,0.262683583553571,0,1,90,0,90,5.25454238442524,0.250497855828063
91,25,1,1,0.258005426666384,0.278210087984419,0,1,91,0,91,5.23209649692109,0.258005426666384
92,25,1,1,0.265716155501929,0.29044570401449,0,1,92,0,92,5.2054590693755,0.265716155501929
93,25,1,1,0.273586298875357,0.284776846308964,0,1,93,0,93,5.17385750963127,0.273586298875357
94,25,1,1,0.281572113327329,0.293042644207957,0,1,94,0,94,5.13651922553123,0.281572113327329
95,25,1,1,0.289629855398507,0.28729741025757,0,1,95,0,95,5.0926716249182,0.289629855398507
