"NACCAGE","EDUC","SEX","RACE","mean.adj","sd.adj"
21,10,0,"White",34.5362063655278,2.59849078231117
22,10,0,"White",34.4446593334544,2.67189483708626
23,10,0,"White",34.3453161836942,2.74334615760814
24,10,0,"White",34.2388996043246,2.81089200962361
25,10,0,"White",34.1261105468609,2.87257965887948
26,10,0,"White",34.0076282262568,2.92645637112253
27,10,0,"White",33.8841101209043,2.97056941209957
28,10,0,"White",33.7561919726336,3.00296604755739
29,10,0,"White",33.624487786713,3.02169354324279
30,10,0,"White",33.4895898318492,3.02480052671015
31,10,0,"White",33.3520686401872,3.01169198587611
32,10,0,"White",33.2124730073099,2.98567448741007
33,10,0,"White",33.0713299922389,2.95075184346886
34,10,0,"White",32.9291449174336,2.91092786620933
35,10,0,"White",32.786401368792,2.87020636778829
36,10,0,"White",32.6435611956501,2.83259116036258
37,10,0,"White",32.5010645107822,2.80208605608903
38,10,0,"White",32.359329690401,2.78269486712447
39,10,0,"White",32.2187533741571,2.77840382614194
40,10,0,"White",32.0797104651397,2.79034469713562
41,10,0,"White",31.9425541298761,2.81366342987235
42,10,0,"White",31.8076157983317,2.84275225375189
43,10,0,"White",31.6752051639102,2.87200339817397
44,10,0,"White",31.5456101834538,2.89580909253835
45,10,0,"White",31.4190970772427,2.90856156624479
46,10,0,"White",31.2959103289952,2.90465304869302
47,10,0,"White",31.1762726858681,2.87847576928281
48,10,0,"White",31.0603851584565,2.82449367354423
49,10,0,"White",30.9484270207934,2.74147367482704
50,10,0,"White",30.8405558103503,2.63485228660147
51,10,0,"White",30.7369073280368,2.5106397513804
52,10,0,"White",30.6375956382009,2.37484631167669
53,10,0,"White",30.5427130686288,2.23348221000321
54,10,0,"White",30.4523302105447,2.09255768887284
55,10,0,"White",30.3664959186114,1.95808299079843
56,10,0,"White",30.2852373109297,1.83606835829286
57,10,0,"White",30.2085597690387,1.73240465411971
58,10,0,"White",30.1364469379157,1.64936217708391
59,10,0,"White",30.0688607259764,1.58502547353122
60,10,0,"White",30.0057413050745,1.53724592623459
61,10,0,"White",29.9470071105021,1.50387491796697
62,10,0,"White",29.8925548409895,1.4827638315013
63,10,0,"White",29.8421443677946,1.47176404961053
64,10,0,"White",29.7941327346854,1.46872695506761
65,10,0,"White",29.7442081579228,1.47150393064549
66,10,0,"White",29.6852749353497,1.47801922372583
67,10,0,"White",29.6074534463914,1.48750514714612
68,10,0,"White",29.4985833250739,1.50032545538808
69,10,0,"White",29.3497583632329,1.51688120961311
70,10,0,"White",29.1608614137218,1.53757347098261
71,10,0,"White",28.9406382110698,1.56280330065798
72,10,0,"White",28.7019744955163,1.59297175980061
73,10,0,"White",28.4571731370438,1.6284799095719
74,10,0,"White",28.2175247830181,1.66972881113326
75,10,0,"White",27.9931022957609,1.71708439265379
76,10,0,"White",27.7904995658581,1.77050416126744
77,10,0,"White",27.6105703254668,1.82968212666604
78,10,0,"White",27.4485185705159,1.89430790691743
79,10,0,"White",27.2971543915985,1.96407112008942
80,10,0,"White",27.1501498048654,2.03866138424985
81,10,0,"White",27.0023347366516,2.11776831746653
82,10,0,"White",26.849697023476,2.20108153780728
83,10,0,"White",26.6893417659481,2.28829066333993
84,10,0,"White",26.5190442217368,2.37916061814893
85,10,0,"White",26.3368026985397,2.47405438343034
86,10,0,"White",26.1407979079889,2.57362013721868
87,10,0,"White",25.9293929656515,2.67850781395704
88,10,0,"White",25.7011333910292,2.78936734808851
89,10,0,"White",25.4547471075588,2.90684867405615
90,10,0,"White",25.1891444426115,3.03160172630306
91,10,0,"White",24.9034181274935,3.1642764392723
92,10,0,"White",24.5968432974459,3.30552274740698
93,10,0,"White",24.2688774916444,3.45579212010198
94,10,0,"White",23.9191606531994,3.61442547526189
95,10,0,"White",23.5475151291564,3.78037765425228
96,10,0,"White",23.1539456704955,3.95260311081164
97,10,0,"White",22.7386394321315,4.13005629867847
98,10,0,"White",22.3019659729142,4.31169167159129
99,10,0,"White",21.8444772556281,4.49646368328859
100,10,0,"White",21.3669076469924,4.68332678750888
101,10,0,"White",20.8701739176612,4.87123543799067
21,11,0,"White",34.5362063655278,2.59849078231117
22,11,0,"White",34.4446593334544,2.67189483708626
23,11,0,"White",34.3453161836942,2.74334615760814
24,11,0,"White",34.2388996043246,2.81089200962361
25,11,0,"White",34.1261105468609,2.87257965887948
26,11,0,"White",34.0076282262568,2.92645637112253
27,11,0,"White",33.8841101209043,2.97056941209957
28,11,0,"White",33.7561919726336,3.00296604755739
29,11,0,"White",33.624487786713,3.02169354324279
30,11,0,"White",33.4895898318492,3.02480052671015
31,11,0,"White",33.3520686401872,3.01169198587611
32,11,0,"White",33.2124730073099,2.98567448741007
33,11,0,"White",33.0713299922389,2.95075184346886
34,11,0,"White",32.9291449174336,2.91092786620933
35,11,0,"White",32.786401368792,2.87020636778829
36,11,0,"White",32.6435611956501,2.83259116036258
37,11,0,"White",32.5010645107822,2.80208605608903
38,11,0,"White",32.359329690401,2.78269486712447
39,11,0,"White",32.2187533741571,2.77840382614194
40,11,0,"White",32.0797104651397,2.79034469713562
41,11,0,"White",31.9425541298761,2.81366342987235
42,11,0,"White",31.8076157983317,2.84275225375189
43,11,0,"White",31.6752051639102,2.87200339817397
44,11,0,"White",31.5456101834538,2.89580909253835
45,11,0,"White",31.4190970772427,2.90856156624479
46,11,0,"White",31.2959103289952,2.90465304869302
47,11,0,"White",31.1762726858681,2.87847576928281
48,11,0,"White",31.0603851584565,2.82449367354423
49,11,0,"White",30.9484270207934,2.74147367482704
50,11,0,"White",30.8405558103503,2.63485228660147
51,11,0,"White",30.7369073280368,2.5106397513804
52,11,0,"White",30.6375956382009,2.37484631167669
53,11,0,"White",30.5427130686288,2.23348221000321
54,11,0,"White",30.4523302105447,2.09255768887284
55,11,0,"White",30.3664959186114,1.95808299079843
56,11,0,"White",30.2852373109297,1.83606835829286
57,11,0,"White",30.2085597690387,1.73240465411971
58,11,0,"White",30.1364469379157,1.64936217708391
59,11,0,"White",30.0688607259764,1.58502547353122
60,11,0,"White",30.0057413050745,1.53724592623459
61,11,0,"White",29.9470071105021,1.50387491796697
62,11,0,"White",29.8925548409895,1.4827638315013
63,11,0,"White",29.8421443677946,1.47176404961053
64,11,0,"White",29.7941327346854,1.46872695506761
65,11,0,"White",29.7442081579228,1.47150393064549
66,11,0,"White",29.6852749353497,1.47801922372583
67,11,0,"White",29.6074534463914,1.48750514714612
68,11,0,"White",29.4985833250739,1.50032545538808
69,11,0,"White",29.3497583632329,1.51688120961311
70,11,0,"White",29.1608614137218,1.53757347098261
71,11,0,"White",28.9406382110698,1.56280330065798
72,11,0,"White",28.7019744955163,1.59297175980061
73,11,0,"White",28.4571731370438,1.6284799095719
74,11,0,"White",28.2175247830181,1.66972881113326
75,11,0,"White",27.9931022957609,1.71708439265379
76,11,0,"White",27.7904995658581,1.77050416126744
77,11,0,"White",27.6105703254668,1.82968212666604
78,11,0,"White",27.4485185705159,1.89430790691743
79,11,0,"White",27.2971543915985,1.96407112008942
80,11,0,"White",27.1501498048654,2.03866138424985
81,11,0,"White",27.0023347366516,2.11776831746653
82,11,0,"White",26.849697023476,2.20108153780728
83,11,0,"White",26.6893417659481,2.28829066333993
84,11,0,"White",26.5190442217368,2.37916061814893
85,11,0,"White",26.3368026985397,2.47405438343034
86,11,0,"White",26.1407979079889,2.57362013721868
87,11,0,"White",25.9293929656515,2.67850781395704
88,11,0,"White",25.7011333910292,2.78936734808851
89,11,0,"White",25.4547471075588,2.90684867405615
90,11,0,"White",25.1891444426115,3.03160172630306
91,11,0,"White",24.9034181274935,3.1642764392723
92,11,0,"White",24.5968432974459,3.30552274740698
93,11,0,"White",24.2688774916444,3.45579212010198
94,11,0,"White",23.9191606531994,3.61442547526189
95,11,0,"White",23.5475151291564,3.78037765425228
96,11,0,"White",23.1539456704955,3.95260311081164
97,11,0,"White",22.7386394321315,4.13005629867847
98,11,0,"White",22.3019659729142,4.31169167159129
99,11,0,"White",21.8444772556281,4.49646368328859
100,11,0,"White",21.3669076469924,4.68332678750888
101,11,0,"White",20.8701739176612,4.87123543799067
21,12,0,"White",34.5362063655278,2.59849078231117
22,12,0,"White",34.4446593334544,2.67189483708626
23,12,0,"White",34.3453161836942,2.74334615760814
24,12,0,"White",34.2388996043246,2.81089200962361
25,12,0,"White",34.1261105468609,2.87257965887948
26,12,0,"White",34.0076282262568,2.92645637112253
27,12,0,"White",33.8841101209043,2.97056941209957
28,12,0,"White",33.7561919726336,3.00296604755739
29,12,0,"White",33.624487786713,3.02169354324279
30,12,0,"White",33.4895898318492,3.02480052671015
31,12,0,"White",33.3520686401872,3.01169198587611
32,12,0,"White",33.2124730073099,2.98567448741007
33,12,0,"White",33.0713299922389,2.95075184346886
34,12,0,"White",32.9291449174336,2.91092786620933
35,12,0,"White",32.786401368792,2.87020636778829
36,12,0,"White",32.6435611956501,2.83259116036258
37,12,0,"White",32.5010645107822,2.80208605608903
38,12,0,"White",32.359329690401,2.78269486712447
39,12,0,"White",32.2187533741571,2.77840382614194
40,12,0,"White",32.0797104651397,2.79034469713562
41,12,0,"White",31.9425541298761,2.81366342987235
42,12,0,"White",31.8076157983317,2.84275225375189
43,12,0,"White",31.6752051639102,2.87200339817397
44,12,0,"White",31.5456101834538,2.89580909253835
45,12,0,"White",31.4190970772427,2.90856156624479
46,12,0,"White",31.2959103289952,2.90465304869302
47,12,0,"White",31.1762726858681,2.87847576928281
48,12,0,"White",31.0603851584565,2.82449367354423
49,12,0,"White",30.9484270207934,2.74147367482704
50,12,0,"White",30.8405558103503,2.63485228660147
51,12,0,"White",30.7369073280368,2.5106397513804
52,12,0,"White",30.6375956382009,2.37484631167669
53,12,0,"White",30.5427130686288,2.23348221000321
54,12,0,"White",30.4523302105447,2.09255768887284
55,12,0,"White",30.3664959186114,1.95808299079843
56,12,0,"White",30.2852373109297,1.83606835829286
57,12,0,"White",30.2085597690387,1.73240465411971
58,12,0,"White",30.1364469379157,1.64936217708391
59,12,0,"White",30.0688607259764,1.58502547353122
60,12,0,"White",30.0057413050745,1.53724592623459
61,12,0,"White",29.9470071105021,1.50387491796697
62,12,0,"White",29.8925548409895,1.4827638315013
63,12,0,"White",29.8421443677946,1.47176404961053
64,12,0,"White",29.7941327346854,1.46872695506761
65,12,0,"White",29.7442081579228,1.47150393064549
66,12,0,"White",29.6852749353497,1.47801922372583
67,12,0,"White",29.6074534463914,1.48750514714612
68,12,0,"White",29.4985833250739,1.50032545538808
69,12,0,"White",29.3497583632329,1.51688120961311
70,12,0,"White",29.1608614137218,1.53757347098261
71,12,0,"White",28.9406382110698,1.56280330065798
72,12,0,"White",28.7019744955163,1.59297175980061
73,12,0,"White",28.4571731370438,1.6284799095719
74,12,0,"White",28.2175247830181,1.66972881113326
75,12,0,"White",27.9931022957609,1.71708439265379
76,12,0,"White",27.7904995658581,1.77050416126744
77,12,0,"White",27.6105703254668,1.82968212666604
78,12,0,"White",27.4485185705159,1.89430790691743
79,12,0,"White",27.2971543915985,1.96407112008942
80,12,0,"White",27.1501498048654,2.03866138424985
81,12,0,"White",27.0023347366516,2.11776831746653
82,12,0,"White",26.849697023476,2.20108153780728
83,12,0,"White",26.6893417659481,2.28829066333993
84,12,0,"White",26.5190442217368,2.37916061814893
85,12,0,"White",26.3368026985397,2.47405438343034
86,12,0,"White",26.1407979079889,2.57362013721868
87,12,0,"White",25.9293929656515,2.67850781395704
88,12,0,"White",25.7011333910292,2.78936734808851
89,12,0,"White",25.4547471075588,2.90684867405615
90,12,0,"White",25.1891444426115,3.03160172630306
91,12,0,"White",24.9034181274935,3.1642764392723
92,12,0,"White",24.5968432974459,3.30552274740698
93,12,0,"White",24.2688774916444,3.45579212010198
94,12,0,"White",23.9191606531994,3.61442547526189
95,12,0,"White",23.5475151291564,3.78037765425228
96,12,0,"White",23.1539456704955,3.95260311081164
97,12,0,"White",22.7386394321315,4.13005629867847
98,12,0,"White",22.3019659729142,4.31169167159129
99,12,0,"White",21.8444772556281,4.49646368328859
100,12,0,"White",21.3669076469924,4.68332678750888
101,12,0,"White",20.8701739176612,4.87123543799067
21,13,0,"White",35.3185997586378,2.59849078231117
22,13,0,"White",35.231845773364,2.67189483708626
23,13,0,"White",35.1372956704035,2.74334615760814
24,13,0,"White",35.0356721378335,2.81089200962361
25,13,0,"White",34.9276761271694,2.87257965887948
26,13,0,"White",34.8139868533649,2.92645637112253
27,13,0,"White",34.6952617948121,2.97056941209957
28,13,0,"White",34.572136693341,3.00296604755739
29,13,0,"White",34.44522555422,3.02169354324279
30,13,0,"White",34.3151206461559,3.02480052671015
31,13,0,"White",34.1823925012934,3.01169198587611
32,13,0,"White",34.0475899152158,2.98567448741007
33,13,0,"White",33.9112399469444,2.95075184346886
34,13,0,"White",33.7738479189387,2.91092786620933
35,13,0,"White",33.6358974170967,2.87020636778829
36,13,0,"White",33.4978502907545,2.83259116036258
37,13,0,"White",33.3601466526862,2.80208605608903
38,13,0,"White",33.2232048791046,2.78269486712447
39,13,0,"White",33.0874216096604,2.77840382614194
40,13,0,"White",32.9531717474426,2.79034469713562
41,13,0,"White",32.8208084589786,2.81366342987235
42,13,0,"White",32.6906631742338,2.84275225375189
43,13,0,"White",32.563045586612,2.87200339817397
44,13,0,"White",32.4382436529553,2.89580909253835
45,13,0,"White",32.3165235935437,2.90856156624479
46,13,0,"White",32.1981298920959,2.90465304869302
47,13,0,"White",32.0832852957684,2.87847576928281
48,13,0,"White",31.9721908151564,2.82449367354423
49,13,0,"White",31.8650257242929,2.74147367482704
50,13,0,"White",31.7619475606494,2.63485228660147
51,13,0,"White",31.6630921251356,2.5106397513804
52,13,0,"White",31.5685734820994,2.37484631167669
53,13,0,"White",31.4784839593268,2.23348221000321
54,13,0,"White",31.3928941480424,2.09255768887284
55,13,0,"White",31.3118529029087,1.95808299079843
56,13,0,"White",31.2353873420267,1.83606835829286
57,13,0,"White",31.1635028469353,1.73240465411971
58,13,0,"White",31.0961830626119,1.64936217708391
59,13,0,"White",31.0333898974722,1.58502547353122
60,13,0,"White",30.9750635233699,1.53724592623459
61,13,0,"White",30.9211223755972,1.50387491796697
62,13,0,"White",30.8714631528842,1.4827638315013
63,13,0,"White",30.8258457264889,1.47176404961053
64,13,0,"White",30.7826271401794,1.46872695506761
65,13,0,"White",30.7374956102164,1.47150393064549
66,13,0,"White",30.683355434443,1.47801922372583
67,13,0,"White",30.6103269922842,1.48750514714612
68,13,0,"White",30.5062499177664,1.50032545538808
69,13,0,"White",30.362218002725,1.51688120961311
70,13,0,"White",30.1781141000135,1.53757347098261
71,13,0,"White",29.9626839441611,1.56280330065798
72,13,0,"White",29.7288132754072,1.59297175980061
73,13,0,"White",29.4888049637344,1.6284799095719
74,13,0,"White",29.2539496565083,1.66972881113326
75,13,0,"White",29.0343202160508,1.71708439265379
76,13,0,"White",28.8365105329476,1.77050416126744
77,13,0,"White",28.661374339356,1.82968212666604
78,13,0,"White",28.5041156312046,1.89430790691743
79,13,0,"White",28.3575444990869,1.96407112008942
80,13,0,"White",28.2153329591534,2.03866138424985
81,13,0,"White",28.0723109377392,2.11776831746653
82,13,0,"White",27.9244662713632,2.20108153780728
83,13,0,"White",27.7689040606349,2.28829066333993
84,13,0,"White",27.6033995632233,2.37916061814893
85,13,0,"White",27.4259510868258,2.47405438343034
86,13,0,"White",27.2347393430747,2.57362013721868
87,13,0,"White",27.0281274475369,2.67850781395704
88,13,0,"White",26.8046609197143,2.78936734808851
89,13,0,"White",26.5630676830434,2.90684867405615
90,13,0,"White",26.3022580648957,3.03160172630306
91,13,0,"White",26.0213247965774,3.1642764392723
92,13,0,"White",25.7195430133294,3.30552274740698
93,13,0,"White",25.3963702543275,3.45579212010198
94,13,0,"White",25.0514464626822,3.61442547526189
95,13,0,"White",24.6845939854388,3.78037765425228
96,13,0,"White",24.2958175735775,3.95260311081164
97,13,0,"White",23.8853043820132,4.13005629867847
98,13,0,"White",23.4534239695955,4.31169167159129
99,13,0,"White",23.000728299109,4.49646368328859
100,13,0,"White",22.527951737273,4.68332678750888
101,13,0,"White",22.0360110547414,4.87123543799067
21,14,0,"White",35.3185997586378,2.59849078231117
22,14,0,"White",35.231845773364,2.67189483708626
23,14,0,"White",35.1372956704035,2.74334615760814
24,14,0,"White",35.0356721378335,2.81089200962361
25,14,0,"White",34.9276761271694,2.87257965887948
26,14,0,"White",34.8139868533649,2.92645637112253
27,14,0,"White",34.6952617948121,2.97056941209957
28,14,0,"White",34.572136693341,3.00296604755739
29,14,0,"White",34.44522555422,3.02169354324279
30,14,0,"White",34.3151206461559,3.02480052671015
31,14,0,"White",34.1823925012934,3.01169198587611
32,14,0,"White",34.0475899152158,2.98567448741007
33,14,0,"White",33.9112399469444,2.95075184346886
34,14,0,"White",33.7738479189387,2.91092786620933
35,14,0,"White",33.6358974170967,2.87020636778829
36,14,0,"White",33.4978502907545,2.83259116036258
37,14,0,"White",33.3601466526862,2.80208605608903
38,14,0,"White",33.2232048791046,2.78269486712447
39,14,0,"White",33.0874216096604,2.77840382614194
40,14,0,"White",32.9531717474426,2.79034469713562
41,14,0,"White",32.8208084589786,2.81366342987235
42,14,0,"White",32.6906631742338,2.84275225375189
43,14,0,"White",32.563045586612,2.87200339817397
44,14,0,"White",32.4382436529553,2.89580909253835
45,14,0,"White",32.3165235935437,2.90856156624479
46,14,0,"White",32.1981298920959,2.90465304869302
47,14,0,"White",32.0832852957684,2.87847576928281
48,14,0,"White",31.9721908151564,2.82449367354423
49,14,0,"White",31.8650257242929,2.74147367482704
50,14,0,"White",31.7619475606494,2.63485228660147
51,14,0,"White",31.6630921251356,2.5106397513804
52,14,0,"White",31.5685734820994,2.37484631167669
53,14,0,"White",31.4784839593268,2.23348221000321
54,14,0,"White",31.3928941480424,2.09255768887284
55,14,0,"White",31.3118529029087,1.95808299079843
56,14,0,"White",31.2353873420267,1.83606835829286
57,14,0,"White",31.1635028469353,1.73240465411971
58,14,0,"White",31.0961830626119,1.64936217708391
59,14,0,"White",31.0333898974722,1.58502547353122
60,14,0,"White",30.9750635233699,1.53724592623459
61,14,0,"White",30.9211223755972,1.50387491796697
62,14,0,"White",30.8714631528842,1.4827638315013
63,14,0,"White",30.8258457264889,1.47176404961053
64,14,0,"White",30.7826271401794,1.46872695506761
65,14,0,"White",30.7374956102164,1.47150393064549
66,14,0,"White",30.683355434443,1.47801922372583
67,14,0,"White",30.6103269922842,1.48750514714612
68,14,0,"White",30.5062499177664,1.50032545538808
69,14,0,"White",30.362218002725,1.51688120961311
70,14,0,"White",30.1781141000135,1.53757347098261
71,14,0,"White",29.9626839441611,1.56280330065798
72,14,0,"White",29.7288132754072,1.59297175980061
73,14,0,"White",29.4888049637344,1.6284799095719
74,14,0,"White",29.2539496565083,1.66972881113326
75,14,0,"White",29.0343202160508,1.71708439265379
76,14,0,"White",28.8365105329476,1.77050416126744
77,14,0,"White",28.661374339356,1.82968212666604
78,14,0,"White",28.5041156312046,1.89430790691743
79,14,0,"White",28.3575444990869,1.96407112008942
80,14,0,"White",28.2153329591534,2.03866138424985
81,14,0,"White",28.0723109377392,2.11776831746653
82,14,0,"White",27.9244662713632,2.20108153780728
83,14,0,"White",27.7689040606349,2.28829066333993
84,14,0,"White",27.6033995632233,2.37916061814893
85,14,0,"White",27.4259510868258,2.47405438343034
86,14,0,"White",27.2347393430747,2.57362013721868
87,14,0,"White",27.0281274475369,2.67850781395704
88,14,0,"White",26.8046609197143,2.78936734808851
89,14,0,"White",26.5630676830434,2.90684867405615
90,14,0,"White",26.3022580648957,3.03160172630306
91,14,0,"White",26.0213247965774,3.1642764392723
92,14,0,"White",25.7195430133294,3.30552274740698
93,14,0,"White",25.3963702543275,3.45579212010198
94,14,0,"White",25.0514464626822,3.61442547526189
95,14,0,"White",24.6845939854388,3.78037765425228
96,14,0,"White",24.2958175735775,3.95260311081164
97,14,0,"White",23.8853043820132,4.13005629867847
98,14,0,"White",23.4534239695955,4.31169167159129
99,14,0,"White",23.000728299109,4.49646368328859
100,14,0,"White",22.527951737273,4.68332678750888
101,14,0,"White",22.0360110547414,4.87123543799067
21,15,0,"White",35.3185997586378,2.59849078231117
22,15,0,"White",35.231845773364,2.67189483708626
23,15,0,"White",35.1372956704035,2.74334615760814
24,15,0,"White",35.0356721378335,2.81089200962361
25,15,0,"White",34.9276761271694,2.87257965887948
26,15,0,"White",34.8139868533649,2.92645637112253
27,15,0,"White",34.6952617948121,2.97056941209957
28,15,0,"White",34.572136693341,3.00296604755739
29,15,0,"White",34.44522555422,3.02169354324279
30,15,0,"White",34.3151206461559,3.02480052671015
31,15,0,"White",34.1823925012934,3.01169198587611
32,15,0,"White",34.0475899152158,2.98567448741007
33,15,0,"White",33.9112399469444,2.95075184346886
34,15,0,"White",33.7738479189387,2.91092786620933
35,15,0,"White",33.6358974170967,2.87020636778829
36,15,0,"White",33.4978502907545,2.83259116036258
37,15,0,"White",33.3601466526862,2.80208605608903
38,15,0,"White",33.2232048791046,2.78269486712447
39,15,0,"White",33.0874216096604,2.77840382614194
40,15,0,"White",32.9531717474426,2.79034469713562
41,15,0,"White",32.8208084589786,2.81366342987235
42,15,0,"White",32.6906631742338,2.84275225375189
43,15,0,"White",32.563045586612,2.87200339817397
44,15,0,"White",32.4382436529553,2.89580909253835
45,15,0,"White",32.3165235935437,2.90856156624479
46,15,0,"White",32.1981298920959,2.90465304869302
47,15,0,"White",32.0832852957684,2.87847576928281
48,15,0,"White",31.9721908151564,2.82449367354423
49,15,0,"White",31.8650257242929,2.74147367482704
50,15,0,"White",31.7619475606494,2.63485228660147
51,15,0,"White",31.6630921251356,2.5106397513804
52,15,0,"White",31.5685734820994,2.37484631167669
53,15,0,"White",31.4784839593268,2.23348221000321
54,15,0,"White",31.3928941480424,2.09255768887284
55,15,0,"White",31.3118529029087,1.95808299079843
56,15,0,"White",31.2353873420267,1.83606835829286
57,15,0,"White",31.1635028469353,1.73240465411971
58,15,0,"White",31.0961830626119,1.64936217708391
59,15,0,"White",31.0333898974722,1.58502547353122
60,15,0,"White",30.9750635233699,1.53724592623459
61,15,0,"White",30.9211223755972,1.50387491796697
62,15,0,"White",30.8714631528842,1.4827638315013
63,15,0,"White",30.8258457264889,1.47176404961053
64,15,0,"White",30.7826271401794,1.46872695506761
65,15,0,"White",30.7374956102164,1.47150393064549
66,15,0,"White",30.683355434443,1.47801922372583
67,15,0,"White",30.6103269922842,1.48750514714612
68,15,0,"White",30.5062499177664,1.50032545538808
69,15,0,"White",30.362218002725,1.51688120961311
70,15,0,"White",30.1781141000135,1.53757347098261
71,15,0,"White",29.9626839441611,1.56280330065798
72,15,0,"White",29.7288132754072,1.59297175980061
73,15,0,"White",29.4888049637344,1.6284799095719
74,15,0,"White",29.2539496565083,1.66972881113326
75,15,0,"White",29.0343202160508,1.71708439265379
76,15,0,"White",28.8365105329476,1.77050416126744
77,15,0,"White",28.661374339356,1.82968212666604
78,15,0,"White",28.5041156312046,1.89430790691743
79,15,0,"White",28.3575444990869,1.96407112008942
80,15,0,"White",28.2153329591534,2.03866138424985
81,15,0,"White",28.0723109377392,2.11776831746653
82,15,0,"White",27.9244662713632,2.20108153780728
83,15,0,"White",27.7689040606349,2.28829066333993
84,15,0,"White",27.6033995632233,2.37916061814893
85,15,0,"White",27.4259510868258,2.47405438343034
86,15,0,"White",27.2347393430747,2.57362013721868
87,15,0,"White",27.0281274475369,2.67850781395704
88,15,0,"White",26.8046609197143,2.78936734808851
89,15,0,"White",26.5630676830434,2.90684867405615
90,15,0,"White",26.3022580648957,3.03160172630306
91,15,0,"White",26.0213247965774,3.1642764392723
92,15,0,"White",25.7195430133294,3.30552274740698
93,15,0,"White",25.3963702543275,3.45579212010198
94,15,0,"White",25.0514464626822,3.61442547526189
95,15,0,"White",24.6845939854388,3.78037765425228
96,15,0,"White",24.2958175735775,3.95260311081164
97,15,0,"White",23.8853043820132,4.13005629867847
98,15,0,"White",23.4534239695955,4.31169167159129
99,15,0,"White",23.000728299109,4.49646368328859
100,15,0,"White",22.527951737273,4.68332678750888
101,15,0,"White",22.0360110547414,4.87123543799067
21,16,0,"White",35.3185997586378,2.59849078231117
22,16,0,"White",35.231845773364,2.67189483708626
23,16,0,"White",35.1372956704035,2.74334615760814
24,16,0,"White",35.0356721378335,2.81089200962361
25,16,0,"White",34.9276761271694,2.87257965887948
26,16,0,"White",34.8139868533649,2.92645637112253
27,16,0,"White",34.6952617948121,2.97056941209957
28,16,0,"White",34.572136693341,3.00296604755739
29,16,0,"White",34.44522555422,3.02169354324279
30,16,0,"White",34.3151206461559,3.02480052671015
31,16,0,"White",34.1823925012934,3.01169198587611
32,16,0,"White",34.0475899152158,2.98567448741007
33,16,0,"White",33.9112399469444,2.95075184346886
34,16,0,"White",33.7738479189387,2.91092786620933
35,16,0,"White",33.6358974170967,2.87020636778829
36,16,0,"White",33.4978502907545,2.83259116036258
37,16,0,"White",33.3601466526862,2.80208605608903
38,16,0,"White",33.2232048791046,2.78269486712447
39,16,0,"White",33.0874216096604,2.77840382614194
40,16,0,"White",32.9531717474426,2.79034469713562
41,16,0,"White",32.8208084589786,2.81366342987235
42,16,0,"White",32.6906631742338,2.84275225375189
43,16,0,"White",32.563045586612,2.87200339817397
44,16,0,"White",32.4382436529553,2.89580909253835
45,16,0,"White",32.3165235935437,2.90856156624479
46,16,0,"White",32.1981298920959,2.90465304869302
47,16,0,"White",32.0832852957684,2.87847576928281
48,16,0,"White",31.9721908151564,2.82449367354423
49,16,0,"White",31.8650257242929,2.74147367482704
50,16,0,"White",31.7619475606494,2.63485228660147
51,16,0,"White",31.6630921251356,2.5106397513804
52,16,0,"White",31.5685734820994,2.37484631167669
53,16,0,"White",31.4784839593268,2.23348221000321
54,16,0,"White",31.3928941480424,2.09255768887284
55,16,0,"White",31.3118529029087,1.95808299079843
56,16,0,"White",31.2353873420267,1.83606835829286
57,16,0,"White",31.1635028469353,1.73240465411971
58,16,0,"White",31.0961830626119,1.64936217708391
59,16,0,"White",31.0333898974722,1.58502547353122
60,16,0,"White",30.9750635233699,1.53724592623459
61,16,0,"White",30.9211223755972,1.50387491796697
62,16,0,"White",30.8714631528842,1.4827638315013
63,16,0,"White",30.8258457264889,1.47176404961053
64,16,0,"White",30.7826271401794,1.46872695506761
65,16,0,"White",30.7374956102164,1.47150393064549
66,16,0,"White",30.683355434443,1.47801922372583
67,16,0,"White",30.6103269922842,1.48750514714612
68,16,0,"White",30.5062499177664,1.50032545538808
69,16,0,"White",30.362218002725,1.51688120961311
70,16,0,"White",30.1781141000135,1.53757347098261
71,16,0,"White",29.9626839441611,1.56280330065798
72,16,0,"White",29.7288132754072,1.59297175980061
73,16,0,"White",29.4888049637344,1.6284799095719
74,16,0,"White",29.2539496565083,1.66972881113326
75,16,0,"White",29.0343202160508,1.71708439265379
76,16,0,"White",28.8365105329476,1.77050416126744
77,16,0,"White",28.661374339356,1.82968212666604
78,16,0,"White",28.5041156312046,1.89430790691743
79,16,0,"White",28.3575444990869,1.96407112008942
80,16,0,"White",28.2153329591534,2.03866138424985
81,16,0,"White",28.0723109377392,2.11776831746653
82,16,0,"White",27.9244662713632,2.20108153780728
83,16,0,"White",27.7689040606349,2.28829066333993
84,16,0,"White",27.6033995632233,2.37916061814893
85,16,0,"White",27.4259510868258,2.47405438343034
86,16,0,"White",27.2347393430747,2.57362013721868
87,16,0,"White",27.0281274475369,2.67850781395704
88,16,0,"White",26.8046609197143,2.78936734808851
89,16,0,"White",26.5630676830434,2.90684867405615
90,16,0,"White",26.3022580648957,3.03160172630306
91,16,0,"White",26.0213247965774,3.1642764392723
92,16,0,"White",25.7195430133294,3.30552274740698
93,16,0,"White",25.3963702543275,3.45579212010198
94,16,0,"White",25.0514464626822,3.61442547526189
95,16,0,"White",24.6845939854388,3.78037765425228
96,16,0,"White",24.2958175735775,3.95260311081164
97,16,0,"White",23.8853043820132,4.13005629867847
98,16,0,"White",23.4534239695955,4.31169167159129
99,16,0,"White",23.000728299109,4.49646368328859
100,16,0,"White",22.527951737273,4.68332678750888
101,16,0,"White",22.0360110547414,4.87123543799067
21,17,0,"White",34.8200216222925,2.59849078231117
22,17,0,"White",34.7424767619719,2.67189483708626
23,17,0,"White",34.6571357839646,2.74334615760814
24,17,0,"White",34.5647213763478,2.81089200962361
25,17,0,"White",34.465934490637,2.87257965887948
26,17,0,"White",34.3614543417858,2.92645637112253
27,17,0,"White",34.2519384081862,2.97056941209957
28,17,0,"White",34.1380224316683,3.00296604755739
29,17,0,"White",34.0203204175006,3.02169354324279
30,17,0,"White",33.8994246343897,3.02480052671015
31,17,0,"White",33.7759056144805,3.01169198587611
32,17,0,"White",33.6503121533561,2.98567448741007
33,17,0,"White",33.5231713100379,2.95075184346886
34,17,0,"White",33.3949884069855,2.91092786620933
35,17,0,"White",33.2662470300968,2.87020636778829
36,17,0,"White",33.1374090287077,2.83259116036258
37,17,0,"White",33.0089145155927,2.80208605608903
38,17,0,"White",32.8811818669644,2.78269486712447
39,17,0,"White",32.7546077224734,2.77840382614194
40,17,0,"White",32.6295669852089,2.79034469713562
41,17,0,"White",32.5064128216981,2.81366342987235
42,17,0,"White",32.3854766619066,2.84275225375189
43,17,0,"White",32.267068199238,2.87200339817397
44,17,0,"White",32.1514753905345,2.89580909253835
45,17,0,"White",32.0389644560762,2.90856156624479
46,17,0,"White",31.9297798795816,2.90465304869302
47,17,0,"White",31.8241444082074,2.87847576928281
48,17,0,"White",31.7222590525486,2.82449367354423
49,17,0,"White",31.6243030866383,2.74147367482704
50,17,0,"White",31.5304340479481,2.63485228660147
51,17,0,"White",31.4407877373875,2.5106397513804
52,17,0,"White",31.3554782193045,2.37484631167669
53,17,0,"White",31.2745978214852,2.23348221000321
54,17,0,"White",31.198217135154,2.09255768887284
55,17,0,"White",31.1263850149736,1.95808299079843
56,17,0,"White",31.0591285790448,1.83606835829286
57,17,0,"White",30.9964532089066,1.73240465411971
58,17,0,"White",30.9383425495365,1.64936217708391
59,17,0,"White",30.88475850935,1.58502547353122
60,17,0,"White",30.835641260201,1.53724592623459
61,17,0,"White",30.7909092373815,1.50387491796697
62,17,0,"White",30.7504591396218,1.4827638315013
63,17,0,"White",30.7140508381797,1.47176404961053
64,17,0,"White",30.6800413768234,1.46872695506761
65,17,0,"White",30.6441189718137,1.47150393064549
66,17,0,"White",30.5991879209935,1.47801922372583
67,17,0,"White",30.535368603788,1.48750514714612
68,17,0,"White",30.4405006542234,1.50032545538808
69,17,0,"White",30.3056778641353,1.51688120961311
70,17,0,"White",30.130783086377,1.53757347098261
71,17,0,"White",29.9245620554779,1.56280330065798
72,17,0,"White",29.6999005116772,1.59297175980061
73,17,0,"White",29.4691013249576,1.6284799095719
74,17,0,"White",29.2434551426848,1.66972881113326
75,17,0,"White",29.0330348271805,1.71708439265379
76,17,0,"White",28.8444342690305,1.77050416126744
77,17,0,"White",28.6785072003921,1.82968212666604
78,17,0,"White",28.530457617194,1.89430790691743
79,17,0,"White",28.3930956100295,1.96407112008942
80,17,0,"White",28.2600931950493,2.03866138424985
81,17,0,"White",28.1262802985883,2.11776831746653
82,17,0,"White",27.9876447571656,2.20108153780728
83,17,0,"White",27.8412916713906,2.28829066333993
84,17,0,"White",27.6849962989322,2.37916061814893
85,17,0,"White",27.5167569474879,2.47405438343034
86,17,0,"White",27.33475432869,2.57362013721868
87,17,0,"White",27.1373515581054,2.67850781395704
88,17,0,"White",26.9230941552361,2.78936734808851
89,17,0,"White",26.6907100435185,2.90684867405615
90,17,0,"White",26.4391095503241,3.03160172630306
91,17,0,"White",26.167385406959,3.1642764392723
92,17,0,"White",25.8748127486642,3.30552274740698
93,17,0,"White",25.5608491146155,3.45579212010198
94,17,0,"White",25.2251344479235,3.61442547526189
95,17,0,"White",24.8674910956333,3.78037765425228
96,17,0,"White",24.4879238087253,3.95260311081164
97,17,0,"White",24.0866197421142,4.13005629867847
98,17,0,"White",23.6639484546498,4.31169167159129
99,17,0,"White",23.2204619091165,4.49646368328859
100,17,0,"White",22.7568944722337,4.68332678750888
101,17,0,"White",22.2741629146553,4.87123543799067
21,18,0,"White",34.8200216222925,2.59849078231117
22,18,0,"White",34.7424767619719,2.67189483708626
23,18,0,"White",34.6571357839646,2.74334615760814
24,18,0,"White",34.5647213763478,2.81089200962361
25,18,0,"White",34.465934490637,2.87257965887948
26,18,0,"White",34.3614543417858,2.92645637112253
27,18,0,"White",34.2519384081862,2.97056941209957
28,18,0,"White",34.1380224316683,3.00296604755739
29,18,0,"White",34.0203204175006,3.02169354324279
30,18,0,"White",33.8994246343897,3.02480052671015
31,18,0,"White",33.7759056144805,3.01169198587611
32,18,0,"White",33.6503121533561,2.98567448741007
33,18,0,"White",33.5231713100379,2.95075184346886
34,18,0,"White",33.3949884069855,2.91092786620933
35,18,0,"White",33.2662470300968,2.87020636778829
36,18,0,"White",33.1374090287077,2.83259116036258
37,18,0,"White",33.0089145155927,2.80208605608903
38,18,0,"White",32.8811818669644,2.78269486712447
39,18,0,"White",32.7546077224734,2.77840382614194
40,18,0,"White",32.6295669852089,2.79034469713562
41,18,0,"White",32.5064128216981,2.81366342987235
42,18,0,"White",32.3854766619066,2.84275225375189
43,18,0,"White",32.267068199238,2.87200339817397
44,18,0,"White",32.1514753905345,2.89580909253835
45,18,0,"White",32.0389644560762,2.90856156624479
46,18,0,"White",31.9297798795816,2.90465304869302
47,18,0,"White",31.8241444082074,2.87847576928281
48,18,0,"White",31.7222590525486,2.82449367354423
49,18,0,"White",31.6243030866383,2.74147367482704
50,18,0,"White",31.5304340479481,2.63485228660147
51,18,0,"White",31.4407877373875,2.5106397513804
52,18,0,"White",31.3554782193045,2.37484631167669
53,18,0,"White",31.2745978214852,2.23348221000321
54,18,0,"White",31.198217135154,2.09255768887284
55,18,0,"White",31.1263850149736,1.95808299079843
56,18,0,"White",31.0591285790448,1.83606835829286
57,18,0,"White",30.9964532089066,1.73240465411971
58,18,0,"White",30.9383425495365,1.64936217708391
59,18,0,"White",30.88475850935,1.58502547353122
60,18,0,"White",30.835641260201,1.53724592623459
61,18,0,"White",30.7909092373815,1.50387491796697
62,18,0,"White",30.7504591396218,1.4827638315013
63,18,0,"White",30.7140508381797,1.47176404961053
64,18,0,"White",30.6800413768234,1.46872695506761
65,18,0,"White",30.6441189718137,1.47150393064549
66,18,0,"White",30.5991879209935,1.47801922372583
67,18,0,"White",30.535368603788,1.48750514714612
68,18,0,"White",30.4405006542234,1.50032545538808
69,18,0,"White",30.3056778641353,1.51688120961311
70,18,0,"White",30.130783086377,1.53757347098261
71,18,0,"White",29.9245620554779,1.56280330065798
72,18,0,"White",29.6999005116772,1.59297175980061
73,18,0,"White",29.4691013249576,1.6284799095719
74,18,0,"White",29.2434551426848,1.66972881113326
75,18,0,"White",29.0330348271805,1.71708439265379
76,18,0,"White",28.8444342690305,1.77050416126744
77,18,0,"White",28.6785072003921,1.82968212666604
78,18,0,"White",28.530457617194,1.89430790691743
79,18,0,"White",28.3930956100295,1.96407112008942
80,18,0,"White",28.2600931950493,2.03866138424985
81,18,0,"White",28.1262802985883,2.11776831746653
82,18,0,"White",27.9876447571656,2.20108153780728
83,18,0,"White",27.8412916713906,2.28829066333993
84,18,0,"White",27.6849962989322,2.37916061814893
85,18,0,"White",27.5167569474879,2.47405438343034
86,18,0,"White",27.33475432869,2.57362013721868
87,18,0,"White",27.1373515581054,2.67850781395704
88,18,0,"White",26.9230941552361,2.78936734808851
89,18,0,"White",26.6907100435185,2.90684867405615
90,18,0,"White",26.4391095503241,3.03160172630306
91,18,0,"White",26.167385406959,3.1642764392723
92,18,0,"White",25.8748127486642,3.30552274740698
93,18,0,"White",25.5608491146155,3.45579212010198
94,18,0,"White",25.2251344479235,3.61442547526189
95,18,0,"White",24.8674910956333,3.78037765425228
96,18,0,"White",24.4879238087253,3.95260311081164
97,18,0,"White",24.0866197421142,4.13005629867847
98,18,0,"White",23.6639484546498,4.31169167159129
99,18,0,"White",23.2204619091165,4.49646368328859
100,18,0,"White",22.7568944722337,4.68332678750888
101,18,0,"White",22.2741629146553,4.87123543799067
21,19,0,"White",34.8200216222925,2.59849078231117
22,19,0,"White",34.7424767619719,2.67189483708626
23,19,0,"White",34.6571357839646,2.74334615760814
24,19,0,"White",34.5647213763478,2.81089200962361
25,19,0,"White",34.465934490637,2.87257965887948
26,19,0,"White",34.3614543417858,2.92645637112253
27,19,0,"White",34.2519384081862,2.97056941209957
28,19,0,"White",34.1380224316683,3.00296604755739
29,19,0,"White",34.0203204175006,3.02169354324279
30,19,0,"White",33.8994246343897,3.02480052671015
31,19,0,"White",33.7759056144805,3.01169198587611
32,19,0,"White",33.6503121533561,2.98567448741007
33,19,0,"White",33.5231713100379,2.95075184346886
34,19,0,"White",33.3949884069855,2.91092786620933
35,19,0,"White",33.2662470300968,2.87020636778829
36,19,0,"White",33.1374090287077,2.83259116036258
37,19,0,"White",33.0089145155927,2.80208605608903
38,19,0,"White",32.8811818669644,2.78269486712447
39,19,0,"White",32.7546077224734,2.77840382614194
40,19,0,"White",32.6295669852089,2.79034469713562
41,19,0,"White",32.5064128216981,2.81366342987235
42,19,0,"White",32.3854766619066,2.84275225375189
43,19,0,"White",32.267068199238,2.87200339817397
44,19,0,"White",32.1514753905345,2.89580909253835
45,19,0,"White",32.0389644560762,2.90856156624479
46,19,0,"White",31.9297798795816,2.90465304869302
47,19,0,"White",31.8241444082074,2.87847576928281
48,19,0,"White",31.7222590525486,2.82449367354423
49,19,0,"White",31.6243030866383,2.74147367482704
50,19,0,"White",31.5304340479481,2.63485228660147
51,19,0,"White",31.4407877373875,2.5106397513804
52,19,0,"White",31.3554782193045,2.37484631167669
53,19,0,"White",31.2745978214852,2.23348221000321
54,19,0,"White",31.198217135154,2.09255768887284
55,19,0,"White",31.1263850149736,1.95808299079843
56,19,0,"White",31.0591285790448,1.83606835829286
57,19,0,"White",30.9964532089066,1.73240465411971
58,19,0,"White",30.9383425495365,1.64936217708391
59,19,0,"White",30.88475850935,1.58502547353122
60,19,0,"White",30.835641260201,1.53724592623459
61,19,0,"White",30.7909092373815,1.50387491796697
62,19,0,"White",30.7504591396218,1.4827638315013
63,19,0,"White",30.7140508381797,1.47176404961053
64,19,0,"White",30.6800413768234,1.46872695506761
65,19,0,"White",30.6441189718137,1.47150393064549
66,19,0,"White",30.5991879209935,1.47801922372583
67,19,0,"White",30.535368603788,1.48750514714612
68,19,0,"White",30.4405006542234,1.50032545538808
69,19,0,"White",30.3056778641353,1.51688120961311
70,19,0,"White",30.130783086377,1.53757347098261
71,19,0,"White",29.9245620554779,1.56280330065798
72,19,0,"White",29.6999005116772,1.59297175980061
73,19,0,"White",29.4691013249576,1.6284799095719
74,19,0,"White",29.2434551426848,1.66972881113326
75,19,0,"White",29.0330348271805,1.71708439265379
76,19,0,"White",28.8444342690305,1.77050416126744
77,19,0,"White",28.6785072003921,1.82968212666604
78,19,0,"White",28.530457617194,1.89430790691743
79,19,0,"White",28.3930956100295,1.96407112008942
80,19,0,"White",28.2600931950493,2.03866138424985
81,19,0,"White",28.1262802985883,2.11776831746653
82,19,0,"White",27.9876447571656,2.20108153780728
83,19,0,"White",27.8412916713906,2.28829066333993
84,19,0,"White",27.6849962989322,2.37916061814893
85,19,0,"White",27.5167569474879,2.47405438343034
86,19,0,"White",27.33475432869,2.57362013721868
87,19,0,"White",27.1373515581054,2.67850781395704
88,19,0,"White",26.9230941552361,2.78936734808851
89,19,0,"White",26.6907100435185,2.90684867405615
90,19,0,"White",26.4391095503241,3.03160172630306
91,19,0,"White",26.167385406959,3.1642764392723
92,19,0,"White",25.8748127486642,3.30552274740698
93,19,0,"White",25.5608491146155,3.45579212010198
94,19,0,"White",25.2251344479235,3.61442547526189
95,19,0,"White",24.8674910956333,3.78037765425228
96,19,0,"White",24.4879238087253,3.95260311081164
97,19,0,"White",24.0866197421142,4.13005629867847
98,19,0,"White",23.6639484546498,4.31169167159129
99,19,0,"White",23.2204619091165,4.49646368328859
100,19,0,"White",22.7568944722337,4.68332678750888
101,19,0,"White",22.2741629146553,4.87123543799067
21,20,0,"White",34.8200216222925,2.59849078231117
22,20,0,"White",34.7424767619719,2.67189483708626
23,20,0,"White",34.6571357839646,2.74334615760814
24,20,0,"White",34.5647213763478,2.81089200962361
25,20,0,"White",34.465934490637,2.87257965887948
26,20,0,"White",34.3614543417858,2.92645637112253
27,20,0,"White",34.2519384081862,2.97056941209957
28,20,0,"White",34.1380224316683,3.00296604755739
29,20,0,"White",34.0203204175006,3.02169354324279
30,20,0,"White",33.8994246343897,3.02480052671015
31,20,0,"White",33.7759056144805,3.01169198587611
32,20,0,"White",33.6503121533561,2.98567448741007
33,20,0,"White",33.5231713100379,2.95075184346886
34,20,0,"White",33.3949884069855,2.91092786620933
35,20,0,"White",33.2662470300968,2.87020636778829
36,20,0,"White",33.1374090287077,2.83259116036258
37,20,0,"White",33.0089145155927,2.80208605608903
38,20,0,"White",32.8811818669644,2.78269486712447
39,20,0,"White",32.7546077224734,2.77840382614194
40,20,0,"White",32.6295669852089,2.79034469713562
41,20,0,"White",32.5064128216981,2.81366342987235
42,20,0,"White",32.3854766619066,2.84275225375189
43,20,0,"White",32.267068199238,2.87200339817397
44,20,0,"White",32.1514753905345,2.89580909253835
45,20,0,"White",32.0389644560762,2.90856156624479
46,20,0,"White",31.9297798795816,2.90465304869302
47,20,0,"White",31.8241444082074,2.87847576928281
48,20,0,"White",31.7222590525486,2.82449367354423
49,20,0,"White",31.6243030866383,2.74147367482704
50,20,0,"White",31.5304340479481,2.63485228660147
51,20,0,"White",31.4407877373875,2.5106397513804
52,20,0,"White",31.3554782193045,2.37484631167669
53,20,0,"White",31.2745978214852,2.23348221000321
54,20,0,"White",31.198217135154,2.09255768887284
55,20,0,"White",31.1263850149736,1.95808299079843
56,20,0,"White",31.0591285790448,1.83606835829286
57,20,0,"White",30.9964532089066,1.73240465411971
58,20,0,"White",30.9383425495365,1.64936217708391
59,20,0,"White",30.88475850935,1.58502547353122
60,20,0,"White",30.835641260201,1.53724592623459
61,20,0,"White",30.7909092373815,1.50387491796697
62,20,0,"White",30.7504591396218,1.4827638315013
63,20,0,"White",30.7140508381797,1.47176404961053
64,20,0,"White",30.6800413768234,1.46872695506761
65,20,0,"White",30.6441189718137,1.47150393064549
66,20,0,"White",30.5991879209935,1.47801922372583
67,20,0,"White",30.535368603788,1.48750514714612
68,20,0,"White",30.4405006542234,1.50032545538808
69,20,0,"White",30.3056778641353,1.51688120961311
70,20,0,"White",30.130783086377,1.53757347098261
71,20,0,"White",29.9245620554779,1.56280330065798
72,20,0,"White",29.6999005116772,1.59297175980061
73,20,0,"White",29.4691013249576,1.6284799095719
74,20,0,"White",29.2434551426848,1.66972881113326
75,20,0,"White",29.0330348271805,1.71708439265379
76,20,0,"White",28.8444342690305,1.77050416126744
77,20,0,"White",28.6785072003921,1.82968212666604
78,20,0,"White",28.530457617194,1.89430790691743
79,20,0,"White",28.3930956100295,1.96407112008942
80,20,0,"White",28.2600931950493,2.03866138424985
81,20,0,"White",28.1262802985883,2.11776831746653
82,20,0,"White",27.9876447571656,2.20108153780728
83,20,0,"White",27.8412916713906,2.28829066333993
84,20,0,"White",27.6849962989322,2.37916061814893
85,20,0,"White",27.5167569474879,2.47405438343034
86,20,0,"White",27.33475432869,2.57362013721868
87,20,0,"White",27.1373515581054,2.67850781395704
88,20,0,"White",26.9230941552361,2.78936734808851
89,20,0,"White",26.6907100435185,2.90684867405615
90,20,0,"White",26.4391095503241,3.03160172630306
91,20,0,"White",26.167385406959,3.1642764392723
92,20,0,"White",25.8748127486642,3.30552274740698
93,20,0,"White",25.5608491146155,3.45579212010198
94,20,0,"White",25.2251344479235,3.61442547526189
95,20,0,"White",24.8674910956333,3.78037765425228
96,20,0,"White",24.4879238087253,3.95260311081164
97,20,0,"White",24.0866197421142,4.13005629867847
98,20,0,"White",23.6639484546498,4.31169167159129
99,20,0,"White",23.2204619091165,4.49646368328859
100,20,0,"White",22.7568944722337,4.68332678750888
101,20,0,"White",22.2741629146553,4.87123543799067
21,21,0,"White",34.8200216222925,2.59849078231117
22,21,0,"White",34.7424767619719,2.67189483708626
23,21,0,"White",34.6571357839646,2.74334615760814
24,21,0,"White",34.5647213763478,2.81089200962361
25,21,0,"White",34.465934490637,2.87257965887948
26,21,0,"White",34.3614543417858,2.92645637112253
27,21,0,"White",34.2519384081862,2.97056941209957
28,21,0,"White",34.1380224316683,3.00296604755739
29,21,0,"White",34.0203204175006,3.02169354324279
30,21,0,"White",33.8994246343897,3.02480052671015
31,21,0,"White",33.7759056144805,3.01169198587611
32,21,0,"White",33.6503121533561,2.98567448741007
33,21,0,"White",33.5231713100379,2.95075184346886
34,21,0,"White",33.3949884069855,2.91092786620933
35,21,0,"White",33.2662470300968,2.87020636778829
36,21,0,"White",33.1374090287077,2.83259116036258
37,21,0,"White",33.0089145155927,2.80208605608903
38,21,0,"White",32.8811818669644,2.78269486712447
39,21,0,"White",32.7546077224734,2.77840382614194
40,21,0,"White",32.6295669852089,2.79034469713562
41,21,0,"White",32.5064128216981,2.81366342987235
42,21,0,"White",32.3854766619066,2.84275225375189
43,21,0,"White",32.267068199238,2.87200339817397
44,21,0,"White",32.1514753905345,2.89580909253835
45,21,0,"White",32.0389644560762,2.90856156624479
46,21,0,"White",31.9297798795816,2.90465304869302
47,21,0,"White",31.8241444082074,2.87847576928281
48,21,0,"White",31.7222590525486,2.82449367354423
49,21,0,"White",31.6243030866383,2.74147367482704
50,21,0,"White",31.5304340479481,2.63485228660147
51,21,0,"White",31.4407877373875,2.5106397513804
52,21,0,"White",31.3554782193045,2.37484631167669
53,21,0,"White",31.2745978214852,2.23348221000321
54,21,0,"White",31.198217135154,2.09255768887284
55,21,0,"White",31.1263850149736,1.95808299079843
56,21,0,"White",31.0591285790448,1.83606835829286
57,21,0,"White",30.9964532089066,1.73240465411971
58,21,0,"White",30.9383425495365,1.64936217708391
59,21,0,"White",30.88475850935,1.58502547353122
60,21,0,"White",30.835641260201,1.53724592623459
61,21,0,"White",30.7909092373815,1.50387491796697
62,21,0,"White",30.7504591396218,1.4827638315013
63,21,0,"White",30.7140508381797,1.47176404961053
64,21,0,"White",30.6800413768234,1.46872695506761
65,21,0,"White",30.6441189718137,1.47150393064549
66,21,0,"White",30.5991879209935,1.47801922372583
67,21,0,"White",30.535368603788,1.48750514714612
68,21,0,"White",30.4405006542234,1.50032545538808
69,21,0,"White",30.3056778641353,1.51688120961311
70,21,0,"White",30.130783086377,1.53757347098261
71,21,0,"White",29.9245620554779,1.56280330065798
72,21,0,"White",29.6999005116772,1.59297175980061
73,21,0,"White",29.4691013249576,1.6284799095719
74,21,0,"White",29.2434551426848,1.66972881113326
75,21,0,"White",29.0330348271805,1.71708439265379
76,21,0,"White",28.8444342690305,1.77050416126744
77,21,0,"White",28.6785072003921,1.82968212666604
78,21,0,"White",28.530457617194,1.89430790691743
79,21,0,"White",28.3930956100295,1.96407112008942
80,21,0,"White",28.2600931950493,2.03866138424985
81,21,0,"White",28.1262802985883,2.11776831746653
82,21,0,"White",27.9876447571656,2.20108153780728
83,21,0,"White",27.8412916713906,2.28829066333993
84,21,0,"White",27.6849962989322,2.37916061814893
85,21,0,"White",27.5167569474879,2.47405438343034
86,21,0,"White",27.33475432869,2.57362013721868
87,21,0,"White",27.1373515581054,2.67850781395704
88,21,0,"White",26.9230941552361,2.78936734808851
89,21,0,"White",26.6907100435185,2.90684867405615
90,21,0,"White",26.4391095503241,3.03160172630306
91,21,0,"White",26.167385406959,3.1642764392723
92,21,0,"White",25.8748127486642,3.30552274740698
93,21,0,"White",25.5608491146155,3.45579212010198
94,21,0,"White",25.2251344479235,3.61442547526189
95,21,0,"White",24.8674910956333,3.78037765425228
96,21,0,"White",24.4879238087253,3.95260311081164
97,21,0,"White",24.0866197421142,4.13005629867847
98,21,0,"White",23.6639484546498,4.31169167159129
99,21,0,"White",23.2204619091165,4.49646368328859
100,21,0,"White",22.7568944722337,4.68332678750888
101,21,0,"White",22.2741629146553,4.87123543799067
21,22,0,"White",34.8200216222925,2.59849078231117
22,22,0,"White",34.7424767619719,2.67189483708626
23,22,0,"White",34.6571357839646,2.74334615760814
24,22,0,"White",34.5647213763478,2.81089200962361
25,22,0,"White",34.465934490637,2.87257965887948
26,22,0,"White",34.3614543417858,2.92645637112253
27,22,0,"White",34.2519384081862,2.97056941209957
28,22,0,"White",34.1380224316683,3.00296604755739
29,22,0,"White",34.0203204175006,3.02169354324279
30,22,0,"White",33.8994246343897,3.02480052671015
31,22,0,"White",33.7759056144805,3.01169198587611
32,22,0,"White",33.6503121533561,2.98567448741007
33,22,0,"White",33.5231713100379,2.95075184346886
34,22,0,"White",33.3949884069855,2.91092786620933
35,22,0,"White",33.2662470300968,2.87020636778829
36,22,0,"White",33.1374090287077,2.83259116036258
37,22,0,"White",33.0089145155927,2.80208605608903
38,22,0,"White",32.8811818669644,2.78269486712447
39,22,0,"White",32.7546077224734,2.77840382614194
40,22,0,"White",32.6295669852089,2.79034469713562
41,22,0,"White",32.5064128216981,2.81366342987235
42,22,0,"White",32.3854766619066,2.84275225375189
43,22,0,"White",32.267068199238,2.87200339817397
44,22,0,"White",32.1514753905345,2.89580909253835
45,22,0,"White",32.0389644560762,2.90856156624479
46,22,0,"White",31.9297798795816,2.90465304869302
47,22,0,"White",31.8241444082074,2.87847576928281
48,22,0,"White",31.7222590525486,2.82449367354423
49,22,0,"White",31.6243030866383,2.74147367482704
50,22,0,"White",31.5304340479481,2.63485228660147
51,22,0,"White",31.4407877373875,2.5106397513804
52,22,0,"White",31.3554782193045,2.37484631167669
53,22,0,"White",31.2745978214852,2.23348221000321
54,22,0,"White",31.198217135154,2.09255768887284
55,22,0,"White",31.1263850149736,1.95808299079843
56,22,0,"White",31.0591285790448,1.83606835829286
57,22,0,"White",30.9964532089066,1.73240465411971
58,22,0,"White",30.9383425495365,1.64936217708391
59,22,0,"White",30.88475850935,1.58502547353122
60,22,0,"White",30.835641260201,1.53724592623459
61,22,0,"White",30.7909092373815,1.50387491796697
62,22,0,"White",30.7504591396218,1.4827638315013
63,22,0,"White",30.7140508381797,1.47176404961053
64,22,0,"White",30.6800413768234,1.46872695506761
65,22,0,"White",30.6441189718137,1.47150393064549
66,22,0,"White",30.5991879209935,1.47801922372583
67,22,0,"White",30.535368603788,1.48750514714612
68,22,0,"White",30.4405006542234,1.50032545538808
69,22,0,"White",30.3056778641353,1.51688120961311
70,22,0,"White",30.130783086377,1.53757347098261
71,22,0,"White",29.9245620554779,1.56280330065798
72,22,0,"White",29.6999005116772,1.59297175980061
73,22,0,"White",29.4691013249576,1.6284799095719
74,22,0,"White",29.2434551426848,1.66972881113326
75,22,0,"White",29.0330348271805,1.71708439265379
76,22,0,"White",28.8444342690305,1.77050416126744
77,22,0,"White",28.6785072003921,1.82968212666604
78,22,0,"White",28.530457617194,1.89430790691743
79,22,0,"White",28.3930956100295,1.96407112008942
80,22,0,"White",28.2600931950493,2.03866138424985
81,22,0,"White",28.1262802985883,2.11776831746653
82,22,0,"White",27.9876447571656,2.20108153780728
83,22,0,"White",27.8412916713906,2.28829066333993
84,22,0,"White",27.6849962989322,2.37916061814893
85,22,0,"White",27.5167569474879,2.47405438343034
86,22,0,"White",27.33475432869,2.57362013721868
87,22,0,"White",27.1373515581054,2.67850781395704
88,22,0,"White",26.9230941552361,2.78936734808851
89,22,0,"White",26.6907100435185,2.90684867405615
90,22,0,"White",26.4391095503241,3.03160172630306
91,22,0,"White",26.167385406959,3.1642764392723
92,22,0,"White",25.8748127486642,3.30552274740698
93,22,0,"White",25.5608491146155,3.45579212010198
94,22,0,"White",25.2251344479235,3.61442547526189
95,22,0,"White",24.8674910956333,3.78037765425228
96,22,0,"White",24.4879238087253,3.95260311081164
97,22,0,"White",24.0866197421142,4.13005629867847
98,22,0,"White",23.6639484546498,4.31169167159129
99,22,0,"White",23.2204619091165,4.49646368328859
100,22,0,"White",22.7568944722337,4.68332678750888
101,22,0,"White",22.2741629146553,4.87123543799067
21,23,0,"White",34.8200216222925,2.59849078231117
22,23,0,"White",34.7424767619719,2.67189483708626
23,23,0,"White",34.6571357839646,2.74334615760814
24,23,0,"White",34.5647213763478,2.81089200962361
25,23,0,"White",34.465934490637,2.87257965887948
26,23,0,"White",34.3614543417858,2.92645637112253
27,23,0,"White",34.2519384081862,2.97056941209957
28,23,0,"White",34.1380224316683,3.00296604755739
29,23,0,"White",34.0203204175006,3.02169354324279
30,23,0,"White",33.8994246343897,3.02480052671015
31,23,0,"White",33.7759056144805,3.01169198587611
32,23,0,"White",33.6503121533561,2.98567448741007
33,23,0,"White",33.5231713100379,2.95075184346886
34,23,0,"White",33.3949884069855,2.91092786620933
35,23,0,"White",33.2662470300968,2.87020636778829
36,23,0,"White",33.1374090287077,2.83259116036258
37,23,0,"White",33.0089145155927,2.80208605608903
38,23,0,"White",32.8811818669644,2.78269486712447
39,23,0,"White",32.7546077224734,2.77840382614194
40,23,0,"White",32.6295669852089,2.79034469713562
41,23,0,"White",32.5064128216981,2.81366342987235
42,23,0,"White",32.3854766619066,2.84275225375189
43,23,0,"White",32.267068199238,2.87200339817397
44,23,0,"White",32.1514753905345,2.89580909253835
45,23,0,"White",32.0389644560762,2.90856156624479
46,23,0,"White",31.9297798795816,2.90465304869302
47,23,0,"White",31.8241444082074,2.87847576928281
48,23,0,"White",31.7222590525486,2.82449367354423
49,23,0,"White",31.6243030866383,2.74147367482704
50,23,0,"White",31.5304340479481,2.63485228660147
51,23,0,"White",31.4407877373875,2.5106397513804
52,23,0,"White",31.3554782193045,2.37484631167669
53,23,0,"White",31.2745978214852,2.23348221000321
54,23,0,"White",31.198217135154,2.09255768887284
55,23,0,"White",31.1263850149736,1.95808299079843
56,23,0,"White",31.0591285790448,1.83606835829286
57,23,0,"White",30.9964532089066,1.73240465411971
58,23,0,"White",30.9383425495365,1.64936217708391
59,23,0,"White",30.88475850935,1.58502547353122
60,23,0,"White",30.835641260201,1.53724592623459
61,23,0,"White",30.7909092373815,1.50387491796697
62,23,0,"White",30.7504591396218,1.4827638315013
63,23,0,"White",30.7140508381797,1.47176404961053
64,23,0,"White",30.6800413768234,1.46872695506761
65,23,0,"White",30.6441189718137,1.47150393064549
66,23,0,"White",30.5991879209935,1.47801922372583
67,23,0,"White",30.535368603788,1.48750514714612
68,23,0,"White",30.4405006542234,1.50032545538808
69,23,0,"White",30.3056778641353,1.51688120961311
70,23,0,"White",30.130783086377,1.53757347098261
71,23,0,"White",29.9245620554779,1.56280330065798
72,23,0,"White",29.6999005116772,1.59297175980061
73,23,0,"White",29.4691013249576,1.6284799095719
74,23,0,"White",29.2434551426848,1.66972881113326
75,23,0,"White",29.0330348271805,1.71708439265379
76,23,0,"White",28.8444342690305,1.77050416126744
77,23,0,"White",28.6785072003921,1.82968212666604
78,23,0,"White",28.530457617194,1.89430790691743
79,23,0,"White",28.3930956100295,1.96407112008942
80,23,0,"White",28.2600931950493,2.03866138424985
81,23,0,"White",28.1262802985883,2.11776831746653
82,23,0,"White",27.9876447571656,2.20108153780728
83,23,0,"White",27.8412916713906,2.28829066333993
84,23,0,"White",27.6849962989322,2.37916061814893
85,23,0,"White",27.5167569474879,2.47405438343034
86,23,0,"White",27.33475432869,2.57362013721868
87,23,0,"White",27.1373515581054,2.67850781395704
88,23,0,"White",26.9230941552361,2.78936734808851
89,23,0,"White",26.6907100435185,2.90684867405615
90,23,0,"White",26.4391095503241,3.03160172630306
91,23,0,"White",26.167385406959,3.1642764392723
92,23,0,"White",25.8748127486642,3.30552274740698
93,23,0,"White",25.5608491146155,3.45579212010198
94,23,0,"White",25.2251344479235,3.61442547526189
95,23,0,"White",24.8674910956333,3.78037765425228
96,23,0,"White",24.4879238087253,3.95260311081164
97,23,0,"White",24.0866197421142,4.13005629867847
98,23,0,"White",23.6639484546498,4.31169167159129
99,23,0,"White",23.2204619091165,4.49646368328859
100,23,0,"White",22.7568944722337,4.68332678750888
101,23,0,"White",22.2741629146553,4.87123543799067
21,24,0,"White",34.8200216222925,2.59849078231117
22,24,0,"White",34.7424767619719,2.67189483708626
23,24,0,"White",34.6571357839646,2.74334615760814
24,24,0,"White",34.5647213763478,2.81089200962361
25,24,0,"White",34.465934490637,2.87257965887948
26,24,0,"White",34.3614543417858,2.92645637112253
27,24,0,"White",34.2519384081862,2.97056941209957
28,24,0,"White",34.1380224316683,3.00296604755739
29,24,0,"White",34.0203204175006,3.02169354324279
30,24,0,"White",33.8994246343897,3.02480052671015
31,24,0,"White",33.7759056144805,3.01169198587611
32,24,0,"White",33.6503121533561,2.98567448741007
33,24,0,"White",33.5231713100379,2.95075184346886
34,24,0,"White",33.3949884069855,2.91092786620933
35,24,0,"White",33.2662470300968,2.87020636778829
36,24,0,"White",33.1374090287077,2.83259116036258
37,24,0,"White",33.0089145155927,2.80208605608903
38,24,0,"White",32.8811818669644,2.78269486712447
39,24,0,"White",32.7546077224734,2.77840382614194
40,24,0,"White",32.6295669852089,2.79034469713562
41,24,0,"White",32.5064128216981,2.81366342987235
42,24,0,"White",32.3854766619066,2.84275225375189
43,24,0,"White",32.267068199238,2.87200339817397
44,24,0,"White",32.1514753905345,2.89580909253835
45,24,0,"White",32.0389644560762,2.90856156624479
46,24,0,"White",31.9297798795816,2.90465304869302
47,24,0,"White",31.8241444082074,2.87847576928281
48,24,0,"White",31.7222590525486,2.82449367354423
49,24,0,"White",31.6243030866383,2.74147367482704
50,24,0,"White",31.5304340479481,2.63485228660147
51,24,0,"White",31.4407877373875,2.5106397513804
52,24,0,"White",31.3554782193045,2.37484631167669
53,24,0,"White",31.2745978214852,2.23348221000321
54,24,0,"White",31.198217135154,2.09255768887284
55,24,0,"White",31.1263850149736,1.95808299079843
56,24,0,"White",31.0591285790448,1.83606835829286
57,24,0,"White",30.9964532089066,1.73240465411971
58,24,0,"White",30.9383425495365,1.64936217708391
59,24,0,"White",30.88475850935,1.58502547353122
60,24,0,"White",30.835641260201,1.53724592623459
61,24,0,"White",30.7909092373815,1.50387491796697
62,24,0,"White",30.7504591396218,1.4827638315013
63,24,0,"White",30.7140508381797,1.47176404961053
64,24,0,"White",30.6800413768234,1.46872695506761
65,24,0,"White",30.6441189718137,1.47150393064549
66,24,0,"White",30.5991879209935,1.47801922372583
67,24,0,"White",30.535368603788,1.48750514714612
68,24,0,"White",30.4405006542234,1.50032545538808
69,24,0,"White",30.3056778641353,1.51688120961311
70,24,0,"White",30.130783086377,1.53757347098261
71,24,0,"White",29.9245620554779,1.56280330065798
72,24,0,"White",29.6999005116772,1.59297175980061
73,24,0,"White",29.4691013249576,1.6284799095719
74,24,0,"White",29.2434551426848,1.66972881113326
75,24,0,"White",29.0330348271805,1.71708439265379
76,24,0,"White",28.8444342690305,1.77050416126744
77,24,0,"White",28.6785072003921,1.82968212666604
78,24,0,"White",28.530457617194,1.89430790691743
79,24,0,"White",28.3930956100295,1.96407112008942
80,24,0,"White",28.2600931950493,2.03866138424985
81,24,0,"White",28.1262802985883,2.11776831746653
82,24,0,"White",27.9876447571656,2.20108153780728
83,24,0,"White",27.8412916713906,2.28829066333993
84,24,0,"White",27.6849962989322,2.37916061814893
85,24,0,"White",27.5167569474879,2.47405438343034
86,24,0,"White",27.33475432869,2.57362013721868
87,24,0,"White",27.1373515581054,2.67850781395704
88,24,0,"White",26.9230941552361,2.78936734808851
89,24,0,"White",26.6907100435185,2.90684867405615
90,24,0,"White",26.4391095503241,3.03160172630306
91,24,0,"White",26.167385406959,3.1642764392723
92,24,0,"White",25.8748127486642,3.30552274740698
93,24,0,"White",25.5608491146155,3.45579212010198
94,24,0,"White",25.2251344479235,3.61442547526189
95,24,0,"White",24.8674910956333,3.78037765425228
96,24,0,"White",24.4879238087253,3.95260311081164
97,24,0,"White",24.0866197421142,4.13005629867847
98,24,0,"White",23.6639484546498,4.31169167159129
99,24,0,"White",23.2204619091165,4.49646368328859
100,24,0,"White",22.7568944722337,4.68332678750888
101,24,0,"White",22.2741629146553,4.87123543799067
21,25,0,"White",34.8200216222925,2.59849078231117
22,25,0,"White",34.7424767619719,2.67189483708626
23,25,0,"White",34.6571357839646,2.74334615760814
24,25,0,"White",34.5647213763478,2.81089200962361
25,25,0,"White",34.465934490637,2.87257965887948
26,25,0,"White",34.3614543417858,2.92645637112253
27,25,0,"White",34.2519384081862,2.97056941209957
28,25,0,"White",34.1380224316683,3.00296604755739
29,25,0,"White",34.0203204175006,3.02169354324279
30,25,0,"White",33.8994246343897,3.02480052671015
31,25,0,"White",33.7759056144805,3.01169198587611
32,25,0,"White",33.6503121533561,2.98567448741007
33,25,0,"White",33.5231713100379,2.95075184346886
34,25,0,"White",33.3949884069855,2.91092786620933
35,25,0,"White",33.2662470300968,2.87020636778829
36,25,0,"White",33.1374090287077,2.83259116036258
37,25,0,"White",33.0089145155927,2.80208605608903
38,25,0,"White",32.8811818669644,2.78269486712447
39,25,0,"White",32.7546077224734,2.77840382614194
40,25,0,"White",32.6295669852089,2.79034469713562
41,25,0,"White",32.5064128216981,2.81366342987235
42,25,0,"White",32.3854766619066,2.84275225375189
43,25,0,"White",32.267068199238,2.87200339817397
44,25,0,"White",32.1514753905345,2.89580909253835
45,25,0,"White",32.0389644560762,2.90856156624479
46,25,0,"White",31.9297798795816,2.90465304869302
47,25,0,"White",31.8241444082074,2.87847576928281
48,25,0,"White",31.7222590525486,2.82449367354423
49,25,0,"White",31.6243030866383,2.74147367482704
50,25,0,"White",31.5304340479481,2.63485228660147
51,25,0,"White",31.4407877373875,2.5106397513804
52,25,0,"White",31.3554782193045,2.37484631167669
53,25,0,"White",31.2745978214852,2.23348221000321
54,25,0,"White",31.198217135154,2.09255768887284
55,25,0,"White",31.1263850149736,1.95808299079843
56,25,0,"White",31.0591285790448,1.83606835829286
57,25,0,"White",30.9964532089066,1.73240465411971
58,25,0,"White",30.9383425495365,1.64936217708391
59,25,0,"White",30.88475850935,1.58502547353122
60,25,0,"White",30.835641260201,1.53724592623459
61,25,0,"White",30.7909092373815,1.50387491796697
62,25,0,"White",30.7504591396218,1.4827638315013
63,25,0,"White",30.7140508381797,1.47176404961053
64,25,0,"White",30.6800413768234,1.46872695506761
65,25,0,"White",30.6441189718137,1.47150393064549
66,25,0,"White",30.5991879209935,1.47801922372583
67,25,0,"White",30.535368603788,1.48750514714612
68,25,0,"White",30.4405006542234,1.50032545538808
69,25,0,"White",30.3056778641353,1.51688120961311
70,25,0,"White",30.130783086377,1.53757347098261
71,25,0,"White",29.9245620554779,1.56280330065798
72,25,0,"White",29.6999005116772,1.59297175980061
73,25,0,"White",29.4691013249576,1.6284799095719
74,25,0,"White",29.2434551426848,1.66972881113326
75,25,0,"White",29.0330348271805,1.71708439265379
76,25,0,"White",28.8444342690305,1.77050416126744
77,25,0,"White",28.6785072003921,1.82968212666604
78,25,0,"White",28.530457617194,1.89430790691743
79,25,0,"White",28.3930956100295,1.96407112008942
80,25,0,"White",28.2600931950493,2.03866138424985
81,25,0,"White",28.1262802985883,2.11776831746653
82,25,0,"White",27.9876447571656,2.20108153780728
83,25,0,"White",27.8412916713906,2.28829066333993
84,25,0,"White",27.6849962989322,2.37916061814893
85,25,0,"White",27.5167569474879,2.47405438343034
86,25,0,"White",27.33475432869,2.57362013721868
87,25,0,"White",27.1373515581054,2.67850781395704
88,25,0,"White",26.9230941552361,2.78936734808851
89,25,0,"White",26.6907100435185,2.90684867405615
90,25,0,"White",26.4391095503241,3.03160172630306
91,25,0,"White",26.167385406959,3.1642764392723
92,25,0,"White",25.8748127486642,3.30552274740698
93,25,0,"White",25.5608491146155,3.45579212010198
94,25,0,"White",25.2251344479235,3.61442547526189
95,25,0,"White",24.8674910956333,3.78037765425228
96,25,0,"White",24.4879238087253,3.95260311081164
97,25,0,"White",24.0866197421142,4.13005629867847
98,25,0,"White",23.6639484546498,4.31169167159129
99,25,0,"White",23.2204619091165,4.49646368328859
100,25,0,"White",22.7568944722337,4.68332678750888
101,25,0,"White",22.2741629146553,4.87123543799067
21,10,1,"White",33.5148034953978,2.59849078231117
22,10,1,"White",33.4484286833637,2.67189483708626
23,10,1,"White",33.374257753643,2.74334615760814
24,10,1,"White",33.2930133943127,2.81089200962361
25,10,1,"White",33.2053965568883,2.87257965887948
26,10,1,"White",33.1120864563236,2.92645637112253
27,10,1,"White",33.0137405710105,2.97056941209957
28,10,1,"White",32.9109946427791,3.00296604755739
29,10,1,"White",32.8044626768979,3.02169354324279
30,10,1,"White",32.6947369420734,3.02480052671015
31,10,1,"White",32.5823879704507,3.01169198587611
32,10,1,"White",32.4679645576128,2.98567448741007
33,10,1,"White",32.3519937625811,2.95075184346886
34,10,1,"White",32.2349809078152,2.91092786620933
35,10,1,"White",32.117409579213,2.87020636778829
36,10,1,"White",31.9997416261104,2.83259116036258
37,10,1,"White",31.8824171612819,2.80208605608903
38,10,1,"White",31.76585456094,2.78269486712447
39,10,1,"White",31.6504504647355,2.77840382614194
40,10,1,"White",31.5365797757575,2.79034469713562
41,10,1,"White",31.4245956605332,2.81366342987235
42,10,1,"White",31.3148295490282,2.84275225375189
43,10,1,"White",31.2075911346461,2.87200339817397
44,10,1,"White",31.1031683742291,2.89580909253835
45,10,1,"White",31.0018274880572,2.90856156624479
46,10,1,"White",30.9038129598491,2.90465304869302
47,10,1,"White",30.8093475367614,2.87847576928281
48,10,1,"White",30.7186322293891,2.82449367354423
49,10,1,"White",30.6318463117654,2.74147367482704
50,10,1,"White",30.5491473213616,2.63485228660147
51,10,1,"White",30.4706710590875,2.5106397513804
52,10,1,"White",30.396531589291,2.37484631167669
53,10,1,"White",30.3268212397582,2.23348221000321
54,10,1,"White",30.2616106017135,2.09255768887284
55,10,1,"White",30.2009485298196,1.95808299079843
56,10,1,"White",30.1448621421772,1.83606835829286
57,10,1,"White",30.0933568203256,1.73240465411971
58,10,1,"White",30.046416209242,1.64936217708391
59,10,1,"White",30.004002217342,1.58502547353122
60,10,1,"White",29.9660550164794,1.53724592623459
61,10,1,"White",29.9324930419464,1.50387491796697
62,10,1,"White",29.9032129924732,1.4827638315013
63,10,1,"White",29.8779747393176,1.47176404961053
64,10,1,"White",29.8551353262478,1.46872695506761
65,10,1,"White",29.8303829695245,1.47150393064549
66,10,1,"White",29.7966219669908,1.47801922372583
67,10,1,"White",29.7439726980718,1.48750514714612
68,10,1,"White",29.6602747967937,1.50032545538808
69,10,1,"White",29.5366220549921,1.51688120961311
70,10,1,"White",29.3728973255203,1.53757347098261
71,10,1,"White",29.1778463429077,1.56280330065798
72,10,1,"White",28.9643548473935,1.59297175980061
73,10,1,"White",28.7447257089604,1.6284799095719
74,10,1,"White",28.530249574974,1.66972881113326
75,10,1,"White",28.3309993077562,1.71708439265379
76,10,1,"White",28.1535687978927,1.77050416126744
77,10,1,"White",27.9988117775409,1.82968212666604
78,10,1,"White",27.8619322426293,1.89430790691743
79,10,1,"White",27.7357402837513,1.96407112008942
80,10,1,"White",27.6139079170575,2.03866138424985
81,10,1,"White",27.491265068883,2.11776831746653
82,10,1,"White",27.3637995757468,2.20108153780728
83,10,1,"White",27.2286165382582,2.28829066333993
84,10,1,"White",27.0834912140863,2.37916061814893
85,10,1,"White",26.9264219109286,2.47405438343034
86,10,1,"White",26.7555893404171,2.57362013721868
87,10,1,"White",26.5693566181191,2.67850781395704
88,10,1,"White",26.3662692635362,2.78936734808851
89,10,1,"White",26.1450552001051,2.90684867405615
90,10,1,"White",25.9046247551972,3.03160172630306
91,10,1,"White",25.6440706601186,3.1642764392723
92,10,1,"White",25.3626680501103,3.30552274740698
93,10,1,"White",25.0598744643481,3.45579212010198
94,10,1,"White",24.7353298459425,3.61442547526189
95,10,1,"White",24.3888565419389,3.78037765425228
96,10,1,"White",24.0204593033173,3.95260311081164
97,10,1,"White",23.6303252849927,4.13005629867847
98,10,1,"White",23.2188240458148,4.31169167159129
99,10,1,"White",22.786507548568,4.49646368328859
100,10,1,"White",22.3341101599717,4.68332678750888
101,10,1,"White",21.8625486506798,4.87123543799067
21,11,1,"White",33.5148034953978,2.59849078231117
22,11,1,"White",33.4484286833637,2.67189483708626
23,11,1,"White",33.374257753643,2.74334615760814
24,11,1,"White",33.2930133943127,2.81089200962361
25,11,1,"White",33.2053965568883,2.87257965887948
26,11,1,"White",33.1120864563236,2.92645637112253
27,11,1,"White",33.0137405710105,2.97056941209957
28,11,1,"White",32.9109946427791,3.00296604755739
29,11,1,"White",32.8044626768979,3.02169354324279
30,11,1,"White",32.6947369420734,3.02480052671015
31,11,1,"White",32.5823879704507,3.01169198587611
32,11,1,"White",32.4679645576128,2.98567448741007
33,11,1,"White",32.3519937625811,2.95075184346886
34,11,1,"White",32.2349809078152,2.91092786620933
35,11,1,"White",32.117409579213,2.87020636778829
36,11,1,"White",31.9997416261104,2.83259116036258
37,11,1,"White",31.8824171612819,2.80208605608903
38,11,1,"White",31.76585456094,2.78269486712447
39,11,1,"White",31.6504504647355,2.77840382614194
40,11,1,"White",31.5365797757575,2.79034469713562
41,11,1,"White",31.4245956605332,2.81366342987235
42,11,1,"White",31.3148295490282,2.84275225375189
43,11,1,"White",31.2075911346461,2.87200339817397
44,11,1,"White",31.1031683742291,2.89580909253835
45,11,1,"White",31.0018274880572,2.90856156624479
46,11,1,"White",30.9038129598491,2.90465304869302
47,11,1,"White",30.8093475367614,2.87847576928281
48,11,1,"White",30.7186322293891,2.82449367354423
49,11,1,"White",30.6318463117654,2.74147367482704
50,11,1,"White",30.5491473213616,2.63485228660147
51,11,1,"White",30.4706710590875,2.5106397513804
52,11,1,"White",30.396531589291,2.37484631167669
53,11,1,"White",30.3268212397582,2.23348221000321
54,11,1,"White",30.2616106017135,2.09255768887284
55,11,1,"White",30.2009485298196,1.95808299079843
56,11,1,"White",30.1448621421772,1.83606835829286
57,11,1,"White",30.0933568203256,1.73240465411971
58,11,1,"White",30.046416209242,1.64936217708391
59,11,1,"White",30.004002217342,1.58502547353122
60,11,1,"White",29.9660550164794,1.53724592623459
61,11,1,"White",29.9324930419464,1.50387491796697
62,11,1,"White",29.9032129924732,1.4827638315013
63,11,1,"White",29.8779747393176,1.47176404961053
64,11,1,"White",29.8551353262478,1.46872695506761
65,11,1,"White",29.8303829695245,1.47150393064549
66,11,1,"White",29.7966219669908,1.47801922372583
67,11,1,"White",29.7439726980718,1.48750514714612
68,11,1,"White",29.6602747967937,1.50032545538808
69,11,1,"White",29.5366220549921,1.51688120961311
70,11,1,"White",29.3728973255203,1.53757347098261
71,11,1,"White",29.1778463429077,1.56280330065798
72,11,1,"White",28.9643548473935,1.59297175980061
73,11,1,"White",28.7447257089604,1.6284799095719
74,11,1,"White",28.530249574974,1.66972881113326
75,11,1,"White",28.3309993077562,1.71708439265379
76,11,1,"White",28.1535687978927,1.77050416126744
77,11,1,"White",27.9988117775409,1.82968212666604
78,11,1,"White",27.8619322426293,1.89430790691743
79,11,1,"White",27.7357402837513,1.96407112008942
80,11,1,"White",27.6139079170575,2.03866138424985
81,11,1,"White",27.491265068883,2.11776831746653
82,11,1,"White",27.3637995757468,2.20108153780728
83,11,1,"White",27.2286165382582,2.28829066333993
84,11,1,"White",27.0834912140863,2.37916061814893
85,11,1,"White",26.9264219109286,2.47405438343034
86,11,1,"White",26.7555893404171,2.57362013721868
87,11,1,"White",26.5693566181191,2.67850781395704
88,11,1,"White",26.3662692635362,2.78936734808851
89,11,1,"White",26.1450552001051,2.90684867405615
90,11,1,"White",25.9046247551972,3.03160172630306
91,11,1,"White",25.6440706601186,3.1642764392723
92,11,1,"White",25.3626680501103,3.30552274740698
93,11,1,"White",25.0598744643481,3.45579212010198
94,11,1,"White",24.7353298459425,3.61442547526189
95,11,1,"White",24.3888565419389,3.78037765425228
96,11,1,"White",24.0204593033173,3.95260311081164
97,11,1,"White",23.6303252849927,4.13005629867847
98,11,1,"White",23.2188240458148,4.31169167159129
99,11,1,"White",22.786507548568,4.49646368328859
100,11,1,"White",22.3341101599717,4.68332678750888
101,11,1,"White",21.8625486506798,4.87123543799067
21,12,1,"White",33.5148034953978,2.59849078231117
22,12,1,"White",33.4484286833637,2.67189483708626
23,12,1,"White",33.374257753643,2.74334615760814
24,12,1,"White",33.2930133943127,2.81089200962361
25,12,1,"White",33.2053965568883,2.87257965887948
26,12,1,"White",33.1120864563236,2.92645637112253
27,12,1,"White",33.0137405710105,2.97056941209957
28,12,1,"White",32.9109946427791,3.00296604755739
29,12,1,"White",32.8044626768979,3.02169354324279
30,12,1,"White",32.6947369420734,3.02480052671015
31,12,1,"White",32.5823879704507,3.01169198587611
32,12,1,"White",32.4679645576128,2.98567448741007
33,12,1,"White",32.3519937625811,2.95075184346886
34,12,1,"White",32.2349809078152,2.91092786620933
35,12,1,"White",32.117409579213,2.87020636778829
36,12,1,"White",31.9997416261104,2.83259116036258
37,12,1,"White",31.8824171612819,2.80208605608903
38,12,1,"White",31.76585456094,2.78269486712447
39,12,1,"White",31.6504504647355,2.77840382614194
40,12,1,"White",31.5365797757575,2.79034469713562
41,12,1,"White",31.4245956605332,2.81366342987235
42,12,1,"White",31.3148295490282,2.84275225375189
43,12,1,"White",31.2075911346461,2.87200339817397
44,12,1,"White",31.1031683742291,2.89580909253835
45,12,1,"White",31.0018274880572,2.90856156624479
46,12,1,"White",30.9038129598491,2.90465304869302
47,12,1,"White",30.8093475367614,2.87847576928281
48,12,1,"White",30.7186322293891,2.82449367354423
49,12,1,"White",30.6318463117654,2.74147367482704
50,12,1,"White",30.5491473213616,2.63485228660147
51,12,1,"White",30.4706710590875,2.5106397513804
52,12,1,"White",30.396531589291,2.37484631167669
53,12,1,"White",30.3268212397582,2.23348221000321
54,12,1,"White",30.2616106017135,2.09255768887284
55,12,1,"White",30.2009485298196,1.95808299079843
56,12,1,"White",30.1448621421772,1.83606835829286
57,12,1,"White",30.0933568203256,1.73240465411971
58,12,1,"White",30.046416209242,1.64936217708391
59,12,1,"White",30.004002217342,1.58502547353122
60,12,1,"White",29.9660550164794,1.53724592623459
61,12,1,"White",29.9324930419464,1.50387491796697
62,12,1,"White",29.9032129924732,1.4827638315013
63,12,1,"White",29.8779747393176,1.47176404961053
64,12,1,"White",29.8551353262478,1.46872695506761
65,12,1,"White",29.8303829695245,1.47150393064549
66,12,1,"White",29.7966219669908,1.47801922372583
67,12,1,"White",29.7439726980718,1.48750514714612
68,12,1,"White",29.6602747967937,1.50032545538808
69,12,1,"White",29.5366220549921,1.51688120961311
70,12,1,"White",29.3728973255203,1.53757347098261
71,12,1,"White",29.1778463429077,1.56280330065798
72,12,1,"White",28.9643548473935,1.59297175980061
73,12,1,"White",28.7447257089604,1.6284799095719
74,12,1,"White",28.530249574974,1.66972881113326
75,12,1,"White",28.3309993077562,1.71708439265379
76,12,1,"White",28.1535687978927,1.77050416126744
77,12,1,"White",27.9988117775409,1.82968212666604
78,12,1,"White",27.8619322426293,1.89430790691743
79,12,1,"White",27.7357402837513,1.96407112008942
80,12,1,"White",27.6139079170575,2.03866138424985
81,12,1,"White",27.491265068883,2.11776831746653
82,12,1,"White",27.3637995757468,2.20108153780728
83,12,1,"White",27.2286165382582,2.28829066333993
84,12,1,"White",27.0834912140863,2.37916061814893
85,12,1,"White",26.9264219109286,2.47405438343034
86,12,1,"White",26.7555893404171,2.57362013721868
87,12,1,"White",26.5693566181191,2.67850781395704
88,12,1,"White",26.3662692635362,2.78936734808851
89,12,1,"White",26.1450552001051,2.90684867405615
90,12,1,"White",25.9046247551972,3.03160172630306
91,12,1,"White",25.6440706601186,3.1642764392723
92,12,1,"White",25.3626680501103,3.30552274740698
93,12,1,"White",25.0598744643481,3.45579212010198
94,12,1,"White",24.7353298459425,3.61442547526189
95,12,1,"White",24.3888565419389,3.78037765425228
96,12,1,"White",24.0204593033173,3.95260311081164
97,12,1,"White",23.6303252849927,4.13005629867847
98,12,1,"White",23.2188240458148,4.31169167159129
99,12,1,"White",22.786507548568,4.49646368328859
100,12,1,"White",22.3341101599717,4.68332678750888
101,12,1,"White",21.8625486506798,4.87123543799067
21,13,1,"White",34.2971968885078,2.59849078231117
22,13,1,"White",34.2356151232734,2.67189483708626
23,13,1,"White",34.1662372403522,2.74334615760814
24,13,1,"White",34.0897859278215,2.81089200962361
25,13,1,"White",34.0069621371968,2.87257965887948
26,13,1,"White",33.9184450834317,2.92645637112253
27,13,1,"White",33.8248922449182,2.97056941209957
28,13,1,"White",33.7269393634865,3.00296604755739
29,13,1,"White",33.6252004444049,3.02169354324279
30,13,1,"White",33.5202677563801,3.02480052671015
31,13,1,"White",33.412711831557,3.01169198587611
32,13,1,"White",33.3030814655187,2.98567448741007
33,13,1,"White",33.1919037172867,2.95075184346886
34,13,1,"White",33.0796839093204,2.91092786620933
35,13,1,"White",32.9669056275177,2.87020636778829
36,13,1,"White",32.8540307212148,2.83259116036258
37,13,1,"White",32.7414993031859,2.80208605608903
38,13,1,"White",32.6297297496437,2.78269486712447
39,13,1,"White",32.5191187002388,2.77840382614194
40,13,1,"White",32.4100410580604,2.79034469713562
41,13,1,"White",32.3028499896357,2.81366342987235
42,13,1,"White",32.1978769249303,2.84275225375189
43,13,1,"White",32.0954315573479,2.87200339817397
44,13,1,"White",31.9958018437305,2.89580909253835
45,13,1,"White",31.8992540043583,2.90856156624479
46,13,1,"White",31.8060325229498,2.90465304869302
47,13,1,"White",31.7163601466617,2.87847576928281
48,13,1,"White",31.630437886089,2.82449367354423
49,13,1,"White",31.5484450152649,2.74147367482704
50,13,1,"White",31.4705390716608,2.63485228660147
51,13,1,"White",31.3968558561863,2.5106397513804
52,13,1,"White",31.3275094331894,2.37484631167669
53,13,1,"White",31.2625921304563,2.23348221000321
54,13,1,"White",31.2021745392112,2.09255768887284
55,13,1,"White",31.1463055141169,1.95808299079843
56,13,1,"White",31.0950121732742,1.83606835829286
57,13,1,"White",31.0482998982221,1.73240465411971
58,13,1,"White",31.0061523339382,1.64936217708391
59,13,1,"White",30.9685313888378,1.58502547353122
60,13,1,"White",30.9353772347749,1.53724592623459
61,13,1,"White",30.9066083070415,1.50387491796697
62,13,1,"White",30.8821213043679,1.4827638315013
63,13,1,"White",30.8616760980119,1.47176404961053
64,13,1,"White",30.8436297317417,1.46872695506761
65,13,1,"White",30.8236704218181,1.47150393064549
66,13,1,"White",30.794702466084,1.47801922372583
67,13,1,"White",30.7468462439647,1.48750514714612
68,13,1,"White",30.6679413894862,1.50032545538808
69,13,1,"White",30.5490816944842,1.51688120961311
70,13,1,"White",30.390150011812,1.53757347098261
71,13,1,"White",30.199892075999,1.56280330065798
72,13,1,"White",29.9911936272845,1.59297175980061
73,13,1,"White",29.776357535651,1.6284799095719
74,13,1,"White",29.5666744484643,1.66972881113326
75,13,1,"White",29.3722172280461,1.71708439265379
76,13,1,"White",29.1995797649822,1.77050416126744
77,13,1,"White",29.04961579143,1.82968212666604
78,13,1,"White",28.917529303318,1.89430790691743
79,13,1,"White",28.7961303912396,1.96407112008942
80,13,1,"White",28.6790910713455,2.03866138424985
81,13,1,"White",28.5612412699707,2.11776831746653
82,13,1,"White",28.438568823634,2.20108153780728
83,13,1,"White",28.3081788329451,2.28829066333993
84,13,1,"White",28.1678465555729,2.37916061814893
85,13,1,"White",28.0155702992147,2.47405438343034
86,13,1,"White",27.8495307755029,2.57362013721868
87,13,1,"White",27.6680911000045,2.67850781395704
88,13,1,"White",27.4697967922212,2.78936734808851
89,13,1,"White",27.2533757755897,2.90684867405615
90,13,1,"White",27.0177383774814,3.03160172630306
91,13,1,"White",26.7619773292025,3.1642764392723
92,13,1,"White",26.4853677659938,3.30552274740698
93,13,1,"White",26.1873672270313,3.45579212010198
94,13,1,"White",25.8676156554253,3.61442547526189
95,13,1,"White",25.5259353982213,3.78037765425228
96,13,1,"White",25.1623312063993,3.95260311081164
97,13,1,"White",24.7769902348744,4.13005629867847
98,13,1,"White",24.3702820424961,4.31169167159129
99,13,1,"White",23.9427585920489,4.49646368328859
100,13,1,"White",23.4951542502522,4.68332678750888
101,13,1,"White",23.02838578776,4.87123543799067
21,14,1,"White",34.2971968885078,2.59849078231117
22,14,1,"White",34.2356151232734,2.67189483708626
23,14,1,"White",34.1662372403522,2.74334615760814
24,14,1,"White",34.0897859278215,2.81089200962361
25,14,1,"White",34.0069621371968,2.87257965887948
26,14,1,"White",33.9184450834317,2.92645637112253
27,14,1,"White",33.8248922449182,2.97056941209957
28,14,1,"White",33.7269393634865,3.00296604755739
29,14,1,"White",33.6252004444049,3.02169354324279
30,14,1,"White",33.5202677563801,3.02480052671015
31,14,1,"White",33.412711831557,3.01169198587611
32,14,1,"White",33.3030814655187,2.98567448741007
33,14,1,"White",33.1919037172867,2.95075184346886
34,14,1,"White",33.0796839093204,2.91092786620933
35,14,1,"White",32.9669056275177,2.87020636778829
36,14,1,"White",32.8540307212148,2.83259116036258
37,14,1,"White",32.7414993031859,2.80208605608903
38,14,1,"White",32.6297297496437,2.78269486712447
39,14,1,"White",32.5191187002388,2.77840382614194
40,14,1,"White",32.4100410580604,2.79034469713562
41,14,1,"White",32.3028499896357,2.81366342987235
42,14,1,"White",32.1978769249303,2.84275225375189
43,14,1,"White",32.0954315573479,2.87200339817397
44,14,1,"White",31.9958018437305,2.89580909253835
45,14,1,"White",31.8992540043583,2.90856156624479
46,14,1,"White",31.8060325229498,2.90465304869302
47,14,1,"White",31.7163601466617,2.87847576928281
48,14,1,"White",31.630437886089,2.82449367354423
49,14,1,"White",31.5484450152649,2.74147367482704
50,14,1,"White",31.4705390716608,2.63485228660147
51,14,1,"White",31.3968558561863,2.5106397513804
52,14,1,"White",31.3275094331894,2.37484631167669
53,14,1,"White",31.2625921304563,2.23348221000321
54,14,1,"White",31.2021745392112,2.09255768887284
55,14,1,"White",31.1463055141169,1.95808299079843
56,14,1,"White",31.0950121732742,1.83606835829286
57,14,1,"White",31.0482998982221,1.73240465411971
58,14,1,"White",31.0061523339382,1.64936217708391
59,14,1,"White",30.9685313888378,1.58502547353122
60,14,1,"White",30.9353772347749,1.53724592623459
61,14,1,"White",30.9066083070415,1.50387491796697
62,14,1,"White",30.8821213043679,1.4827638315013
63,14,1,"White",30.8616760980119,1.47176404961053
64,14,1,"White",30.8436297317417,1.46872695506761
65,14,1,"White",30.8236704218181,1.47150393064549
66,14,1,"White",30.794702466084,1.47801922372583
67,14,1,"White",30.7468462439647,1.48750514714612
68,14,1,"White",30.6679413894862,1.50032545538808
69,14,1,"White",30.5490816944842,1.51688120961311
70,14,1,"White",30.390150011812,1.53757347098261
71,14,1,"White",30.199892075999,1.56280330065798
72,14,1,"White",29.9911936272845,1.59297175980061
73,14,1,"White",29.776357535651,1.6284799095719
74,14,1,"White",29.5666744484643,1.66972881113326
75,14,1,"White",29.3722172280461,1.71708439265379
76,14,1,"White",29.1995797649822,1.77050416126744
77,14,1,"White",29.04961579143,1.82968212666604
78,14,1,"White",28.917529303318,1.89430790691743
79,14,1,"White",28.7961303912396,1.96407112008942
80,14,1,"White",28.6790910713455,2.03866138424985
81,14,1,"White",28.5612412699707,2.11776831746653
82,14,1,"White",28.438568823634,2.20108153780728
83,14,1,"White",28.3081788329451,2.28829066333993
84,14,1,"White",28.1678465555729,2.37916061814893
85,14,1,"White",28.0155702992147,2.47405438343034
86,14,1,"White",27.8495307755029,2.57362013721868
87,14,1,"White",27.6680911000045,2.67850781395704
88,14,1,"White",27.4697967922212,2.78936734808851
89,14,1,"White",27.2533757755897,2.90684867405615
90,14,1,"White",27.0177383774814,3.03160172630306
91,14,1,"White",26.7619773292025,3.1642764392723
92,14,1,"White",26.4853677659938,3.30552274740698
93,14,1,"White",26.1873672270313,3.45579212010198
94,14,1,"White",25.8676156554253,3.61442547526189
95,14,1,"White",25.5259353982213,3.78037765425228
96,14,1,"White",25.1623312063993,3.95260311081164
97,14,1,"White",24.7769902348744,4.13005629867847
98,14,1,"White",24.3702820424961,4.31169167159129
99,14,1,"White",23.9427585920489,4.49646368328859
100,14,1,"White",23.4951542502522,4.68332678750888
101,14,1,"White",23.02838578776,4.87123543799067
21,15,1,"White",34.2971968885078,2.59849078231117
22,15,1,"White",34.2356151232734,2.67189483708626
23,15,1,"White",34.1662372403522,2.74334615760814
24,15,1,"White",34.0897859278215,2.81089200962361
25,15,1,"White",34.0069621371968,2.87257965887948
26,15,1,"White",33.9184450834317,2.92645637112253
27,15,1,"White",33.8248922449182,2.97056941209957
28,15,1,"White",33.7269393634865,3.00296604755739
29,15,1,"White",33.6252004444049,3.02169354324279
30,15,1,"White",33.5202677563801,3.02480052671015
31,15,1,"White",33.412711831557,3.01169198587611
32,15,1,"White",33.3030814655187,2.98567448741007
33,15,1,"White",33.1919037172867,2.95075184346886
34,15,1,"White",33.0796839093204,2.91092786620933
35,15,1,"White",32.9669056275177,2.87020636778829
36,15,1,"White",32.8540307212148,2.83259116036258
37,15,1,"White",32.7414993031859,2.80208605608903
38,15,1,"White",32.6297297496437,2.78269486712447
39,15,1,"White",32.5191187002388,2.77840382614194
40,15,1,"White",32.4100410580604,2.79034469713562
41,15,1,"White",32.3028499896357,2.81366342987235
42,15,1,"White",32.1978769249303,2.84275225375189
43,15,1,"White",32.0954315573479,2.87200339817397
44,15,1,"White",31.9958018437305,2.89580909253835
45,15,1,"White",31.8992540043583,2.90856156624479
46,15,1,"White",31.8060325229498,2.90465304869302
47,15,1,"White",31.7163601466617,2.87847576928281
48,15,1,"White",31.630437886089,2.82449367354423
49,15,1,"White",31.5484450152649,2.74147367482704
50,15,1,"White",31.4705390716608,2.63485228660147
51,15,1,"White",31.3968558561863,2.5106397513804
52,15,1,"White",31.3275094331894,2.37484631167669
53,15,1,"White",31.2625921304563,2.23348221000321
54,15,1,"White",31.2021745392112,2.09255768887284
55,15,1,"White",31.1463055141169,1.95808299079843
56,15,1,"White",31.0950121732742,1.83606835829286
57,15,1,"White",31.0482998982221,1.73240465411971
58,15,1,"White",31.0061523339382,1.64936217708391
59,15,1,"White",30.9685313888378,1.58502547353122
60,15,1,"White",30.9353772347749,1.53724592623459
61,15,1,"White",30.9066083070415,1.50387491796697
62,15,1,"White",30.8821213043679,1.4827638315013
63,15,1,"White",30.8616760980119,1.47176404961053
64,15,1,"White",30.8436297317417,1.46872695506761
65,15,1,"White",30.8236704218181,1.47150393064549
66,15,1,"White",30.794702466084,1.47801922372583
67,15,1,"White",30.7468462439647,1.48750514714612
68,15,1,"White",30.6679413894862,1.50032545538808
69,15,1,"White",30.5490816944842,1.51688120961311
70,15,1,"White",30.390150011812,1.53757347098261
71,15,1,"White",30.199892075999,1.56280330065798
72,15,1,"White",29.9911936272845,1.59297175980061
73,15,1,"White",29.776357535651,1.6284799095719
74,15,1,"White",29.5666744484643,1.66972881113326
75,15,1,"White",29.3722172280461,1.71708439265379
76,15,1,"White",29.1995797649822,1.77050416126744
77,15,1,"White",29.04961579143,1.82968212666604
78,15,1,"White",28.917529303318,1.89430790691743
79,15,1,"White",28.7961303912396,1.96407112008942
80,15,1,"White",28.6790910713455,2.03866138424985
81,15,1,"White",28.5612412699707,2.11776831746653
82,15,1,"White",28.438568823634,2.20108153780728
83,15,1,"White",28.3081788329451,2.28829066333993
84,15,1,"White",28.1678465555729,2.37916061814893
85,15,1,"White",28.0155702992147,2.47405438343034
86,15,1,"White",27.8495307755029,2.57362013721868
87,15,1,"White",27.6680911000045,2.67850781395704
88,15,1,"White",27.4697967922212,2.78936734808851
89,15,1,"White",27.2533757755897,2.90684867405615
90,15,1,"White",27.0177383774814,3.03160172630306
91,15,1,"White",26.7619773292025,3.1642764392723
92,15,1,"White",26.4853677659938,3.30552274740698
93,15,1,"White",26.1873672270313,3.45579212010198
94,15,1,"White",25.8676156554253,3.61442547526189
95,15,1,"White",25.5259353982213,3.78037765425228
96,15,1,"White",25.1623312063993,3.95260311081164
97,15,1,"White",24.7769902348744,4.13005629867847
98,15,1,"White",24.3702820424961,4.31169167159129
99,15,1,"White",23.9427585920489,4.49646368328859
100,15,1,"White",23.4951542502522,4.68332678750888
101,15,1,"White",23.02838578776,4.87123543799067
21,16,1,"White",34.2971968885078,2.59849078231117
22,16,1,"White",34.2356151232734,2.67189483708626
23,16,1,"White",34.1662372403522,2.74334615760814
24,16,1,"White",34.0897859278215,2.81089200962361
25,16,1,"White",34.0069621371968,2.87257965887948
26,16,1,"White",33.9184450834317,2.92645637112253
27,16,1,"White",33.8248922449182,2.97056941209957
28,16,1,"White",33.7269393634865,3.00296604755739
29,16,1,"White",33.6252004444049,3.02169354324279
30,16,1,"White",33.5202677563801,3.02480052671015
31,16,1,"White",33.412711831557,3.01169198587611
32,16,1,"White",33.3030814655187,2.98567448741007
33,16,1,"White",33.1919037172867,2.95075184346886
34,16,1,"White",33.0796839093204,2.91092786620933
35,16,1,"White",32.9669056275177,2.87020636778829
36,16,1,"White",32.8540307212148,2.83259116036258
37,16,1,"White",32.7414993031859,2.80208605608903
38,16,1,"White",32.6297297496437,2.78269486712447
39,16,1,"White",32.5191187002388,2.77840382614194
40,16,1,"White",32.4100410580604,2.79034469713562
41,16,1,"White",32.3028499896357,2.81366342987235
42,16,1,"White",32.1978769249303,2.84275225375189
43,16,1,"White",32.0954315573479,2.87200339817397
44,16,1,"White",31.9958018437305,2.89580909253835
45,16,1,"White",31.8992540043583,2.90856156624479
46,16,1,"White",31.8060325229498,2.90465304869302
47,16,1,"White",31.7163601466617,2.87847576928281
48,16,1,"White",31.630437886089,2.82449367354423
49,16,1,"White",31.5484450152649,2.74147367482704
50,16,1,"White",31.4705390716608,2.63485228660147
51,16,1,"White",31.3968558561863,2.5106397513804
52,16,1,"White",31.3275094331894,2.37484631167669
53,16,1,"White",31.2625921304563,2.23348221000321
54,16,1,"White",31.2021745392112,2.09255768887284
55,16,1,"White",31.1463055141169,1.95808299079843
56,16,1,"White",31.0950121732742,1.83606835829286
57,16,1,"White",31.0482998982221,1.73240465411971
58,16,1,"White",31.0061523339382,1.64936217708391
59,16,1,"White",30.9685313888378,1.58502547353122
60,16,1,"White",30.9353772347749,1.53724592623459
61,16,1,"White",30.9066083070415,1.50387491796697
62,16,1,"White",30.8821213043679,1.4827638315013
63,16,1,"White",30.8616760980119,1.47176404961053
64,16,1,"White",30.8436297317417,1.46872695506761
65,16,1,"White",30.8236704218181,1.47150393064549
66,16,1,"White",30.794702466084,1.47801922372583
67,16,1,"White",30.7468462439647,1.48750514714612
68,16,1,"White",30.6679413894862,1.50032545538808
69,16,1,"White",30.5490816944842,1.51688120961311
70,16,1,"White",30.390150011812,1.53757347098261
71,16,1,"White",30.199892075999,1.56280330065798
72,16,1,"White",29.9911936272845,1.59297175980061
73,16,1,"White",29.776357535651,1.6284799095719
74,16,1,"White",29.5666744484643,1.66972881113326
75,16,1,"White",29.3722172280461,1.71708439265379
76,16,1,"White",29.1995797649822,1.77050416126744
77,16,1,"White",29.04961579143,1.82968212666604
78,16,1,"White",28.917529303318,1.89430790691743
79,16,1,"White",28.7961303912396,1.96407112008942
80,16,1,"White",28.6790910713455,2.03866138424985
81,16,1,"White",28.5612412699707,2.11776831746653
82,16,1,"White",28.438568823634,2.20108153780728
83,16,1,"White",28.3081788329451,2.28829066333993
84,16,1,"White",28.1678465555729,2.37916061814893
85,16,1,"White",28.0155702992147,2.47405438343034
86,16,1,"White",27.8495307755029,2.57362013721868
87,16,1,"White",27.6680911000045,2.67850781395704
88,16,1,"White",27.4697967922212,2.78936734808851
89,16,1,"White",27.2533757755897,2.90684867405615
90,16,1,"White",27.0177383774814,3.03160172630306
91,16,1,"White",26.7619773292025,3.1642764392723
92,16,1,"White",26.4853677659938,3.30552274740698
93,16,1,"White",26.1873672270313,3.45579212010198
94,16,1,"White",25.8676156554253,3.61442547526189
95,16,1,"White",25.5259353982213,3.78037765425228
96,16,1,"White",25.1623312063993,3.95260311081164
97,16,1,"White",24.7769902348744,4.13005629867847
98,16,1,"White",24.3702820424961,4.31169167159129
99,16,1,"White",23.9427585920489,4.49646368328859
100,16,1,"White",23.4951542502522,4.68332678750888
101,16,1,"White",23.02838578776,4.87123543799067
21,17,1,"White",33.7986187521625,2.59849078231117
22,17,1,"White",33.7462461118813,2.67189483708626
23,17,1,"White",33.6860773539133,2.74334615760814
24,17,1,"White",33.6188351663359,2.81089200962361
25,17,1,"White",33.5452205006644,2.87257965887948
26,17,1,"White",33.4659125718526,2.92645637112253
27,17,1,"White",33.3815688582923,2.97056941209957
28,17,1,"White",33.2928251018138,3.00296604755739
29,17,1,"White",33.2002953076855,3.02169354324279
30,17,1,"White",33.1045717446139,3.02480052671015
31,17,1,"White",33.0062249447441,3.01169198587611
32,17,1,"White",32.905803703659,2.98567448741007
33,17,1,"White",32.8038350803802,2.95075184346886
34,17,1,"White",32.7008243973672,2.91092786620933
35,17,1,"White",32.5972552405178,2.87020636778829
36,17,1,"White",32.4935894591681,2.83259116036258
37,17,1,"White",32.3902671660925,2.80208605608903
38,17,1,"White",32.2877067375034,2.78269486712447
39,17,1,"White",32.1863048130518,2.77840382614194
40,17,1,"White",32.0864362958267,2.79034469713562
41,17,1,"White",31.9884543523552,2.81366342987235
42,17,1,"White",31.892690412603,2.84275225375189
43,17,1,"White",31.7994541699739,2.87200339817397
44,17,1,"White",31.7090335813097,2.89580909253835
45,17,1,"White",31.6216948668907,2.90856156624479
46,17,1,"White",31.5376825104355,2.90465304869302
47,17,1,"White",31.4572192591007,2.87847576928281
48,17,1,"White",31.3805061234812,2.82449367354423
49,17,1,"White",31.3077223776103,2.74147367482704
50,17,1,"White",31.2390255589595,2.63485228660147
51,17,1,"White",31.1745514684382,2.5106397513804
52,17,1,"White",31.1144141703946,2.37484631167669
53,17,1,"White",31.0587059926147,2.23348221000321
54,17,1,"White",31.0074975263228,2.09255768887284
55,17,1,"White",30.9608376261817,1.95808299079843
56,17,1,"White",30.9187534102923,1.83606835829286
57,17,1,"White",30.8812502601935,1.73240465411971
58,17,1,"White",30.8483118208627,1.64936217708391
59,17,1,"White",30.8199000007156,1.58502547353122
60,17,1,"White",30.7959549716059,1.53724592623459
61,17,1,"White",30.7763951688258,1.50387491796697
62,17,1,"White",30.7611172911054,1.4827638315013
63,17,1,"White",30.7498812097027,1.47176404961053
64,17,1,"White",30.7410439683858,1.46872695506761
65,17,1,"White",30.7302937834154,1.47150393064549
66,17,1,"White",30.7105349526346,1.47801922372583
67,17,1,"White",30.6718878554684,1.48750514714612
68,17,1,"White",30.6021921259432,1.50032545538808
69,17,1,"White",30.4925415558944,1.51688120961311
70,17,1,"White",30.3428189981755,1.53757347098261
71,17,1,"White",30.1617701873157,1.56280330065798
72,17,1,"White",29.9622808635544,1.59297175980061
73,17,1,"White",29.7566538968742,1.6284799095719
74,17,1,"White",29.5561799346407,1.66972881113326
75,17,1,"White",29.3709318391758,1.71708439265379
76,17,1,"White",29.2075035010652,1.77050416126744
77,17,1,"White",29.0667486524661,1.82968212666604
78,17,1,"White",28.9438712893074,1.89430790691743
79,17,1,"White",28.8316815021823,1.96407112008942
80,17,1,"White",28.7238513072414,2.03866138424985
81,17,1,"White",28.6152106308198,2.11776831746653
82,17,1,"White",28.5017473094364,2.20108153780728
83,17,1,"White",28.3805664437007,2.28829066333993
84,17,1,"White",28.2494432912817,2.37916061814893
85,17,1,"White",28.1063761598768,2.47405438343034
86,17,1,"White",27.9495457611182,2.57362013721868
87,17,1,"White",27.777315210573,2.67850781395704
88,17,1,"White",27.588230027743,2.78936734808851
89,17,1,"White",27.3810181360648,2.90684867405615
90,17,1,"White",27.1545898629097,3.03160172630306
91,17,1,"White",26.908037939584,3.1642764392723
92,17,1,"White",26.6406375013286,3.30552274740698
93,17,1,"White",26.3518460873193,3.45579212010198
94,17,1,"White",26.0413036406666,3.61442547526189
95,17,1,"White",25.7088325084158,3.78037765425228
96,17,1,"White",25.3544374415471,3.95260311081164
97,17,1,"White",24.9783055949753,4.13005629867847
98,17,1,"White",24.5808065275503,4.31169167159129
99,17,1,"White",24.1624922020564,4.49646368328859
100,17,1,"White",23.7240969852129,4.68332678750888
101,17,1,"White",23.2665376476739,4.87123543799067
21,18,1,"White",33.7986187521625,2.59849078231117
22,18,1,"White",33.7462461118813,2.67189483708626
23,18,1,"White",33.6860773539133,2.74334615760814
24,18,1,"White",33.6188351663359,2.81089200962361
25,18,1,"White",33.5452205006644,2.87257965887948
26,18,1,"White",33.4659125718526,2.92645637112253
27,18,1,"White",33.3815688582923,2.97056941209957
28,18,1,"White",33.2928251018138,3.00296604755739
29,18,1,"White",33.2002953076855,3.02169354324279
30,18,1,"White",33.1045717446139,3.02480052671015
31,18,1,"White",33.0062249447441,3.01169198587611
32,18,1,"White",32.905803703659,2.98567448741007
33,18,1,"White",32.8038350803802,2.95075184346886
34,18,1,"White",32.7008243973672,2.91092786620933
35,18,1,"White",32.5972552405178,2.87020636778829
36,18,1,"White",32.4935894591681,2.83259116036258
37,18,1,"White",32.3902671660925,2.80208605608903
38,18,1,"White",32.2877067375034,2.78269486712447
39,18,1,"White",32.1863048130518,2.77840382614194
40,18,1,"White",32.0864362958267,2.79034469713562
41,18,1,"White",31.9884543523552,2.81366342987235
42,18,1,"White",31.892690412603,2.84275225375189
43,18,1,"White",31.7994541699739,2.87200339817397
44,18,1,"White",31.7090335813097,2.89580909253835
45,18,1,"White",31.6216948668907,2.90856156624479
46,18,1,"White",31.5376825104355,2.90465304869302
47,18,1,"White",31.4572192591007,2.87847576928281
48,18,1,"White",31.3805061234812,2.82449367354423
49,18,1,"White",31.3077223776103,2.74147367482704
50,18,1,"White",31.2390255589595,2.63485228660147
51,18,1,"White",31.1745514684382,2.5106397513804
52,18,1,"White",31.1144141703946,2.37484631167669
53,18,1,"White",31.0587059926147,2.23348221000321
54,18,1,"White",31.0074975263228,2.09255768887284
55,18,1,"White",30.9608376261817,1.95808299079843
56,18,1,"White",30.9187534102923,1.83606835829286
57,18,1,"White",30.8812502601935,1.73240465411971
58,18,1,"White",30.8483118208627,1.64936217708391
59,18,1,"White",30.8199000007156,1.58502547353122
60,18,1,"White",30.7959549716059,1.53724592623459
61,18,1,"White",30.7763951688258,1.50387491796697
62,18,1,"White",30.7611172911054,1.4827638315013
63,18,1,"White",30.7498812097027,1.47176404961053
64,18,1,"White",30.7410439683858,1.46872695506761
65,18,1,"White",30.7302937834154,1.47150393064549
66,18,1,"White",30.7105349526346,1.47801922372583
67,18,1,"White",30.6718878554684,1.48750514714612
68,18,1,"White",30.6021921259432,1.50032545538808
69,18,1,"White",30.4925415558944,1.51688120961311
70,18,1,"White",30.3428189981755,1.53757347098261
71,18,1,"White",30.1617701873157,1.56280330065798
72,18,1,"White",29.9622808635544,1.59297175980061
73,18,1,"White",29.7566538968742,1.6284799095719
74,18,1,"White",29.5561799346407,1.66972881113326
75,18,1,"White",29.3709318391758,1.71708439265379
76,18,1,"White",29.2075035010652,1.77050416126744
77,18,1,"White",29.0667486524661,1.82968212666604
78,18,1,"White",28.9438712893074,1.89430790691743
79,18,1,"White",28.8316815021823,1.96407112008942
80,18,1,"White",28.7238513072414,2.03866138424985
81,18,1,"White",28.6152106308198,2.11776831746653
82,18,1,"White",28.5017473094364,2.20108153780728
83,18,1,"White",28.3805664437007,2.28829066333993
84,18,1,"White",28.2494432912817,2.37916061814893
85,18,1,"White",28.1063761598768,2.47405438343034
86,18,1,"White",27.9495457611182,2.57362013721868
87,18,1,"White",27.777315210573,2.67850781395704
88,18,1,"White",27.588230027743,2.78936734808851
89,18,1,"White",27.3810181360648,2.90684867405615
90,18,1,"White",27.1545898629097,3.03160172630306
91,18,1,"White",26.908037939584,3.1642764392723
92,18,1,"White",26.6406375013286,3.30552274740698
93,18,1,"White",26.3518460873193,3.45579212010198
94,18,1,"White",26.0413036406666,3.61442547526189
95,18,1,"White",25.7088325084158,3.78037765425228
96,18,1,"White",25.3544374415471,3.95260311081164
97,18,1,"White",24.9783055949753,4.13005629867847
98,18,1,"White",24.5808065275503,4.31169167159129
99,18,1,"White",24.1624922020564,4.49646368328859
100,18,1,"White",23.7240969852129,4.68332678750888
101,18,1,"White",23.2665376476739,4.87123543799067
21,19,1,"White",33.7986187521625,2.59849078231117
22,19,1,"White",33.7462461118813,2.67189483708626
23,19,1,"White",33.6860773539133,2.74334615760814
24,19,1,"White",33.6188351663359,2.81089200962361
25,19,1,"White",33.5452205006644,2.87257965887948
26,19,1,"White",33.4659125718526,2.92645637112253
27,19,1,"White",33.3815688582923,2.97056941209957
28,19,1,"White",33.2928251018138,3.00296604755739
29,19,1,"White",33.2002953076855,3.02169354324279
30,19,1,"White",33.1045717446139,3.02480052671015
31,19,1,"White",33.0062249447441,3.01169198587611
32,19,1,"White",32.905803703659,2.98567448741007
33,19,1,"White",32.8038350803802,2.95075184346886
34,19,1,"White",32.7008243973672,2.91092786620933
35,19,1,"White",32.5972552405178,2.87020636778829
36,19,1,"White",32.4935894591681,2.83259116036258
37,19,1,"White",32.3902671660925,2.80208605608903
38,19,1,"White",32.2877067375034,2.78269486712447
39,19,1,"White",32.1863048130518,2.77840382614194
40,19,1,"White",32.0864362958267,2.79034469713562
41,19,1,"White",31.9884543523552,2.81366342987235
42,19,1,"White",31.892690412603,2.84275225375189
43,19,1,"White",31.7994541699739,2.87200339817397
44,19,1,"White",31.7090335813097,2.89580909253835
45,19,1,"White",31.6216948668907,2.90856156624479
46,19,1,"White",31.5376825104355,2.90465304869302
47,19,1,"White",31.4572192591007,2.87847576928281
48,19,1,"White",31.3805061234812,2.82449367354423
49,19,1,"White",31.3077223776103,2.74147367482704
50,19,1,"White",31.2390255589595,2.63485228660147
51,19,1,"White",31.1745514684382,2.5106397513804
52,19,1,"White",31.1144141703946,2.37484631167669
53,19,1,"White",31.0587059926147,2.23348221000321
54,19,1,"White",31.0074975263228,2.09255768887284
55,19,1,"White",30.9608376261817,1.95808299079843
56,19,1,"White",30.9187534102923,1.83606835829286
57,19,1,"White",30.8812502601935,1.73240465411971
58,19,1,"White",30.8483118208627,1.64936217708391
59,19,1,"White",30.8199000007156,1.58502547353122
60,19,1,"White",30.7959549716059,1.53724592623459
61,19,1,"White",30.7763951688258,1.50387491796697
62,19,1,"White",30.7611172911054,1.4827638315013
63,19,1,"White",30.7498812097027,1.47176404961053
64,19,1,"White",30.7410439683858,1.46872695506761
65,19,1,"White",30.7302937834154,1.47150393064549
66,19,1,"White",30.7105349526346,1.47801922372583
67,19,1,"White",30.6718878554684,1.48750514714612
68,19,1,"White",30.6021921259432,1.50032545538808
69,19,1,"White",30.4925415558944,1.51688120961311
70,19,1,"White",30.3428189981755,1.53757347098261
71,19,1,"White",30.1617701873157,1.56280330065798
72,19,1,"White",29.9622808635544,1.59297175980061
73,19,1,"White",29.7566538968742,1.6284799095719
74,19,1,"White",29.5561799346407,1.66972881113326
75,19,1,"White",29.3709318391758,1.71708439265379
76,19,1,"White",29.2075035010652,1.77050416126744
77,19,1,"White",29.0667486524661,1.82968212666604
78,19,1,"White",28.9438712893074,1.89430790691743
79,19,1,"White",28.8316815021823,1.96407112008942
80,19,1,"White",28.7238513072414,2.03866138424985
81,19,1,"White",28.6152106308198,2.11776831746653
82,19,1,"White",28.5017473094364,2.20108153780728
83,19,1,"White",28.3805664437007,2.28829066333993
84,19,1,"White",28.2494432912817,2.37916061814893
85,19,1,"White",28.1063761598768,2.47405438343034
86,19,1,"White",27.9495457611182,2.57362013721868
87,19,1,"White",27.777315210573,2.67850781395704
88,19,1,"White",27.588230027743,2.78936734808851
89,19,1,"White",27.3810181360648,2.90684867405615
90,19,1,"White",27.1545898629097,3.03160172630306
91,19,1,"White",26.908037939584,3.1642764392723
92,19,1,"White",26.6406375013286,3.30552274740698
93,19,1,"White",26.3518460873193,3.45579212010198
94,19,1,"White",26.0413036406666,3.61442547526189
95,19,1,"White",25.7088325084158,3.78037765425228
96,19,1,"White",25.3544374415471,3.95260311081164
97,19,1,"White",24.9783055949753,4.13005629867847
98,19,1,"White",24.5808065275503,4.31169167159129
99,19,1,"White",24.1624922020564,4.49646368328859
100,19,1,"White",23.7240969852129,4.68332678750888
101,19,1,"White",23.2665376476739,4.87123543799067
21,20,1,"White",33.7986187521625,2.59849078231117
22,20,1,"White",33.7462461118813,2.67189483708626
23,20,1,"White",33.6860773539133,2.74334615760814
24,20,1,"White",33.6188351663359,2.81089200962361
25,20,1,"White",33.5452205006644,2.87257965887948
26,20,1,"White",33.4659125718526,2.92645637112253
27,20,1,"White",33.3815688582923,2.97056941209957
28,20,1,"White",33.2928251018138,3.00296604755739
29,20,1,"White",33.2002953076855,3.02169354324279
30,20,1,"White",33.1045717446139,3.02480052671015
31,20,1,"White",33.0062249447441,3.01169198587611
32,20,1,"White",32.905803703659,2.98567448741007
33,20,1,"White",32.8038350803802,2.95075184346886
34,20,1,"White",32.7008243973672,2.91092786620933
35,20,1,"White",32.5972552405178,2.87020636778829
36,20,1,"White",32.4935894591681,2.83259116036258
37,20,1,"White",32.3902671660925,2.80208605608903
38,20,1,"White",32.2877067375034,2.78269486712447
39,20,1,"White",32.1863048130518,2.77840382614194
40,20,1,"White",32.0864362958267,2.79034469713562
41,20,1,"White",31.9884543523552,2.81366342987235
42,20,1,"White",31.892690412603,2.84275225375189
43,20,1,"White",31.7994541699739,2.87200339817397
44,20,1,"White",31.7090335813097,2.89580909253835
45,20,1,"White",31.6216948668907,2.90856156624479
46,20,1,"White",31.5376825104355,2.90465304869302
47,20,1,"White",31.4572192591007,2.87847576928281
48,20,1,"White",31.3805061234812,2.82449367354423
49,20,1,"White",31.3077223776103,2.74147367482704
50,20,1,"White",31.2390255589595,2.63485228660147
51,20,1,"White",31.1745514684382,2.5106397513804
52,20,1,"White",31.1144141703946,2.37484631167669
53,20,1,"White",31.0587059926147,2.23348221000321
54,20,1,"White",31.0074975263228,2.09255768887284
55,20,1,"White",30.9608376261817,1.95808299079843
56,20,1,"White",30.9187534102923,1.83606835829286
57,20,1,"White",30.8812502601935,1.73240465411971
58,20,1,"White",30.8483118208627,1.64936217708391
59,20,1,"White",30.8199000007156,1.58502547353122
60,20,1,"White",30.7959549716059,1.53724592623459
61,20,1,"White",30.7763951688258,1.50387491796697
62,20,1,"White",30.7611172911054,1.4827638315013
63,20,1,"White",30.7498812097027,1.47176404961053
64,20,1,"White",30.7410439683858,1.46872695506761
65,20,1,"White",30.7302937834154,1.47150393064549
66,20,1,"White",30.7105349526346,1.47801922372583
67,20,1,"White",30.6718878554684,1.48750514714612
68,20,1,"White",30.6021921259432,1.50032545538808
69,20,1,"White",30.4925415558944,1.51688120961311
70,20,1,"White",30.3428189981755,1.53757347098261
71,20,1,"White",30.1617701873157,1.56280330065798
72,20,1,"White",29.9622808635544,1.59297175980061
73,20,1,"White",29.7566538968742,1.6284799095719
74,20,1,"White",29.5561799346407,1.66972881113326
75,20,1,"White",29.3709318391758,1.71708439265379
76,20,1,"White",29.2075035010652,1.77050416126744
77,20,1,"White",29.0667486524661,1.82968212666604
78,20,1,"White",28.9438712893074,1.89430790691743
79,20,1,"White",28.8316815021823,1.96407112008942
80,20,1,"White",28.7238513072414,2.03866138424985
81,20,1,"White",28.6152106308198,2.11776831746653
82,20,1,"White",28.5017473094364,2.20108153780728
83,20,1,"White",28.3805664437007,2.28829066333993
84,20,1,"White",28.2494432912817,2.37916061814893
85,20,1,"White",28.1063761598768,2.47405438343034
86,20,1,"White",27.9495457611182,2.57362013721868
87,20,1,"White",27.777315210573,2.67850781395704
88,20,1,"White",27.588230027743,2.78936734808851
89,20,1,"White",27.3810181360648,2.90684867405615
90,20,1,"White",27.1545898629097,3.03160172630306
91,20,1,"White",26.908037939584,3.1642764392723
92,20,1,"White",26.6406375013286,3.30552274740698
93,20,1,"White",26.3518460873193,3.45579212010198
94,20,1,"White",26.0413036406666,3.61442547526189
95,20,1,"White",25.7088325084158,3.78037765425228
96,20,1,"White",25.3544374415471,3.95260311081164
97,20,1,"White",24.9783055949753,4.13005629867847
98,20,1,"White",24.5808065275503,4.31169167159129
99,20,1,"White",24.1624922020564,4.49646368328859
100,20,1,"White",23.7240969852129,4.68332678750888
101,20,1,"White",23.2665376476739,4.87123543799067
21,21,1,"White",33.7986187521625,2.59849078231117
22,21,1,"White",33.7462461118813,2.67189483708626
23,21,1,"White",33.6860773539133,2.74334615760814
24,21,1,"White",33.6188351663359,2.81089200962361
25,21,1,"White",33.5452205006644,2.87257965887948
26,21,1,"White",33.4659125718526,2.92645637112253
27,21,1,"White",33.3815688582923,2.97056941209957
28,21,1,"White",33.2928251018138,3.00296604755739
29,21,1,"White",33.2002953076855,3.02169354324279
30,21,1,"White",33.1045717446139,3.02480052671015
31,21,1,"White",33.0062249447441,3.01169198587611
32,21,1,"White",32.905803703659,2.98567448741007
33,21,1,"White",32.8038350803802,2.95075184346886
34,21,1,"White",32.7008243973672,2.91092786620933
35,21,1,"White",32.5972552405178,2.87020636778829
36,21,1,"White",32.4935894591681,2.83259116036258
37,21,1,"White",32.3902671660925,2.80208605608903
38,21,1,"White",32.2877067375034,2.78269486712447
39,21,1,"White",32.1863048130518,2.77840382614194
40,21,1,"White",32.0864362958267,2.79034469713562
41,21,1,"White",31.9884543523552,2.81366342987235
42,21,1,"White",31.892690412603,2.84275225375189
43,21,1,"White",31.7994541699739,2.87200339817397
44,21,1,"White",31.7090335813097,2.89580909253835
45,21,1,"White",31.6216948668907,2.90856156624479
46,21,1,"White",31.5376825104355,2.90465304869302
47,21,1,"White",31.4572192591007,2.87847576928281
48,21,1,"White",31.3805061234812,2.82449367354423
49,21,1,"White",31.3077223776103,2.74147367482704
50,21,1,"White",31.2390255589595,2.63485228660147
51,21,1,"White",31.1745514684382,2.5106397513804
52,21,1,"White",31.1144141703946,2.37484631167669
53,21,1,"White",31.0587059926147,2.23348221000321
54,21,1,"White",31.0074975263228,2.09255768887284
55,21,1,"White",30.9608376261817,1.95808299079843
56,21,1,"White",30.9187534102923,1.83606835829286
57,21,1,"White",30.8812502601935,1.73240465411971
58,21,1,"White",30.8483118208627,1.64936217708391
59,21,1,"White",30.8199000007156,1.58502547353122
60,21,1,"White",30.7959549716059,1.53724592623459
61,21,1,"White",30.7763951688258,1.50387491796697
62,21,1,"White",30.7611172911054,1.4827638315013
63,21,1,"White",30.7498812097027,1.47176404961053
64,21,1,"White",30.7410439683858,1.46872695506761
65,21,1,"White",30.7302937834154,1.47150393064549
66,21,1,"White",30.7105349526346,1.47801922372583
67,21,1,"White",30.6718878554684,1.48750514714612
68,21,1,"White",30.6021921259432,1.50032545538808
69,21,1,"White",30.4925415558944,1.51688120961311
70,21,1,"White",30.3428189981755,1.53757347098261
71,21,1,"White",30.1617701873157,1.56280330065798
72,21,1,"White",29.9622808635544,1.59297175980061
73,21,1,"White",29.7566538968742,1.6284799095719
74,21,1,"White",29.5561799346407,1.66972881113326
75,21,1,"White",29.3709318391758,1.71708439265379
76,21,1,"White",29.2075035010652,1.77050416126744
77,21,1,"White",29.0667486524661,1.82968212666604
78,21,1,"White",28.9438712893074,1.89430790691743
79,21,1,"White",28.8316815021823,1.96407112008942
80,21,1,"White",28.7238513072414,2.03866138424985
81,21,1,"White",28.6152106308198,2.11776831746653
82,21,1,"White",28.5017473094364,2.20108153780728
83,21,1,"White",28.3805664437007,2.28829066333993
84,21,1,"White",28.2494432912817,2.37916061814893
85,21,1,"White",28.1063761598768,2.47405438343034
86,21,1,"White",27.9495457611182,2.57362013721868
87,21,1,"White",27.777315210573,2.67850781395704
88,21,1,"White",27.588230027743,2.78936734808851
89,21,1,"White",27.3810181360648,2.90684867405615
90,21,1,"White",27.1545898629097,3.03160172630306
91,21,1,"White",26.908037939584,3.1642764392723
92,21,1,"White",26.6406375013286,3.30552274740698
93,21,1,"White",26.3518460873193,3.45579212010198
94,21,1,"White",26.0413036406666,3.61442547526189
95,21,1,"White",25.7088325084158,3.78037765425228
96,21,1,"White",25.3544374415471,3.95260311081164
97,21,1,"White",24.9783055949753,4.13005629867847
98,21,1,"White",24.5808065275503,4.31169167159129
99,21,1,"White",24.1624922020564,4.49646368328859
100,21,1,"White",23.7240969852129,4.68332678750888
101,21,1,"White",23.2665376476739,4.87123543799067
21,22,1,"White",33.7986187521625,2.59849078231117
22,22,1,"White",33.7462461118813,2.67189483708626
23,22,1,"White",33.6860773539133,2.74334615760814
24,22,1,"White",33.6188351663359,2.81089200962361
25,22,1,"White",33.5452205006644,2.87257965887948
26,22,1,"White",33.4659125718526,2.92645637112253
27,22,1,"White",33.3815688582923,2.97056941209957
28,22,1,"White",33.2928251018138,3.00296604755739
29,22,1,"White",33.2002953076855,3.02169354324279
30,22,1,"White",33.1045717446139,3.02480052671015
31,22,1,"White",33.0062249447441,3.01169198587611
32,22,1,"White",32.905803703659,2.98567448741007
33,22,1,"White",32.8038350803802,2.95075184346886
34,22,1,"White",32.7008243973672,2.91092786620933
35,22,1,"White",32.5972552405178,2.87020636778829
36,22,1,"White",32.4935894591681,2.83259116036258
37,22,1,"White",32.3902671660925,2.80208605608903
38,22,1,"White",32.2877067375034,2.78269486712447
39,22,1,"White",32.1863048130518,2.77840382614194
40,22,1,"White",32.0864362958267,2.79034469713562
41,22,1,"White",31.9884543523552,2.81366342987235
42,22,1,"White",31.892690412603,2.84275225375189
43,22,1,"White",31.7994541699739,2.87200339817397
44,22,1,"White",31.7090335813097,2.89580909253835
45,22,1,"White",31.6216948668907,2.90856156624479
46,22,1,"White",31.5376825104355,2.90465304869302
47,22,1,"White",31.4572192591007,2.87847576928281
48,22,1,"White",31.3805061234812,2.82449367354423
49,22,1,"White",31.3077223776103,2.74147367482704
50,22,1,"White",31.2390255589595,2.63485228660147
51,22,1,"White",31.1745514684382,2.5106397513804
52,22,1,"White",31.1144141703946,2.37484631167669
53,22,1,"White",31.0587059926147,2.23348221000321
54,22,1,"White",31.0074975263228,2.09255768887284
55,22,1,"White",30.9608376261817,1.95808299079843
56,22,1,"White",30.9187534102923,1.83606835829286
57,22,1,"White",30.8812502601935,1.73240465411971
58,22,1,"White",30.8483118208627,1.64936217708391
59,22,1,"White",30.8199000007156,1.58502547353122
60,22,1,"White",30.7959549716059,1.53724592623459
61,22,1,"White",30.7763951688258,1.50387491796697
62,22,1,"White",30.7611172911054,1.4827638315013
63,22,1,"White",30.7498812097027,1.47176404961053
64,22,1,"White",30.7410439683858,1.46872695506761
65,22,1,"White",30.7302937834154,1.47150393064549
66,22,1,"White",30.7105349526346,1.47801922372583
67,22,1,"White",30.6718878554684,1.48750514714612
68,22,1,"White",30.6021921259432,1.50032545538808
69,22,1,"White",30.4925415558944,1.51688120961311
70,22,1,"White",30.3428189981755,1.53757347098261
71,22,1,"White",30.1617701873157,1.56280330065798
72,22,1,"White",29.9622808635544,1.59297175980061
73,22,1,"White",29.7566538968742,1.6284799095719
74,22,1,"White",29.5561799346407,1.66972881113326
75,22,1,"White",29.3709318391758,1.71708439265379
76,22,1,"White",29.2075035010652,1.77050416126744
77,22,1,"White",29.0667486524661,1.82968212666604
78,22,1,"White",28.9438712893074,1.89430790691743
79,22,1,"White",28.8316815021823,1.96407112008942
80,22,1,"White",28.7238513072414,2.03866138424985
81,22,1,"White",28.6152106308198,2.11776831746653
82,22,1,"White",28.5017473094364,2.20108153780728
83,22,1,"White",28.3805664437007,2.28829066333993
84,22,1,"White",28.2494432912817,2.37916061814893
85,22,1,"White",28.1063761598768,2.47405438343034
86,22,1,"White",27.9495457611182,2.57362013721868
87,22,1,"White",27.777315210573,2.67850781395704
88,22,1,"White",27.588230027743,2.78936734808851
89,22,1,"White",27.3810181360648,2.90684867405615
90,22,1,"White",27.1545898629097,3.03160172630306
91,22,1,"White",26.908037939584,3.1642764392723
92,22,1,"White",26.6406375013286,3.30552274740698
93,22,1,"White",26.3518460873193,3.45579212010198
94,22,1,"White",26.0413036406666,3.61442547526189
95,22,1,"White",25.7088325084158,3.78037765425228
96,22,1,"White",25.3544374415471,3.95260311081164
97,22,1,"White",24.9783055949753,4.13005629867847
98,22,1,"White",24.5808065275503,4.31169167159129
99,22,1,"White",24.1624922020564,4.49646368328859
100,22,1,"White",23.7240969852129,4.68332678750888
101,22,1,"White",23.2665376476739,4.87123543799067
21,23,1,"White",33.7986187521625,2.59849078231117
22,23,1,"White",33.7462461118813,2.67189483708626
23,23,1,"White",33.6860773539133,2.74334615760814
24,23,1,"White",33.6188351663359,2.81089200962361
25,23,1,"White",33.5452205006644,2.87257965887948
26,23,1,"White",33.4659125718526,2.92645637112253
27,23,1,"White",33.3815688582923,2.97056941209957
28,23,1,"White",33.2928251018138,3.00296604755739
29,23,1,"White",33.2002953076855,3.02169354324279
30,23,1,"White",33.1045717446139,3.02480052671015
31,23,1,"White",33.0062249447441,3.01169198587611
32,23,1,"White",32.905803703659,2.98567448741007
33,23,1,"White",32.8038350803802,2.95075184346886
34,23,1,"White",32.7008243973672,2.91092786620933
35,23,1,"White",32.5972552405178,2.87020636778829
36,23,1,"White",32.4935894591681,2.83259116036258
37,23,1,"White",32.3902671660925,2.80208605608903
38,23,1,"White",32.2877067375034,2.78269486712447
39,23,1,"White",32.1863048130518,2.77840382614194
40,23,1,"White",32.0864362958267,2.79034469713562
41,23,1,"White",31.9884543523552,2.81366342987235
42,23,1,"White",31.892690412603,2.84275225375189
43,23,1,"White",31.7994541699739,2.87200339817397
44,23,1,"White",31.7090335813097,2.89580909253835
45,23,1,"White",31.6216948668907,2.90856156624479
46,23,1,"White",31.5376825104355,2.90465304869302
47,23,1,"White",31.4572192591007,2.87847576928281
48,23,1,"White",31.3805061234812,2.82449367354423
49,23,1,"White",31.3077223776103,2.74147367482704
50,23,1,"White",31.2390255589595,2.63485228660147
51,23,1,"White",31.1745514684382,2.5106397513804
52,23,1,"White",31.1144141703946,2.37484631167669
53,23,1,"White",31.0587059926147,2.23348221000321
54,23,1,"White",31.0074975263228,2.09255768887284
55,23,1,"White",30.9608376261817,1.95808299079843
56,23,1,"White",30.9187534102923,1.83606835829286
57,23,1,"White",30.8812502601935,1.73240465411971
58,23,1,"White",30.8483118208627,1.64936217708391
59,23,1,"White",30.8199000007156,1.58502547353122
60,23,1,"White",30.7959549716059,1.53724592623459
61,23,1,"White",30.7763951688258,1.50387491796697
62,23,1,"White",30.7611172911054,1.4827638315013
63,23,1,"White",30.7498812097027,1.47176404961053
64,23,1,"White",30.7410439683858,1.46872695506761
65,23,1,"White",30.7302937834154,1.47150393064549
66,23,1,"White",30.7105349526346,1.47801922372583
67,23,1,"White",30.6718878554684,1.48750514714612
68,23,1,"White",30.6021921259432,1.50032545538808
69,23,1,"White",30.4925415558944,1.51688120961311
70,23,1,"White",30.3428189981755,1.53757347098261
71,23,1,"White",30.1617701873157,1.56280330065798
72,23,1,"White",29.9622808635544,1.59297175980061
73,23,1,"White",29.7566538968742,1.6284799095719
74,23,1,"White",29.5561799346407,1.66972881113326
75,23,1,"White",29.3709318391758,1.71708439265379
76,23,1,"White",29.2075035010652,1.77050416126744
77,23,1,"White",29.0667486524661,1.82968212666604
78,23,1,"White",28.9438712893074,1.89430790691743
79,23,1,"White",28.8316815021823,1.96407112008942
80,23,1,"White",28.7238513072414,2.03866138424985
81,23,1,"White",28.6152106308198,2.11776831746653
82,23,1,"White",28.5017473094364,2.20108153780728
83,23,1,"White",28.3805664437007,2.28829066333993
84,23,1,"White",28.2494432912817,2.37916061814893
85,23,1,"White",28.1063761598768,2.47405438343034
86,23,1,"White",27.9495457611182,2.57362013721868
87,23,1,"White",27.777315210573,2.67850781395704
88,23,1,"White",27.588230027743,2.78936734808851
89,23,1,"White",27.3810181360648,2.90684867405615
90,23,1,"White",27.1545898629097,3.03160172630306
91,23,1,"White",26.908037939584,3.1642764392723
92,23,1,"White",26.6406375013286,3.30552274740698
93,23,1,"White",26.3518460873193,3.45579212010198
94,23,1,"White",26.0413036406666,3.61442547526189
95,23,1,"White",25.7088325084158,3.78037765425228
96,23,1,"White",25.3544374415471,3.95260311081164
97,23,1,"White",24.9783055949753,4.13005629867847
98,23,1,"White",24.5808065275503,4.31169167159129
99,23,1,"White",24.1624922020564,4.49646368328859
100,23,1,"White",23.7240969852129,4.68332678750888
101,23,1,"White",23.2665376476739,4.87123543799067
21,24,1,"White",33.7986187521625,2.59849078231117
22,24,1,"White",33.7462461118813,2.67189483708626
23,24,1,"White",33.6860773539133,2.74334615760814
24,24,1,"White",33.6188351663359,2.81089200962361
25,24,1,"White",33.5452205006644,2.87257965887948
26,24,1,"White",33.4659125718526,2.92645637112253
27,24,1,"White",33.3815688582923,2.97056941209957
28,24,1,"White",33.2928251018138,3.00296604755739
29,24,1,"White",33.2002953076855,3.02169354324279
30,24,1,"White",33.1045717446139,3.02480052671015
31,24,1,"White",33.0062249447441,3.01169198587611
32,24,1,"White",32.905803703659,2.98567448741007
33,24,1,"White",32.8038350803802,2.95075184346886
34,24,1,"White",32.7008243973672,2.91092786620933
35,24,1,"White",32.5972552405178,2.87020636778829
36,24,1,"White",32.4935894591681,2.83259116036258
37,24,1,"White",32.3902671660925,2.80208605608903
38,24,1,"White",32.2877067375034,2.78269486712447
39,24,1,"White",32.1863048130518,2.77840382614194
40,24,1,"White",32.0864362958267,2.79034469713562
41,24,1,"White",31.9884543523552,2.81366342987235
42,24,1,"White",31.892690412603,2.84275225375189
43,24,1,"White",31.7994541699739,2.87200339817397
44,24,1,"White",31.7090335813097,2.89580909253835
45,24,1,"White",31.6216948668907,2.90856156624479
46,24,1,"White",31.5376825104355,2.90465304869302
47,24,1,"White",31.4572192591007,2.87847576928281
48,24,1,"White",31.3805061234812,2.82449367354423
49,24,1,"White",31.3077223776103,2.74147367482704
50,24,1,"White",31.2390255589595,2.63485228660147
51,24,1,"White",31.1745514684382,2.5106397513804
52,24,1,"White",31.1144141703946,2.37484631167669
53,24,1,"White",31.0587059926147,2.23348221000321
54,24,1,"White",31.0074975263228,2.09255768887284
55,24,1,"White",30.9608376261817,1.95808299079843
56,24,1,"White",30.9187534102923,1.83606835829286
57,24,1,"White",30.8812502601935,1.73240465411971
58,24,1,"White",30.8483118208627,1.64936217708391
59,24,1,"White",30.8199000007156,1.58502547353122
60,24,1,"White",30.7959549716059,1.53724592623459
61,24,1,"White",30.7763951688258,1.50387491796697
62,24,1,"White",30.7611172911054,1.4827638315013
63,24,1,"White",30.7498812097027,1.47176404961053
64,24,1,"White",30.7410439683858,1.46872695506761
65,24,1,"White",30.7302937834154,1.47150393064549
66,24,1,"White",30.7105349526346,1.47801922372583
67,24,1,"White",30.6718878554684,1.48750514714612
68,24,1,"White",30.6021921259432,1.50032545538808
69,24,1,"White",30.4925415558944,1.51688120961311
70,24,1,"White",30.3428189981755,1.53757347098261
71,24,1,"White",30.1617701873157,1.56280330065798
72,24,1,"White",29.9622808635544,1.59297175980061
73,24,1,"White",29.7566538968742,1.6284799095719
74,24,1,"White",29.5561799346407,1.66972881113326
75,24,1,"White",29.3709318391758,1.71708439265379
76,24,1,"White",29.2075035010652,1.77050416126744
77,24,1,"White",29.0667486524661,1.82968212666604
78,24,1,"White",28.9438712893074,1.89430790691743
79,24,1,"White",28.8316815021823,1.96407112008942
80,24,1,"White",28.7238513072414,2.03866138424985
81,24,1,"White",28.6152106308198,2.11776831746653
82,24,1,"White",28.5017473094364,2.20108153780728
83,24,1,"White",28.3805664437007,2.28829066333993
84,24,1,"White",28.2494432912817,2.37916061814893
85,24,1,"White",28.1063761598768,2.47405438343034
86,24,1,"White",27.9495457611182,2.57362013721868
87,24,1,"White",27.777315210573,2.67850781395704
88,24,1,"White",27.588230027743,2.78936734808851
89,24,1,"White",27.3810181360648,2.90684867405615
90,24,1,"White",27.1545898629097,3.03160172630306
91,24,1,"White",26.908037939584,3.1642764392723
92,24,1,"White",26.6406375013286,3.30552274740698
93,24,1,"White",26.3518460873193,3.45579212010198
94,24,1,"White",26.0413036406666,3.61442547526189
95,24,1,"White",25.7088325084158,3.78037765425228
96,24,1,"White",25.3544374415471,3.95260311081164
97,24,1,"White",24.9783055949753,4.13005629867847
98,24,1,"White",24.5808065275503,4.31169167159129
99,24,1,"White",24.1624922020564,4.49646368328859
100,24,1,"White",23.7240969852129,4.68332678750888
101,24,1,"White",23.2665376476739,4.87123543799067
21,25,1,"White",33.7986187521625,2.59849078231117
22,25,1,"White",33.7462461118813,2.67189483708626
23,25,1,"White",33.6860773539133,2.74334615760814
24,25,1,"White",33.6188351663359,2.81089200962361
25,25,1,"White",33.5452205006644,2.87257965887948
26,25,1,"White",33.4659125718526,2.92645637112253
27,25,1,"White",33.3815688582923,2.97056941209957
28,25,1,"White",33.2928251018138,3.00296604755739
29,25,1,"White",33.2002953076855,3.02169354324279
30,25,1,"White",33.1045717446139,3.02480052671015
31,25,1,"White",33.0062249447441,3.01169198587611
32,25,1,"White",32.905803703659,2.98567448741007
33,25,1,"White",32.8038350803802,2.95075184346886
34,25,1,"White",32.7008243973672,2.91092786620933
35,25,1,"White",32.5972552405178,2.87020636778829
36,25,1,"White",32.4935894591681,2.83259116036258
37,25,1,"White",32.3902671660925,2.80208605608903
38,25,1,"White",32.2877067375034,2.78269486712447
39,25,1,"White",32.1863048130518,2.77840382614194
40,25,1,"White",32.0864362958267,2.79034469713562
41,25,1,"White",31.9884543523552,2.81366342987235
42,25,1,"White",31.892690412603,2.84275225375189
43,25,1,"White",31.7994541699739,2.87200339817397
44,25,1,"White",31.7090335813097,2.89580909253835
45,25,1,"White",31.6216948668907,2.90856156624479
46,25,1,"White",31.5376825104355,2.90465304869302
47,25,1,"White",31.4572192591007,2.87847576928281
48,25,1,"White",31.3805061234812,2.82449367354423
49,25,1,"White",31.3077223776103,2.74147367482704
50,25,1,"White",31.2390255589595,2.63485228660147
51,25,1,"White",31.1745514684382,2.5106397513804
52,25,1,"White",31.1144141703946,2.37484631167669
53,25,1,"White",31.0587059926147,2.23348221000321
54,25,1,"White",31.0074975263228,2.09255768887284
55,25,1,"White",30.9608376261817,1.95808299079843
56,25,1,"White",30.9187534102923,1.83606835829286
57,25,1,"White",30.8812502601935,1.73240465411971
58,25,1,"White",30.8483118208627,1.64936217708391
59,25,1,"White",30.8199000007156,1.58502547353122
60,25,1,"White",30.7959549716059,1.53724592623459
61,25,1,"White",30.7763951688258,1.50387491796697
62,25,1,"White",30.7611172911054,1.4827638315013
63,25,1,"White",30.7498812097027,1.47176404961053
64,25,1,"White",30.7410439683858,1.46872695506761
65,25,1,"White",30.7302937834154,1.47150393064549
66,25,1,"White",30.7105349526346,1.47801922372583
67,25,1,"White",30.6718878554684,1.48750514714612
68,25,1,"White",30.6021921259432,1.50032545538808
69,25,1,"White",30.4925415558944,1.51688120961311
70,25,1,"White",30.3428189981755,1.53757347098261
71,25,1,"White",30.1617701873157,1.56280330065798
72,25,1,"White",29.9622808635544,1.59297175980061
73,25,1,"White",29.7566538968742,1.6284799095719
74,25,1,"White",29.5561799346407,1.66972881113326
75,25,1,"White",29.3709318391758,1.71708439265379
76,25,1,"White",29.2075035010652,1.77050416126744
77,25,1,"White",29.0667486524661,1.82968212666604
78,25,1,"White",28.9438712893074,1.89430790691743
79,25,1,"White",28.8316815021823,1.96407112008942
80,25,1,"White",28.7238513072414,2.03866138424985
81,25,1,"White",28.6152106308198,2.11776831746653
82,25,1,"White",28.5017473094364,2.20108153780728
83,25,1,"White",28.3805664437007,2.28829066333993
84,25,1,"White",28.2494432912817,2.37916061814893
85,25,1,"White",28.1063761598768,2.47405438343034
86,25,1,"White",27.9495457611182,2.57362013721868
87,25,1,"White",27.777315210573,2.67850781395704
88,25,1,"White",27.588230027743,2.78936734808851
89,25,1,"White",27.3810181360648,2.90684867405615
90,25,1,"White",27.1545898629097,3.03160172630306
91,25,1,"White",26.908037939584,3.1642764392723
92,25,1,"White",26.6406375013286,3.30552274740698
93,25,1,"White",26.3518460873193,3.45579212010198
94,25,1,"White",26.0413036406666,3.61442547526189
95,25,1,"White",25.7088325084158,3.78037765425228
96,25,1,"White",25.3544374415471,3.95260311081164
97,25,1,"White",24.9783055949753,4.13005629867847
98,25,1,"White",24.5808065275503,4.31169167159129
99,25,1,"White",24.1624922020564,4.49646368328859
100,25,1,"White",23.7240969852129,4.68332678750888
101,25,1,"White",23.2665376476739,4.87123543799067
21,10,0,"Black",33.8864438715394,8.94579704511469
22,10,0,"Black",33.7880507042642,8.75471971640012
23,10,0,"Black",33.6797495641629,8.56364238768556
24,10,0,"Black",33.5625155155152,8.372565058971
25,10,0,"Black",33.437288162083,8.18148773025644
26,10,0,"Black",33.3049716471101,7.99041040154187
27,10,0,"Black",33.1664346533226,7.79933307282731
28,10,0,"Black",33.0225104029288,7.60825574411275
29,10,0,"Black",32.8739966576191,7.41717841539819
30,10,0,"Black",32.7216557185661,7.22610108668363
31,10,0,"Black",32.5662144264245,7.03502375796906
32,10,0,"Black",32.408364161331,6.8439464292545
33,10,0,"Black",32.2487608429049,6.65286910053994
34,10,0,"Black",32.0880249302472,6.46179177182537
35,10,0,"Black",31.9267414219412,6.27071444311081
36,10,0,"Black",31.7654598560525,6.07963711439625
37,10,0,"Black",31.6046943101286,5.88855978568168
38,10,0,"Black",31.4449234011994,5.69748245696712
39,10,0,"Black",31.2865902857769,5.50640512825256
40,10,0,"Black",31.130102659855,5.315327799538
41,10,0,"Black",30.9758327589102,5.1243206309365
42,10,0,"Black",30.8241173579007,4.9337344230134
43,10,0,"Black",30.6752577712671,4.74399013644708
44,10,0,"Black",30.5295198529322,4.55550873191593
45,10,0,"Black",30.3871339963008,4.36871117009836
46,10,0,"Black",30.2482951342599,4.18401841167275
47,10,0,"Black",30.1131627391787,4.00185298831572
48,10,0,"Black",29.9818608229086,3.82289252254052
49,10,0,"Black",29.854477936783,3.64834956175567
50,10,0,"Black",29.7310671716175,3.47950400991857
51,10,0,"Black",29.61164615771,3.3176357709866
52,10,0,"Black",29.4961970648404,3.16402474891715
53,10,0,"Black",29.3846666022708,3.01995084766762
54,10,0,"Black",29.2769660187454,2.88666720942291
55,10,0,"Black",29.1729711024907,2.76461534198678
56,10,0,"Black",29.0725221812152,2.6532984185153
57,10,0,"Black",28.9754241221096,2.55216734307762
58,10,0,"Black",28.8814463318468,2.46067301974289
59,10,0,"Black",28.7903227565818,2.37826635258029
60,10,0,"Black",28.7017518819518,2.30439824565898
61,10,0,"Black",28.6153967330761,2.23857620913016
62,10,0,"Black",28.5308848745563,2.18096579884878
63,10,0,"Black",28.4477520889957,2.13215711628514
64,10,0,"Black",28.364822840718,2.09274733866978
65,10,0,"Black",28.2795907394854,2.06333364323323
66,10,0,"Black",28.188162219018,2.04451320720604
67,10,0,"Black",28.0852565369944,2.03688320781875
68,10,0,"Black",27.9644633095901,2.04079213950974
69,10,0,"Black",27.8210753914043,2.05519694164015
70,10,0,"Black",27.6549217553864,2.07857078782702
71,10,0,"Black",27.4705103037836,2.10938636597878
72,10,0,"Black",27.2757659086357,2.14611636400388
73,10,0,"Black",27.080768452271,2.18723346981076
74,10,0,"Black",26.897638103714,2.23121104842699
75,10,0,"Black",26.7400080489446,2.2771968755272
76,10,0,"Black",26.6172245237419,2.326278673075
77,10,0,"Black",26.5285468465282,2.37989084802526
78,10,0,"Black",26.463056925031,2.43946780733286
79,10,0,"Black",26.4044637967238,2.50644395795266
80,10,0,"Black",26.3359081692654,2.58225370683953
81,10,0,"Black",26.2403991969046,2.66830638607921
82,10,0,"Black",26.1008144804792,2.76450683560886
83,10,0,"Black",25.9000615946882,2.86842793253534
84,10,0,"Black",25.622854888076,2.97744195501238
85,10,0,"Black",25.257492283017,3.08892118119372
86,10,0,"Black",24.7960168029875,3.20023788923308
87,10,0,"Black",24.2342165725651,3.3087643572842
88,10,0,"Black",23.5716248174289,3.41250978137736
89,10,0,"Black",22.8115198643598,3.52091730726295
90,10,0,"Black",21.96092514124,3.65332014147867
91,10,0,"Black",21.0306091770532,3.82937759251498
92,10,0,"Black",20.0350856018849,4.06874896886238
93,10,0,"Black",18.9926131469219,4.39109357901135
94,10,0,"Black",17.9251956444527,4.81607073145238
95,10,0,"Black",16.8585820278672,5.36033264756457
96,10,0,"Black",15.8222663316569,6.0166501921923
97,10,0,"Black",14.8494876914149,6.7664058740351
98,10,0,"Black",13.9772303438358,7.59091206564995
99,10,0,"Black",13.2462236267157,8.47148113959384
100,10,0,"Black",12.7009419789523,9.38942546842377
101,10,0,"Black",12.3896049405447,10.3260574246967
21,11,0,"Black",33.8864438715394,8.94579704511469
22,11,0,"Black",33.7880507042642,8.75471971640012
23,11,0,"Black",33.6797495641629,8.56364238768556
24,11,0,"Black",33.5625155155152,8.372565058971
25,11,0,"Black",33.437288162083,8.18148773025644
26,11,0,"Black",33.3049716471101,7.99041040154187
27,11,0,"Black",33.1664346533226,7.79933307282731
28,11,0,"Black",33.0225104029288,7.60825574411275
29,11,0,"Black",32.8739966576191,7.41717841539819
30,11,0,"Black",32.7216557185661,7.22610108668363
31,11,0,"Black",32.5662144264245,7.03502375796906
32,11,0,"Black",32.408364161331,6.8439464292545
33,11,0,"Black",32.2487608429049,6.65286910053994
34,11,0,"Black",32.0880249302472,6.46179177182537
35,11,0,"Black",31.9267414219412,6.27071444311081
36,11,0,"Black",31.7654598560525,6.07963711439625
37,11,0,"Black",31.6046943101286,5.88855978568168
38,11,0,"Black",31.4449234011994,5.69748245696712
39,11,0,"Black",31.2865902857769,5.50640512825256
40,11,0,"Black",31.130102659855,5.315327799538
41,11,0,"Black",30.9758327589102,5.1243206309365
42,11,0,"Black",30.8241173579007,4.9337344230134
43,11,0,"Black",30.6752577712671,4.74399013644708
44,11,0,"Black",30.5295198529322,4.55550873191593
45,11,0,"Black",30.3871339963008,4.36871117009836
46,11,0,"Black",30.2482951342599,4.18401841167275
47,11,0,"Black",30.1131627391787,4.00185298831572
48,11,0,"Black",29.9818608229086,3.82289252254052
49,11,0,"Black",29.854477936783,3.64834956175567
50,11,0,"Black",29.7310671716175,3.47950400991857
51,11,0,"Black",29.61164615771,3.3176357709866
52,11,0,"Black",29.4961970648404,3.16402474891715
53,11,0,"Black",29.3846666022708,3.01995084766762
54,11,0,"Black",29.2769660187454,2.88666720942291
55,11,0,"Black",29.1729711024907,2.76461534198678
56,11,0,"Black",29.0725221812152,2.6532984185153
57,11,0,"Black",28.9754241221096,2.55216734307762
58,11,0,"Black",28.8814463318468,2.46067301974289
59,11,0,"Black",28.7903227565818,2.37826635258029
60,11,0,"Black",28.7017518819518,2.30439824565898
61,11,0,"Black",28.6153967330761,2.23857620913016
62,11,0,"Black",28.5308848745563,2.18096579884878
63,11,0,"Black",28.4477520889957,2.13215711628514
64,11,0,"Black",28.364822840718,2.09274733866978
65,11,0,"Black",28.2795907394854,2.06333364323323
66,11,0,"Black",28.188162219018,2.04451320720604
67,11,0,"Black",28.0852565369944,2.03688320781875
68,11,0,"Black",27.9644633095901,2.04079213950974
69,11,0,"Black",27.8210753914043,2.05519694164015
70,11,0,"Black",27.6549217553864,2.07857078782702
71,11,0,"Black",27.4705103037836,2.10938636597878
72,11,0,"Black",27.2757659086357,2.14611636400388
73,11,0,"Black",27.080768452271,2.18723346981076
74,11,0,"Black",26.897638103714,2.23121104842699
75,11,0,"Black",26.7400080489446,2.2771968755272
76,11,0,"Black",26.6172245237419,2.326278673075
77,11,0,"Black",26.5285468465282,2.37989084802526
78,11,0,"Black",26.463056925031,2.43946780733286
79,11,0,"Black",26.4044637967238,2.50644395795266
80,11,0,"Black",26.3359081692654,2.58225370683953
81,11,0,"Black",26.2403991969046,2.66830638607921
82,11,0,"Black",26.1008144804792,2.76450683560886
83,11,0,"Black",25.9000615946882,2.86842793253534
84,11,0,"Black",25.622854888076,2.97744195501238
85,11,0,"Black",25.257492283017,3.08892118119372
86,11,0,"Black",24.7960168029875,3.20023788923308
87,11,0,"Black",24.2342165725651,3.3087643572842
88,11,0,"Black",23.5716248174289,3.41250978137736
89,11,0,"Black",22.8115198643598,3.52091730726295
90,11,0,"Black",21.96092514124,3.65332014147867
91,11,0,"Black",21.0306091770532,3.82937759251498
92,11,0,"Black",20.0350856018849,4.06874896886238
93,11,0,"Black",18.9926131469219,4.39109357901135
94,11,0,"Black",17.9251956444527,4.81607073145238
95,11,0,"Black",16.8585820278672,5.36033264756457
96,11,0,"Black",15.8222663316569,6.0166501921923
97,11,0,"Black",14.8494876914149,6.7664058740351
98,11,0,"Black",13.9772303438358,7.59091206564995
99,11,0,"Black",13.2462236267157,8.47148113959384
100,11,0,"Black",12.7009419789523,9.38942546842377
101,11,0,"Black",12.3896049405447,10.3260574246967
21,12,0,"Black",33.8864438715394,8.94579704511469
22,12,0,"Black",33.7880507042642,8.75471971640012
23,12,0,"Black",33.6797495641629,8.56364238768556
24,12,0,"Black",33.5625155155152,8.372565058971
25,12,0,"Black",33.437288162083,8.18148773025644
26,12,0,"Black",33.3049716471101,7.99041040154187
27,12,0,"Black",33.1664346533226,7.79933307282731
28,12,0,"Black",33.0225104029288,7.60825574411275
29,12,0,"Black",32.8739966576191,7.41717841539819
30,12,0,"Black",32.7216557185661,7.22610108668363
31,12,0,"Black",32.5662144264245,7.03502375796906
32,12,0,"Black",32.408364161331,6.8439464292545
33,12,0,"Black",32.2487608429049,6.65286910053994
34,12,0,"Black",32.0880249302472,6.46179177182537
35,12,0,"Black",31.9267414219412,6.27071444311081
36,12,0,"Black",31.7654598560525,6.07963711439625
37,12,0,"Black",31.6046943101286,5.88855978568168
38,12,0,"Black",31.4449234011994,5.69748245696712
39,12,0,"Black",31.2865902857769,5.50640512825256
40,12,0,"Black",31.130102659855,5.315327799538
41,12,0,"Black",30.9758327589102,5.1243206309365
42,12,0,"Black",30.8241173579007,4.9337344230134
43,12,0,"Black",30.6752577712671,4.74399013644708
44,12,0,"Black",30.5295198529322,4.55550873191593
45,12,0,"Black",30.3871339963008,4.36871117009836
46,12,0,"Black",30.2482951342599,4.18401841167275
47,12,0,"Black",30.1131627391787,4.00185298831572
48,12,0,"Black",29.9818608229086,3.82289252254052
49,12,0,"Black",29.854477936783,3.64834956175567
50,12,0,"Black",29.7310671716175,3.47950400991857
51,12,0,"Black",29.61164615771,3.3176357709866
52,12,0,"Black",29.4961970648404,3.16402474891715
53,12,0,"Black",29.3846666022708,3.01995084766762
54,12,0,"Black",29.2769660187454,2.88666720942291
55,12,0,"Black",29.1729711024907,2.76461534198678
56,12,0,"Black",29.0725221812152,2.6532984185153
57,12,0,"Black",28.9754241221096,2.55216734307762
58,12,0,"Black",28.8814463318468,2.46067301974289
59,12,0,"Black",28.7903227565818,2.37826635258029
60,12,0,"Black",28.7017518819518,2.30439824565898
61,12,0,"Black",28.6153967330761,2.23857620913016
62,12,0,"Black",28.5308848745563,2.18096579884878
63,12,0,"Black",28.4477520889957,2.13215711628514
64,12,0,"Black",28.364822840718,2.09274733866978
65,12,0,"Black",28.2795907394854,2.06333364323323
66,12,0,"Black",28.188162219018,2.04451320720604
67,12,0,"Black",28.0852565369944,2.03688320781875
68,12,0,"Black",27.9644633095901,2.04079213950974
69,12,0,"Black",27.8210753914043,2.05519694164015
70,12,0,"Black",27.6549217553864,2.07857078782702
71,12,0,"Black",27.4705103037836,2.10938636597878
72,12,0,"Black",27.2757659086357,2.14611636400388
73,12,0,"Black",27.080768452271,2.18723346981076
74,12,0,"Black",26.897638103714,2.23121104842699
75,12,0,"Black",26.7400080489446,2.2771968755272
76,12,0,"Black",26.6172245237419,2.326278673075
77,12,0,"Black",26.5285468465282,2.37989084802526
78,12,0,"Black",26.463056925031,2.43946780733286
79,12,0,"Black",26.4044637967238,2.50644395795266
80,12,0,"Black",26.3359081692654,2.58225370683953
81,12,0,"Black",26.2403991969046,2.66830638607921
82,12,0,"Black",26.1008144804792,2.76450683560886
83,12,0,"Black",25.9000615946882,2.86842793253534
84,12,0,"Black",25.622854888076,2.97744195501238
85,12,0,"Black",25.257492283017,3.08892118119372
86,12,0,"Black",24.7960168029875,3.20023788923308
87,12,0,"Black",24.2342165725651,3.3087643572842
88,12,0,"Black",23.5716248174289,3.41250978137736
89,12,0,"Black",22.8115198643598,3.52091730726295
90,12,0,"Black",21.96092514124,3.65332014147867
91,12,0,"Black",21.0306091770532,3.82937759251498
92,12,0,"Black",20.0350856018849,4.06874896886238
93,12,0,"Black",18.9926131469219,4.39109357901135
94,12,0,"Black",17.9251956444527,4.81607073145238
95,12,0,"Black",16.8585820278672,5.36033264756457
96,12,0,"Black",15.8222663316569,6.0166501921923
97,12,0,"Black",14.8494876914149,6.7664058740351
98,12,0,"Black",13.9772303438358,7.59091206564995
99,12,0,"Black",13.2462236267157,8.47148113959384
100,12,0,"Black",12.7009419789523,9.38942546842377
101,12,0,"Black",12.3896049405447,10.3260574246967
21,13,0,"Black",31.8845139115815,8.94579704511469
22,13,0,"Black",31.8293589789569,8.75471971640012
23,13,0,"Black",31.7642960735062,8.56364238768556
24,13,0,"Black",31.6903002595092,8.372565058971
25,13,0,"Black",31.6083111407276,8.18148773025644
26,13,0,"Black",31.5192328604053,7.99041040154187
27,13,0,"Black",31.4239341012684,7.79933307282731
28,13,0,"Black",31.3232480855252,7.60825574411275
29,13,0,"Black",31.2179725748662,7.41717841539819
30,13,0,"Black",31.1088698704638,7.22610108668363
31,13,0,"Black",30.9966668129727,7.03502375796906
32,13,0,"Black",30.8820547825299,6.8439464292545
33,13,0,"Black",30.7656896987543,6.65286910053994
34,13,0,"Black",30.6481920207472,6.46179177182537
35,13,0,"Black",30.5301467470919,6.27071444311081
36,13,0,"Black",30.4121034158538,6.07963711439625
37,13,0,"Black",30.2945761045805,5.88855978568168
38,13,0,"Black",30.178043430302,5.69748245696712
39,13,0,"Black",30.06294854953,5.50640512825256
40,13,0,"Black",29.9496991582588,5.315327799538
41,13,0,"Black",29.8386674919645,5.1243206309365
42,13,0,"Black",29.7301903256056,4.9337344230134
43,13,0,"Black",29.6245689736227,4.74399013644708
44,13,0,"Black",29.5220692899384,4.55550873191593
45,13,0,"Black",29.4229216679576,4.36871117009836
46,13,0,"Black",29.3273210405673,4.18401841167275
47,13,0,"Black",29.2354268801367,4.00185298831572
48,13,0,"Black",29.1473631985172,3.82289252254052
49,13,0,"Black",29.0632185470422,3.64834956175567
50,13,0,"Black",28.9830460165274,3.47950400991857
51,13,0,"Black",28.9068632372705,3.3176357709866
52,13,0,"Black",28.8346523790515,3.16402474891715
53,13,0,"Black",28.7663601511325,3.01995084766762
54,13,0,"Black",28.7018978022577,2.88666720942291
55,13,0,"Black",28.6411411206536,2.76461534198678
56,13,0,"Black",28.5839304340287,2.6532984185153
57,13,0,"Black",28.5300706095737,2.55216734307762
58,13,0,"Black",28.4793310539615,2.46067301974289
59,13,0,"Black",28.4314457133472,2.37826635258029
60,13,0,"Black",28.3861130733678,2.30439824565898
61,13,0,"Black",28.3429961591427,2.23857620913016
62,13,0,"Black",28.3017225352735,2.18096579884878
63,13,0,"Black",28.2618279843635,2.13215711628514
64,13,0,"Black",28.2221369707364,2.09274733866978
65,13,0,"Black",28.1801431041544,2.06333364323323
66,13,0,"Black",28.1319528183376,2.04451320720604
67,13,0,"Black",28.0722853709646,2.03688320781875
68,13,0,"Black",27.994730378211,2.04079213950974
69,13,0,"Black",27.8945806946758,2.05519694164015
70,13,0,"Black",27.7716652933085,2.07857078782702
71,13,0,"Black",27.6304920763562,2.10938636597878
72,13,0,"Black",27.4789859158591,2.14611636400388
73,13,0,"Black",27.3272266941449,2.18723346981076
74,13,0,"Black",27.1873345802385,2.23121104842699
75,13,0,"Black",27.0729427601197,2.2771968755272
76,13,0,"Black",26.9933974695676,2.326278673075
77,13,0,"Black",26.9479580270045,2.37989084802526
78,13,0,"Black",26.925706340158,2.43946780733286
79,13,0,"Black",26.9103514465014,2.50644395795266
80,13,0,"Black",26.8850340536936,2.58225370683953
81,13,0,"Black",26.8327633159834,2.66830638607921
82,13,0,"Black",26.7364168342086,2.76450683560886
83,13,0,"Black",26.5789021830682,2.86842793253534
84,13,0,"Black",26.3449337111066,2.97744195501238
85,13,0,"Black",26.0228093406983,3.08892118119372
86,13,0,"Black",25.6045720953194,3.20023788923308
87,13,0,"Black",25.0860100995476,3.3087643572842
88,13,0,"Black",24.466656579062,3.41250978137736
89,13,0,"Black",23.7497898606435,3.52091730726295
90,13,0,"Black",22.9424333721743,3.65332014147867
91,13,0,"Black",22.0553556426381,3.82937759251498
92,13,0,"Black",21.1030703021204,4.06874896886238
93,13,0,"Black",20.103836081808,4.39109357901135
94,13,0,"Black",19.0796568139894,4.81607073145238
95,13,0,"Black",18.0562814320545,5.36033264756457
96,13,0,"Black",17.0632039704949,6.0166501921923
97,13,0,"Black",16.1336635649035,6.7664058740351
98,13,0,"Black",15.304644451975,7.59091206564995
99,13,0,"Black",14.6168759695055,8.47148113959384
100,13,0,"Black",14.1148325563927,9.38942546842377
101,13,0,"Black",13.8467337526357,10.3260574246967
21,14,0,"Black",31.8845139115815,8.94579704511469
22,14,0,"Black",31.8293589789569,8.75471971640012
23,14,0,"Black",31.7642960735062,8.56364238768556
24,14,0,"Black",31.6903002595092,8.372565058971
25,14,0,"Black",31.6083111407276,8.18148773025644
26,14,0,"Black",31.5192328604053,7.99041040154187
27,14,0,"Black",31.4239341012684,7.79933307282731
28,14,0,"Black",31.3232480855252,7.60825574411275
29,14,0,"Black",31.2179725748662,7.41717841539819
30,14,0,"Black",31.1088698704638,7.22610108668363
31,14,0,"Black",30.9966668129727,7.03502375796906
32,14,0,"Black",30.8820547825299,6.8439464292545
33,14,0,"Black",30.7656896987543,6.65286910053994
34,14,0,"Black",30.6481920207472,6.46179177182537
35,14,0,"Black",30.5301467470919,6.27071444311081
36,14,0,"Black",30.4121034158538,6.07963711439625
37,14,0,"Black",30.2945761045805,5.88855978568168
38,14,0,"Black",30.178043430302,5.69748245696712
39,14,0,"Black",30.06294854953,5.50640512825256
40,14,0,"Black",29.9496991582588,5.315327799538
41,14,0,"Black",29.8386674919645,5.1243206309365
42,14,0,"Black",29.7301903256056,4.9337344230134
43,14,0,"Black",29.6245689736227,4.74399013644708
44,14,0,"Black",29.5220692899384,4.55550873191593
45,14,0,"Black",29.4229216679576,4.36871117009836
46,14,0,"Black",29.3273210405673,4.18401841167275
47,14,0,"Black",29.2354268801367,4.00185298831572
48,14,0,"Black",29.1473631985172,3.82289252254052
49,14,0,"Black",29.0632185470422,3.64834956175567
50,14,0,"Black",28.9830460165274,3.47950400991857
51,14,0,"Black",28.9068632372705,3.3176357709866
52,14,0,"Black",28.8346523790515,3.16402474891715
53,14,0,"Black",28.7663601511325,3.01995084766762
54,14,0,"Black",28.7018978022577,2.88666720942291
55,14,0,"Black",28.6411411206536,2.76461534198678
56,14,0,"Black",28.5839304340287,2.6532984185153
57,14,0,"Black",28.5300706095737,2.55216734307762
58,14,0,"Black",28.4793310539615,2.46067301974289
59,14,0,"Black",28.4314457133472,2.37826635258029
60,14,0,"Black",28.3861130733678,2.30439824565898
61,14,0,"Black",28.3429961591427,2.23857620913016
62,14,0,"Black",28.3017225352735,2.18096579884878
63,14,0,"Black",28.2618279843635,2.13215711628514
64,14,0,"Black",28.2221369707364,2.09274733866978
65,14,0,"Black",28.1801431041544,2.06333364323323
66,14,0,"Black",28.1319528183376,2.04451320720604
67,14,0,"Black",28.0722853709646,2.03688320781875
68,14,0,"Black",27.994730378211,2.04079213950974
69,14,0,"Black",27.8945806946758,2.05519694164015
70,14,0,"Black",27.7716652933085,2.07857078782702
71,14,0,"Black",27.6304920763562,2.10938636597878
72,14,0,"Black",27.4789859158591,2.14611636400388
73,14,0,"Black",27.3272266941449,2.18723346981076
74,14,0,"Black",27.1873345802385,2.23121104842699
75,14,0,"Black",27.0729427601197,2.2771968755272
76,14,0,"Black",26.9933974695676,2.326278673075
77,14,0,"Black",26.9479580270045,2.37989084802526
78,14,0,"Black",26.925706340158,2.43946780733286
79,14,0,"Black",26.9103514465014,2.50644395795266
80,14,0,"Black",26.8850340536936,2.58225370683953
81,14,0,"Black",26.8327633159834,2.66830638607921
82,14,0,"Black",26.7364168342086,2.76450683560886
83,14,0,"Black",26.5789021830682,2.86842793253534
84,14,0,"Black",26.3449337111066,2.97744195501238
85,14,0,"Black",26.0228093406983,3.08892118119372
86,14,0,"Black",25.6045720953194,3.20023788923308
87,14,0,"Black",25.0860100995476,3.3087643572842
88,14,0,"Black",24.466656579062,3.41250978137736
89,14,0,"Black",23.7497898606435,3.52091730726295
90,14,0,"Black",22.9424333721743,3.65332014147867
91,14,0,"Black",22.0553556426381,3.82937759251498
92,14,0,"Black",21.1030703021204,4.06874896886238
93,14,0,"Black",20.103836081808,4.39109357901135
94,14,0,"Black",19.0796568139894,4.81607073145238
95,14,0,"Black",18.0562814320545,5.36033264756457
96,14,0,"Black",17.0632039704949,6.0166501921923
97,14,0,"Black",16.1336635649035,6.7664058740351
98,14,0,"Black",15.304644451975,7.59091206564995
99,14,0,"Black",14.6168759695055,8.47148113959384
100,14,0,"Black",14.1148325563927,9.38942546842377
101,14,0,"Black",13.8467337526357,10.3260574246967
21,15,0,"Black",31.8845139115815,8.94579704511469
22,15,0,"Black",31.8293589789569,8.75471971640012
23,15,0,"Black",31.7642960735062,8.56364238768556
24,15,0,"Black",31.6903002595092,8.372565058971
25,15,0,"Black",31.6083111407276,8.18148773025644
26,15,0,"Black",31.5192328604053,7.99041040154187
27,15,0,"Black",31.4239341012684,7.79933307282731
28,15,0,"Black",31.3232480855252,7.60825574411275
29,15,0,"Black",31.2179725748662,7.41717841539819
30,15,0,"Black",31.1088698704638,7.22610108668363
31,15,0,"Black",30.9966668129727,7.03502375796906
32,15,0,"Black",30.8820547825299,6.8439464292545
33,15,0,"Black",30.7656896987543,6.65286910053994
34,15,0,"Black",30.6481920207472,6.46179177182537
35,15,0,"Black",30.5301467470919,6.27071444311081
36,15,0,"Black",30.4121034158538,6.07963711439625
37,15,0,"Black",30.2945761045805,5.88855978568168
38,15,0,"Black",30.178043430302,5.69748245696712
39,15,0,"Black",30.06294854953,5.50640512825256
40,15,0,"Black",29.9496991582588,5.315327799538
41,15,0,"Black",29.8386674919645,5.1243206309365
42,15,0,"Black",29.7301903256056,4.9337344230134
43,15,0,"Black",29.6245689736227,4.74399013644708
44,15,0,"Black",29.5220692899384,4.55550873191593
45,15,0,"Black",29.4229216679576,4.36871117009836
46,15,0,"Black",29.3273210405673,4.18401841167275
47,15,0,"Black",29.2354268801367,4.00185298831572
48,15,0,"Black",29.1473631985172,3.82289252254052
49,15,0,"Black",29.0632185470422,3.64834956175567
50,15,0,"Black",28.9830460165274,3.47950400991857
51,15,0,"Black",28.9068632372705,3.3176357709866
52,15,0,"Black",28.8346523790515,3.16402474891715
53,15,0,"Black",28.7663601511325,3.01995084766762
54,15,0,"Black",28.7018978022577,2.88666720942291
55,15,0,"Black",28.6411411206536,2.76461534198678
56,15,0,"Black",28.5839304340287,2.6532984185153
57,15,0,"Black",28.5300706095737,2.55216734307762
58,15,0,"Black",28.4793310539615,2.46067301974289
59,15,0,"Black",28.4314457133472,2.37826635258029
60,15,0,"Black",28.3861130733678,2.30439824565898
61,15,0,"Black",28.3429961591427,2.23857620913016
62,15,0,"Black",28.3017225352735,2.18096579884878
63,15,0,"Black",28.2618279843635,2.13215711628514
64,15,0,"Black",28.2221369707364,2.09274733866978
65,15,0,"Black",28.1801431041544,2.06333364323323
66,15,0,"Black",28.1319528183376,2.04451320720604
67,15,0,"Black",28.0722853709646,2.03688320781875
68,15,0,"Black",27.994730378211,2.04079213950974
69,15,0,"Black",27.8945806946758,2.05519694164015
70,15,0,"Black",27.7716652933085,2.07857078782702
71,15,0,"Black",27.6304920763562,2.10938636597878
72,15,0,"Black",27.4789859158591,2.14611636400388
73,15,0,"Black",27.3272266941449,2.18723346981076
74,15,0,"Black",27.1873345802385,2.23121104842699
75,15,0,"Black",27.0729427601197,2.2771968755272
76,15,0,"Black",26.9933974695676,2.326278673075
77,15,0,"Black",26.9479580270045,2.37989084802526
78,15,0,"Black",26.925706340158,2.43946780733286
79,15,0,"Black",26.9103514465014,2.50644395795266
80,15,0,"Black",26.8850340536936,2.58225370683953
81,15,0,"Black",26.8327633159834,2.66830638607921
82,15,0,"Black",26.7364168342086,2.76450683560886
83,15,0,"Black",26.5789021830682,2.86842793253534
84,15,0,"Black",26.3449337111066,2.97744195501238
85,15,0,"Black",26.0228093406983,3.08892118119372
86,15,0,"Black",25.6045720953194,3.20023788923308
87,15,0,"Black",25.0860100995476,3.3087643572842
88,15,0,"Black",24.466656579062,3.41250978137736
89,15,0,"Black",23.7497898606435,3.52091730726295
90,15,0,"Black",22.9424333721743,3.65332014147867
91,15,0,"Black",22.0553556426381,3.82937759251498
92,15,0,"Black",21.1030703021204,4.06874896886238
93,15,0,"Black",20.103836081808,4.39109357901135
94,15,0,"Black",19.0796568139894,4.81607073145238
95,15,0,"Black",18.0562814320545,5.36033264756457
96,15,0,"Black",17.0632039704949,6.0166501921923
97,15,0,"Black",16.1336635649035,6.7664058740351
98,15,0,"Black",15.304644451975,7.59091206564995
99,15,0,"Black",14.6168759695055,8.47148113959384
100,15,0,"Black",14.1148325563927,9.38942546842377
101,15,0,"Black",13.8467337526357,10.3260574246967
21,16,0,"Black",31.8845139115815,8.94579704511469
22,16,0,"Black",31.8293589789569,8.75471971640012
23,16,0,"Black",31.7642960735062,8.56364238768556
24,16,0,"Black",31.6903002595092,8.372565058971
25,16,0,"Black",31.6083111407276,8.18148773025644
26,16,0,"Black",31.5192328604053,7.99041040154187
27,16,0,"Black",31.4239341012684,7.79933307282731
28,16,0,"Black",31.3232480855252,7.60825574411275
29,16,0,"Black",31.2179725748662,7.41717841539819
30,16,0,"Black",31.1088698704638,7.22610108668363
31,16,0,"Black",30.9966668129727,7.03502375796906
32,16,0,"Black",30.8820547825299,6.8439464292545
33,16,0,"Black",30.7656896987543,6.65286910053994
34,16,0,"Black",30.6481920207472,6.46179177182537
35,16,0,"Black",30.5301467470919,6.27071444311081
36,16,0,"Black",30.4121034158538,6.07963711439625
37,16,0,"Black",30.2945761045805,5.88855978568168
38,16,0,"Black",30.178043430302,5.69748245696712
39,16,0,"Black",30.06294854953,5.50640512825256
40,16,0,"Black",29.9496991582588,5.315327799538
41,16,0,"Black",29.8386674919645,5.1243206309365
42,16,0,"Black",29.7301903256056,4.9337344230134
43,16,0,"Black",29.6245689736227,4.74399013644708
44,16,0,"Black",29.5220692899384,4.55550873191593
45,16,0,"Black",29.4229216679576,4.36871117009836
46,16,0,"Black",29.3273210405673,4.18401841167275
47,16,0,"Black",29.2354268801367,4.00185298831572
48,16,0,"Black",29.1473631985172,3.82289252254052
49,16,0,"Black",29.0632185470422,3.64834956175567
50,16,0,"Black",28.9830460165274,3.47950400991857
51,16,0,"Black",28.9068632372705,3.3176357709866
52,16,0,"Black",28.8346523790515,3.16402474891715
53,16,0,"Black",28.7663601511325,3.01995084766762
54,16,0,"Black",28.7018978022577,2.88666720942291
55,16,0,"Black",28.6411411206536,2.76461534198678
56,16,0,"Black",28.5839304340287,2.6532984185153
57,16,0,"Black",28.5300706095737,2.55216734307762
58,16,0,"Black",28.4793310539615,2.46067301974289
59,16,0,"Black",28.4314457133472,2.37826635258029
60,16,0,"Black",28.3861130733678,2.30439824565898
61,16,0,"Black",28.3429961591427,2.23857620913016
62,16,0,"Black",28.3017225352735,2.18096579884878
63,16,0,"Black",28.2618279843635,2.13215711628514
64,16,0,"Black",28.2221369707364,2.09274733866978
65,16,0,"Black",28.1801431041544,2.06333364323323
66,16,0,"Black",28.1319528183376,2.04451320720604
67,16,0,"Black",28.0722853709646,2.03688320781875
68,16,0,"Black",27.994730378211,2.04079213950974
69,16,0,"Black",27.8945806946758,2.05519694164015
70,16,0,"Black",27.7716652933085,2.07857078782702
71,16,0,"Black",27.6304920763562,2.10938636597878
72,16,0,"Black",27.4789859158591,2.14611636400388
73,16,0,"Black",27.3272266941449,2.18723346981076
74,16,0,"Black",27.1873345802385,2.23121104842699
75,16,0,"Black",27.0729427601197,2.2771968755272
76,16,0,"Black",26.9933974695676,2.326278673075
77,16,0,"Black",26.9479580270045,2.37989084802526
78,16,0,"Black",26.925706340158,2.43946780733286
79,16,0,"Black",26.9103514465014,2.50644395795266
80,16,0,"Black",26.8850340536936,2.58225370683953
81,16,0,"Black",26.8327633159834,2.66830638607921
82,16,0,"Black",26.7364168342086,2.76450683560886
83,16,0,"Black",26.5789021830682,2.86842793253534
84,16,0,"Black",26.3449337111066,2.97744195501238
85,16,0,"Black",26.0228093406983,3.08892118119372
86,16,0,"Black",25.6045720953194,3.20023788923308
87,16,0,"Black",25.0860100995476,3.3087643572842
88,16,0,"Black",24.466656579062,3.41250978137736
89,16,0,"Black",23.7497898606435,3.52091730726295
90,16,0,"Black",22.9424333721743,3.65332014147867
91,16,0,"Black",22.0553556426381,3.82937759251498
92,16,0,"Black",21.1030703021204,4.06874896886238
93,16,0,"Black",20.103836081808,4.39109357901135
94,16,0,"Black",19.0796568139894,4.81607073145238
95,16,0,"Black",18.0562814320545,5.36033264756457
96,16,0,"Black",17.0632039704949,6.0166501921923
97,16,0,"Black",16.1336635649035,6.7664058740351
98,16,0,"Black",15.304644451975,7.59091206564995
99,16,0,"Black",14.6168759695055,8.47148113959384
100,16,0,"Black",14.1148325563927,9.38942546842377
101,16,0,"Black",13.8467337526357,10.3260574246967
21,17,0,"Black",31.0407673349903,8.94579704511469
22,17,0,"Black",31.0169772389523,8.75471971640012
23,17,0,"Black",30.9832791700882,8.56364238768556
24,17,0,"Black",30.9406481926777,8.372565058971
25,17,0,"Black",30.8900239104826,8.18148773025644
26,17,0,"Black",30.8323104667469,7.99041040154187
27,17,0,"Black",30.7683765441966,7.79933307282731
28,17,0,"Black",30.6990553650399,7.60825574411275
29,17,0,"Black",30.6251446909674,7.41717841539819
30,17,0,"Black",30.5474068231516,7.22610108668363
31,17,0,"Black",30.4665686022471,7.03502375796906
32,17,0,"Black",30.3833214083908,6.8439464292545
33,17,0,"Black",30.2983211612018,6.65286910053994
34,17,0,"Black",30.2121883197813,6.46179177182537
35,17,0,"Black",30.1255078827125,6.27071444311081
36,17,0,"Black",30.0388293880609,6.07963711439625
37,17,0,"Black",29.9526669133742,5.88855978568168
38,17,0,"Black",29.8674990756822,5.69748245696712
39,17,0,"Black",29.7837690314969,5.50640512825256
40,17,0,"Black",29.7018844768122,5.315327799538
41,17,0,"Black",29.6222176471045,5.1243206309365
42,17,0,"Black",29.5451053173321,4.9337344230134
43,17,0,"Black",29.4708488019357,4.74399013644708
44,17,0,"Black",29.399713954838,4.55550873191593
45,17,0,"Black",29.3319311694437,4.36871117009836
46,17,0,"Black",29.26769537864,4.18401841167275
47,17,0,"Black",29.207166054796,4.00185298831572
48,17,0,"Black",29.1504672097631,3.82289252254052
49,17,0,"Black",29.0976873948746,3.64834956175567
50,17,0,"Black",29.0488797009463,3.47950400991857
51,17,0,"Black",29.004061758276,3.3176357709866
52,17,0,"Black",28.9632157366436,3.16402474891715
53,17,0,"Black",28.9262883453111,3.01995084766762
54,17,0,"Black",28.8931908330229,2.88666720942291
55,17,0,"Black",28.8637989880053,2.76461534198678
56,17,0,"Black",28.837953137967,2.6532984185153
57,17,0,"Black",28.8154581500986,2.55216734307762
58,17,0,"Black",28.796083431073,2.46067301974289
59,17,0,"Black",28.7795629270452,2.37826635258029
60,17,0,"Black",28.7655951236523,2.30439824565898
61,17,0,"Black",28.7538430460138,2.23857620913016
62,17,0,"Black",28.7439342587311,2.18096579884878
63,17,0,"Black",28.7354045444077,2.13215711628514
64,17,0,"Black",28.7270783673672,2.09274733866978
65,17,0,"Black",28.7164493373717,2.06333364323323
66,17,0,"Black",28.6996238881415,2.04451320720604
67,17,0,"Black",28.6713212773551,2.03688320781875
68,17,0,"Black",28.625131121188,2.04079213950974
69,17,0,"Black",28.5563462742393,2.05519694164015
70,17,0,"Black",28.4647957094586,2.07857078782702
71,17,0,"Black",28.3549873290929,2.10938636597878
72,17,0,"Black",28.2348460051823,2.14611636400388
73,17,0,"Black",28.1144516200547,2.18723346981076
74,17,0,"Black",28.0059243427348,2.23121104842699
75,17,0,"Black",27.9228973592026,2.2771968755272
76,17,0,"Black",27.8747169052371,2.326278673075
77,17,0,"Black",27.8606422992605,2.37989084802526
78,17,0,"Black",27.8697554490006,2.43946780733286
79,17,0,"Black",27.8857653919305,2.50644395795266
80,17,0,"Black",27.8918128357093,2.58225370683953
81,17,0,"Black",27.8709069345856,2.66830638607921
82,17,0,"Black",27.8059252893974,2.76450683560886
83,17,0,"Black",27.6797754748436,2.86842793253534
84,17,0,"Black",27.4771718394685,2.97744195501238
85,17,0,"Black",27.1864123056467,3.08892118119372
86,17,0,"Black",26.7995398968544,3.20023788923308
87,17,0,"Black",26.3123427376691,3.3087643572842
88,17,0,"Black",25.7243540537702,3.41250978137736
89,17,0,"Black",25.0388521719382,3.52091730726295
90,17,0,"Black",24.2628605200555,3.65332014147867
91,17,0,"Black",23.4071476271059,3.82937759251498
92,17,0,"Black",22.4862271231748,4.06874896886238
93,17,0,"Black",21.518357739449,4.39109357901135
94,17,0,"Black",20.5255433082169,4.81607073145238
95,17,0,"Black",19.5335327628686,5.36033264756457
96,17,0,"Black",18.5718201378955,6.0166501921923
97,17,0,"Black",17.6736445688907,6.7664058740351
98,17,0,"Black",16.8759902925487,7.59091206564995
99,17,0,"Black",16.2195866466658,8.47148113959384
100,17,0,"Black",15.7489080701395,9.38942546842377
101,17,0,"Black",15.5121741029691,10.3260574246967
21,18,0,"Black",31.0407673349903,8.94579704511469
22,18,0,"Black",31.0169772389523,8.75471971640012
23,18,0,"Black",30.9832791700882,8.56364238768556
24,18,0,"Black",30.9406481926777,8.372565058971
25,18,0,"Black",30.8900239104826,8.18148773025644
26,18,0,"Black",30.8323104667469,7.99041040154187
27,18,0,"Black",30.7683765441966,7.79933307282731
28,18,0,"Black",30.6990553650399,7.60825574411275
29,18,0,"Black",30.6251446909674,7.41717841539819
30,18,0,"Black",30.5474068231516,7.22610108668363
31,18,0,"Black",30.4665686022471,7.03502375796906
32,18,0,"Black",30.3833214083908,6.8439464292545
33,18,0,"Black",30.2983211612018,6.65286910053994
34,18,0,"Black",30.2121883197813,6.46179177182537
35,18,0,"Black",30.1255078827125,6.27071444311081
36,18,0,"Black",30.0388293880609,6.07963711439625
37,18,0,"Black",29.9526669133742,5.88855978568168
38,18,0,"Black",29.8674990756822,5.69748245696712
39,18,0,"Black",29.7837690314969,5.50640512825256
40,18,0,"Black",29.7018844768122,5.315327799538
41,18,0,"Black",29.6222176471045,5.1243206309365
42,18,0,"Black",29.5451053173321,4.9337344230134
43,18,0,"Black",29.4708488019357,4.74399013644708
44,18,0,"Black",29.399713954838,4.55550873191593
45,18,0,"Black",29.3319311694437,4.36871117009836
46,18,0,"Black",29.26769537864,4.18401841167275
47,18,0,"Black",29.207166054796,4.00185298831572
48,18,0,"Black",29.1504672097631,3.82289252254052
49,18,0,"Black",29.0976873948746,3.64834956175567
50,18,0,"Black",29.0488797009463,3.47950400991857
51,18,0,"Black",29.004061758276,3.3176357709866
52,18,0,"Black",28.9632157366436,3.16402474891715
53,18,0,"Black",28.9262883453111,3.01995084766762
54,18,0,"Black",28.8931908330229,2.88666720942291
55,18,0,"Black",28.8637989880053,2.76461534198678
56,18,0,"Black",28.837953137967,2.6532984185153
57,18,0,"Black",28.8154581500986,2.55216734307762
58,18,0,"Black",28.796083431073,2.46067301974289
59,18,0,"Black",28.7795629270452,2.37826635258029
60,18,0,"Black",28.7655951236523,2.30439824565898
61,18,0,"Black",28.7538430460138,2.23857620913016
62,18,0,"Black",28.7439342587311,2.18096579884878
63,18,0,"Black",28.7354045444077,2.13215711628514
64,18,0,"Black",28.7270783673672,2.09274733866978
65,18,0,"Black",28.7164493373717,2.06333364323323
66,18,0,"Black",28.6996238881415,2.04451320720604
67,18,0,"Black",28.6713212773551,2.03688320781875
68,18,0,"Black",28.625131121188,2.04079213950974
69,18,0,"Black",28.5563462742393,2.05519694164015
70,18,0,"Black",28.4647957094586,2.07857078782702
71,18,0,"Black",28.3549873290929,2.10938636597878
72,18,0,"Black",28.2348460051823,2.14611636400388
73,18,0,"Black",28.1144516200547,2.18723346981076
74,18,0,"Black",28.0059243427348,2.23121104842699
75,18,0,"Black",27.9228973592026,2.2771968755272
76,18,0,"Black",27.8747169052371,2.326278673075
77,18,0,"Black",27.8606422992605,2.37989084802526
78,18,0,"Black",27.8697554490006,2.43946780733286
79,18,0,"Black",27.8857653919305,2.50644395795266
80,18,0,"Black",27.8918128357093,2.58225370683953
81,18,0,"Black",27.8709069345856,2.66830638607921
82,18,0,"Black",27.8059252893974,2.76450683560886
83,18,0,"Black",27.6797754748436,2.86842793253534
84,18,0,"Black",27.4771718394685,2.97744195501238
85,18,0,"Black",27.1864123056467,3.08892118119372
86,18,0,"Black",26.7995398968544,3.20023788923308
87,18,0,"Black",26.3123427376691,3.3087643572842
88,18,0,"Black",25.7243540537702,3.41250978137736
89,18,0,"Black",25.0388521719382,3.52091730726295
90,18,0,"Black",24.2628605200555,3.65332014147867
91,18,0,"Black",23.4071476271059,3.82937759251498
92,18,0,"Black",22.4862271231748,4.06874896886238
93,18,0,"Black",21.518357739449,4.39109357901135
94,18,0,"Black",20.5255433082169,4.81607073145238
95,18,0,"Black",19.5335327628686,5.36033264756457
96,18,0,"Black",18.5718201378955,6.0166501921923
97,18,0,"Black",17.6736445688907,6.7664058740351
98,18,0,"Black",16.8759902925487,7.59091206564995
99,18,0,"Black",16.2195866466658,8.47148113959384
100,18,0,"Black",15.7489080701395,9.38942546842377
101,18,0,"Black",15.5121741029691,10.3260574246967
21,19,0,"Black",31.0407673349903,8.94579704511469
22,19,0,"Black",31.0169772389523,8.75471971640012
23,19,0,"Black",30.9832791700882,8.56364238768556
24,19,0,"Black",30.9406481926777,8.372565058971
25,19,0,"Black",30.8900239104826,8.18148773025644
26,19,0,"Black",30.8323104667469,7.99041040154187
27,19,0,"Black",30.7683765441966,7.79933307282731
28,19,0,"Black",30.6990553650399,7.60825574411275
29,19,0,"Black",30.6251446909674,7.41717841539819
30,19,0,"Black",30.5474068231516,7.22610108668363
31,19,0,"Black",30.4665686022471,7.03502375796906
32,19,0,"Black",30.3833214083908,6.8439464292545
33,19,0,"Black",30.2983211612018,6.65286910053994
34,19,0,"Black",30.2121883197813,6.46179177182537
35,19,0,"Black",30.1255078827125,6.27071444311081
36,19,0,"Black",30.0388293880609,6.07963711439625
37,19,0,"Black",29.9526669133742,5.88855978568168
38,19,0,"Black",29.8674990756822,5.69748245696712
39,19,0,"Black",29.7837690314969,5.50640512825256
40,19,0,"Black",29.7018844768122,5.315327799538
41,19,0,"Black",29.6222176471045,5.1243206309365
42,19,0,"Black",29.5451053173321,4.9337344230134
43,19,0,"Black",29.4708488019357,4.74399013644708
44,19,0,"Black",29.399713954838,4.55550873191593
45,19,0,"Black",29.3319311694437,4.36871117009836
46,19,0,"Black",29.26769537864,4.18401841167275
47,19,0,"Black",29.207166054796,4.00185298831572
48,19,0,"Black",29.1504672097631,3.82289252254052
49,19,0,"Black",29.0976873948746,3.64834956175567
50,19,0,"Black",29.0488797009463,3.47950400991857
51,19,0,"Black",29.004061758276,3.3176357709866
52,19,0,"Black",28.9632157366436,3.16402474891715
53,19,0,"Black",28.9262883453111,3.01995084766762
54,19,0,"Black",28.8931908330229,2.88666720942291
55,19,0,"Black",28.8637989880053,2.76461534198678
56,19,0,"Black",28.837953137967,2.6532984185153
57,19,0,"Black",28.8154581500986,2.55216734307762
58,19,0,"Black",28.796083431073,2.46067301974289
59,19,0,"Black",28.7795629270452,2.37826635258029
60,19,0,"Black",28.7655951236523,2.30439824565898
61,19,0,"Black",28.7538430460138,2.23857620913016
62,19,0,"Black",28.7439342587311,2.18096579884878
63,19,0,"Black",28.7354045444077,2.13215711628514
64,19,0,"Black",28.7270783673672,2.09274733866978
65,19,0,"Black",28.7164493373717,2.06333364323323
66,19,0,"Black",28.6996238881415,2.04451320720604
67,19,0,"Black",28.6713212773551,2.03688320781875
68,19,0,"Black",28.625131121188,2.04079213950974
69,19,0,"Black",28.5563462742393,2.05519694164015
70,19,0,"Black",28.4647957094586,2.07857078782702
71,19,0,"Black",28.3549873290929,2.10938636597878
72,19,0,"Black",28.2348460051823,2.14611636400388
73,19,0,"Black",28.1144516200547,2.18723346981076
74,19,0,"Black",28.0059243427348,2.23121104842699
75,19,0,"Black",27.9228973592026,2.2771968755272
76,19,0,"Black",27.8747169052371,2.326278673075
77,19,0,"Black",27.8606422992605,2.37989084802526
78,19,0,"Black",27.8697554490006,2.43946780733286
79,19,0,"Black",27.8857653919305,2.50644395795266
80,19,0,"Black",27.8918128357093,2.58225370683953
81,19,0,"Black",27.8709069345856,2.66830638607921
82,19,0,"Black",27.8059252893974,2.76450683560886
83,19,0,"Black",27.6797754748436,2.86842793253534
84,19,0,"Black",27.4771718394685,2.97744195501238
85,19,0,"Black",27.1864123056467,3.08892118119372
86,19,0,"Black",26.7995398968544,3.20023788923308
87,19,0,"Black",26.3123427376691,3.3087643572842
88,19,0,"Black",25.7243540537702,3.41250978137736
89,19,0,"Black",25.0388521719382,3.52091730726295
90,19,0,"Black",24.2628605200555,3.65332014147867
91,19,0,"Black",23.4071476271059,3.82937759251498
92,19,0,"Black",22.4862271231748,4.06874896886238
93,19,0,"Black",21.518357739449,4.39109357901135
94,19,0,"Black",20.5255433082169,4.81607073145238
95,19,0,"Black",19.5335327628686,5.36033264756457
96,19,0,"Black",18.5718201378955,6.0166501921923
97,19,0,"Black",17.6736445688907,6.7664058740351
98,19,0,"Black",16.8759902925487,7.59091206564995
99,19,0,"Black",16.2195866466658,8.47148113959384
100,19,0,"Black",15.7489080701395,9.38942546842377
101,19,0,"Black",15.5121741029691,10.3260574246967
21,20,0,"Black",31.0407673349903,8.94579704511469
22,20,0,"Black",31.0169772389523,8.75471971640012
23,20,0,"Black",30.9832791700882,8.56364238768556
24,20,0,"Black",30.9406481926777,8.372565058971
25,20,0,"Black",30.8900239104826,8.18148773025644
26,20,0,"Black",30.8323104667469,7.99041040154187
27,20,0,"Black",30.7683765441966,7.79933307282731
28,20,0,"Black",30.6990553650399,7.60825574411275
29,20,0,"Black",30.6251446909674,7.41717841539819
30,20,0,"Black",30.5474068231516,7.22610108668363
31,20,0,"Black",30.4665686022471,7.03502375796906
32,20,0,"Black",30.3833214083908,6.8439464292545
33,20,0,"Black",30.2983211612018,6.65286910053994
34,20,0,"Black",30.2121883197813,6.46179177182537
35,20,0,"Black",30.1255078827125,6.27071444311081
36,20,0,"Black",30.0388293880609,6.07963711439625
37,20,0,"Black",29.9526669133742,5.88855978568168
38,20,0,"Black",29.8674990756822,5.69748245696712
39,20,0,"Black",29.7837690314969,5.50640512825256
40,20,0,"Black",29.7018844768122,5.315327799538
41,20,0,"Black",29.6222176471045,5.1243206309365
42,20,0,"Black",29.5451053173321,4.9337344230134
43,20,0,"Black",29.4708488019357,4.74399013644708
44,20,0,"Black",29.399713954838,4.55550873191593
45,20,0,"Black",29.3319311694437,4.36871117009836
46,20,0,"Black",29.26769537864,4.18401841167275
47,20,0,"Black",29.207166054796,4.00185298831572
48,20,0,"Black",29.1504672097631,3.82289252254052
49,20,0,"Black",29.0976873948746,3.64834956175567
50,20,0,"Black",29.0488797009463,3.47950400991857
51,20,0,"Black",29.004061758276,3.3176357709866
52,20,0,"Black",28.9632157366436,3.16402474891715
53,20,0,"Black",28.9262883453111,3.01995084766762
54,20,0,"Black",28.8931908330229,2.88666720942291
55,20,0,"Black",28.8637989880053,2.76461534198678
56,20,0,"Black",28.837953137967,2.6532984185153
57,20,0,"Black",28.8154581500986,2.55216734307762
58,20,0,"Black",28.796083431073,2.46067301974289
59,20,0,"Black",28.7795629270452,2.37826635258029
60,20,0,"Black",28.7655951236523,2.30439824565898
61,20,0,"Black",28.7538430460138,2.23857620913016
62,20,0,"Black",28.7439342587311,2.18096579884878
63,20,0,"Black",28.7354045444077,2.13215711628514
64,20,0,"Black",28.7270783673672,2.09274733866978
65,20,0,"Black",28.7164493373717,2.06333364323323
66,20,0,"Black",28.6996238881415,2.04451320720604
67,20,0,"Black",28.6713212773551,2.03688320781875
68,20,0,"Black",28.625131121188,2.04079213950974
69,20,0,"Black",28.5563462742393,2.05519694164015
70,20,0,"Black",28.4647957094586,2.07857078782702
71,20,0,"Black",28.3549873290929,2.10938636597878
72,20,0,"Black",28.2348460051823,2.14611636400388
73,20,0,"Black",28.1144516200547,2.18723346981076
74,20,0,"Black",28.0059243427348,2.23121104842699
75,20,0,"Black",27.9228973592026,2.2771968755272
76,20,0,"Black",27.8747169052371,2.326278673075
77,20,0,"Black",27.8606422992605,2.37989084802526
78,20,0,"Black",27.8697554490006,2.43946780733286
79,20,0,"Black",27.8857653919305,2.50644395795266
80,20,0,"Black",27.8918128357093,2.58225370683953
81,20,0,"Black",27.8709069345856,2.66830638607921
82,20,0,"Black",27.8059252893974,2.76450683560886
83,20,0,"Black",27.6797754748436,2.86842793253534
84,20,0,"Black",27.4771718394685,2.97744195501238
85,20,0,"Black",27.1864123056467,3.08892118119372
86,20,0,"Black",26.7995398968544,3.20023788923308
87,20,0,"Black",26.3123427376691,3.3087643572842
88,20,0,"Black",25.7243540537702,3.41250978137736
89,20,0,"Black",25.0388521719382,3.52091730726295
90,20,0,"Black",24.2628605200555,3.65332014147867
91,20,0,"Black",23.4071476271059,3.82937759251498
92,20,0,"Black",22.4862271231748,4.06874896886238
93,20,0,"Black",21.518357739449,4.39109357901135
94,20,0,"Black",20.5255433082169,4.81607073145238
95,20,0,"Black",19.5335327628686,5.36033264756457
96,20,0,"Black",18.5718201378955,6.0166501921923
97,20,0,"Black",17.6736445688907,6.7664058740351
98,20,0,"Black",16.8759902925487,7.59091206564995
99,20,0,"Black",16.2195866466658,8.47148113959384
100,20,0,"Black",15.7489080701395,9.38942546842377
101,20,0,"Black",15.5121741029691,10.3260574246967
21,21,0,"Black",31.0407673349903,8.94579704511469
22,21,0,"Black",31.0169772389523,8.75471971640012
23,21,0,"Black",30.9832791700882,8.56364238768556
24,21,0,"Black",30.9406481926777,8.372565058971
25,21,0,"Black",30.8900239104826,8.18148773025644
26,21,0,"Black",30.8323104667469,7.99041040154187
27,21,0,"Black",30.7683765441966,7.79933307282731
28,21,0,"Black",30.6990553650399,7.60825574411275
29,21,0,"Black",30.6251446909674,7.41717841539819
30,21,0,"Black",30.5474068231516,7.22610108668363
31,21,0,"Black",30.4665686022471,7.03502375796906
32,21,0,"Black",30.3833214083908,6.8439464292545
33,21,0,"Black",30.2983211612018,6.65286910053994
34,21,0,"Black",30.2121883197813,6.46179177182537
35,21,0,"Black",30.1255078827125,6.27071444311081
36,21,0,"Black",30.0388293880609,6.07963711439625
37,21,0,"Black",29.9526669133742,5.88855978568168
38,21,0,"Black",29.8674990756822,5.69748245696712
39,21,0,"Black",29.7837690314969,5.50640512825256
40,21,0,"Black",29.7018844768122,5.315327799538
41,21,0,"Black",29.6222176471045,5.1243206309365
42,21,0,"Black",29.5451053173321,4.9337344230134
43,21,0,"Black",29.4708488019357,4.74399013644708
44,21,0,"Black",29.399713954838,4.55550873191593
45,21,0,"Black",29.3319311694437,4.36871117009836
46,21,0,"Black",29.26769537864,4.18401841167275
47,21,0,"Black",29.207166054796,4.00185298831572
48,21,0,"Black",29.1504672097631,3.82289252254052
49,21,0,"Black",29.0976873948746,3.64834956175567
50,21,0,"Black",29.0488797009463,3.47950400991857
51,21,0,"Black",29.004061758276,3.3176357709866
52,21,0,"Black",28.9632157366436,3.16402474891715
53,21,0,"Black",28.9262883453111,3.01995084766762
54,21,0,"Black",28.8931908330229,2.88666720942291
55,21,0,"Black",28.8637989880053,2.76461534198678
56,21,0,"Black",28.837953137967,2.6532984185153
57,21,0,"Black",28.8154581500986,2.55216734307762
58,21,0,"Black",28.796083431073,2.46067301974289
59,21,0,"Black",28.7795629270452,2.37826635258029
60,21,0,"Black",28.7655951236523,2.30439824565898
61,21,0,"Black",28.7538430460138,2.23857620913016
62,21,0,"Black",28.7439342587311,2.18096579884878
63,21,0,"Black",28.7354045444077,2.13215711628514
64,21,0,"Black",28.7270783673672,2.09274733866978
65,21,0,"Black",28.7164493373717,2.06333364323323
66,21,0,"Black",28.6996238881415,2.04451320720604
67,21,0,"Black",28.6713212773551,2.03688320781875
68,21,0,"Black",28.625131121188,2.04079213950974
69,21,0,"Black",28.5563462742393,2.05519694164015
70,21,0,"Black",28.4647957094586,2.07857078782702
71,21,0,"Black",28.3549873290929,2.10938636597878
72,21,0,"Black",28.2348460051823,2.14611636400388
73,21,0,"Black",28.1144516200547,2.18723346981076
74,21,0,"Black",28.0059243427348,2.23121104842699
75,21,0,"Black",27.9228973592026,2.2771968755272
76,21,0,"Black",27.8747169052371,2.326278673075
77,21,0,"Black",27.8606422992605,2.37989084802526
78,21,0,"Black",27.8697554490006,2.43946780733286
79,21,0,"Black",27.8857653919305,2.50644395795266
80,21,0,"Black",27.8918128357093,2.58225370683953
81,21,0,"Black",27.8709069345856,2.66830638607921
82,21,0,"Black",27.8059252893974,2.76450683560886
83,21,0,"Black",27.6797754748436,2.86842793253534
84,21,0,"Black",27.4771718394685,2.97744195501238
85,21,0,"Black",27.1864123056467,3.08892118119372
86,21,0,"Black",26.7995398968544,3.20023788923308
87,21,0,"Black",26.3123427376691,3.3087643572842
88,21,0,"Black",25.7243540537702,3.41250978137736
89,21,0,"Black",25.0388521719382,3.52091730726295
90,21,0,"Black",24.2628605200555,3.65332014147867
91,21,0,"Black",23.4071476271059,3.82937759251498
92,21,0,"Black",22.4862271231748,4.06874896886238
93,21,0,"Black",21.518357739449,4.39109357901135
94,21,0,"Black",20.5255433082169,4.81607073145238
95,21,0,"Black",19.5335327628686,5.36033264756457
96,21,0,"Black",18.5718201378955,6.0166501921923
97,21,0,"Black",17.6736445688907,6.7664058740351
98,21,0,"Black",16.8759902925487,7.59091206564995
99,21,0,"Black",16.2195866466658,8.47148113959384
100,21,0,"Black",15.7489080701395,9.38942546842377
101,21,0,"Black",15.5121741029691,10.3260574246967
21,22,0,"Black",31.0407673349903,8.94579704511469
22,22,0,"Black",31.0169772389523,8.75471971640012
23,22,0,"Black",30.9832791700882,8.56364238768556
24,22,0,"Black",30.9406481926777,8.372565058971
25,22,0,"Black",30.8900239104826,8.18148773025644
26,22,0,"Black",30.8323104667469,7.99041040154187
27,22,0,"Black",30.7683765441966,7.79933307282731
28,22,0,"Black",30.6990553650399,7.60825574411275
29,22,0,"Black",30.6251446909674,7.41717841539819
30,22,0,"Black",30.5474068231516,7.22610108668363
31,22,0,"Black",30.4665686022471,7.03502375796906
32,22,0,"Black",30.3833214083908,6.8439464292545
33,22,0,"Black",30.2983211612018,6.65286910053994
34,22,0,"Black",30.2121883197813,6.46179177182537
35,22,0,"Black",30.1255078827125,6.27071444311081
36,22,0,"Black",30.0388293880609,6.07963711439625
37,22,0,"Black",29.9526669133742,5.88855978568168
38,22,0,"Black",29.8674990756822,5.69748245696712
39,22,0,"Black",29.7837690314969,5.50640512825256
40,22,0,"Black",29.7018844768122,5.315327799538
41,22,0,"Black",29.6222176471045,5.1243206309365
42,22,0,"Black",29.5451053173321,4.9337344230134
43,22,0,"Black",29.4708488019357,4.74399013644708
44,22,0,"Black",29.399713954838,4.55550873191593
45,22,0,"Black",29.3319311694437,4.36871117009836
46,22,0,"Black",29.26769537864,4.18401841167275
47,22,0,"Black",29.207166054796,4.00185298831572
48,22,0,"Black",29.1504672097631,3.82289252254052
49,22,0,"Black",29.0976873948746,3.64834956175567
50,22,0,"Black",29.0488797009463,3.47950400991857
51,22,0,"Black",29.004061758276,3.3176357709866
52,22,0,"Black",28.9632157366436,3.16402474891715
53,22,0,"Black",28.9262883453111,3.01995084766762
54,22,0,"Black",28.8931908330229,2.88666720942291
55,22,0,"Black",28.8637989880053,2.76461534198678
56,22,0,"Black",28.837953137967,2.6532984185153
57,22,0,"Black",28.8154581500986,2.55216734307762
58,22,0,"Black",28.796083431073,2.46067301974289
59,22,0,"Black",28.7795629270452,2.37826635258029
60,22,0,"Black",28.7655951236523,2.30439824565898
61,22,0,"Black",28.7538430460138,2.23857620913016
62,22,0,"Black",28.7439342587311,2.18096579884878
63,22,0,"Black",28.7354045444077,2.13215711628514
64,22,0,"Black",28.7270783673672,2.09274733866978
65,22,0,"Black",28.7164493373717,2.06333364323323
66,22,0,"Black",28.6996238881415,2.04451320720604
67,22,0,"Black",28.6713212773551,2.03688320781875
68,22,0,"Black",28.625131121188,2.04079213950974
69,22,0,"Black",28.5563462742393,2.05519694164015
70,22,0,"Black",28.4647957094586,2.07857078782702
71,22,0,"Black",28.3549873290929,2.10938636597878
72,22,0,"Black",28.2348460051823,2.14611636400388
73,22,0,"Black",28.1144516200547,2.18723346981076
74,22,0,"Black",28.0059243427348,2.23121104842699
75,22,0,"Black",27.9228973592026,2.2771968755272
76,22,0,"Black",27.8747169052371,2.326278673075
77,22,0,"Black",27.8606422992605,2.37989084802526
78,22,0,"Black",27.8697554490006,2.43946780733286
79,22,0,"Black",27.8857653919305,2.50644395795266
80,22,0,"Black",27.8918128357093,2.58225370683953
81,22,0,"Black",27.8709069345856,2.66830638607921
82,22,0,"Black",27.8059252893974,2.76450683560886
83,22,0,"Black",27.6797754748436,2.86842793253534
84,22,0,"Black",27.4771718394685,2.97744195501238
85,22,0,"Black",27.1864123056467,3.08892118119372
86,22,0,"Black",26.7995398968544,3.20023788923308
87,22,0,"Black",26.3123427376691,3.3087643572842
88,22,0,"Black",25.7243540537702,3.41250978137736
89,22,0,"Black",25.0388521719382,3.52091730726295
90,22,0,"Black",24.2628605200555,3.65332014147867
91,22,0,"Black",23.4071476271059,3.82937759251498
92,22,0,"Black",22.4862271231748,4.06874896886238
93,22,0,"Black",21.518357739449,4.39109357901135
94,22,0,"Black",20.5255433082169,4.81607073145238
95,22,0,"Black",19.5335327628686,5.36033264756457
96,22,0,"Black",18.5718201378955,6.0166501921923
97,22,0,"Black",17.6736445688907,6.7664058740351
98,22,0,"Black",16.8759902925487,7.59091206564995
99,22,0,"Black",16.2195866466658,8.47148113959384
100,22,0,"Black",15.7489080701395,9.38942546842377
101,22,0,"Black",15.5121741029691,10.3260574246967
21,23,0,"Black",31.0407673349903,8.94579704511469
22,23,0,"Black",31.0169772389523,8.75471971640012
23,23,0,"Black",30.9832791700882,8.56364238768556
24,23,0,"Black",30.9406481926777,8.372565058971
25,23,0,"Black",30.8900239104826,8.18148773025644
26,23,0,"Black",30.8323104667469,7.99041040154187
27,23,0,"Black",30.7683765441966,7.79933307282731
28,23,0,"Black",30.6990553650399,7.60825574411275
29,23,0,"Black",30.6251446909674,7.41717841539819
30,23,0,"Black",30.5474068231516,7.22610108668363
31,23,0,"Black",30.4665686022471,7.03502375796906
32,23,0,"Black",30.3833214083908,6.8439464292545
33,23,0,"Black",30.2983211612018,6.65286910053994
34,23,0,"Black",30.2121883197813,6.46179177182537
35,23,0,"Black",30.1255078827125,6.27071444311081
36,23,0,"Black",30.0388293880609,6.07963711439625
37,23,0,"Black",29.9526669133742,5.88855978568168
38,23,0,"Black",29.8674990756822,5.69748245696712
39,23,0,"Black",29.7837690314969,5.50640512825256
40,23,0,"Black",29.7018844768122,5.315327799538
41,23,0,"Black",29.6222176471045,5.1243206309365
42,23,0,"Black",29.5451053173321,4.9337344230134
43,23,0,"Black",29.4708488019357,4.74399013644708
44,23,0,"Black",29.399713954838,4.55550873191593
45,23,0,"Black",29.3319311694437,4.36871117009836
46,23,0,"Black",29.26769537864,4.18401841167275
47,23,0,"Black",29.207166054796,4.00185298831572
48,23,0,"Black",29.1504672097631,3.82289252254052
49,23,0,"Black",29.0976873948746,3.64834956175567
50,23,0,"Black",29.0488797009463,3.47950400991857
51,23,0,"Black",29.004061758276,3.3176357709866
52,23,0,"Black",28.9632157366436,3.16402474891715
53,23,0,"Black",28.9262883453111,3.01995084766762
54,23,0,"Black",28.8931908330229,2.88666720942291
55,23,0,"Black",28.8637989880053,2.76461534198678
56,23,0,"Black",28.837953137967,2.6532984185153
57,23,0,"Black",28.8154581500986,2.55216734307762
58,23,0,"Black",28.796083431073,2.46067301974289
59,23,0,"Black",28.7795629270452,2.37826635258029
60,23,0,"Black",28.7655951236523,2.30439824565898
61,23,0,"Black",28.7538430460138,2.23857620913016
62,23,0,"Black",28.7439342587311,2.18096579884878
63,23,0,"Black",28.7354045444077,2.13215711628514
64,23,0,"Black",28.7270783673672,2.09274733866978
65,23,0,"Black",28.7164493373717,2.06333364323323
66,23,0,"Black",28.6996238881415,2.04451320720604
67,23,0,"Black",28.6713212773551,2.03688320781875
68,23,0,"Black",28.625131121188,2.04079213950974
69,23,0,"Black",28.5563462742393,2.05519694164015
70,23,0,"Black",28.4647957094586,2.07857078782702
71,23,0,"Black",28.3549873290929,2.10938636597878
72,23,0,"Black",28.2348460051823,2.14611636400388
73,23,0,"Black",28.1144516200547,2.18723346981076
74,23,0,"Black",28.0059243427348,2.23121104842699
75,23,0,"Black",27.9228973592026,2.2771968755272
76,23,0,"Black",27.8747169052371,2.326278673075
77,23,0,"Black",27.8606422992605,2.37989084802526
78,23,0,"Black",27.8697554490006,2.43946780733286
79,23,0,"Black",27.8857653919305,2.50644395795266
80,23,0,"Black",27.8918128357093,2.58225370683953
81,23,0,"Black",27.8709069345856,2.66830638607921
82,23,0,"Black",27.8059252893974,2.76450683560886
83,23,0,"Black",27.6797754748436,2.86842793253534
84,23,0,"Black",27.4771718394685,2.97744195501238
85,23,0,"Black",27.1864123056467,3.08892118119372
86,23,0,"Black",26.7995398968544,3.20023788923308
87,23,0,"Black",26.3123427376691,3.3087643572842
88,23,0,"Black",25.7243540537702,3.41250978137736
89,23,0,"Black",25.0388521719382,3.52091730726295
90,23,0,"Black",24.2628605200555,3.65332014147867
91,23,0,"Black",23.4071476271059,3.82937759251498
92,23,0,"Black",22.4862271231748,4.06874896886238
93,23,0,"Black",21.518357739449,4.39109357901135
94,23,0,"Black",20.5255433082169,4.81607073145238
95,23,0,"Black",19.5335327628686,5.36033264756457
96,23,0,"Black",18.5718201378955,6.0166501921923
97,23,0,"Black",17.6736445688907,6.7664058740351
98,23,0,"Black",16.8759902925487,7.59091206564995
99,23,0,"Black",16.2195866466658,8.47148113959384
100,23,0,"Black",15.7489080701395,9.38942546842377
101,23,0,"Black",15.5121741029691,10.3260574246967
21,24,0,"Black",31.0407673349903,8.94579704511469
22,24,0,"Black",31.0169772389523,8.75471971640012
23,24,0,"Black",30.9832791700882,8.56364238768556
24,24,0,"Black",30.9406481926777,8.372565058971
25,24,0,"Black",30.8900239104826,8.18148773025644
26,24,0,"Black",30.8323104667469,7.99041040154187
27,24,0,"Black",30.7683765441966,7.79933307282731
28,24,0,"Black",30.6990553650399,7.60825574411275
29,24,0,"Black",30.6251446909674,7.41717841539819
30,24,0,"Black",30.5474068231516,7.22610108668363
31,24,0,"Black",30.4665686022471,7.03502375796906
32,24,0,"Black",30.3833214083908,6.8439464292545
33,24,0,"Black",30.2983211612018,6.65286910053994
34,24,0,"Black",30.2121883197813,6.46179177182537
35,24,0,"Black",30.1255078827125,6.27071444311081
36,24,0,"Black",30.0388293880609,6.07963711439625
37,24,0,"Black",29.9526669133742,5.88855978568168
38,24,0,"Black",29.8674990756822,5.69748245696712
39,24,0,"Black",29.7837690314969,5.50640512825256
40,24,0,"Black",29.7018844768122,5.315327799538
41,24,0,"Black",29.6222176471045,5.1243206309365
42,24,0,"Black",29.5451053173321,4.9337344230134
43,24,0,"Black",29.4708488019357,4.74399013644708
44,24,0,"Black",29.399713954838,4.55550873191593
45,24,0,"Black",29.3319311694437,4.36871117009836
46,24,0,"Black",29.26769537864,4.18401841167275
47,24,0,"Black",29.207166054796,4.00185298831572
48,24,0,"Black",29.1504672097631,3.82289252254052
49,24,0,"Black",29.0976873948746,3.64834956175567
50,24,0,"Black",29.0488797009463,3.47950400991857
51,24,0,"Black",29.004061758276,3.3176357709866
52,24,0,"Black",28.9632157366436,3.16402474891715
53,24,0,"Black",28.9262883453111,3.01995084766762
54,24,0,"Black",28.8931908330229,2.88666720942291
55,24,0,"Black",28.8637989880053,2.76461534198678
56,24,0,"Black",28.837953137967,2.6532984185153
57,24,0,"Black",28.8154581500986,2.55216734307762
58,24,0,"Black",28.796083431073,2.46067301974289
59,24,0,"Black",28.7795629270452,2.37826635258029
60,24,0,"Black",28.7655951236523,2.30439824565898
61,24,0,"Black",28.7538430460138,2.23857620913016
62,24,0,"Black",28.7439342587311,2.18096579884878
63,24,0,"Black",28.7354045444077,2.13215711628514
64,24,0,"Black",28.7270783673672,2.09274733866978
65,24,0,"Black",28.7164493373717,2.06333364323323
66,24,0,"Black",28.6996238881415,2.04451320720604
67,24,0,"Black",28.6713212773551,2.03688320781875
68,24,0,"Black",28.625131121188,2.04079213950974
69,24,0,"Black",28.5563462742393,2.05519694164015
70,24,0,"Black",28.4647957094586,2.07857078782702
71,24,0,"Black",28.3549873290929,2.10938636597878
72,24,0,"Black",28.2348460051823,2.14611636400388
73,24,0,"Black",28.1144516200547,2.18723346981076
74,24,0,"Black",28.0059243427348,2.23121104842699
75,24,0,"Black",27.9228973592026,2.2771968755272
76,24,0,"Black",27.8747169052371,2.326278673075
77,24,0,"Black",27.8606422992605,2.37989084802526
78,24,0,"Black",27.8697554490006,2.43946780733286
79,24,0,"Black",27.8857653919305,2.50644395795266
80,24,0,"Black",27.8918128357093,2.58225370683953
81,24,0,"Black",27.8709069345856,2.66830638607921
82,24,0,"Black",27.8059252893974,2.76450683560886
83,24,0,"Black",27.6797754748436,2.86842793253534
84,24,0,"Black",27.4771718394685,2.97744195501238
85,24,0,"Black",27.1864123056467,3.08892118119372
86,24,0,"Black",26.7995398968544,3.20023788923308
87,24,0,"Black",26.3123427376691,3.3087643572842
88,24,0,"Black",25.7243540537702,3.41250978137736
89,24,0,"Black",25.0388521719382,3.52091730726295
90,24,0,"Black",24.2628605200555,3.65332014147867
91,24,0,"Black",23.4071476271059,3.82937759251498
92,24,0,"Black",22.4862271231748,4.06874896886238
93,24,0,"Black",21.518357739449,4.39109357901135
94,24,0,"Black",20.5255433082169,4.81607073145238
95,24,0,"Black",19.5335327628686,5.36033264756457
96,24,0,"Black",18.5718201378955,6.0166501921923
97,24,0,"Black",17.6736445688907,6.7664058740351
98,24,0,"Black",16.8759902925487,7.59091206564995
99,24,0,"Black",16.2195866466658,8.47148113959384
100,24,0,"Black",15.7489080701395,9.38942546842377
101,24,0,"Black",15.5121741029691,10.3260574246967
21,25,0,"Black",31.0407673349903,8.94579704511469
22,25,0,"Black",31.0169772389523,8.75471971640012
23,25,0,"Black",30.9832791700882,8.56364238768556
24,25,0,"Black",30.9406481926777,8.372565058971
25,25,0,"Black",30.8900239104826,8.18148773025644
26,25,0,"Black",30.8323104667469,7.99041040154187
27,25,0,"Black",30.7683765441966,7.79933307282731
28,25,0,"Black",30.6990553650399,7.60825574411275
29,25,0,"Black",30.6251446909674,7.41717841539819
30,25,0,"Black",30.5474068231516,7.22610108668363
31,25,0,"Black",30.4665686022471,7.03502375796906
32,25,0,"Black",30.3833214083908,6.8439464292545
33,25,0,"Black",30.2983211612018,6.65286910053994
34,25,0,"Black",30.2121883197813,6.46179177182537
35,25,0,"Black",30.1255078827125,6.27071444311081
36,25,0,"Black",30.0388293880609,6.07963711439625
37,25,0,"Black",29.9526669133742,5.88855978568168
38,25,0,"Black",29.8674990756822,5.69748245696712
39,25,0,"Black",29.7837690314969,5.50640512825256
40,25,0,"Black",29.7018844768122,5.315327799538
41,25,0,"Black",29.6222176471045,5.1243206309365
42,25,0,"Black",29.5451053173321,4.9337344230134
43,25,0,"Black",29.4708488019357,4.74399013644708
44,25,0,"Black",29.399713954838,4.55550873191593
45,25,0,"Black",29.3319311694437,4.36871117009836
46,25,0,"Black",29.26769537864,4.18401841167275
47,25,0,"Black",29.207166054796,4.00185298831572
48,25,0,"Black",29.1504672097631,3.82289252254052
49,25,0,"Black",29.0976873948746,3.64834956175567
50,25,0,"Black",29.0488797009463,3.47950400991857
51,25,0,"Black",29.004061758276,3.3176357709866
52,25,0,"Black",28.9632157366436,3.16402474891715
53,25,0,"Black",28.9262883453111,3.01995084766762
54,25,0,"Black",28.8931908330229,2.88666720942291
55,25,0,"Black",28.8637989880053,2.76461534198678
56,25,0,"Black",28.837953137967,2.6532984185153
57,25,0,"Black",28.8154581500986,2.55216734307762
58,25,0,"Black",28.796083431073,2.46067301974289
59,25,0,"Black",28.7795629270452,2.37826635258029
60,25,0,"Black",28.7655951236523,2.30439824565898
61,25,0,"Black",28.7538430460138,2.23857620913016
62,25,0,"Black",28.7439342587311,2.18096579884878
63,25,0,"Black",28.7354045444077,2.13215711628514
64,25,0,"Black",28.7270783673672,2.09274733866978
65,25,0,"Black",28.7164493373717,2.06333364323323
66,25,0,"Black",28.6996238881415,2.04451320720604
67,25,0,"Black",28.6713212773551,2.03688320781875
68,25,0,"Black",28.625131121188,2.04079213950974
69,25,0,"Black",28.5563462742393,2.05519694164015
70,25,0,"Black",28.4647957094586,2.07857078782702
71,25,0,"Black",28.3549873290929,2.10938636597878
72,25,0,"Black",28.2348460051823,2.14611636400388
73,25,0,"Black",28.1144516200547,2.18723346981076
74,25,0,"Black",28.0059243427348,2.23121104842699
75,25,0,"Black",27.9228973592026,2.2771968755272
76,25,0,"Black",27.8747169052371,2.326278673075
77,25,0,"Black",27.8606422992605,2.37989084802526
78,25,0,"Black",27.8697554490006,2.43946780733286
79,25,0,"Black",27.8857653919305,2.50644395795266
80,25,0,"Black",27.8918128357093,2.58225370683953
81,25,0,"Black",27.8709069345856,2.66830638607921
82,25,0,"Black",27.8059252893974,2.76450683560886
83,25,0,"Black",27.6797754748436,2.86842793253534
84,25,0,"Black",27.4771718394685,2.97744195501238
85,25,0,"Black",27.1864123056467,3.08892118119372
86,25,0,"Black",26.7995398968544,3.20023788923308
87,25,0,"Black",26.3123427376691,3.3087643572842
88,25,0,"Black",25.7243540537702,3.41250978137736
89,25,0,"Black",25.0388521719382,3.52091730726295
90,25,0,"Black",24.2628605200555,3.65332014147867
91,25,0,"Black",23.4071476271059,3.82937759251498
92,25,0,"Black",22.4862271231748,4.06874896886238
93,25,0,"Black",21.518357739449,4.39109357901135
94,25,0,"Black",20.5255433082169,4.81607073145238
95,25,0,"Black",19.5335327628686,5.36033264756457
96,25,0,"Black",18.5718201378955,6.0166501921923
97,25,0,"Black",17.6736445688907,6.7664058740351
98,25,0,"Black",16.8759902925487,7.59091206564995
99,25,0,"Black",16.2195866466658,8.47148113959384
100,25,0,"Black",15.7489080701395,9.38942546842377
101,25,0,"Black",15.5121741029691,10.3260574246967
21,10,1,"Black",31.0205690177979,8.94579704511469
22,10,1,"Black",30.9992689856168,8.75471971640012
23,10,1,"Black",30.9680609806097,8.56364238768556
24,10,1,"Black",30.9279200670561,8.372565058971
25,10,1,"Black",30.879785848718,8.18148773025644
26,10,1,"Black",30.8245624688392,7.99041040154187
27,10,1,"Black",30.7631186101459,7.79933307282731
28,10,1,"Black",30.6962874948463,7.60825574411275
29,10,1,"Black",30.6248668846307,7.41717841539819
30,10,1,"Black",30.5496190806718,7.22610108668363
31,10,1,"Black",30.4712709236243,7.03502375796906
32,10,1,"Black",30.390513793625,6.8439464292545
33,10,1,"Black",30.308003610293,6.65286910053994
34,10,1,"Black",30.2243608327294,6.46179177182537
35,10,1,"Black",30.1401704595175,6.27071444311081
36,10,1,"Black",30.0559820287229,6.07963711439625
37,10,1,"Black",29.9723096178932,5.88855978568168
38,10,1,"Black",29.8896318440582,5.69748245696712
39,10,1,"Black",29.8083918637297,5.50640512825256
40,10,1,"Black",29.728997372902,5.315327799538
41,10,1,"Black",29.6518206070513,5.1243206309365
42,10,1,"Black",29.5771983411359,4.9337344230134
43,10,1,"Black",29.5054318895965,4.74399013644708
44,10,1,"Black",29.4367871063557,4.55550873191593
45,10,1,"Black",29.3714943848184,4.36871117009836
46,10,1,"Black",29.3097486578717,4.18401841167275
47,10,1,"Black",29.2517093978846,4.00185298831572
48,10,1,"Black",29.1975006167086,3.82289252254052
49,10,1,"Black",29.1472108656771,3.64834956175567
50,10,1,"Black",29.1008932356058,3.47950400991857
51,10,1,"Black",29.0585653567924,3.3176357709866
52,10,1,"Black",29.020209399017,3.16402474891715
53,10,1,"Black",28.9857720715415,3.01995084766762
54,10,1,"Black",28.9551646231102,2.88666720942291
55,10,1,"Black",28.9282628419496,2.76461534198678
56,10,1,"Black",28.9049070557683,2.6532984185153
57,10,1,"Black",28.8849021317568,2.55216734307762
58,10,1,"Black",28.8680174765882,2.46067301974289
59,10,1,"Black",28.8539870364173,2.37826635258029
60,10,1,"Black",28.8425092968814,2.30439824565898
61,10,1,"Black",28.8332472830999,2.23857620913016
62,10,1,"Black",28.8258285596742,2.18096579884878
63,10,1,"Black",28.8197889092077,2.13215711628514
64,10,1,"Black",28.8139527960242,2.09274733866978
65,10,1,"Black",28.8058138298856,2.06333364323323
66,10,1,"Black",28.7914784445124,2.04451320720604
67,10,1,"Black",28.7656658975829,2.03688320781875
68,10,1,"Black",28.7219658052728,2.04079213950974
69,10,1,"Black",28.6556710221811,2.05519694164015
70,10,1,"Black",28.5666105212573,2.07857078782702
71,10,1,"Black",28.4592922047486,2.10938636597878
72,10,1,"Black",28.3416409446949,2.14611636400388
73,10,1,"Black",28.2237366234243,2.18723346981076
74,10,1,"Black",28.1176994099614,2.23121104842699
75,10,1,"Black",28.0371624902862,2.2771968755272
76,10,1,"Black",27.9914721001776,2.326278673075
77,10,1,"Black",27.979887558058,2.37989084802526
78,10,1,"Black",27.991490771655,2.43946780733286
79,10,1,"Black",28.0099907784419,2.50644395795266
80,10,1,"Black",28.0185282860777,2.58225370683953
81,10,1,"Black",28.0001124488109,2.66830638607921
82,10,1,"Black",27.9376208674797,2.76450683560886
83,10,1,"Black",27.8139611167828,2.86842793253534
84,10,1,"Black",27.6138475452647,2.97744195501238
85,10,1,"Black",27.3255780752999,3.08892118119372
86,10,1,"Black",26.9411957303645,3.20023788923308
87,10,1,"Black",26.4564886350362,3.3087643572842
88,10,1,"Black",25.8709900149942,3.41250978137736
89,10,1,"Black",25.1879781970192,3.52091730726295
90,10,1,"Black",24.4144766089935,3.65332014147867
91,10,1,"Black",23.5612537799009,3.82937759251498
92,10,1,"Black",22.6428233398267,4.06874896886238
93,10,1,"Black",21.6774440199578,4.39109357901135
94,10,1,"Black",20.6871196525827,4.81607073145238
95,10,1,"Black",19.6975991710914,5.36033264756457
96,10,1,"Black",18.7383766099752,6.0166501921923
97,10,1,"Black",17.8426911048274,6.7664058740351
98,10,1,"Black",17.0475268923424,7.59091206564995
99,10,1,"Black",16.3936133103164,8.47148113959384
100,10,1,"Black",15.9254247976471,9.38942546842377
101,10,1,"Black",15.6911808943337,10.3260574246967
21,11,1,"Black",31.0205690177979,8.94579704511469
22,11,1,"Black",30.9992689856168,8.75471971640012
23,11,1,"Black",30.9680609806097,8.56364238768556
24,11,1,"Black",30.9279200670561,8.372565058971
25,11,1,"Black",30.879785848718,8.18148773025644
26,11,1,"Black",30.8245624688392,7.99041040154187
27,11,1,"Black",30.7631186101459,7.79933307282731
28,11,1,"Black",30.6962874948463,7.60825574411275
29,11,1,"Black",30.6248668846307,7.41717841539819
30,11,1,"Black",30.5496190806718,7.22610108668363
31,11,1,"Black",30.4712709236243,7.03502375796906
32,11,1,"Black",30.390513793625,6.8439464292545
33,11,1,"Black",30.308003610293,6.65286910053994
34,11,1,"Black",30.2243608327294,6.46179177182537
35,11,1,"Black",30.1401704595175,6.27071444311081
36,11,1,"Black",30.0559820287229,6.07963711439625
37,11,1,"Black",29.9723096178932,5.88855978568168
38,11,1,"Black",29.8896318440582,5.69748245696712
39,11,1,"Black",29.8083918637297,5.50640512825256
40,11,1,"Black",29.728997372902,5.315327799538
41,11,1,"Black",29.6518206070513,5.1243206309365
42,11,1,"Black",29.5771983411359,4.9337344230134
43,11,1,"Black",29.5054318895965,4.74399013644708
44,11,1,"Black",29.4367871063557,4.55550873191593
45,11,1,"Black",29.3714943848184,4.36871117009836
46,11,1,"Black",29.3097486578717,4.18401841167275
47,11,1,"Black",29.2517093978846,4.00185298831572
48,11,1,"Black",29.1975006167086,3.82289252254052
49,11,1,"Black",29.1472108656771,3.64834956175567
50,11,1,"Black",29.1008932356058,3.47950400991857
51,11,1,"Black",29.0585653567924,3.3176357709866
52,11,1,"Black",29.020209399017,3.16402474891715
53,11,1,"Black",28.9857720715415,3.01995084766762
54,11,1,"Black",28.9551646231102,2.88666720942291
55,11,1,"Black",28.9282628419496,2.76461534198678
56,11,1,"Black",28.9049070557683,2.6532984185153
57,11,1,"Black",28.8849021317568,2.55216734307762
58,11,1,"Black",28.8680174765882,2.46067301974289
59,11,1,"Black",28.8539870364173,2.37826635258029
60,11,1,"Black",28.8425092968814,2.30439824565898
61,11,1,"Black",28.8332472830999,2.23857620913016
62,11,1,"Black",28.8258285596742,2.18096579884878
63,11,1,"Black",28.8197889092077,2.13215711628514
64,11,1,"Black",28.8139527960242,2.09274733866978
65,11,1,"Black",28.8058138298856,2.06333364323323
66,11,1,"Black",28.7914784445124,2.04451320720604
67,11,1,"Black",28.7656658975829,2.03688320781875
68,11,1,"Black",28.7219658052728,2.04079213950974
69,11,1,"Black",28.6556710221811,2.05519694164015
70,11,1,"Black",28.5666105212573,2.07857078782702
71,11,1,"Black",28.4592922047486,2.10938636597878
72,11,1,"Black",28.3416409446949,2.14611636400388
73,11,1,"Black",28.2237366234243,2.18723346981076
74,11,1,"Black",28.1176994099614,2.23121104842699
75,11,1,"Black",28.0371624902862,2.2771968755272
76,11,1,"Black",27.9914721001776,2.326278673075
77,11,1,"Black",27.979887558058,2.37989084802526
78,11,1,"Black",27.991490771655,2.43946780733286
79,11,1,"Black",28.0099907784419,2.50644395795266
80,11,1,"Black",28.0185282860777,2.58225370683953
81,11,1,"Black",28.0001124488109,2.66830638607921
82,11,1,"Black",27.9376208674797,2.76450683560886
83,11,1,"Black",27.8139611167828,2.86842793253534
84,11,1,"Black",27.6138475452647,2.97744195501238
85,11,1,"Black",27.3255780752999,3.08892118119372
86,11,1,"Black",26.9411957303645,3.20023788923308
87,11,1,"Black",26.4564886350362,3.3087643572842
88,11,1,"Black",25.8709900149942,3.41250978137736
89,11,1,"Black",25.1879781970192,3.52091730726295
90,11,1,"Black",24.4144766089935,3.65332014147867
91,11,1,"Black",23.5612537799009,3.82937759251498
92,11,1,"Black",22.6428233398267,4.06874896886238
93,11,1,"Black",21.6774440199578,4.39109357901135
94,11,1,"Black",20.6871196525827,4.81607073145238
95,11,1,"Black",19.6975991710914,5.36033264756457
96,11,1,"Black",18.7383766099752,6.0166501921923
97,11,1,"Black",17.8426911048274,6.7664058740351
98,11,1,"Black",17.0475268923424,7.59091206564995
99,11,1,"Black",16.3936133103164,8.47148113959384
100,11,1,"Black",15.9254247976471,9.38942546842377
101,11,1,"Black",15.6911808943337,10.3260574246967
21,12,1,"Black",31.0205690177979,8.94579704511469
22,12,1,"Black",30.9992689856168,8.75471971640012
23,12,1,"Black",30.9680609806097,8.56364238768556
24,12,1,"Black",30.9279200670561,8.372565058971
25,12,1,"Black",30.879785848718,8.18148773025644
26,12,1,"Black",30.8245624688392,7.99041040154187
27,12,1,"Black",30.7631186101459,7.79933307282731
28,12,1,"Black",30.6962874948463,7.60825574411275
29,12,1,"Black",30.6248668846307,7.41717841539819
30,12,1,"Black",30.5496190806718,7.22610108668363
31,12,1,"Black",30.4712709236243,7.03502375796906
32,12,1,"Black",30.390513793625,6.8439464292545
33,12,1,"Black",30.308003610293,6.65286910053994
34,12,1,"Black",30.2243608327294,6.46179177182537
35,12,1,"Black",30.1401704595175,6.27071444311081
36,12,1,"Black",30.0559820287229,6.07963711439625
37,12,1,"Black",29.9723096178932,5.88855978568168
38,12,1,"Black",29.8896318440582,5.69748245696712
39,12,1,"Black",29.8083918637297,5.50640512825256
40,12,1,"Black",29.728997372902,5.315327799538
41,12,1,"Black",29.6518206070513,5.1243206309365
42,12,1,"Black",29.5771983411359,4.9337344230134
43,12,1,"Black",29.5054318895965,4.74399013644708
44,12,1,"Black",29.4367871063557,4.55550873191593
45,12,1,"Black",29.3714943848184,4.36871117009836
46,12,1,"Black",29.3097486578717,4.18401841167275
47,12,1,"Black",29.2517093978846,4.00185298831572
48,12,1,"Black",29.1975006167086,3.82289252254052
49,12,1,"Black",29.1472108656771,3.64834956175567
50,12,1,"Black",29.1008932356058,3.47950400991857
51,12,1,"Black",29.0585653567924,3.3176357709866
52,12,1,"Black",29.020209399017,3.16402474891715
53,12,1,"Black",28.9857720715415,3.01995084766762
54,12,1,"Black",28.9551646231102,2.88666720942291
55,12,1,"Black",28.9282628419496,2.76461534198678
56,12,1,"Black",28.9049070557683,2.6532984185153
57,12,1,"Black",28.8849021317568,2.55216734307762
58,12,1,"Black",28.8680174765882,2.46067301974289
59,12,1,"Black",28.8539870364173,2.37826635258029
60,12,1,"Black",28.8425092968814,2.30439824565898
61,12,1,"Black",28.8332472830999,2.23857620913016
62,12,1,"Black",28.8258285596742,2.18096579884878
63,12,1,"Black",28.8197889092077,2.13215711628514
64,12,1,"Black",28.8139527960242,2.09274733866978
65,12,1,"Black",28.8058138298856,2.06333364323323
66,12,1,"Black",28.7914784445124,2.04451320720604
67,12,1,"Black",28.7656658975829,2.03688320781875
68,12,1,"Black",28.7219658052728,2.04079213950974
69,12,1,"Black",28.6556710221811,2.05519694164015
70,12,1,"Black",28.5666105212573,2.07857078782702
71,12,1,"Black",28.4592922047486,2.10938636597878
72,12,1,"Black",28.3416409446949,2.14611636400388
73,12,1,"Black",28.2237366234243,2.18723346981076
74,12,1,"Black",28.1176994099614,2.23121104842699
75,12,1,"Black",28.0371624902862,2.2771968755272
76,12,1,"Black",27.9914721001776,2.326278673075
77,12,1,"Black",27.979887558058,2.37989084802526
78,12,1,"Black",27.991490771655,2.43946780733286
79,12,1,"Black",28.0099907784419,2.50644395795266
80,12,1,"Black",28.0185282860777,2.58225370683953
81,12,1,"Black",28.0001124488109,2.66830638607921
82,12,1,"Black",27.9376208674797,2.76450683560886
83,12,1,"Black",27.8139611167828,2.86842793253534
84,12,1,"Black",27.6138475452647,2.97744195501238
85,12,1,"Black",27.3255780752999,3.08892118119372
86,12,1,"Black",26.9411957303645,3.20023788923308
87,12,1,"Black",26.4564886350362,3.3087643572842
88,12,1,"Black",25.8709900149942,3.41250978137736
89,12,1,"Black",25.1879781970192,3.52091730726295
90,12,1,"Black",24.4144766089935,3.65332014147867
91,12,1,"Black",23.5612537799009,3.82937759251498
92,12,1,"Black",22.6428233398267,4.06874896886238
93,12,1,"Black",21.6774440199578,4.39109357901135
94,12,1,"Black",20.6871196525827,4.81607073145238
95,12,1,"Black",19.6975991710914,5.36033264756457
96,12,1,"Black",18.7383766099752,6.0166501921923
97,12,1,"Black",17.8426911048274,6.7664058740351
98,12,1,"Black",17.0475268923424,7.59091206564995
99,12,1,"Black",16.3936133103164,8.47148113959384
100,12,1,"Black",15.9254247976471,9.38942546842377
101,12,1,"Black",15.6911808943337,10.3260574246967
21,13,1,"Black",29.01863905784,8.94579704511469
22,13,1,"Black",29.0405772603095,8.75471971640012
23,13,1,"Black",29.052607489953,8.56364238768556
24,13,1,"Black",29.0557048110501,8.372565058971
25,13,1,"Black",29.0508088273626,8.18148773025644
26,13,1,"Black",29.0388236821344,7.99041040154187
27,13,1,"Black",29.0206180580917,7.79933307282731
28,13,1,"Black",28.9970251774427,7.60825574411275
29,13,1,"Black",28.9688428018777,7.41717841539819
30,13,1,"Black",28.9368332325694,7.22610108668363
31,13,1,"Black",28.9017233101725,7.03502375796906
32,13,1,"Black",28.8642044148239,6.8439464292545
33,13,1,"Black",28.8249324661424,6.65286910053994
34,13,1,"Black",28.7845279232294,6.46179177182537
35,13,1,"Black",28.7435757846682,6.27071444311081
36,13,1,"Black",28.7026255885242,6.07963711439625
37,13,1,"Black",28.6621914123451,5.88855978568168
38,13,1,"Black",28.6227518731607,5.69748245696712
39,13,1,"Black",28.5847501274829,5.50640512825256
40,13,1,"Black",28.5485938713058,5.315327799538
41,13,1,"Black",28.5146553401057,5.1243206309365
42,13,1,"Black",28.4832713088409,4.9337344230134
43,13,1,"Black",28.4547430919521,4.74399013644708
44,13,1,"Black",28.4293365433619,4.55550873191593
45,13,1,"Black",28.4072820564752,4.36871117009836
46,13,1,"Black",28.3887745641791,4.18401841167275
47,13,1,"Black",28.3739735388426,4.00185298831572
48,13,1,"Black",28.3630029923173,3.82289252254052
49,13,1,"Black",28.3559514759364,3.64834956175567
50,13,1,"Black",28.3528720805157,3.47950400991857
51,13,1,"Black",28.3537824363529,3.3176357709866
52,13,1,"Black",28.3586647132281,3.16402474891715
53,13,1,"Black",28.3674656204032,3.01995084766762
54,13,1,"Black",28.3800964066225,2.88666720942291
55,13,1,"Black",28.3964328601126,2.76461534198678
56,13,1,"Black",28.4163153085818,2.6532984185153
57,13,1,"Black",28.439548619221,2.55216734307762
58,13,1,"Black",28.4659021987029,2.46067301974289
59,13,1,"Black",28.4951099931827,2.37826635258029
60,13,1,"Black",28.5268704882974,2.30439824565898
61,13,1,"Black",28.5608467091665,2.23857620913016
62,13,1,"Black",28.5966662203913,2.18096579884878
63,13,1,"Black",28.6338648045755,2.13215711628514
64,13,1,"Black",28.6712669260426,2.09274733866978
65,13,1,"Black",28.7063661945547,2.06333364323323
66,13,1,"Black",28.735269043832,2.04451320720604
67,13,1,"Black",28.7526947315532,2.03688320781875
68,13,1,"Black",28.7522328738936,2.04079213950974
69,13,1,"Black",28.7291763254526,2.05519694164015
70,13,1,"Black",28.6833540591794,2.07857078782702
71,13,1,"Black",28.6192739773213,2.10938636597878
72,13,1,"Black",28.5448609519182,2.14611636400388
73,13,1,"Black",28.4701948652982,2.18723346981076
74,13,1,"Black",28.407395886486,2.23121104842699
75,13,1,"Black",28.3700972014613,2.2771968755272
76,13,1,"Black",28.3676450460033,2.326278673075
77,13,1,"Black",28.3992987385344,2.37989084802526
78,13,1,"Black",28.454140186782,2.43946780733286
79,13,1,"Black",28.5158784282195,2.50644395795266
80,13,1,"Black",28.5676541705059,2.58225370683953
81,13,1,"Black",28.5924765678897,2.66830638607921
82,13,1,"Black",28.5732232212091,2.76450683560886
83,13,1,"Black",28.4928017051629,2.86842793253534
84,13,1,"Black",28.3359263682954,2.97744195501238
85,13,1,"Black",28.0908951329812,3.08892118119372
86,13,1,"Black",27.7497510226964,3.20023788923308
87,13,1,"Black",27.3082821620187,3.3087643572842
88,13,1,"Black",26.7660217766273,3.41250978137736
89,13,1,"Black",26.1262481933029,3.52091730726295
90,13,1,"Black",25.3959848399278,3.65332014147867
91,13,1,"Black",24.5860002454858,3.82937759251498
92,13,1,"Black",23.7108080400622,4.06874896886238
93,13,1,"Black",22.788666954844,4.39109357901135
94,13,1,"Black",21.8415808221195,4.81607073145238
95,13,1,"Black",20.8952985752787,5.36033264756457
96,13,1,"Black",19.9793142488132,6.0166501921923
97,13,1,"Black",19.126866978316,6.7664058740351
98,13,1,"Black",18.3749410004816,7.59091206564995
99,13,1,"Black",17.7642656531062,8.47148113959384
100,13,1,"Black",17.3393153750875,9.38942546842377
101,13,1,"Black",17.1483097064247,10.3260574246967
21,14,1,"Black",29.01863905784,8.94579704511469
22,14,1,"Black",29.0405772603095,8.75471971640012
23,14,1,"Black",29.052607489953,8.56364238768556
24,14,1,"Black",29.0557048110501,8.372565058971
25,14,1,"Black",29.0508088273626,8.18148773025644
26,14,1,"Black",29.0388236821344,7.99041040154187
27,14,1,"Black",29.0206180580917,7.79933307282731
28,14,1,"Black",28.9970251774427,7.60825574411275
29,14,1,"Black",28.9688428018777,7.41717841539819
30,14,1,"Black",28.9368332325694,7.22610108668363
31,14,1,"Black",28.9017233101725,7.03502375796906
32,14,1,"Black",28.8642044148239,6.8439464292545
33,14,1,"Black",28.8249324661424,6.65286910053994
34,14,1,"Black",28.7845279232294,6.46179177182537
35,14,1,"Black",28.7435757846682,6.27071444311081
36,14,1,"Black",28.7026255885242,6.07963711439625
37,14,1,"Black",28.6621914123451,5.88855978568168
38,14,1,"Black",28.6227518731607,5.69748245696712
39,14,1,"Black",28.5847501274829,5.50640512825256
40,14,1,"Black",28.5485938713058,5.315327799538
41,14,1,"Black",28.5146553401057,5.1243206309365
42,14,1,"Black",28.4832713088409,4.9337344230134
43,14,1,"Black",28.4547430919521,4.74399013644708
44,14,1,"Black",28.4293365433619,4.55550873191593
45,14,1,"Black",28.4072820564752,4.36871117009836
46,14,1,"Black",28.3887745641791,4.18401841167275
47,14,1,"Black",28.3739735388426,4.00185298831572
48,14,1,"Black",28.3630029923173,3.82289252254052
49,14,1,"Black",28.3559514759364,3.64834956175567
50,14,1,"Black",28.3528720805157,3.47950400991857
51,14,1,"Black",28.3537824363529,3.3176357709866
52,14,1,"Black",28.3586647132281,3.16402474891715
53,14,1,"Black",28.3674656204032,3.01995084766762
54,14,1,"Black",28.3800964066225,2.88666720942291
55,14,1,"Black",28.3964328601126,2.76461534198678
56,14,1,"Black",28.4163153085818,2.6532984185153
57,14,1,"Black",28.439548619221,2.55216734307762
58,14,1,"Black",28.4659021987029,2.46067301974289
59,14,1,"Black",28.4951099931827,2.37826635258029
60,14,1,"Black",28.5268704882974,2.30439824565898
61,14,1,"Black",28.5608467091665,2.23857620913016
62,14,1,"Black",28.5966662203913,2.18096579884878
63,14,1,"Black",28.6338648045755,2.13215711628514
64,14,1,"Black",28.6712669260426,2.09274733866978
65,14,1,"Black",28.7063661945547,2.06333364323323
66,14,1,"Black",28.735269043832,2.04451320720604
67,14,1,"Black",28.7526947315532,2.03688320781875
68,14,1,"Black",28.7522328738936,2.04079213950974
69,14,1,"Black",28.7291763254526,2.05519694164015
70,14,1,"Black",28.6833540591794,2.07857078782702
71,14,1,"Black",28.6192739773213,2.10938636597878
72,14,1,"Black",28.5448609519182,2.14611636400388
73,14,1,"Black",28.4701948652982,2.18723346981076
74,14,1,"Black",28.407395886486,2.23121104842699
75,14,1,"Black",28.3700972014613,2.2771968755272
76,14,1,"Black",28.3676450460033,2.326278673075
77,14,1,"Black",28.3992987385344,2.37989084802526
78,14,1,"Black",28.454140186782,2.43946780733286
79,14,1,"Black",28.5158784282195,2.50644395795266
80,14,1,"Black",28.5676541705059,2.58225370683953
81,14,1,"Black",28.5924765678897,2.66830638607921
82,14,1,"Black",28.5732232212091,2.76450683560886
83,14,1,"Black",28.4928017051629,2.86842793253534
84,14,1,"Black",28.3359263682954,2.97744195501238
85,14,1,"Black",28.0908951329812,3.08892118119372
86,14,1,"Black",27.7497510226964,3.20023788923308
87,14,1,"Black",27.3082821620187,3.3087643572842
88,14,1,"Black",26.7660217766273,3.41250978137736
89,14,1,"Black",26.1262481933029,3.52091730726295
90,14,1,"Black",25.3959848399278,3.65332014147867
91,14,1,"Black",24.5860002454858,3.82937759251498
92,14,1,"Black",23.7108080400622,4.06874896886238
93,14,1,"Black",22.788666954844,4.39109357901135
94,14,1,"Black",21.8415808221195,4.81607073145238
95,14,1,"Black",20.8952985752787,5.36033264756457
96,14,1,"Black",19.9793142488132,6.0166501921923
97,14,1,"Black",19.126866978316,6.7664058740351
98,14,1,"Black",18.3749410004816,7.59091206564995
99,14,1,"Black",17.7642656531062,8.47148113959384
100,14,1,"Black",17.3393153750875,9.38942546842377
101,14,1,"Black",17.1483097064247,10.3260574246967
21,15,1,"Black",29.01863905784,8.94579704511469
22,15,1,"Black",29.0405772603095,8.75471971640012
23,15,1,"Black",29.052607489953,8.56364238768556
24,15,1,"Black",29.0557048110501,8.372565058971
25,15,1,"Black",29.0508088273626,8.18148773025644
26,15,1,"Black",29.0388236821344,7.99041040154187
27,15,1,"Black",29.0206180580917,7.79933307282731
28,15,1,"Black",28.9970251774427,7.60825574411275
29,15,1,"Black",28.9688428018777,7.41717841539819
30,15,1,"Black",28.9368332325694,7.22610108668363
31,15,1,"Black",28.9017233101725,7.03502375796906
32,15,1,"Black",28.8642044148239,6.8439464292545
33,15,1,"Black",28.8249324661424,6.65286910053994
34,15,1,"Black",28.7845279232294,6.46179177182537
35,15,1,"Black",28.7435757846682,6.27071444311081
36,15,1,"Black",28.7026255885242,6.07963711439625
37,15,1,"Black",28.6621914123451,5.88855978568168
38,15,1,"Black",28.6227518731607,5.69748245696712
39,15,1,"Black",28.5847501274829,5.50640512825256
40,15,1,"Black",28.5485938713058,5.315327799538
41,15,1,"Black",28.5146553401057,5.1243206309365
42,15,1,"Black",28.4832713088409,4.9337344230134
43,15,1,"Black",28.4547430919521,4.74399013644708
44,15,1,"Black",28.4293365433619,4.55550873191593
45,15,1,"Black",28.4072820564752,4.36871117009836
46,15,1,"Black",28.3887745641791,4.18401841167275
47,15,1,"Black",28.3739735388426,4.00185298831572
48,15,1,"Black",28.3630029923173,3.82289252254052
49,15,1,"Black",28.3559514759364,3.64834956175567
50,15,1,"Black",28.3528720805157,3.47950400991857
51,15,1,"Black",28.3537824363529,3.3176357709866
52,15,1,"Black",28.3586647132281,3.16402474891715
53,15,1,"Black",28.3674656204032,3.01995084766762
54,15,1,"Black",28.3800964066225,2.88666720942291
55,15,1,"Black",28.3964328601126,2.76461534198678
56,15,1,"Black",28.4163153085818,2.6532984185153
57,15,1,"Black",28.439548619221,2.55216734307762
58,15,1,"Black",28.4659021987029,2.46067301974289
59,15,1,"Black",28.4951099931827,2.37826635258029
60,15,1,"Black",28.5268704882974,2.30439824565898
61,15,1,"Black",28.5608467091665,2.23857620913016
62,15,1,"Black",28.5966662203913,2.18096579884878
63,15,1,"Black",28.6338648045755,2.13215711628514
64,15,1,"Black",28.6712669260426,2.09274733866978
65,15,1,"Black",28.7063661945547,2.06333364323323
66,15,1,"Black",28.735269043832,2.04451320720604
67,15,1,"Black",28.7526947315532,2.03688320781875
68,15,1,"Black",28.7522328738936,2.04079213950974
69,15,1,"Black",28.7291763254526,2.05519694164015
70,15,1,"Black",28.6833540591794,2.07857078782702
71,15,1,"Black",28.6192739773213,2.10938636597878
72,15,1,"Black",28.5448609519182,2.14611636400388
73,15,1,"Black",28.4701948652982,2.18723346981076
74,15,1,"Black",28.407395886486,2.23121104842699
75,15,1,"Black",28.3700972014613,2.2771968755272
76,15,1,"Black",28.3676450460033,2.326278673075
77,15,1,"Black",28.3992987385344,2.37989084802526
78,15,1,"Black",28.454140186782,2.43946780733286
79,15,1,"Black",28.5158784282195,2.50644395795266
80,15,1,"Black",28.5676541705059,2.58225370683953
81,15,1,"Black",28.5924765678897,2.66830638607921
82,15,1,"Black",28.5732232212091,2.76450683560886
83,15,1,"Black",28.4928017051629,2.86842793253534
84,15,1,"Black",28.3359263682954,2.97744195501238
85,15,1,"Black",28.0908951329812,3.08892118119372
86,15,1,"Black",27.7497510226964,3.20023788923308
87,15,1,"Black",27.3082821620187,3.3087643572842
88,15,1,"Black",26.7660217766273,3.41250978137736
89,15,1,"Black",26.1262481933029,3.52091730726295
90,15,1,"Black",25.3959848399278,3.65332014147867
91,15,1,"Black",24.5860002454858,3.82937759251498
92,15,1,"Black",23.7108080400622,4.06874896886238
93,15,1,"Black",22.788666954844,4.39109357901135
94,15,1,"Black",21.8415808221195,4.81607073145238
95,15,1,"Black",20.8952985752787,5.36033264756457
96,15,1,"Black",19.9793142488132,6.0166501921923
97,15,1,"Black",19.126866978316,6.7664058740351
98,15,1,"Black",18.3749410004816,7.59091206564995
99,15,1,"Black",17.7642656531062,8.47148113959384
100,15,1,"Black",17.3393153750875,9.38942546842377
101,15,1,"Black",17.1483097064247,10.3260574246967
21,16,1,"Black",29.01863905784,8.94579704511469
22,16,1,"Black",29.0405772603095,8.75471971640012
23,16,1,"Black",29.052607489953,8.56364238768556
24,16,1,"Black",29.0557048110501,8.372565058971
25,16,1,"Black",29.0508088273626,8.18148773025644
26,16,1,"Black",29.0388236821344,7.99041040154187
27,16,1,"Black",29.0206180580917,7.79933307282731
28,16,1,"Black",28.9970251774427,7.60825574411275
29,16,1,"Black",28.9688428018777,7.41717841539819
30,16,1,"Black",28.9368332325694,7.22610108668363
31,16,1,"Black",28.9017233101725,7.03502375796906
32,16,1,"Black",28.8642044148239,6.8439464292545
33,16,1,"Black",28.8249324661424,6.65286910053994
34,16,1,"Black",28.7845279232294,6.46179177182537
35,16,1,"Black",28.7435757846682,6.27071444311081
36,16,1,"Black",28.7026255885242,6.07963711439625
37,16,1,"Black",28.6621914123451,5.88855978568168
38,16,1,"Black",28.6227518731607,5.69748245696712
39,16,1,"Black",28.5847501274829,5.50640512825256
40,16,1,"Black",28.5485938713058,5.315327799538
41,16,1,"Black",28.5146553401057,5.1243206309365
42,16,1,"Black",28.4832713088409,4.9337344230134
43,16,1,"Black",28.4547430919521,4.74399013644708
44,16,1,"Black",28.4293365433619,4.55550873191593
45,16,1,"Black",28.4072820564752,4.36871117009836
46,16,1,"Black",28.3887745641791,4.18401841167275
47,16,1,"Black",28.3739735388426,4.00185298831572
48,16,1,"Black",28.3630029923173,3.82289252254052
49,16,1,"Black",28.3559514759364,3.64834956175567
50,16,1,"Black",28.3528720805157,3.47950400991857
51,16,1,"Black",28.3537824363529,3.3176357709866
52,16,1,"Black",28.3586647132281,3.16402474891715
53,16,1,"Black",28.3674656204032,3.01995084766762
54,16,1,"Black",28.3800964066225,2.88666720942291
55,16,1,"Black",28.3964328601126,2.76461534198678
56,16,1,"Black",28.4163153085818,2.6532984185153
57,16,1,"Black",28.439548619221,2.55216734307762
58,16,1,"Black",28.4659021987029,2.46067301974289
59,16,1,"Black",28.4951099931827,2.37826635258029
60,16,1,"Black",28.5268704882974,2.30439824565898
61,16,1,"Black",28.5608467091665,2.23857620913016
62,16,1,"Black",28.5966662203913,2.18096579884878
63,16,1,"Black",28.6338648045755,2.13215711628514
64,16,1,"Black",28.6712669260426,2.09274733866978
65,16,1,"Black",28.7063661945547,2.06333364323323
66,16,1,"Black",28.735269043832,2.04451320720604
67,16,1,"Black",28.7526947315532,2.03688320781875
68,16,1,"Black",28.7522328738936,2.04079213950974
69,16,1,"Black",28.7291763254526,2.05519694164015
70,16,1,"Black",28.6833540591794,2.07857078782702
71,16,1,"Black",28.6192739773213,2.10938636597878
72,16,1,"Black",28.5448609519182,2.14611636400388
73,16,1,"Black",28.4701948652982,2.18723346981076
74,16,1,"Black",28.407395886486,2.23121104842699
75,16,1,"Black",28.3700972014613,2.2771968755272
76,16,1,"Black",28.3676450460033,2.326278673075
77,16,1,"Black",28.3992987385344,2.37989084802526
78,16,1,"Black",28.454140186782,2.43946780733286
79,16,1,"Black",28.5158784282195,2.50644395795266
80,16,1,"Black",28.5676541705059,2.58225370683953
81,16,1,"Black",28.5924765678897,2.66830638607921
82,16,1,"Black",28.5732232212091,2.76450683560886
83,16,1,"Black",28.4928017051629,2.86842793253534
84,16,1,"Black",28.3359263682954,2.97744195501238
85,16,1,"Black",28.0908951329812,3.08892118119372
86,16,1,"Black",27.7497510226964,3.20023788923308
87,16,1,"Black",27.3082821620187,3.3087643572842
88,16,1,"Black",26.7660217766273,3.41250978137736
89,16,1,"Black",26.1262481933029,3.52091730726295
90,16,1,"Black",25.3959848399278,3.65332014147867
91,16,1,"Black",24.5860002454858,3.82937759251498
92,16,1,"Black",23.7108080400622,4.06874896886238
93,16,1,"Black",22.788666954844,4.39109357901135
94,16,1,"Black",21.8415808221195,4.81607073145238
95,16,1,"Black",20.8952985752787,5.36033264756457
96,16,1,"Black",19.9793142488132,6.0166501921923
97,16,1,"Black",19.126866978316,6.7664058740351
98,16,1,"Black",18.3749410004816,7.59091206564995
99,16,1,"Black",17.7642656531062,8.47148113959384
100,16,1,"Black",17.3393153750875,9.38942546842377
101,16,1,"Black",17.1483097064247,10.3260574246967
21,17,1,"Black",28.1748924812488,8.94579704511469
22,17,1,"Black",28.2281955203049,8.75471971640012
23,17,1,"Black",28.2715905865349,8.56364238768556
24,17,1,"Black",28.3060527442186,8.372565058971
25,17,1,"Black",28.3325215971176,8.18148773025644
26,17,1,"Black",28.351901288476,7.99041040154187
27,17,1,"Black",28.3650605010199,7.79933307282731
28,17,1,"Black",28.3728324569574,7.60825574411275
29,17,1,"Black",28.376014917979,7.41717841539819
30,17,1,"Black",28.3753701852573,7.22610108668363
31,17,1,"Black",28.3716250994469,7.03502375796906
32,17,1,"Black",28.3654710406848,6.8439464292545
33,17,1,"Black",28.3575639285899,6.65286910053994
34,17,1,"Black",28.3485242222635,6.46179177182537
35,17,1,"Black",28.3389369202888,6.27071444311081
36,17,1,"Black",28.3293515607314,6.07963711439625
37,17,1,"Black",28.3202822211388,5.88855978568168
38,17,1,"Black",28.312207518541,5.69748245696712
39,17,1,"Black",28.3055706094497,5.50640512825256
40,17,1,"Black",28.3007791898592,5.315327799538
41,17,1,"Black",28.2982054952456,5.1243206309365
42,17,1,"Black",28.2981863005674,4.9337344230134
43,17,1,"Black",28.3010229202651,4.74399013644708
44,17,1,"Black",28.3069812082615,4.55550873191593
45,17,1,"Black",28.3162915579614,4.36871117009836
46,17,1,"Black",28.3291489022518,4.18401841167275
47,17,1,"Black",28.3457127135019,4.00185298831572
48,17,1,"Black",28.3661070035631,3.82289252254052
49,17,1,"Black",28.3904203237688,3.64834956175567
50,17,1,"Black",28.4187057649346,3.47950400991857
51,17,1,"Black",28.4509809573584,3.3176357709866
52,17,1,"Black",28.4872280708201,3.16402474891715
53,17,1,"Black",28.5273938145818,3.01995084766762
54,17,1,"Black",28.5713894373877,2.88666720942291
55,17,1,"Black",28.6190907274643,2.76461534198678
56,17,1,"Black",28.6703380125201,2.6532984185153
57,17,1,"Black",28.7249361597458,2.55216734307762
58,17,1,"Black",28.7826545758143,2.46067301974289
59,17,1,"Black",28.8432272068806,2.37826635258029
60,17,1,"Black",28.906352538582,2.30439824565898
61,17,1,"Black",28.9716935960376,2.23857620913016
62,17,1,"Black",29.038877943849,2.18096579884878
63,17,1,"Black",29.1074413646197,2.13215711628514
64,17,1,"Black",29.1762083226733,2.09274733866978
65,17,1,"Black",29.242672427772,2.06333364323323
66,17,1,"Black",29.3029401136359,2.04451320720604
67,17,1,"Black",29.3517306379436,2.03688320781875
68,17,1,"Black",29.3826336168706,2.04079213950974
69,17,1,"Black",29.3909419050161,2.05519694164015
70,17,1,"Black",29.3764844753295,2.07857078782702
71,17,1,"Black",29.343769230058,2.10938636597878
72,17,1,"Black",29.3007210412415,2.14611636400388
73,17,1,"Black",29.257419791208,2.18723346981076
74,17,1,"Black",29.2259856489823,2.23121104842699
75,17,1,"Black",29.2200518005442,2.2771968755272
76,17,1,"Black",29.2489644816728,2.326278673075
77,17,1,"Black",29.3119830107904,2.37989084802526
78,17,1,"Black",29.3981892956246,2.43946780733286
79,17,1,"Black",29.4912923736486,2.50644395795266
80,17,1,"Black",29.5744329525215,2.58225370683953
81,17,1,"Black",29.630620186492,2.66830638607921
82,17,1,"Black",29.6427316763979,2.76450683560886
83,17,1,"Black",29.5936749969382,2.86842793253534
84,17,1,"Black",29.4681644966573,2.97744195501238
85,17,1,"Black",29.2544980979296,3.08892118119372
86,17,1,"Black",28.9447188242314,3.20023788923308
87,17,1,"Black",28.5346148001403,3.3087643572842
88,17,1,"Black",28.0237192513355,3.41250978137736
89,17,1,"Black",27.4153105045976,3.52091730726295
90,17,1,"Black",26.7164119878091,3.65332014147867
91,17,1,"Black",25.9377922299536,3.82937759251498
92,17,1,"Black",25.0939648611166,4.06874896886238
93,17,1,"Black",24.2031886124849,4.39109357901135
94,17,1,"Black",23.287467316347,4.81607073145238
95,17,1,"Black",22.3725499060928,5.36033264756457
96,17,1,"Black",21.4879304162138,6.0166501921923
97,17,1,"Black",20.6668479823031,6.7664058740351
98,17,1,"Black",19.9462868410553,7.59091206564995
99,17,1,"Black",19.3669763302665,8.47148113959384
100,17,1,"Black",18.9733908888344,9.38942546842377
101,17,1,"Black",18.8137500567581,10.3260574246967
21,18,1,"Black",28.1748924812488,8.94579704511469
22,18,1,"Black",28.2281955203049,8.75471971640012
23,18,1,"Black",28.2715905865349,8.56364238768556
24,18,1,"Black",28.3060527442186,8.372565058971
25,18,1,"Black",28.3325215971176,8.18148773025644
26,18,1,"Black",28.351901288476,7.99041040154187
27,18,1,"Black",28.3650605010199,7.79933307282731
28,18,1,"Black",28.3728324569574,7.60825574411275
29,18,1,"Black",28.376014917979,7.41717841539819
30,18,1,"Black",28.3753701852573,7.22610108668363
31,18,1,"Black",28.3716250994469,7.03502375796906
32,18,1,"Black",28.3654710406848,6.8439464292545
33,18,1,"Black",28.3575639285899,6.65286910053994
34,18,1,"Black",28.3485242222635,6.46179177182537
35,18,1,"Black",28.3389369202888,6.27071444311081
36,18,1,"Black",28.3293515607314,6.07963711439625
37,18,1,"Black",28.3202822211388,5.88855978568168
38,18,1,"Black",28.312207518541,5.69748245696712
39,18,1,"Black",28.3055706094497,5.50640512825256
40,18,1,"Black",28.3007791898592,5.315327799538
41,18,1,"Black",28.2982054952456,5.1243206309365
42,18,1,"Black",28.2981863005674,4.9337344230134
43,18,1,"Black",28.3010229202651,4.74399013644708
44,18,1,"Black",28.3069812082615,4.55550873191593
45,18,1,"Black",28.3162915579614,4.36871117009836
46,18,1,"Black",28.3291489022518,4.18401841167275
47,18,1,"Black",28.3457127135019,4.00185298831572
48,18,1,"Black",28.3661070035631,3.82289252254052
49,18,1,"Black",28.3904203237688,3.64834956175567
50,18,1,"Black",28.4187057649346,3.47950400991857
51,18,1,"Black",28.4509809573584,3.3176357709866
52,18,1,"Black",28.4872280708201,3.16402474891715
53,18,1,"Black",28.5273938145818,3.01995084766762
54,18,1,"Black",28.5713894373877,2.88666720942291
55,18,1,"Black",28.6190907274643,2.76461534198678
56,18,1,"Black",28.6703380125201,2.6532984185153
57,18,1,"Black",28.7249361597458,2.55216734307762
58,18,1,"Black",28.7826545758143,2.46067301974289
59,18,1,"Black",28.8432272068806,2.37826635258029
60,18,1,"Black",28.906352538582,2.30439824565898
61,18,1,"Black",28.9716935960376,2.23857620913016
62,18,1,"Black",29.038877943849,2.18096579884878
63,18,1,"Black",29.1074413646197,2.13215711628514
64,18,1,"Black",29.1762083226733,2.09274733866978
65,18,1,"Black",29.242672427772,2.06333364323323
66,18,1,"Black",29.3029401136359,2.04451320720604
67,18,1,"Black",29.3517306379436,2.03688320781875
68,18,1,"Black",29.3826336168706,2.04079213950974
69,18,1,"Black",29.3909419050161,2.05519694164015
70,18,1,"Black",29.3764844753295,2.07857078782702
71,18,1,"Black",29.343769230058,2.10938636597878
72,18,1,"Black",29.3007210412415,2.14611636400388
73,18,1,"Black",29.257419791208,2.18723346981076
74,18,1,"Black",29.2259856489823,2.23121104842699
75,18,1,"Black",29.2200518005442,2.2771968755272
76,18,1,"Black",29.2489644816728,2.326278673075
77,18,1,"Black",29.3119830107904,2.37989084802526
78,18,1,"Black",29.3981892956246,2.43946780733286
79,18,1,"Black",29.4912923736486,2.50644395795266
80,18,1,"Black",29.5744329525215,2.58225370683953
81,18,1,"Black",29.630620186492,2.66830638607921
82,18,1,"Black",29.6427316763979,2.76450683560886
83,18,1,"Black",29.5936749969382,2.86842793253534
84,18,1,"Black",29.4681644966573,2.97744195501238
85,18,1,"Black",29.2544980979296,3.08892118119372
86,18,1,"Black",28.9447188242314,3.20023788923308
87,18,1,"Black",28.5346148001403,3.3087643572842
88,18,1,"Black",28.0237192513355,3.41250978137736
89,18,1,"Black",27.4153105045976,3.52091730726295
90,18,1,"Black",26.7164119878091,3.65332014147867
91,18,1,"Black",25.9377922299536,3.82937759251498
92,18,1,"Black",25.0939648611166,4.06874896886238
93,18,1,"Black",24.2031886124849,4.39109357901135
94,18,1,"Black",23.287467316347,4.81607073145238
95,18,1,"Black",22.3725499060928,5.36033264756457
96,18,1,"Black",21.4879304162138,6.0166501921923
97,18,1,"Black",20.6668479823031,6.7664058740351
98,18,1,"Black",19.9462868410553,7.59091206564995
99,18,1,"Black",19.3669763302665,8.47148113959384
100,18,1,"Black",18.9733908888344,9.38942546842377
101,18,1,"Black",18.8137500567581,10.3260574246967
21,19,1,"Black",28.1748924812488,8.94579704511469
22,19,1,"Black",28.2281955203049,8.75471971640012
23,19,1,"Black",28.2715905865349,8.56364238768556
24,19,1,"Black",28.3060527442186,8.372565058971
25,19,1,"Black",28.3325215971176,8.18148773025644
26,19,1,"Black",28.351901288476,7.99041040154187
27,19,1,"Black",28.3650605010199,7.79933307282731
28,19,1,"Black",28.3728324569574,7.60825574411275
29,19,1,"Black",28.376014917979,7.41717841539819
30,19,1,"Black",28.3753701852573,7.22610108668363
31,19,1,"Black",28.3716250994469,7.03502375796906
32,19,1,"Black",28.3654710406848,6.8439464292545
33,19,1,"Black",28.3575639285899,6.65286910053994
34,19,1,"Black",28.3485242222635,6.46179177182537
35,19,1,"Black",28.3389369202888,6.27071444311081
36,19,1,"Black",28.3293515607314,6.07963711439625
37,19,1,"Black",28.3202822211388,5.88855978568168
38,19,1,"Black",28.312207518541,5.69748245696712
39,19,1,"Black",28.3055706094497,5.50640512825256
40,19,1,"Black",28.3007791898592,5.315327799538
41,19,1,"Black",28.2982054952456,5.1243206309365
42,19,1,"Black",28.2981863005674,4.9337344230134
43,19,1,"Black",28.3010229202651,4.74399013644708
44,19,1,"Black",28.3069812082615,4.55550873191593
45,19,1,"Black",28.3162915579614,4.36871117009836
46,19,1,"Black",28.3291489022518,4.18401841167275
47,19,1,"Black",28.3457127135019,4.00185298831572
48,19,1,"Black",28.3661070035631,3.82289252254052
49,19,1,"Black",28.3904203237688,3.64834956175567
50,19,1,"Black",28.4187057649346,3.47950400991857
51,19,1,"Black",28.4509809573584,3.3176357709866
52,19,1,"Black",28.4872280708201,3.16402474891715
53,19,1,"Black",28.5273938145818,3.01995084766762
54,19,1,"Black",28.5713894373877,2.88666720942291
55,19,1,"Black",28.6190907274643,2.76461534198678
56,19,1,"Black",28.6703380125201,2.6532984185153
57,19,1,"Black",28.7249361597458,2.55216734307762
58,19,1,"Black",28.7826545758143,2.46067301974289
59,19,1,"Black",28.8432272068806,2.37826635258029
60,19,1,"Black",28.906352538582,2.30439824565898
61,19,1,"Black",28.9716935960376,2.23857620913016
62,19,1,"Black",29.038877943849,2.18096579884878
63,19,1,"Black",29.1074413646197,2.13215711628514
64,19,1,"Black",29.1762083226733,2.09274733866978
65,19,1,"Black",29.242672427772,2.06333364323323
66,19,1,"Black",29.3029401136359,2.04451320720604
67,19,1,"Black",29.3517306379436,2.03688320781875
68,19,1,"Black",29.3826336168706,2.04079213950974
69,19,1,"Black",29.3909419050161,2.05519694164015
70,19,1,"Black",29.3764844753295,2.07857078782702
71,19,1,"Black",29.343769230058,2.10938636597878
72,19,1,"Black",29.3007210412415,2.14611636400388
73,19,1,"Black",29.257419791208,2.18723346981076
74,19,1,"Black",29.2259856489823,2.23121104842699
75,19,1,"Black",29.2200518005442,2.2771968755272
76,19,1,"Black",29.2489644816728,2.326278673075
77,19,1,"Black",29.3119830107904,2.37989084802526
78,19,1,"Black",29.3981892956246,2.43946780733286
79,19,1,"Black",29.4912923736486,2.50644395795266
80,19,1,"Black",29.5744329525215,2.58225370683953
81,19,1,"Black",29.630620186492,2.66830638607921
82,19,1,"Black",29.6427316763979,2.76450683560886
83,19,1,"Black",29.5936749969382,2.86842793253534
84,19,1,"Black",29.4681644966573,2.97744195501238
85,19,1,"Black",29.2544980979296,3.08892118119372
86,19,1,"Black",28.9447188242314,3.20023788923308
87,19,1,"Black",28.5346148001403,3.3087643572842
88,19,1,"Black",28.0237192513355,3.41250978137736
89,19,1,"Black",27.4153105045976,3.52091730726295
90,19,1,"Black",26.7164119878091,3.65332014147867
91,19,1,"Black",25.9377922299536,3.82937759251498
92,19,1,"Black",25.0939648611166,4.06874896886238
93,19,1,"Black",24.2031886124849,4.39109357901135
94,19,1,"Black",23.287467316347,4.81607073145238
95,19,1,"Black",22.3725499060928,5.36033264756457
96,19,1,"Black",21.4879304162138,6.0166501921923
97,19,1,"Black",20.6668479823031,6.7664058740351
98,19,1,"Black",19.9462868410553,7.59091206564995
99,19,1,"Black",19.3669763302665,8.47148113959384
100,19,1,"Black",18.9733908888344,9.38942546842377
101,19,1,"Black",18.8137500567581,10.3260574246967
21,20,1,"Black",28.1748924812488,8.94579704511469
22,20,1,"Black",28.2281955203049,8.75471971640012
23,20,1,"Black",28.2715905865349,8.56364238768556
24,20,1,"Black",28.3060527442186,8.372565058971
25,20,1,"Black",28.3325215971176,8.18148773025644
26,20,1,"Black",28.351901288476,7.99041040154187
27,20,1,"Black",28.3650605010199,7.79933307282731
28,20,1,"Black",28.3728324569574,7.60825574411275
29,20,1,"Black",28.376014917979,7.41717841539819
30,20,1,"Black",28.3753701852573,7.22610108668363
31,20,1,"Black",28.3716250994469,7.03502375796906
32,20,1,"Black",28.3654710406848,6.8439464292545
33,20,1,"Black",28.3575639285899,6.65286910053994
34,20,1,"Black",28.3485242222635,6.46179177182537
35,20,1,"Black",28.3389369202888,6.27071444311081
36,20,1,"Black",28.3293515607314,6.07963711439625
37,20,1,"Black",28.3202822211388,5.88855978568168
38,20,1,"Black",28.312207518541,5.69748245696712
39,20,1,"Black",28.3055706094497,5.50640512825256
40,20,1,"Black",28.3007791898592,5.315327799538
41,20,1,"Black",28.2982054952456,5.1243206309365
42,20,1,"Black",28.2981863005674,4.9337344230134
43,20,1,"Black",28.3010229202651,4.74399013644708
44,20,1,"Black",28.3069812082615,4.55550873191593
45,20,1,"Black",28.3162915579614,4.36871117009836
46,20,1,"Black",28.3291489022518,4.18401841167275
47,20,1,"Black",28.3457127135019,4.00185298831572
48,20,1,"Black",28.3661070035631,3.82289252254052
49,20,1,"Black",28.3904203237688,3.64834956175567
50,20,1,"Black",28.4187057649346,3.47950400991857
51,20,1,"Black",28.4509809573584,3.3176357709866
52,20,1,"Black",28.4872280708201,3.16402474891715
53,20,1,"Black",28.5273938145818,3.01995084766762
54,20,1,"Black",28.5713894373877,2.88666720942291
55,20,1,"Black",28.6190907274643,2.76461534198678
56,20,1,"Black",28.6703380125201,2.6532984185153
57,20,1,"Black",28.7249361597458,2.55216734307762
58,20,1,"Black",28.7826545758143,2.46067301974289
59,20,1,"Black",28.8432272068806,2.37826635258029
60,20,1,"Black",28.906352538582,2.30439824565898
61,20,1,"Black",28.9716935960376,2.23857620913016
62,20,1,"Black",29.038877943849,2.18096579884878
63,20,1,"Black",29.1074413646197,2.13215711628514
64,20,1,"Black",29.1762083226733,2.09274733866978
65,20,1,"Black",29.242672427772,2.06333364323323
66,20,1,"Black",29.3029401136359,2.04451320720604
67,20,1,"Black",29.3517306379436,2.03688320781875
68,20,1,"Black",29.3826336168706,2.04079213950974
69,20,1,"Black",29.3909419050161,2.05519694164015
70,20,1,"Black",29.3764844753295,2.07857078782702
71,20,1,"Black",29.343769230058,2.10938636597878
72,20,1,"Black",29.3007210412415,2.14611636400388
73,20,1,"Black",29.257419791208,2.18723346981076
74,20,1,"Black",29.2259856489823,2.23121104842699
75,20,1,"Black",29.2200518005442,2.2771968755272
76,20,1,"Black",29.2489644816728,2.326278673075
77,20,1,"Black",29.3119830107904,2.37989084802526
78,20,1,"Black",29.3981892956246,2.43946780733286
79,20,1,"Black",29.4912923736486,2.50644395795266
80,20,1,"Black",29.5744329525215,2.58225370683953
81,20,1,"Black",29.630620186492,2.66830638607921
82,20,1,"Black",29.6427316763979,2.76450683560886
83,20,1,"Black",29.5936749969382,2.86842793253534
84,20,1,"Black",29.4681644966573,2.97744195501238
85,20,1,"Black",29.2544980979296,3.08892118119372
86,20,1,"Black",28.9447188242314,3.20023788923308
87,20,1,"Black",28.5346148001403,3.3087643572842
88,20,1,"Black",28.0237192513355,3.41250978137736
89,20,1,"Black",27.4153105045976,3.52091730726295
90,20,1,"Black",26.7164119878091,3.65332014147867
91,20,1,"Black",25.9377922299536,3.82937759251498
92,20,1,"Black",25.0939648611166,4.06874896886238
93,20,1,"Black",24.2031886124849,4.39109357901135
94,20,1,"Black",23.287467316347,4.81607073145238
95,20,1,"Black",22.3725499060928,5.36033264756457
96,20,1,"Black",21.4879304162138,6.0166501921923
97,20,1,"Black",20.6668479823031,6.7664058740351
98,20,1,"Black",19.9462868410553,7.59091206564995
99,20,1,"Black",19.3669763302665,8.47148113959384
100,20,1,"Black",18.9733908888344,9.38942546842377
101,20,1,"Black",18.8137500567581,10.3260574246967
21,21,1,"Black",28.1748924812488,8.94579704511469
22,21,1,"Black",28.2281955203049,8.75471971640012
23,21,1,"Black",28.2715905865349,8.56364238768556
24,21,1,"Black",28.3060527442186,8.372565058971
25,21,1,"Black",28.3325215971176,8.18148773025644
26,21,1,"Black",28.351901288476,7.99041040154187
27,21,1,"Black",28.3650605010199,7.79933307282731
28,21,1,"Black",28.3728324569574,7.60825574411275
29,21,1,"Black",28.376014917979,7.41717841539819
30,21,1,"Black",28.3753701852573,7.22610108668363
31,21,1,"Black",28.3716250994469,7.03502375796906
32,21,1,"Black",28.3654710406848,6.8439464292545
33,21,1,"Black",28.3575639285899,6.65286910053994
34,21,1,"Black",28.3485242222635,6.46179177182537
35,21,1,"Black",28.3389369202888,6.27071444311081
36,21,1,"Black",28.3293515607314,6.07963711439625
37,21,1,"Black",28.3202822211388,5.88855978568168
38,21,1,"Black",28.312207518541,5.69748245696712
39,21,1,"Black",28.3055706094497,5.50640512825256
40,21,1,"Black",28.3007791898592,5.315327799538
41,21,1,"Black",28.2982054952456,5.1243206309365
42,21,1,"Black",28.2981863005674,4.9337344230134
43,21,1,"Black",28.3010229202651,4.74399013644708
44,21,1,"Black",28.3069812082615,4.55550873191593
45,21,1,"Black",28.3162915579614,4.36871117009836
46,21,1,"Black",28.3291489022518,4.18401841167275
47,21,1,"Black",28.3457127135019,4.00185298831572
48,21,1,"Black",28.3661070035631,3.82289252254052
49,21,1,"Black",28.3904203237688,3.64834956175567
50,21,1,"Black",28.4187057649346,3.47950400991857
51,21,1,"Black",28.4509809573584,3.3176357709866
52,21,1,"Black",28.4872280708201,3.16402474891715
53,21,1,"Black",28.5273938145818,3.01995084766762
54,21,1,"Black",28.5713894373877,2.88666720942291
55,21,1,"Black",28.6190907274643,2.76461534198678
56,21,1,"Black",28.6703380125201,2.6532984185153
57,21,1,"Black",28.7249361597458,2.55216734307762
58,21,1,"Black",28.7826545758143,2.46067301974289
59,21,1,"Black",28.8432272068806,2.37826635258029
60,21,1,"Black",28.906352538582,2.30439824565898
61,21,1,"Black",28.9716935960376,2.23857620913016
62,21,1,"Black",29.038877943849,2.18096579884878
63,21,1,"Black",29.1074413646197,2.13215711628514
64,21,1,"Black",29.1762083226733,2.09274733866978
65,21,1,"Black",29.242672427772,2.06333364323323
66,21,1,"Black",29.3029401136359,2.04451320720604
67,21,1,"Black",29.3517306379436,2.03688320781875
68,21,1,"Black",29.3826336168706,2.04079213950974
69,21,1,"Black",29.3909419050161,2.05519694164015
70,21,1,"Black",29.3764844753295,2.07857078782702
71,21,1,"Black",29.343769230058,2.10938636597878
72,21,1,"Black",29.3007210412415,2.14611636400388
73,21,1,"Black",29.257419791208,2.18723346981076
74,21,1,"Black",29.2259856489823,2.23121104842699
75,21,1,"Black",29.2200518005442,2.2771968755272
76,21,1,"Black",29.2489644816728,2.326278673075
77,21,1,"Black",29.3119830107904,2.37989084802526
78,21,1,"Black",29.3981892956246,2.43946780733286
79,21,1,"Black",29.4912923736486,2.50644395795266
80,21,1,"Black",29.5744329525215,2.58225370683953
81,21,1,"Black",29.630620186492,2.66830638607921
82,21,1,"Black",29.6427316763979,2.76450683560886
83,21,1,"Black",29.5936749969382,2.86842793253534
84,21,1,"Black",29.4681644966573,2.97744195501238
85,21,1,"Black",29.2544980979296,3.08892118119372
86,21,1,"Black",28.9447188242314,3.20023788923308
87,21,1,"Black",28.5346148001403,3.3087643572842
88,21,1,"Black",28.0237192513355,3.41250978137736
89,21,1,"Black",27.4153105045976,3.52091730726295
90,21,1,"Black",26.7164119878091,3.65332014147867
91,21,1,"Black",25.9377922299536,3.82937759251498
92,21,1,"Black",25.0939648611166,4.06874896886238
93,21,1,"Black",24.2031886124849,4.39109357901135
94,21,1,"Black",23.287467316347,4.81607073145238
95,21,1,"Black",22.3725499060928,5.36033264756457
96,21,1,"Black",21.4879304162138,6.0166501921923
97,21,1,"Black",20.6668479823031,6.7664058740351
98,21,1,"Black",19.9462868410553,7.59091206564995
99,21,1,"Black",19.3669763302665,8.47148113959384
100,21,1,"Black",18.9733908888344,9.38942546842377
101,21,1,"Black",18.8137500567581,10.3260574246967
21,22,1,"Black",28.1748924812488,8.94579704511469
22,22,1,"Black",28.2281955203049,8.75471971640012
23,22,1,"Black",28.2715905865349,8.56364238768556
24,22,1,"Black",28.3060527442186,8.372565058971
25,22,1,"Black",28.3325215971176,8.18148773025644
26,22,1,"Black",28.351901288476,7.99041040154187
27,22,1,"Black",28.3650605010199,7.79933307282731
28,22,1,"Black",28.3728324569574,7.60825574411275
29,22,1,"Black",28.376014917979,7.41717841539819
30,22,1,"Black",28.3753701852573,7.22610108668363
31,22,1,"Black",28.3716250994469,7.03502375796906
32,22,1,"Black",28.3654710406848,6.8439464292545
33,22,1,"Black",28.3575639285899,6.65286910053994
34,22,1,"Black",28.3485242222635,6.46179177182537
35,22,1,"Black",28.3389369202888,6.27071444311081
36,22,1,"Black",28.3293515607314,6.07963711439625
37,22,1,"Black",28.3202822211388,5.88855978568168
38,22,1,"Black",28.312207518541,5.69748245696712
39,22,1,"Black",28.3055706094497,5.50640512825256
40,22,1,"Black",28.3007791898592,5.315327799538
41,22,1,"Black",28.2982054952456,5.1243206309365
42,22,1,"Black",28.2981863005674,4.9337344230134
43,22,1,"Black",28.3010229202651,4.74399013644708
44,22,1,"Black",28.3069812082615,4.55550873191593
45,22,1,"Black",28.3162915579614,4.36871117009836
46,22,1,"Black",28.3291489022518,4.18401841167275
47,22,1,"Black",28.3457127135019,4.00185298831572
48,22,1,"Black",28.3661070035631,3.82289252254052
49,22,1,"Black",28.3904203237688,3.64834956175567
50,22,1,"Black",28.4187057649346,3.47950400991857
51,22,1,"Black",28.4509809573584,3.3176357709866
52,22,1,"Black",28.4872280708201,3.16402474891715
53,22,1,"Black",28.5273938145818,3.01995084766762
54,22,1,"Black",28.5713894373877,2.88666720942291
55,22,1,"Black",28.6190907274643,2.76461534198678
56,22,1,"Black",28.6703380125201,2.6532984185153
57,22,1,"Black",28.7249361597458,2.55216734307762
58,22,1,"Black",28.7826545758143,2.46067301974289
59,22,1,"Black",28.8432272068806,2.37826635258029
60,22,1,"Black",28.906352538582,2.30439824565898
61,22,1,"Black",28.9716935960376,2.23857620913016
62,22,1,"Black",29.038877943849,2.18096579884878
63,22,1,"Black",29.1074413646197,2.13215711628514
64,22,1,"Black",29.1762083226733,2.09274733866978
65,22,1,"Black",29.242672427772,2.06333364323323
66,22,1,"Black",29.3029401136359,2.04451320720604
67,22,1,"Black",29.3517306379436,2.03688320781875
68,22,1,"Black",29.3826336168706,2.04079213950974
69,22,1,"Black",29.3909419050161,2.05519694164015
70,22,1,"Black",29.3764844753295,2.07857078782702
71,22,1,"Black",29.343769230058,2.10938636597878
72,22,1,"Black",29.3007210412415,2.14611636400388
73,22,1,"Black",29.257419791208,2.18723346981076
74,22,1,"Black",29.2259856489823,2.23121104842699
75,22,1,"Black",29.2200518005442,2.2771968755272
76,22,1,"Black",29.2489644816728,2.326278673075
77,22,1,"Black",29.3119830107904,2.37989084802526
78,22,1,"Black",29.3981892956246,2.43946780733286
79,22,1,"Black",29.4912923736486,2.50644395795266
80,22,1,"Black",29.5744329525215,2.58225370683953
81,22,1,"Black",29.630620186492,2.66830638607921
82,22,1,"Black",29.6427316763979,2.76450683560886
83,22,1,"Black",29.5936749969382,2.86842793253534
84,22,1,"Black",29.4681644966573,2.97744195501238
85,22,1,"Black",29.2544980979296,3.08892118119372
86,22,1,"Black",28.9447188242314,3.20023788923308
87,22,1,"Black",28.5346148001403,3.3087643572842
88,22,1,"Black",28.0237192513355,3.41250978137736
89,22,1,"Black",27.4153105045976,3.52091730726295
90,22,1,"Black",26.7164119878091,3.65332014147867
91,22,1,"Black",25.9377922299536,3.82937759251498
92,22,1,"Black",25.0939648611166,4.06874896886238
93,22,1,"Black",24.2031886124849,4.39109357901135
94,22,1,"Black",23.287467316347,4.81607073145238
95,22,1,"Black",22.3725499060928,5.36033264756457
96,22,1,"Black",21.4879304162138,6.0166501921923
97,22,1,"Black",20.6668479823031,6.7664058740351
98,22,1,"Black",19.9462868410553,7.59091206564995
99,22,1,"Black",19.3669763302665,8.47148113959384
100,22,1,"Black",18.9733908888344,9.38942546842377
101,22,1,"Black",18.8137500567581,10.3260574246967
21,23,1,"Black",28.1748924812488,8.94579704511469
22,23,1,"Black",28.2281955203049,8.75471971640012
23,23,1,"Black",28.2715905865349,8.56364238768556
24,23,1,"Black",28.3060527442186,8.372565058971
25,23,1,"Black",28.3325215971176,8.18148773025644
26,23,1,"Black",28.351901288476,7.99041040154187
27,23,1,"Black",28.3650605010199,7.79933307282731
28,23,1,"Black",28.3728324569574,7.60825574411275
29,23,1,"Black",28.376014917979,7.41717841539819
30,23,1,"Black",28.3753701852573,7.22610108668363
31,23,1,"Black",28.3716250994469,7.03502375796906
32,23,1,"Black",28.3654710406848,6.8439464292545
33,23,1,"Black",28.3575639285899,6.65286910053994
34,23,1,"Black",28.3485242222635,6.46179177182537
35,23,1,"Black",28.3389369202888,6.27071444311081
36,23,1,"Black",28.3293515607314,6.07963711439625
37,23,1,"Black",28.3202822211388,5.88855978568168
38,23,1,"Black",28.312207518541,5.69748245696712
39,23,1,"Black",28.3055706094497,5.50640512825256
40,23,1,"Black",28.3007791898592,5.315327799538
41,23,1,"Black",28.2982054952456,5.1243206309365
42,23,1,"Black",28.2981863005674,4.9337344230134
43,23,1,"Black",28.3010229202651,4.74399013644708
44,23,1,"Black",28.3069812082615,4.55550873191593
45,23,1,"Black",28.3162915579614,4.36871117009836
46,23,1,"Black",28.3291489022518,4.18401841167275
47,23,1,"Black",28.3457127135019,4.00185298831572
48,23,1,"Black",28.3661070035631,3.82289252254052
49,23,1,"Black",28.3904203237688,3.64834956175567
50,23,1,"Black",28.4187057649346,3.47950400991857
51,23,1,"Black",28.4509809573584,3.3176357709866
52,23,1,"Black",28.4872280708201,3.16402474891715
53,23,1,"Black",28.5273938145818,3.01995084766762
54,23,1,"Black",28.5713894373877,2.88666720942291
55,23,1,"Black",28.6190907274643,2.76461534198678
56,23,1,"Black",28.6703380125201,2.6532984185153
57,23,1,"Black",28.7249361597458,2.55216734307762
58,23,1,"Black",28.7826545758143,2.46067301974289
59,23,1,"Black",28.8432272068806,2.37826635258029
60,23,1,"Black",28.906352538582,2.30439824565898
61,23,1,"Black",28.9716935960376,2.23857620913016
62,23,1,"Black",29.038877943849,2.18096579884878
63,23,1,"Black",29.1074413646197,2.13215711628514
64,23,1,"Black",29.1762083226733,2.09274733866978
65,23,1,"Black",29.242672427772,2.06333364323323
66,23,1,"Black",29.3029401136359,2.04451320720604
67,23,1,"Black",29.3517306379436,2.03688320781875
68,23,1,"Black",29.3826336168706,2.04079213950974
69,23,1,"Black",29.3909419050161,2.05519694164015
70,23,1,"Black",29.3764844753295,2.07857078782702
71,23,1,"Black",29.343769230058,2.10938636597878
72,23,1,"Black",29.3007210412415,2.14611636400388
73,23,1,"Black",29.257419791208,2.18723346981076
74,23,1,"Black",29.2259856489823,2.23121104842699
75,23,1,"Black",29.2200518005442,2.2771968755272
76,23,1,"Black",29.2489644816728,2.326278673075
77,23,1,"Black",29.3119830107904,2.37989084802526
78,23,1,"Black",29.3981892956246,2.43946780733286
79,23,1,"Black",29.4912923736486,2.50644395795266
80,23,1,"Black",29.5744329525215,2.58225370683953
81,23,1,"Black",29.630620186492,2.66830638607921
82,23,1,"Black",29.6427316763979,2.76450683560886
83,23,1,"Black",29.5936749969382,2.86842793253534
84,23,1,"Black",29.4681644966573,2.97744195501238
85,23,1,"Black",29.2544980979296,3.08892118119372
86,23,1,"Black",28.9447188242314,3.20023788923308
87,23,1,"Black",28.5346148001403,3.3087643572842
88,23,1,"Black",28.0237192513355,3.41250978137736
89,23,1,"Black",27.4153105045976,3.52091730726295
90,23,1,"Black",26.7164119878091,3.65332014147867
91,23,1,"Black",25.9377922299536,3.82937759251498
92,23,1,"Black",25.0939648611166,4.06874896886238
93,23,1,"Black",24.2031886124849,4.39109357901135
94,23,1,"Black",23.287467316347,4.81607073145238
95,23,1,"Black",22.3725499060928,5.36033264756457
96,23,1,"Black",21.4879304162138,6.0166501921923
97,23,1,"Black",20.6668479823031,6.7664058740351
98,23,1,"Black",19.9462868410553,7.59091206564995
99,23,1,"Black",19.3669763302665,8.47148113959384
100,23,1,"Black",18.9733908888344,9.38942546842377
101,23,1,"Black",18.8137500567581,10.3260574246967
21,24,1,"Black",28.1748924812488,8.94579704511469
22,24,1,"Black",28.2281955203049,8.75471971640012
23,24,1,"Black",28.2715905865349,8.56364238768556
24,24,1,"Black",28.3060527442186,8.372565058971
25,24,1,"Black",28.3325215971176,8.18148773025644
26,24,1,"Black",28.351901288476,7.99041040154187
27,24,1,"Black",28.3650605010199,7.79933307282731
28,24,1,"Black",28.3728324569574,7.60825574411275
29,24,1,"Black",28.376014917979,7.41717841539819
30,24,1,"Black",28.3753701852573,7.22610108668363
31,24,1,"Black",28.3716250994469,7.03502375796906
32,24,1,"Black",28.3654710406848,6.8439464292545
33,24,1,"Black",28.3575639285899,6.65286910053994
34,24,1,"Black",28.3485242222635,6.46179177182537
35,24,1,"Black",28.3389369202888,6.27071444311081
36,24,1,"Black",28.3293515607314,6.07963711439625
37,24,1,"Black",28.3202822211388,5.88855978568168
38,24,1,"Black",28.312207518541,5.69748245696712
39,24,1,"Black",28.3055706094497,5.50640512825256
40,24,1,"Black",28.3007791898592,5.315327799538
41,24,1,"Black",28.2982054952456,5.1243206309365
42,24,1,"Black",28.2981863005674,4.9337344230134
43,24,1,"Black",28.3010229202651,4.74399013644708
44,24,1,"Black",28.3069812082615,4.55550873191593
45,24,1,"Black",28.3162915579614,4.36871117009836
46,24,1,"Black",28.3291489022518,4.18401841167275
47,24,1,"Black",28.3457127135019,4.00185298831572
48,24,1,"Black",28.3661070035631,3.82289252254052
49,24,1,"Black",28.3904203237688,3.64834956175567
50,24,1,"Black",28.4187057649346,3.47950400991857
51,24,1,"Black",28.4509809573584,3.3176357709866
52,24,1,"Black",28.4872280708201,3.16402474891715
53,24,1,"Black",28.5273938145818,3.01995084766762
54,24,1,"Black",28.5713894373877,2.88666720942291
55,24,1,"Black",28.6190907274643,2.76461534198678
56,24,1,"Black",28.6703380125201,2.6532984185153
57,24,1,"Black",28.7249361597458,2.55216734307762
58,24,1,"Black",28.7826545758143,2.46067301974289
59,24,1,"Black",28.8432272068806,2.37826635258029
60,24,1,"Black",28.906352538582,2.30439824565898
61,24,1,"Black",28.9716935960376,2.23857620913016
62,24,1,"Black",29.038877943849,2.18096579884878
63,24,1,"Black",29.1074413646197,2.13215711628514
64,24,1,"Black",29.1762083226733,2.09274733866978
65,24,1,"Black",29.242672427772,2.06333364323323
66,24,1,"Black",29.3029401136359,2.04451320720604
67,24,1,"Black",29.3517306379436,2.03688320781875
68,24,1,"Black",29.3826336168706,2.04079213950974
69,24,1,"Black",29.3909419050161,2.05519694164015
70,24,1,"Black",29.3764844753295,2.07857078782702
71,24,1,"Black",29.343769230058,2.10938636597878
72,24,1,"Black",29.3007210412415,2.14611636400388
73,24,1,"Black",29.257419791208,2.18723346981076
74,24,1,"Black",29.2259856489823,2.23121104842699
75,24,1,"Black",29.2200518005442,2.2771968755272
76,24,1,"Black",29.2489644816728,2.326278673075
77,24,1,"Black",29.3119830107904,2.37989084802526
78,24,1,"Black",29.3981892956246,2.43946780733286
79,24,1,"Black",29.4912923736486,2.50644395795266
80,24,1,"Black",29.5744329525215,2.58225370683953
81,24,1,"Black",29.630620186492,2.66830638607921
82,24,1,"Black",29.6427316763979,2.76450683560886
83,24,1,"Black",29.5936749969382,2.86842793253534
84,24,1,"Black",29.4681644966573,2.97744195501238
85,24,1,"Black",29.2544980979296,3.08892118119372
86,24,1,"Black",28.9447188242314,3.20023788923308
87,24,1,"Black",28.5346148001403,3.3087643572842
88,24,1,"Black",28.0237192513355,3.41250978137736
89,24,1,"Black",27.4153105045976,3.52091730726295
90,24,1,"Black",26.7164119878091,3.65332014147867
91,24,1,"Black",25.9377922299536,3.82937759251498
92,24,1,"Black",25.0939648611166,4.06874896886238
93,24,1,"Black",24.2031886124849,4.39109357901135
94,24,1,"Black",23.287467316347,4.81607073145238
95,24,1,"Black",22.3725499060928,5.36033264756457
96,24,1,"Black",21.4879304162138,6.0166501921923
97,24,1,"Black",20.6668479823031,6.7664058740351
98,24,1,"Black",19.9462868410553,7.59091206564995
99,24,1,"Black",19.3669763302665,8.47148113959384
100,24,1,"Black",18.9733908888344,9.38942546842377
101,24,1,"Black",18.8137500567581,10.3260574246967
21,25,1,"Black",28.1748924812488,8.94579704511469
22,25,1,"Black",28.2281955203049,8.75471971640012
23,25,1,"Black",28.2715905865349,8.56364238768556
24,25,1,"Black",28.3060527442186,8.372565058971
25,25,1,"Black",28.3325215971176,8.18148773025644
26,25,1,"Black",28.351901288476,7.99041040154187
27,25,1,"Black",28.3650605010199,7.79933307282731
28,25,1,"Black",28.3728324569574,7.60825574411275
29,25,1,"Black",28.376014917979,7.41717841539819
30,25,1,"Black",28.3753701852573,7.22610108668363
31,25,1,"Black",28.3716250994469,7.03502375796906
32,25,1,"Black",28.3654710406848,6.8439464292545
33,25,1,"Black",28.3575639285899,6.65286910053994
34,25,1,"Black",28.3485242222635,6.46179177182537
35,25,1,"Black",28.3389369202888,6.27071444311081
36,25,1,"Black",28.3293515607314,6.07963711439625
37,25,1,"Black",28.3202822211388,5.88855978568168
38,25,1,"Black",28.312207518541,5.69748245696712
39,25,1,"Black",28.3055706094497,5.50640512825256
40,25,1,"Black",28.3007791898592,5.315327799538
41,25,1,"Black",28.2982054952456,5.1243206309365
42,25,1,"Black",28.2981863005674,4.9337344230134
43,25,1,"Black",28.3010229202651,4.74399013644708
44,25,1,"Black",28.3069812082615,4.55550873191593
45,25,1,"Black",28.3162915579614,4.36871117009836
46,25,1,"Black",28.3291489022518,4.18401841167275
47,25,1,"Black",28.3457127135019,4.00185298831572
48,25,1,"Black",28.3661070035631,3.82289252254052
49,25,1,"Black",28.3904203237688,3.64834956175567
50,25,1,"Black",28.4187057649346,3.47950400991857
51,25,1,"Black",28.4509809573584,3.3176357709866
52,25,1,"Black",28.4872280708201,3.16402474891715
53,25,1,"Black",28.5273938145818,3.01995084766762
54,25,1,"Black",28.5713894373877,2.88666720942291
55,25,1,"Black",28.6190907274643,2.76461534198678
56,25,1,"Black",28.6703380125201,2.6532984185153
57,25,1,"Black",28.7249361597458,2.55216734307762
58,25,1,"Black",28.7826545758143,2.46067301974289
59,25,1,"Black",28.8432272068806,2.37826635258029
60,25,1,"Black",28.906352538582,2.30439824565898
61,25,1,"Black",28.9716935960376,2.23857620913016
62,25,1,"Black",29.038877943849,2.18096579884878
63,25,1,"Black",29.1074413646197,2.13215711628514
64,25,1,"Black",29.1762083226733,2.09274733866978
65,25,1,"Black",29.242672427772,2.06333364323323
66,25,1,"Black",29.3029401136359,2.04451320720604
67,25,1,"Black",29.3517306379436,2.03688320781875
68,25,1,"Black",29.3826336168706,2.04079213950974
69,25,1,"Black",29.3909419050161,2.05519694164015
70,25,1,"Black",29.3764844753295,2.07857078782702
71,25,1,"Black",29.343769230058,2.10938636597878
72,25,1,"Black",29.3007210412415,2.14611636400388
73,25,1,"Black",29.257419791208,2.18723346981076
74,25,1,"Black",29.2259856489823,2.23121104842699
75,25,1,"Black",29.2200518005442,2.2771968755272
76,25,1,"Black",29.2489644816728,2.326278673075
77,25,1,"Black",29.3119830107904,2.37989084802526
78,25,1,"Black",29.3981892956246,2.43946780733286
79,25,1,"Black",29.4912923736486,2.50644395795266
80,25,1,"Black",29.5744329525215,2.58225370683953
81,25,1,"Black",29.630620186492,2.66830638607921
82,25,1,"Black",29.6427316763979,2.76450683560886
83,25,1,"Black",29.5936749969382,2.86842793253534
84,25,1,"Black",29.4681644966573,2.97744195501238
85,25,1,"Black",29.2544980979296,3.08892118119372
86,25,1,"Black",28.9447188242314,3.20023788923308
87,25,1,"Black",28.5346148001403,3.3087643572842
88,25,1,"Black",28.0237192513355,3.41250978137736
89,25,1,"Black",27.4153105045976,3.52091730726295
90,25,1,"Black",26.7164119878091,3.65332014147867
91,25,1,"Black",25.9377922299536,3.82937759251498
92,25,1,"Black",25.0939648611166,4.06874896886238
93,25,1,"Black",24.2031886124849,4.39109357901135
94,25,1,"Black",23.287467316347,4.81607073145238
95,25,1,"Black",22.3725499060928,5.36033264756457
96,25,1,"Black",21.4879304162138,6.0166501921923
97,25,1,"Black",20.6668479823031,6.7664058740351
98,25,1,"Black",19.9462868410553,7.59091206564995
99,25,1,"Black",19.3669763302665,8.47148113959384
100,25,1,"Black",18.9733908888344,9.38942546842377
101,25,1,"Black",18.8137500567581,10.3260574246967
