"NACCAGE","EDUC","SEX","RACE","sdpred","sd","EDUCCATsomecollege","EDUCCAThigherthancollege","SEX:NACCAGE","EDUCCATsomecollege:NACCAGE","EDUCCAThigherthancollege:NACCAGE","mean.adj","sd.adj"
40,10,0,0,2.14665895719347,2.5512982011844,0,0,0,0,0,8.29600766851027,2.14665895719347
41,10,0,0,2.14822935649391,2.50245883305887,0,0,0,0,0,8.2941308939306,2.14822935649391
42,10,0,0,2.14980860399272,2.4229134842202,0,0,0,0,0,8.29220400259663,2.14980860399272
43,10,0,0,2.15140171623627,2.44759842023381,0,0,0,0,0,8.29020056491412,2.15140171623627
44,10,0,0,2.15301370977092,2.36077666599947,0,0,0,0,0,8.28809415128878,2.15301370977092
45,10,0,0,2.15464960114305,2.32503833557731,0,0,0,0,0,8.28585833212634,2.15464960114305
46,10,0,0,2.15631440689902,2.15936629355589,0,0,0,0,0,8.28346667783254,2.15631440689902
47,10,0,0,2.1580131435852,2.22026298749994,0,0,0,0,0,8.2808927588131,2.1580131435852
48,10,0,0,2.15975083097082,2.12951268805299,0,0,0,0,0,8.27810997906938,2.15975083097082
49,10,0,0,2.16153412603854,2.09984661363091,0,0,0,0,0,8.27500720918388,2.16153412603854
50,10,0,0,2.16337398184489,2.16071220608098,0,0,0,0,0,8.27125150271675,2.16337398184489
51,10,0,0,2.16528204758436,2.13084876337825,0,0,0,0,0,8.26647396988469,2.16528204758436
52,10,0,0,2.16726997245148,2.1433163309267,0,0,0,0,0,8.26030572090439,2.16726997245148
53,10,0,0,2.16934940564075,2.12371085452136,0,0,0,0,0,8.25237786599254,2.16934940564075
54,10,0,0,2.17153199634668,2.10600964672668,0,0,0,0,0,8.24232151536584,2.17153199634668
55,10,0,0,2.17382939376379,2.14190922988873,0,0,0,0,0,8.22976777924099,2.17382939376379
56,10,0,0,2.17625324261668,2.12925049768678,0,0,0,0,0,8.21434932379088,2.17625324261668
57,10,0,0,2.17881479818976,2.16532524104055,0,0,0,0,0,8.19583437787163,2.17881479818976
58,10,0,0,2.18152462963749,2.16548585330182,0,0,0,0,0,8.17423000961488,2.18152462963749
59,10,0,0,2.18439323627212,2.17185509600428,0,0,0,0,0,8.14956759896775,2.18439323627212
60,10,0,0,2.18743111740589,2.19273872257046,0,0,0,0,0,8.12187852587738,2.18743111740589
61,10,0,0,2.19064877235105,2.1765537763653,0,0,0,0,0,8.0911941702909,2.19064877235105
62,10,0,0,2.19405670041984,2.16441423445719,0,0,0,0,0,8.05754591215545,2.19405670041984
63,10,0,0,2.1976654009245,2.19295504357603,0,0,0,0,0,8.02096513141815,2.1976654009245
64,10,0,0,2.2014850252714,2.20389417410365,0,0,0,0,0,7.98149561904702,2.2014850252714
65,10,0,0,2.20551423108697,2.20693389262864,0,0,0,0,0,7.93959118936682,2.20551423108697
66,10,0,0,2.2097378241889,2.20456751319977,0,0,0,0,0,7.89619979920058,2.2097378241889
67,10,0,0,2.21413978572908,2.20978410700065,0,0,0,0,0,7.85229882408752,2.21413978572908
68,10,0,0,2.21870409685937,2.21761899656066,0,0,0,0,0,7.80886563956686,2.21870409685937
69,10,0,0,2.22341473873165,2.22969484845566,0,0,0,0,0,7.76687762117783,2.22341473873165
70,10,0,0,2.22825569249779,2.23733693957653,0,0,0,0,0,7.72731214445963,2.22825569249779
71,10,0,0,2.23321093930967,2.22934519934625,0,0,0,0,0,7.6911465849515,2.23321093930967
72,10,0,0,2.23826423201986,2.23623414925707,0,0,0,0,0,7.65931097765399,2.23826423201986
73,10,0,0,2.24339548876612,2.24477127107357,0,0,0,0,0,7.6319401844575,2.24339548876612
74,10,0,0,2.24858144576475,2.24537541254664,0,0,0,0,0,7.60850925849494,2.24858144576475
75,10,0,0,2.25379874291825,2.24966321556023,0,0,0,0,0,7.5884732811095,2.25379874291825
76,10,0,0,2.25902402012913,2.26575048483421,0,0,0,0,0,7.57128733364434,2.25902402012913
77,10,0,0,2.26423391729991,2.27216138272183,0,0,0,0,0,7.55640649744265,2.26423391729991
78,10,0,0,2.26940507433309,2.27759510083782,0,0,0,0,0,7.5432858538476,2.26940507433309
79,10,0,0,2.2745141311312,2.28158044550373,0,0,0,0,0,7.53138048420236,2.2745141311312
80,10,0,0,2.27953929363627,2.26988404870263,0,0,0,0,0,7.52013887505712,2.27953929363627
81,10,0,0,2.28447415256273,2.27204317722192,0,0,0,0,0,7.50894472571568,2.28447415256273
82,10,0,0,2.28932103086143,2.30219880043383,0,0,0,0,0,7.49714496291611,2.28932103086143
83,10,0,0,2.29408235170977,2.30710352127273,0,0,0,0,0,7.48408609132972,2.29408235170977
84,10,0,0,2.29876053828512,2.32386310932722,0,0,0,0,0,7.46911461562783,2.29876053828512
85,10,0,0,2.30335801376487,2.32375385783604,0,0,0,0,0,7.45157704048176,2.30335801376487
86,10,0,0,2.30787720132642,2.31475548510932,0,0,0,0,0,7.43081987056282,2.30787720132642
87,10,0,0,2.31232052414715,2.29880494681109,0,0,0,0,0,7.40618961054233,2.31232052414715
88,10,0,0,2.31669102728982,2.3071237469351,0,0,0,0,0,7.37710334159898,2.31669102728982
89,10,0,0,2.32099559365613,2.3215881518554,0,0,0,0,0,7.34341369345006,2.32099559365613
90,10,0,0,2.32524256873005,2.31163278456885,0,0,0,0,0,7.30513928130243,2.32524256873005
91,10,0,0,2.32944030087465,2.32906935130989,0,0,0,0,0,7.26229904710606,2.32944030087465
92,10,0,0,2.333597138453,2.32998901818793,0,0,0,0,0,7.21491193281089,2.333597138453
93,10,0,0,2.33772142982818,2.27864934550031,0,0,0,0,0,7.16299688036689,2.33772142982818
94,10,0,0,2.34182152336325,2.31546928645371,0,0,0,0,0,7.10657283172401,2.34182152336325
95,10,0,0,2.34590576742129,2.29758452662226,0,0,0,0,0,7.0456587288322,2.34590576742129
40,11,0,0,2.14665895719347,2.5512982011844,0,0,0,0,0,8.48305676596705,2.14665895719347
41,11,0,0,2.14822935649391,2.50245883305887,0,0,0,0,0,8.48117999138737,2.14822935649391
42,11,0,0,2.14980860399272,2.4229134842202,0,0,0,0,0,8.47925310005341,2.14980860399272
43,11,0,0,2.15140171623627,2.44759842023381,0,0,0,0,0,8.4772496623709,2.15140171623627
44,11,0,0,2.15301370977092,2.36077666599947,0,0,0,0,0,8.47514324874555,2.15301370977092
45,11,0,0,2.15464960114305,2.32503833557731,0,0,0,0,0,8.47290742958312,2.15464960114305
46,11,0,0,2.15631440689902,2.15936629355589,0,0,0,0,0,8.47051577528931,2.15631440689902
47,11,0,0,2.1580131435852,2.22026298749994,0,0,0,0,0,8.46794185626987,2.1580131435852
48,11,0,0,2.15975083097082,2.12951268805299,0,0,0,0,0,8.46515907652615,2.15975083097082
49,11,0,0,2.16153412603854,2.09984661363091,0,0,0,0,0,8.46205630664066,2.16153412603854
50,11,0,0,2.16337398184489,2.16071220608098,0,0,0,0,0,8.45830060017353,2.16337398184489
51,11,0,0,2.16528204758436,2.13084876337825,0,0,0,0,0,8.45352306734147,2.16528204758436
52,11,0,0,2.16726997245148,2.1433163309267,0,0,0,0,0,8.44735481836116,2.16726997245148
53,11,0,0,2.16934940564075,2.12371085452136,0,0,0,0,0,8.43942696344932,2.16934940564075
54,11,0,0,2.17153199634668,2.10600964672668,0,0,0,0,0,8.42937061282262,2.17153199634668
55,11,0,0,2.17382939376379,2.14190922988873,0,0,0,0,0,8.41681687669777,2.17382939376379
56,11,0,0,2.17625324261668,2.12925049768678,0,0,0,0,0,8.40139842124766,2.17625324261668
57,11,0,0,2.17881479818976,2.16532524104055,0,0,0,0,0,8.38288347532841,2.17881479818976
58,11,0,0,2.18152462963749,2.16548585330182,0,0,0,0,0,8.36127910707165,2.18152462963749
59,11,0,0,2.18439323627212,2.17185509600428,0,0,0,0,0,8.33661669642452,2.18439323627212
60,11,0,0,2.18743111740589,2.19273872257046,0,0,0,0,0,8.30892762333416,2.18743111740589
61,11,0,0,2.19064877235105,2.1765537763653,0,0,0,0,0,8.27824326774768,2.19064877235105
62,11,0,0,2.19405670041984,2.16441423445719,0,0,0,0,0,8.24459500961222,2.19405670041984
63,11,0,0,2.1976654009245,2.19295504357603,0,0,0,0,0,8.20801422887492,2.1976654009245
64,11,0,0,2.2014850252714,2.20389417410365,0,0,0,0,0,8.1685447165038,2.2014850252714
65,11,0,0,2.20551423108697,2.20693389262864,0,0,0,0,0,8.1266402868236,2.20551423108697
66,11,0,0,2.2097378241889,2.20456751319977,0,0,0,0,0,8.08324889665736,2.2097378241889
67,11,0,0,2.21413978572908,2.20978410700065,0,0,0,0,0,8.0393479215443,2.21413978572908
68,11,0,0,2.21870409685937,2.21761899656066,0,0,0,0,0,7.99591473702364,2.21870409685937
69,11,0,0,2.22341473873165,2.22969484845566,0,0,0,0,0,7.95392671863461,2.22341473873165
70,11,0,0,2.22825569249779,2.23733693957653,0,0,0,0,0,7.91436124191641,2.22825569249779
71,11,0,0,2.23321093930967,2.22934519934625,0,0,0,0,0,7.87819568240828,2.23321093930967
72,11,0,0,2.23826423201986,2.23623414925707,0,0,0,0,0,7.84636007511077,2.23826423201986
73,11,0,0,2.24339548876612,2.24477127107357,0,0,0,0,0,7.81898928191428,2.24339548876612
74,11,0,0,2.24858144576475,2.24537541254664,0,0,0,0,0,7.79555835595172,2.24858144576475
75,11,0,0,2.25379874291825,2.24966321556023,0,0,0,0,0,7.77552237856627,2.25379874291825
76,11,0,0,2.25902402012913,2.26575048483421,0,0,0,0,0,7.75833643110112,2.25902402012913
77,11,0,0,2.26423391729991,2.27216138272183,0,0,0,0,0,7.74345559489943,2.26423391729991
78,11,0,0,2.26940507433309,2.27759510083782,0,0,0,0,0,7.73033495130437,2.26940507433309
79,11,0,0,2.2745141311312,2.28158044550373,0,0,0,0,0,7.71842958165913,2.2745141311312
80,11,0,0,2.27953929363627,2.26988404870263,0,0,0,0,0,7.7071879725139,2.27953929363627
81,11,0,0,2.28447415256273,2.27204317722192,0,0,0,0,0,7.69599382317245,2.28447415256273
82,11,0,0,2.28932103086143,2.30219880043383,0,0,0,0,0,7.68419406037288,2.28932103086143
83,11,0,0,2.29408235170977,2.30710352127273,0,0,0,0,0,7.6711351887865,2.29408235170977
84,11,0,0,2.29876053828512,2.32386310932722,0,0,0,0,0,7.65616371308461,2.29876053828512
85,11,0,0,2.30335801376487,2.32375385783604,0,0,0,0,0,7.63862613793854,2.30335801376487
86,11,0,0,2.30787720132642,2.31475548510932,0,0,0,0,0,7.6178689680196,2.30787720132642
87,11,0,0,2.31232052414715,2.29880494681109,0,0,0,0,0,7.5932387079991,2.31232052414715
88,11,0,0,2.31669102728982,2.3071237469351,0,0,0,0,0,7.56415243905575,2.31669102728982
89,11,0,0,2.32099559365613,2.3215881518554,0,0,0,0,0,7.53046279090683,2.32099559365613
90,11,0,0,2.32524256873005,2.31163278456885,0,0,0,0,0,7.49218837875921,2.32524256873005
91,11,0,0,2.32944030087465,2.32906935130989,0,0,0,0,0,7.44934814456283,2.32944030087465
92,11,0,0,2.333597138453,2.32998901818793,0,0,0,0,0,7.40196103026767,2.333597138453
93,11,0,0,2.33772142982818,2.27864934550031,0,0,0,0,0,7.35004597782367,2.33772142982818
94,11,0,0,2.34182152336325,2.31546928645371,0,0,0,0,0,7.29362192918078,2.34182152336325
95,11,0,0,2.34590576742129,2.29758452662226,0,0,0,0,0,7.23270782628898,2.34590576742129
40,12,0,0,2.14665895719347,2.5512982011844,0,0,0,0,0,8.67010586342383,2.14665895719347
41,12,0,0,2.14822935649391,2.50245883305887,0,0,0,0,0,8.66822908884415,2.14822935649391
42,12,0,0,2.14980860399272,2.4229134842202,0,0,0,0,0,8.66630219751019,2.14980860399272
43,12,0,0,2.15140171623627,2.44759842023381,0,0,0,0,0,8.66429875982767,2.15140171623627
44,12,0,0,2.15301370977092,2.36077666599947,0,0,0,0,0,8.66219234620233,2.15301370977092
45,12,0,0,2.15464960114305,2.32503833557731,0,0,0,0,0,8.65995652703989,2.15464960114305
46,12,0,0,2.15631440689902,2.15936629355589,0,0,0,0,0,8.65756487274609,2.15631440689902
47,12,0,0,2.1580131435852,2.22026298749994,0,0,0,0,0,8.65499095372665,2.1580131435852
48,12,0,0,2.15975083097082,2.12951268805299,0,0,0,0,0,8.65220817398293,2.15975083097082
49,12,0,0,2.16153412603854,2.09984661363091,0,0,0,0,0,8.64910540409744,2.16153412603854
50,12,0,0,2.16337398184489,2.16071220608098,0,0,0,0,0,8.6453496976303,2.16337398184489
51,12,0,0,2.16528204758436,2.13084876337825,0,0,0,0,0,8.64057216479824,2.16528204758436
52,12,0,0,2.16726997245148,2.1433163309267,0,0,0,0,0,8.63440391581794,2.16726997245148
53,12,0,0,2.16934940564075,2.12371085452136,0,0,0,0,0,8.62647606090609,2.16934940564075
54,12,0,0,2.17153199634668,2.10600964672668,0,0,0,0,0,8.6164197102794,2.17153199634668
55,12,0,0,2.17382939376379,2.14190922988873,0,0,0,0,0,8.60386597415455,2.17382939376379
56,12,0,0,2.17625324261668,2.12925049768678,0,0,0,0,0,8.58844751870443,2.17625324261668
57,12,0,0,2.17881479818976,2.16532524104055,0,0,0,0,0,8.56993257278518,2.17881479818976
58,12,0,0,2.18152462963749,2.16548585330182,0,0,0,0,0,8.54832820452843,2.18152462963749
59,12,0,0,2.18439323627212,2.17185509600428,0,0,0,0,0,8.5236657938813,2.18439323627212
60,12,0,0,2.18743111740589,2.19273872257046,0,0,0,0,0,8.49597672079093,2.18743111740589
61,12,0,0,2.19064877235105,2.1765537763653,0,0,0,0,0,8.46529236520445,2.19064877235105
62,12,0,0,2.19405670041984,2.16441423445719,0,0,0,0,0,8.431644107069,2.19405670041984
63,12,0,0,2.1976654009245,2.19295504357603,0,0,0,0,0,8.3950633263317,2.1976654009245
64,12,0,0,2.2014850252714,2.20389417410365,0,0,0,0,0,8.35559381396057,2.2014850252714
65,12,0,0,2.20551423108697,2.20693389262864,0,0,0,0,0,8.31368938428037,2.20551423108697
66,12,0,0,2.2097378241889,2.20456751319977,0,0,0,0,0,8.27029799411413,2.2097378241889
67,12,0,0,2.21413978572908,2.20978410700065,0,0,0,0,0,8.22639701900107,2.21413978572908
68,12,0,0,2.21870409685937,2.21761899656066,0,0,0,0,0,8.18296383448042,2.21870409685937
69,12,0,0,2.22341473873165,2.22969484845566,0,0,0,0,0,8.14097581609138,2.22341473873165
70,12,0,0,2.22825569249779,2.23733693957653,0,0,0,0,0,8.10141033937319,2.22825569249779
71,12,0,0,2.23321093930967,2.22934519934625,0,0,0,0,0,8.06524477986505,2.23321093930967
72,12,0,0,2.23826423201986,2.23623414925707,0,0,0,0,0,8.03340917256754,2.23826423201986
73,12,0,0,2.24339548876612,2.24477127107357,0,0,0,0,0,8.00603837937105,2.24339548876612
74,12,0,0,2.24858144576475,2.24537541254664,0,0,0,0,0,7.9826074534085,2.24858144576475
75,12,0,0,2.25379874291825,2.24966321556023,0,0,0,0,0,7.96257147602305,2.25379874291825
76,12,0,0,2.25902402012913,2.26575048483421,0,0,0,0,0,7.94538552855789,2.25902402012913
77,12,0,0,2.26423391729991,2.27216138272183,0,0,0,0,0,7.9305046923562,2.26423391729991
78,12,0,0,2.26940507433309,2.27759510083782,0,0,0,0,0,7.91738404876115,2.26940507433309
79,12,0,0,2.2745141311312,2.28158044550373,0,0,0,0,0,7.90547867911591,2.2745141311312
80,12,0,0,2.27953929363627,2.26988404870263,0,0,0,0,0,7.89423706997067,2.27953929363627
81,12,0,0,2.28447415256273,2.27204317722192,0,0,0,0,0,7.88304292062923,2.28447415256273
82,12,0,0,2.28932103086143,2.30219880043383,0,0,0,0,0,7.87124315782966,2.28932103086143
83,12,0,0,2.29408235170977,2.30710352127273,0,0,0,0,0,7.85818428624327,2.29408235170977
84,12,0,0,2.29876053828512,2.32386310932722,0,0,0,0,0,7.84321281054138,2.29876053828512
85,12,0,0,2.30335801376487,2.32375385783604,0,0,0,0,0,7.82567523539531,2.30335801376487
86,12,0,0,2.30787720132642,2.31475548510932,0,0,0,0,0,7.80491806547637,2.30787720132642
87,12,0,0,2.31232052414715,2.29880494681109,0,0,0,0,0,7.78028780545588,2.31232052414715
88,12,0,0,2.31669102728982,2.3071237469351,0,0,0,0,0,7.75120153651253,2.31669102728982
89,12,0,0,2.32099559365613,2.3215881518554,0,0,0,0,0,7.71751188836361,2.32099559365613
90,12,0,0,2.32524256873005,2.31163278456885,0,0,0,0,0,7.67923747621598,2.32524256873005
91,12,0,0,2.32944030087465,2.32906935130989,0,0,0,0,0,7.63639724201961,2.32944030087465
92,12,0,0,2.333597138453,2.32998901818793,0,0,0,0,0,7.58901012772444,2.333597138453
93,12,0,0,2.33772142982818,2.27864934550031,0,0,0,0,0,7.53709507528044,2.33772142982818
94,12,0,0,2.34182152336325,2.31546928645371,0,0,0,0,0,7.48067102663756,2.34182152336325
95,12,0,0,2.34590576742129,2.29758452662226,0,0,0,0,0,7.41975692374575,2.34590576742129
40,13,0,0,2.14665895719347,2.5512982011844,1,0,0,40,0,8.8571549608806,2.14665895719347
41,13,0,0,2.14822935649391,2.50245883305887,1,0,0,41,0,8.85527818630093,2.14822935649391
42,13,0,0,2.14980860399272,2.4229134842202,1,0,0,42,0,8.85335129496696,2.14980860399272
43,13,0,0,2.15140171623627,2.44759842023381,1,0,0,43,0,8.85134785728445,2.15140171623627
44,13,0,0,2.15301370977092,2.36077666599947,1,0,0,44,0,8.84924144365911,2.15301370977092
45,13,0,0,2.15464960114305,2.32503833557731,1,0,0,45,0,8.84700562449667,2.15464960114305
46,13,0,0,2.15631440689902,2.15936629355589,1,0,0,46,0,8.84461397020287,2.15631440689902
47,13,0,0,2.1580131435852,2.22026298749994,1,0,0,47,0,8.84204005118342,2.1580131435852
48,13,0,0,2.15975083097082,2.12951268805299,1,0,0,48,0,8.83925727143971,2.15975083097082
49,13,0,0,2.16153412603854,2.09984661363091,1,0,0,49,0,8.83615450155421,2.16153412603854
50,13,0,0,2.16337398184489,2.16071220608098,1,0,0,50,0,8.83239879508708,2.16337398184489
51,13,0,0,2.16528204758436,2.13084876337825,1,0,0,51,0,8.82762126225502,2.16528204758436
52,13,0,0,2.16726997245148,2.1433163309267,1,0,0,52,0,8.82145301327472,2.16726997245148
53,13,0,0,2.16934940564075,2.12371085452136,1,0,0,53,0,8.81352515836287,2.16934940564075
54,13,0,0,2.17153199634668,2.10600964672668,1,0,0,54,0,8.80346880773617,2.17153199634668
55,13,0,0,2.17382939376379,2.14190922988873,1,0,0,55,0,8.79091507161133,2.17382939376379
56,13,0,0,2.17625324261668,2.12925049768678,1,0,0,56,0,8.77549661616121,2.17625324261668
57,13,0,0,2.17881479818976,2.16532524104055,1,0,0,57,0,8.75698167024196,2.17881479818976
58,13,0,0,2.18152462963749,2.16548585330182,1,0,0,58,0,8.73537730198521,2.18152462963749
59,13,0,0,2.18439323627212,2.17185509600428,1,0,0,59,0,8.71071489133808,2.18439323627212
60,13,0,0,2.18743111740589,2.19273872257046,1,0,0,60,0,8.68302581824771,2.18743111740589
61,13,0,0,2.19064877235105,2.1765537763653,1,0,0,61,0,8.65234146266123,2.19064877235105
62,13,0,0,2.19405670041984,2.16441423445719,1,0,0,62,0,8.61869320452578,2.19405670041984
63,13,0,0,2.1976654009245,2.19295504357603,1,0,0,63,0,8.58211242378848,2.1976654009245
64,13,0,0,2.2014850252714,2.20389417410365,1,0,0,64,0,8.54264291141735,2.2014850252714
65,13,0,0,2.20551423108697,2.20693389262864,1,0,0,65,0,8.50073848173715,2.20551423108697
66,13,0,0,2.2097378241889,2.20456751319977,1,0,0,66,0,8.45734709157091,2.2097378241889
67,13,0,0,2.21413978572908,2.20978410700065,1,0,0,67,0,8.41344611645785,2.21413978572908
68,13,0,0,2.21870409685937,2.21761899656066,1,0,0,68,0,8.3700129319372,2.21870409685937
69,13,0,0,2.22341473873165,2.22969484845566,1,0,0,69,0,8.32802491354816,2.22341473873165
70,13,0,0,2.22825569249779,2.23733693957653,1,0,0,70,0,8.28845943682996,2.22825569249779
71,13,0,0,2.23321093930967,2.22934519934625,1,0,0,71,0,8.25229387732183,2.23321093930967
72,13,0,0,2.23826423201986,2.23623414925707,1,0,0,72,0,8.22045827002432,2.23826423201986
73,13,0,0,2.24339548876612,2.24477127107357,1,0,0,73,0,8.19308747682783,2.24339548876612
74,13,0,0,2.24858144576475,2.24537541254664,1,0,0,74,0,8.16965655086527,2.24858144576475
75,13,0,0,2.25379874291825,2.24966321556023,1,0,0,75,0,8.14962057347983,2.25379874291825
76,13,0,0,2.25902402012913,2.26575048483421,1,0,0,76,0,8.13243462601467,2.25902402012913
77,13,0,0,2.26423391729991,2.27216138272183,1,0,0,77,0,8.11755378981298,2.26423391729991
78,13,0,0,2.26940507433309,2.27759510083782,1,0,0,78,0,8.10443314621793,2.26940507433309
79,13,0,0,2.2745141311312,2.28158044550373,1,0,0,79,0,8.09252777657269,2.2745141311312
80,13,0,0,2.27953929363627,2.26988404870263,1,0,0,80,0,8.08128616742745,2.27953929363627
81,13,0,0,2.28447415256273,2.27204317722192,1,0,0,81,0,8.07009201808601,2.28447415256273
82,13,0,0,2.28932103086143,2.30219880043383,1,0,0,82,0,8.05829225528644,2.28932103086143
83,13,0,0,2.29408235170977,2.30710352127273,1,0,0,83,0,8.04523338370005,2.29408235170977
84,13,0,0,2.29876053828512,2.32386310932722,1,0,0,84,0,8.03026190799816,2.29876053828512
85,13,0,0,2.30335801376487,2.32375385783604,1,0,0,85,0,8.01272433285209,2.30335801376487
86,13,0,0,2.30787720132642,2.31475548510932,1,0,0,86,0,7.99196716293315,2.30787720132642
87,13,0,0,2.31232052414715,2.29880494681109,1,0,0,87,0,7.96733690291266,2.31232052414715
88,13,0,0,2.31669102728982,2.3071237469351,1,0,0,88,0,7.93825063396931,2.31669102728982
89,13,0,0,2.32099559365613,2.3215881518554,1,0,0,89,0,7.90456098582038,2.32099559365613
90,13,0,0,2.32524256873005,2.31163278456885,1,0,0,90,0,7.86628657367276,2.32524256873005
91,13,0,0,2.32944030087465,2.32906935130989,1,0,0,91,0,7.82344633947639,2.32944030087465
92,13,0,0,2.333597138453,2.32998901818793,1,0,0,92,0,7.77605922518122,2.333597138453
93,13,0,0,2.33772142982818,2.27864934550031,1,0,0,93,0,7.72414417273722,2.33772142982818
94,13,0,0,2.34182152336325,2.31546928645371,1,0,0,94,0,7.66772012409434,2.34182152336325
95,13,0,0,2.34590576742129,2.29758452662226,1,0,0,95,0,7.60680602120253,2.34590576742129
40,14,0,0,2.14665895719347,2.5512982011844,1,0,0,40,0,9.04420405833738,2.14665895719347
41,14,0,0,2.14822935649391,2.50245883305887,1,0,0,41,0,9.0423272837577,2.14822935649391
42,14,0,0,2.14980860399272,2.4229134842202,1,0,0,42,0,9.04040039242374,2.14980860399272
43,14,0,0,2.15140171623627,2.44759842023381,1,0,0,43,0,9.03839695474123,2.15140171623627
44,14,0,0,2.15301370977092,2.36077666599947,1,0,0,44,0,9.03629054111588,2.15301370977092
45,14,0,0,2.15464960114305,2.32503833557731,1,0,0,45,0,9.03405472195344,2.15464960114305
46,14,0,0,2.15631440689902,2.15936629355589,1,0,0,46,0,9.03166306765964,2.15631440689902
47,14,0,0,2.1580131435852,2.22026298749994,1,0,0,47,0,9.0290891486402,2.1580131435852
48,14,0,0,2.15975083097082,2.12951268805299,1,0,0,48,0,9.02630636889648,2.15975083097082
49,14,0,0,2.16153412603854,2.09984661363091,1,0,0,49,0,9.02320359901099,2.16153412603854
50,14,0,0,2.16337398184489,2.16071220608098,1,0,0,50,0,9.01944789254386,2.16337398184489
51,14,0,0,2.16528204758436,2.13084876337825,1,0,0,51,0,9.0146703597118,2.16528204758436
52,14,0,0,2.16726997245148,2.1433163309267,1,0,0,52,0,9.00850211073149,2.16726997245148
53,14,0,0,2.16934940564075,2.12371085452136,1,0,0,53,0,9.00057425581964,2.16934940564075
54,14,0,0,2.17153199634668,2.10600964672668,1,0,0,54,0,8.99051790519295,2.17153199634668
55,14,0,0,2.17382939376379,2.14190922988873,1,0,0,55,0,8.9779641690681,2.17382939376379
56,14,0,0,2.17625324261668,2.12925049768678,1,0,0,56,0,8.96254571361798,2.17625324261668
57,14,0,0,2.17881479818976,2.16532524104055,1,0,0,57,0,8.94403076769873,2.17881479818976
58,14,0,0,2.18152462963749,2.16548585330182,1,0,0,58,0,8.92242639944198,2.18152462963749
59,14,0,0,2.18439323627212,2.17185509600428,1,0,0,59,0,8.89776398879485,2.18439323627212
60,14,0,0,2.18743111740589,2.19273872257046,1,0,0,60,0,8.87007491570448,2.18743111740589
61,14,0,0,2.19064877235105,2.1765537763653,1,0,0,61,0,8.83939056011801,2.19064877235105
62,14,0,0,2.19405670041984,2.16441423445719,1,0,0,62,0,8.80574230198255,2.19405670041984
63,14,0,0,2.1976654009245,2.19295504357603,1,0,0,63,0,8.76916152124525,2.1976654009245
64,14,0,0,2.2014850252714,2.20389417410365,1,0,0,64,0,8.72969200887413,2.2014850252714
65,14,0,0,2.20551423108697,2.20693389262864,1,0,0,65,0,8.68778757919392,2.20551423108697
66,14,0,0,2.2097378241889,2.20456751319977,1,0,0,66,0,8.64439618902768,2.2097378241889
67,14,0,0,2.21413978572908,2.20978410700065,1,0,0,67,0,8.60049521391463,2.21413978572908
68,14,0,0,2.21870409685937,2.21761899656066,1,0,0,68,0,8.55706202939397,2.21870409685937
69,14,0,0,2.22341473873165,2.22969484845566,1,0,0,69,0,8.51507401100493,2.22341473873165
70,14,0,0,2.22825569249779,2.23733693957653,1,0,0,70,0,8.47550853428674,2.22825569249779
71,14,0,0,2.23321093930967,2.22934519934625,1,0,0,71,0,8.4393429747786,2.23321093930967
72,14,0,0,2.23826423201986,2.23623414925707,1,0,0,72,0,8.4075073674811,2.23826423201986
73,14,0,0,2.24339548876612,2.24477127107357,1,0,0,73,0,8.3801365742846,2.24339548876612
74,14,0,0,2.24858144576475,2.24537541254664,1,0,0,74,0,8.35670564832205,2.24858144576475
75,14,0,0,2.25379874291825,2.24966321556023,1,0,0,75,0,8.3366696709366,2.25379874291825
76,14,0,0,2.25902402012913,2.26575048483421,1,0,0,76,0,8.31948372347145,2.25902402012913
77,14,0,0,2.26423391729991,2.27216138272183,1,0,0,77,0,8.30460288726975,2.26423391729991
78,14,0,0,2.26940507433309,2.27759510083782,1,0,0,78,0,8.2914822436747,2.26940507433309
79,14,0,0,2.2745141311312,2.28158044550373,1,0,0,79,0,8.27957687402946,2.2745141311312
80,14,0,0,2.27953929363627,2.26988404870263,1,0,0,80,0,8.26833526488422,2.27953929363627
81,14,0,0,2.28447415256273,2.27204317722192,1,0,0,81,0,8.25714111554278,2.28447415256273
82,14,0,0,2.28932103086143,2.30219880043383,1,0,0,82,0,8.24534135274321,2.28932103086143
83,14,0,0,2.29408235170977,2.30710352127273,1,0,0,83,0,8.23228248115682,2.29408235170977
84,14,0,0,2.29876053828512,2.32386310932722,1,0,0,84,0,8.21731100545494,2.29876053828512
85,14,0,0,2.30335801376487,2.32375385783604,1,0,0,85,0,8.19977343030886,2.30335801376487
86,14,0,0,2.30787720132642,2.31475548510932,1,0,0,86,0,8.17901626038993,2.30787720132642
87,14,0,0,2.31232052414715,2.29880494681109,1,0,0,87,0,8.15438600036943,2.31232052414715
88,14,0,0,2.31669102728982,2.3071237469351,1,0,0,88,0,8.12529973142608,2.31669102728982
89,14,0,0,2.32099559365613,2.3215881518554,1,0,0,89,0,8.09161008327716,2.32099559365613
90,14,0,0,2.32524256873005,2.31163278456885,1,0,0,90,0,8.05333567112953,2.32524256873005
91,14,0,0,2.32944030087465,2.32906935130989,1,0,0,91,0,8.01049543693316,2.32944030087465
92,14,0,0,2.333597138453,2.32998901818793,1,0,0,92,0,7.963108322638,2.333597138453
93,14,0,0,2.33772142982818,2.27864934550031,1,0,0,93,0,7.911193270194,2.33772142982818
94,14,0,0,2.34182152336325,2.31546928645371,1,0,0,94,0,7.85476922155111,2.34182152336325
95,14,0,0,2.34590576742129,2.29758452662226,1,0,0,95,0,7.79385511865931,2.34590576742129
40,15,0,0,2.14665895719347,2.5512982011844,1,0,0,40,0,9.23125315579416,2.14665895719347
41,15,0,0,2.14822935649391,2.50245883305887,1,0,0,41,0,9.22937638121448,2.14822935649391
42,15,0,0,2.14980860399272,2.4229134842202,1,0,0,42,0,9.22744948988052,2.14980860399272
43,15,0,0,2.15140171623627,2.44759842023381,1,0,0,43,0,9.225446052198,2.15140171623627
44,15,0,0,2.15301370977092,2.36077666599947,1,0,0,44,0,9.22333963857266,2.15301370977092
45,15,0,0,2.15464960114305,2.32503833557731,1,0,0,45,0,9.22110381941022,2.15464960114305
46,15,0,0,2.15631440689902,2.15936629355589,1,0,0,46,0,9.21871216511642,2.15631440689902
47,15,0,0,2.1580131435852,2.22026298749994,1,0,0,47,0,9.21613824609698,2.1580131435852
48,15,0,0,2.15975083097082,2.12951268805299,1,0,0,48,0,9.21335546635326,2.15975083097082
49,15,0,0,2.16153412603854,2.09984661363091,1,0,0,49,0,9.21025269646776,2.16153412603854
50,15,0,0,2.16337398184489,2.16071220608098,1,0,0,50,0,9.20649699000063,2.16337398184489
51,15,0,0,2.16528204758436,2.13084876337825,1,0,0,51,0,9.20171945716857,2.16528204758436
52,15,0,0,2.16726997245148,2.1433163309267,1,0,0,52,0,9.19555120818827,2.16726997245148
53,15,0,0,2.16934940564075,2.12371085452136,1,0,0,53,0,9.18762335327642,2.16934940564075
54,15,0,0,2.17153199634668,2.10600964672668,1,0,0,54,0,9.17756700264973,2.17153199634668
55,15,0,0,2.17382939376379,2.14190922988873,1,0,0,55,0,9.16501326652488,2.17382939376379
56,15,0,0,2.17625324261668,2.12925049768678,1,0,0,56,0,9.14959481107476,2.17625324261668
57,15,0,0,2.17881479818976,2.16532524104055,1,0,0,57,0,9.13107986515551,2.17881479818976
58,15,0,0,2.18152462963749,2.16548585330182,1,0,0,58,0,9.10947549689876,2.18152462963749
59,15,0,0,2.18439323627212,2.17185509600428,1,0,0,59,0,9.08481308625163,2.18439323627212
60,15,0,0,2.18743111740589,2.19273872257046,1,0,0,60,0,9.05712401316126,2.18743111740589
61,15,0,0,2.19064877235105,2.1765537763653,1,0,0,61,0,9.02643965757478,2.19064877235105
62,15,0,0,2.19405670041984,2.16441423445719,1,0,0,62,0,8.99279139943933,2.19405670041984
63,15,0,0,2.1976654009245,2.19295504357603,1,0,0,63,0,8.95621061870203,2.1976654009245
64,15,0,0,2.2014850252714,2.20389417410365,1,0,0,64,0,8.9167411063309,2.2014850252714
65,15,0,0,2.20551423108697,2.20693389262864,1,0,0,65,0,8.8748366766507,2.20551423108697
66,15,0,0,2.2097378241889,2.20456751319977,1,0,0,66,0,8.83144528648446,2.2097378241889
67,15,0,0,2.21413978572908,2.20978410700065,1,0,0,67,0,8.7875443113714,2.21413978572908
68,15,0,0,2.21870409685937,2.21761899656066,1,0,0,68,0,8.74411112685075,2.21870409685937
69,15,0,0,2.22341473873165,2.22969484845566,1,0,0,69,0,8.70212310846171,2.22341473873165
70,15,0,0,2.22825569249779,2.23733693957653,1,0,0,70,0,8.66255763174351,2.22825569249779
71,15,0,0,2.23321093930967,2.22934519934625,1,0,0,71,0,8.62639207223538,2.23321093930967
72,15,0,0,2.23826423201986,2.23623414925707,1,0,0,72,0,8.59455646493787,2.23826423201986
73,15,0,0,2.24339548876612,2.24477127107357,1,0,0,73,0,8.56718567174138,2.24339548876612
74,15,0,0,2.24858144576475,2.24537541254664,1,0,0,74,0,8.54375474577883,2.24858144576475
75,15,0,0,2.25379874291825,2.24966321556023,1,0,0,75,0,8.52371876839338,2.25379874291825
76,15,0,0,2.25902402012913,2.26575048483421,1,0,0,76,0,8.50653282092822,2.25902402012913
77,15,0,0,2.26423391729991,2.27216138272183,1,0,0,77,0,8.49165198472653,2.26423391729991
78,15,0,0,2.26940507433309,2.27759510083782,1,0,0,78,0,8.47853134113148,2.26940507433309
79,15,0,0,2.2745141311312,2.28158044550373,1,0,0,79,0,8.46662597148624,2.2745141311312
80,15,0,0,2.27953929363627,2.26988404870263,1,0,0,80,0,8.455384362341,2.27953929363627
81,15,0,0,2.28447415256273,2.27204317722192,1,0,0,81,0,8.44419021299956,2.28447415256273
82,15,0,0,2.28932103086143,2.30219880043383,1,0,0,82,0,8.43239045019999,2.28932103086143
83,15,0,0,2.29408235170977,2.30710352127273,1,0,0,83,0,8.4193315786136,2.29408235170977
84,15,0,0,2.29876053828512,2.32386310932722,1,0,0,84,0,8.40436010291172,2.29876053828512
85,15,0,0,2.30335801376487,2.32375385783604,1,0,0,85,0,8.38682252776564,2.30335801376487
86,15,0,0,2.30787720132642,2.31475548510932,1,0,0,86,0,8.3660653578467,2.30787720132642
87,15,0,0,2.31232052414715,2.29880494681109,1,0,0,87,0,8.34143509782621,2.31232052414715
88,15,0,0,2.31669102728982,2.3071237469351,1,0,0,88,0,8.31234882888286,2.31669102728982
89,15,0,0,2.32099559365613,2.3215881518554,1,0,0,89,0,8.27865918073394,2.32099559365613
90,15,0,0,2.32524256873005,2.31163278456885,1,0,0,90,0,8.24038476858631,2.32524256873005
91,15,0,0,2.32944030087465,2.32906935130989,1,0,0,91,0,8.19754453438994,2.32944030087465
92,15,0,0,2.333597138453,2.32998901818793,1,0,0,92,0,8.15015742009477,2.333597138453
93,15,0,0,2.33772142982818,2.27864934550031,1,0,0,93,0,8.09824236765077,2.33772142982818
94,15,0,0,2.34182152336325,2.31546928645371,1,0,0,94,0,8.04181831900789,2.34182152336325
95,15,0,0,2.34590576742129,2.29758452662226,1,0,0,95,0,7.98090421611608,2.34590576742129
40,16,0,0,2.14665895719347,2.5512982011844,1,0,0,40,0,9.41830225325093,2.14665895719347
41,16,0,0,2.14822935649391,2.50245883305887,1,0,0,41,0,9.41642547867126,2.14822935649391
42,16,0,0,2.14980860399272,2.4229134842202,1,0,0,42,0,9.41449858733729,2.14980860399272
43,16,0,0,2.15140171623627,2.44759842023381,1,0,0,43,0,9.41249514965478,2.15140171623627
44,16,0,0,2.15301370977092,2.36077666599947,1,0,0,44,0,9.41038873602944,2.15301370977092
45,16,0,0,2.15464960114305,2.32503833557731,1,0,0,45,0,9.408152916867,2.15464960114305
46,16,0,0,2.15631440689902,2.15936629355589,1,0,0,46,0,9.4057612625732,2.15631440689902
47,16,0,0,2.1580131435852,2.22026298749994,1,0,0,47,0,9.40318734355375,2.1580131435852
48,16,0,0,2.15975083097082,2.12951268805299,1,0,0,48,0,9.40040456381004,2.15975083097082
49,16,0,0,2.16153412603854,2.09984661363091,1,0,0,49,0,9.39730179392454,2.16153412603854
50,16,0,0,2.16337398184489,2.16071220608098,1,0,0,50,0,9.39354608745741,2.16337398184489
51,16,0,0,2.16528204758436,2.13084876337825,1,0,0,51,0,9.38876855462535,2.16528204758436
52,16,0,0,2.16726997245148,2.1433163309267,1,0,0,52,0,9.38260030564505,2.16726997245148
53,16,0,0,2.16934940564075,2.12371085452136,1,0,0,53,0,9.3746724507332,2.16934940564075
54,16,0,0,2.17153199634668,2.10600964672668,1,0,0,54,0,9.3646161001065,2.17153199634668
55,16,0,0,2.17382939376379,2.14190922988873,1,0,0,55,0,9.35206236398166,2.17382939376379
56,16,0,0,2.17625324261668,2.12925049768678,1,0,0,56,0,9.33664390853154,2.17625324261668
57,16,0,0,2.17881479818976,2.16532524104055,1,0,0,57,0,9.31812896261229,2.17881479818976
58,16,0,0,2.18152462963749,2.16548585330182,1,0,0,58,0,9.29652459435554,2.18152462963749
59,16,0,0,2.18439323627212,2.17185509600428,1,0,0,59,0,9.2718621837084,2.18439323627212
60,16,0,0,2.18743111740589,2.19273872257046,1,0,0,60,0,9.24417311061804,2.18743111740589
61,16,0,0,2.19064877235105,2.1765537763653,1,0,0,61,0,9.21348875503156,2.19064877235105
62,16,0,0,2.19405670041984,2.16441423445719,1,0,0,62,0,9.1798404968961,2.19405670041984
63,16,0,0,2.1976654009245,2.19295504357603,1,0,0,63,0,9.14325971615881,2.1976654009245
64,16,0,0,2.2014850252714,2.20389417410365,1,0,0,64,0,9.10379020378768,2.2014850252714
65,16,0,0,2.20551423108697,2.20693389262864,1,0,0,65,0,9.06188577410748,2.20551423108697
66,16,0,0,2.2097378241889,2.20456751319977,1,0,0,66,0,9.01849438394124,2.2097378241889
67,16,0,0,2.21413978572908,2.20978410700065,1,0,0,67,0,8.97459340882818,2.21413978572908
68,16,0,0,2.21870409685937,2.21761899656066,1,0,0,68,0,8.93116022430752,2.21870409685937
69,16,0,0,2.22341473873165,2.22969484845566,1,0,0,69,0,8.88917220591849,2.22341473873165
70,16,0,0,2.22825569249779,2.23733693957653,1,0,0,70,0,8.84960672920029,2.22825569249779
71,16,0,0,2.23321093930967,2.22934519934625,1,0,0,71,0,8.81344116969216,2.23321093930967
72,16,0,0,2.23826423201986,2.23623414925707,1,0,0,72,0,8.78160556239465,2.23826423201986
73,16,0,0,2.24339548876612,2.24477127107357,1,0,0,73,0,8.75423476919816,2.24339548876612
74,16,0,0,2.24858144576475,2.24537541254664,1,0,0,74,0,8.7308038432356,2.24858144576475
75,16,0,0,2.25379874291825,2.24966321556023,1,0,0,75,0,8.71076786585016,2.25379874291825
76,16,0,0,2.25902402012913,2.26575048483421,1,0,0,76,0,8.693581918385,2.25902402012913
77,16,0,0,2.26423391729991,2.27216138272183,1,0,0,77,0,8.67870108218331,2.26423391729991
78,16,0,0,2.26940507433309,2.27759510083782,1,0,0,78,0,8.66558043858825,2.26940507433309
79,16,0,0,2.2745141311312,2.28158044550373,1,0,0,79,0,8.65367506894302,2.2745141311312
80,16,0,0,2.27953929363627,2.26988404870263,1,0,0,80,0,8.64243345979778,2.27953929363627
81,16,0,0,2.28447415256273,2.27204317722192,1,0,0,81,0,8.63123931045634,2.28447415256273
82,16,0,0,2.28932103086143,2.30219880043383,1,0,0,82,0,8.61943954765676,2.28932103086143
83,16,0,0,2.29408235170977,2.30710352127273,1,0,0,83,0,8.60638067607038,2.29408235170977
84,16,0,0,2.29876053828512,2.32386310932722,1,0,0,84,0,8.59140920036849,2.29876053828512
85,16,0,0,2.30335801376487,2.32375385783604,1,0,0,85,0,8.57387162522242,2.30335801376487
86,16,0,0,2.30787720132642,2.31475548510932,1,0,0,86,0,8.55311445530348,2.30787720132642
87,16,0,0,2.31232052414715,2.29880494681109,1,0,0,87,0,8.52848419528299,2.31232052414715
88,16,0,0,2.31669102728982,2.3071237469351,1,0,0,88,0,8.49939792633963,2.31669102728982
89,16,0,0,2.32099559365613,2.3215881518554,1,0,0,89,0,8.46570827819071,2.32099559365613
90,16,0,0,2.32524256873005,2.31163278456885,1,0,0,90,0,8.42743386604309,2.32524256873005
91,16,0,0,2.32944030087465,2.32906935130989,1,0,0,91,0,8.38459363184672,2.32944030087465
92,16,0,0,2.333597138453,2.32998901818793,1,0,0,92,0,8.33720651755155,2.333597138453
93,16,0,0,2.33772142982818,2.27864934550031,1,0,0,93,0,8.28529146510755,2.33772142982818
94,16,0,0,2.34182152336325,2.31546928645371,1,0,0,94,0,8.22886741646467,2.34182152336325
95,16,0,0,2.34590576742129,2.29758452662226,1,0,0,95,0,8.16795331357286,2.34590576742129
40,17,0,0,2.14665895719347,2.5512982011844,0,1,0,0,40,9.60535135070771,2.14665895719347
41,17,0,0,2.14822935649391,2.50245883305887,0,1,0,0,41,9.60347457612803,2.14822935649391
42,17,0,0,2.14980860399272,2.4229134842202,0,1,0,0,42,9.60154768479407,2.14980860399272
43,17,0,0,2.15140171623627,2.44759842023381,0,1,0,0,43,9.59954424711155,2.15140171623627
44,17,0,0,2.15301370977092,2.36077666599947,0,1,0,0,44,9.59743783348621,2.15301370977092
45,17,0,0,2.15464960114305,2.32503833557731,0,1,0,0,45,9.59520201432377,2.15464960114305
46,17,0,0,2.15631440689902,2.15936629355589,0,1,0,0,46,9.59281036002997,2.15631440689902
47,17,0,0,2.1580131435852,2.22026298749994,0,1,0,0,47,9.59023644101053,2.1580131435852
48,17,0,0,2.15975083097082,2.12951268805299,0,1,0,0,48,9.58745366126681,2.15975083097082
49,17,0,0,2.16153412603854,2.09984661363091,0,1,0,0,49,9.58435089138132,2.16153412603854
50,17,0,0,2.16337398184489,2.16071220608098,0,1,0,0,50,9.58059518491419,2.16337398184489
51,17,0,0,2.16528204758436,2.13084876337825,0,1,0,0,51,9.57581765208212,2.16528204758436
52,17,0,0,2.16726997245148,2.1433163309267,0,1,0,0,52,9.56964940310182,2.16726997245148
53,17,0,0,2.16934940564075,2.12371085452136,0,1,0,0,53,9.56172154818997,2.16934940564075
54,17,0,0,2.17153199634668,2.10600964672668,0,1,0,0,54,9.55166519756328,2.17153199634668
55,17,0,0,2.17382939376379,2.14190922988873,0,1,0,0,55,9.53911146143843,2.17382939376379
56,17,0,0,2.17625324261668,2.12925049768678,0,1,0,0,56,9.52369300598831,2.17625324261668
57,17,0,0,2.17881479818976,2.16532524104055,0,1,0,0,57,9.50517806006906,2.17881479818976
58,17,0,0,2.18152462963749,2.16548585330182,0,1,0,0,58,9.48357369181231,2.18152462963749
59,17,0,0,2.18439323627212,2.17185509600428,0,1,0,0,59,9.45891128116518,2.18439323627212
60,17,0,0,2.18743111740589,2.19273872257046,0,1,0,0,60,9.43122220807481,2.18743111740589
61,17,0,0,2.19064877235105,2.1765537763653,0,1,0,0,61,9.40053785248834,2.19064877235105
62,17,0,0,2.19405670041984,2.16441423445719,0,1,0,0,62,9.36688959435288,2.19405670041984
63,17,0,0,2.1976654009245,2.19295504357603,0,1,0,0,63,9.33030881361558,2.1976654009245
64,17,0,0,2.2014850252714,2.20389417410365,0,1,0,0,64,9.29083930124446,2.2014850252714
65,17,0,0,2.20551423108697,2.20693389262864,0,1,0,0,65,9.24893487156425,2.20551423108697
66,17,0,0,2.2097378241889,2.20456751319977,0,1,0,0,66,9.20554348139801,2.2097378241889
67,17,0,0,2.21413978572908,2.20978410700065,0,1,0,0,67,9.16164250628496,2.21413978572908
68,17,0,0,2.21870409685937,2.21761899656066,0,1,0,0,68,9.1182093217643,2.21870409685937
69,17,0,0,2.22341473873165,2.22969484845566,0,1,0,0,69,9.07622130337526,2.22341473873165
70,17,0,0,2.22825569249779,2.23733693957653,0,1,0,0,70,9.03665582665707,2.22825569249779
71,17,0,0,2.23321093930967,2.22934519934625,0,1,0,0,71,9.00049026714893,2.23321093930967
72,17,0,0,2.23826423201986,2.23623414925707,0,1,0,0,72,8.96865465985142,2.23826423201986
73,17,0,0,2.24339548876612,2.24477127107357,0,1,0,0,73,8.94128386665493,2.24339548876612
74,17,0,0,2.24858144576475,2.24537541254664,0,1,0,0,74,8.91785294069238,2.24858144576475
75,17,0,0,2.25379874291825,2.24966321556023,0,1,0,0,75,8.89781696330693,2.25379874291825
76,17,0,0,2.25902402012913,2.26575048483421,0,1,0,0,76,8.88063101584178,2.25902402012913
77,17,0,0,2.26423391729991,2.27216138272183,0,1,0,0,77,8.86575017964008,2.26423391729991
78,17,0,0,2.26940507433309,2.27759510083782,0,1,0,0,78,8.85262953604503,2.26940507433309
79,17,0,0,2.2745141311312,2.28158044550373,0,1,0,0,79,8.84072416639979,2.2745141311312
80,17,0,0,2.27953929363627,2.26988404870263,0,1,0,0,80,8.82948255725455,2.27953929363627
81,17,0,0,2.28447415256273,2.27204317722192,0,1,0,0,81,8.81828840791311,2.28447415256273
82,17,0,0,2.28932103086143,2.30219880043383,0,1,0,0,82,8.80648864511354,2.28932103086143
83,17,0,0,2.29408235170977,2.30710352127273,0,1,0,0,83,8.79342977352715,2.29408235170977
84,17,0,0,2.29876053828512,2.32386310932722,0,1,0,0,84,8.77845829782527,2.29876053828512
85,17,0,0,2.30335801376487,2.32375385783604,0,1,0,0,85,8.76092072267919,2.30335801376487
86,17,0,0,2.30787720132642,2.31475548510932,0,1,0,0,86,8.74016355276025,2.30787720132642
87,17,0,0,2.31232052414715,2.29880494681109,0,1,0,0,87,8.71553329273976,2.31232052414715
88,17,0,0,2.31669102728982,2.3071237469351,0,1,0,0,88,8.68644702379641,2.31669102728982
89,17,0,0,2.32099559365613,2.3215881518554,0,1,0,0,89,8.65275737564749,2.32099559365613
90,17,0,0,2.32524256873005,2.31163278456885,0,1,0,0,90,8.61448296349986,2.32524256873005
91,17,0,0,2.32944030087465,2.32906935130989,0,1,0,0,91,8.57164272930349,2.32944030087465
92,17,0,0,2.333597138453,2.32998901818793,0,1,0,0,92,8.52425561500833,2.333597138453
93,17,0,0,2.33772142982818,2.27864934550031,0,1,0,0,93,8.47234056256433,2.33772142982818
94,17,0,0,2.34182152336325,2.31546928645371,0,1,0,0,94,8.41591651392144,2.34182152336325
95,17,0,0,2.34590576742129,2.29758452662226,0,1,0,0,95,8.35500241102964,2.34590576742129
40,18,0,0,2.14665895719347,2.5512982011844,0,1,0,0,40,9.79240044816448,2.14665895719347
41,18,0,0,2.14822935649391,2.50245883305887,0,1,0,0,41,9.79052367358481,2.14822935649391
42,18,0,0,2.14980860399272,2.4229134842202,0,1,0,0,42,9.78859678225085,2.14980860399272
43,18,0,0,2.15140171623627,2.44759842023381,0,1,0,0,43,9.78659334456833,2.15140171623627
44,18,0,0,2.15301370977092,2.36077666599947,0,1,0,0,44,9.78448693094299,2.15301370977092
45,18,0,0,2.15464960114305,2.32503833557731,0,1,0,0,45,9.78225111178055,2.15464960114305
46,18,0,0,2.15631440689902,2.15936629355589,0,1,0,0,46,9.77985945748675,2.15631440689902
47,18,0,0,2.1580131435852,2.22026298749994,0,1,0,0,47,9.7772855384673,2.1580131435852
48,18,0,0,2.15975083097082,2.12951268805299,0,1,0,0,48,9.77450275872359,2.15975083097082
49,18,0,0,2.16153412603854,2.09984661363091,0,1,0,0,49,9.77139998883809,2.16153412603854
50,18,0,0,2.16337398184489,2.16071220608098,0,1,0,0,50,9.76764428237096,2.16337398184489
51,18,0,0,2.16528204758436,2.13084876337825,0,1,0,0,51,9.7628667495389,2.16528204758436
52,18,0,0,2.16726997245148,2.1433163309267,0,1,0,0,52,9.7566985005586,2.16726997245148
53,18,0,0,2.16934940564075,2.12371085452136,0,1,0,0,53,9.74877064564675,2.16934940564075
54,18,0,0,2.17153199634668,2.10600964672668,0,1,0,0,54,9.73871429502005,2.17153199634668
55,18,0,0,2.17382939376379,2.14190922988873,0,1,0,0,55,9.72616055889521,2.17382939376379
56,18,0,0,2.17625324261668,2.12925049768678,0,1,0,0,56,9.71074210344509,2.17625324261668
57,18,0,0,2.17881479818976,2.16532524104055,0,1,0,0,57,9.69222715752584,2.17881479818976
58,18,0,0,2.18152462963749,2.16548585330182,0,1,0,0,58,9.67062278926909,2.18152462963749
59,18,0,0,2.18439323627212,2.17185509600428,0,1,0,0,59,9.64596037862196,2.18439323627212
60,18,0,0,2.18743111740589,2.19273872257046,0,1,0,0,60,9.61827130553159,2.18743111740589
61,18,0,0,2.19064877235105,2.1765537763653,0,1,0,0,61,9.58758694994511,2.19064877235105
62,18,0,0,2.19405670041984,2.16441423445719,0,1,0,0,62,9.55393869180966,2.19405670041984
63,18,0,0,2.1976654009245,2.19295504357603,0,1,0,0,63,9.51735791107236,2.1976654009245
64,18,0,0,2.2014850252714,2.20389417410365,0,1,0,0,64,9.47788839870123,2.2014850252714
65,18,0,0,2.20551423108697,2.20693389262864,0,1,0,0,65,9.43598396902103,2.20551423108697
66,18,0,0,2.2097378241889,2.20456751319977,0,1,0,0,66,9.39259257885479,2.2097378241889
67,18,0,0,2.21413978572908,2.20978410700065,0,1,0,0,67,9.34869160374173,2.21413978572908
68,18,0,0,2.21870409685937,2.21761899656066,0,1,0,0,68,9.30525841922108,2.21870409685937
69,18,0,0,2.22341473873165,2.22969484845566,0,1,0,0,69,9.26327040083204,2.22341473873165
70,18,0,0,2.22825569249779,2.23733693957653,0,1,0,0,70,9.22370492411384,2.22825569249779
71,18,0,0,2.23321093930967,2.22934519934625,0,1,0,0,71,9.18753936460571,2.23321093930967
72,18,0,0,2.23826423201986,2.23623414925707,0,1,0,0,72,9.1557037573082,2.23826423201986
73,18,0,0,2.24339548876612,2.24477127107357,0,1,0,0,73,9.12833296411171,2.24339548876612
74,18,0,0,2.24858144576475,2.24537541254664,0,1,0,0,74,9.10490203814915,2.24858144576475
75,18,0,0,2.25379874291825,2.24966321556023,0,1,0,0,75,9.08486606076371,2.25379874291825
76,18,0,0,2.25902402012913,2.26575048483421,0,1,0,0,76,9.06768011329855,2.25902402012913
77,18,0,0,2.26423391729991,2.27216138272183,0,1,0,0,77,9.05279927709686,2.26423391729991
78,18,0,0,2.26940507433309,2.27759510083782,0,1,0,0,78,9.03967863350181,2.26940507433309
79,18,0,0,2.2745141311312,2.28158044550373,0,1,0,0,79,9.02777326385657,2.2745141311312
80,18,0,0,2.27953929363627,2.26988404870263,0,1,0,0,80,9.01653165471133,2.27953929363627
81,18,0,0,2.28447415256273,2.27204317722192,0,1,0,0,81,9.00533750536989,2.28447415256273
82,18,0,0,2.28932103086143,2.30219880043383,0,1,0,0,82,8.99353774257032,2.28932103086143
83,18,0,0,2.29408235170977,2.30710352127273,0,1,0,0,83,8.98047887098393,2.29408235170977
84,18,0,0,2.29876053828512,2.32386310932722,0,1,0,0,84,8.96550739528204,2.29876053828512
85,18,0,0,2.30335801376487,2.32375385783604,0,1,0,0,85,8.94796982013597,2.30335801376487
86,18,0,0,2.30787720132642,2.31475548510932,0,1,0,0,86,8.92721265021703,2.30787720132642
87,18,0,0,2.31232052414715,2.29880494681109,0,1,0,0,87,8.90258239019654,2.31232052414715
88,18,0,0,2.31669102728982,2.3071237469351,0,1,0,0,88,8.87349612125319,2.31669102728982
89,18,0,0,2.32099559365613,2.3215881518554,0,1,0,0,89,8.83980647310426,2.32099559365613
90,18,0,0,2.32524256873005,2.31163278456885,0,1,0,0,90,8.80153206095664,2.32524256873005
91,18,0,0,2.32944030087465,2.32906935130989,0,1,0,0,91,8.75869182676027,2.32944030087465
92,18,0,0,2.333597138453,2.32998901818793,0,1,0,0,92,8.7113047124651,2.333597138453
93,18,0,0,2.33772142982818,2.27864934550031,0,1,0,0,93,8.6593896600211,2.33772142982818
94,18,0,0,2.34182152336325,2.31546928645371,0,1,0,0,94,8.60296561137822,2.34182152336325
95,18,0,0,2.34590576742129,2.29758452662226,0,1,0,0,95,8.54205150848641,2.34590576742129
40,19,0,0,2.14665895719347,2.5512982011844,0,1,0,0,40,9.97944954562126,2.14665895719347
41,19,0,0,2.14822935649391,2.50245883305887,0,1,0,0,41,9.97757277104158,2.14822935649391
42,19,0,0,2.14980860399272,2.4229134842202,0,1,0,0,42,9.97564587970762,2.14980860399272
43,19,0,0,2.15140171623627,2.44759842023381,0,1,0,0,43,9.97364244202511,2.15140171623627
44,19,0,0,2.15301370977092,2.36077666599947,0,1,0,0,44,9.97153602839976,2.15301370977092
45,19,0,0,2.15464960114305,2.32503833557731,0,1,0,0,45,9.96930020923732,2.15464960114305
46,19,0,0,2.15631440689902,2.15936629355589,0,1,0,0,46,9.96690855494352,2.15631440689902
47,19,0,0,2.1580131435852,2.22026298749994,0,1,0,0,47,9.96433463592408,2.1580131435852
48,19,0,0,2.15975083097082,2.12951268805299,0,1,0,0,48,9.96155185618036,2.15975083097082
49,19,0,0,2.16153412603854,2.09984661363091,0,1,0,0,49,9.95844908629487,2.16153412603854
50,19,0,0,2.16337398184489,2.16071220608098,0,1,0,0,50,9.95469337982774,2.16337398184489
51,19,0,0,2.16528204758436,2.13084876337825,0,1,0,0,51,9.94991584699568,2.16528204758436
52,19,0,0,2.16726997245148,2.1433163309267,0,1,0,0,52,9.94374759801537,2.16726997245148
53,19,0,0,2.16934940564075,2.12371085452136,0,1,0,0,53,9.93581974310352,2.16934940564075
54,19,0,0,2.17153199634668,2.10600964672668,0,1,0,0,54,9.92576339247683,2.17153199634668
55,19,0,0,2.17382939376379,2.14190922988873,0,1,0,0,55,9.91320965635198,2.17382939376379
56,19,0,0,2.17625324261668,2.12925049768678,0,1,0,0,56,9.89779120090187,2.17625324261668
57,19,0,0,2.17881479818976,2.16532524104055,0,1,0,0,57,9.87927625498262,2.17881479818976
58,19,0,0,2.18152462963749,2.16548585330182,0,1,0,0,58,9.85767188672586,2.18152462963749
59,19,0,0,2.18439323627212,2.17185509600428,0,1,0,0,59,9.83300947607873,2.18439323627212
60,19,0,0,2.18743111740589,2.19273872257046,0,1,0,0,60,9.80532040298836,2.18743111740589
61,19,0,0,2.19064877235105,2.1765537763653,0,1,0,0,61,9.77463604740189,2.19064877235105
62,19,0,0,2.19405670041984,2.16441423445719,0,1,0,0,62,9.74098778926643,2.19405670041984
63,19,0,0,2.1976654009245,2.19295504357603,0,1,0,0,63,9.70440700852913,2.1976654009245
64,19,0,0,2.2014850252714,2.20389417410365,0,1,0,0,64,9.66493749615801,2.2014850252714
65,19,0,0,2.20551423108697,2.20693389262864,0,1,0,0,65,9.62303306647781,2.20551423108697
66,19,0,0,2.2097378241889,2.20456751319977,0,1,0,0,66,9.57964167631157,2.2097378241889
67,19,0,0,2.21413978572908,2.20978410700065,0,1,0,0,67,9.53574070119851,2.21413978572908
68,19,0,0,2.21870409685937,2.21761899656066,0,1,0,0,68,9.49230751667785,2.21870409685937
69,19,0,0,2.22341473873165,2.22969484845566,0,1,0,0,69,9.45031949828882,2.22341473873165
70,19,0,0,2.22825569249779,2.23733693957653,0,1,0,0,70,9.41075402157062,2.22825569249779
71,19,0,0,2.23321093930967,2.22934519934625,0,1,0,0,71,9.37458846206249,2.23321093930967
72,19,0,0,2.23826423201986,2.23623414925707,0,1,0,0,72,9.34275285476498,2.23826423201986
73,19,0,0,2.24339548876612,2.24477127107357,0,1,0,0,73,9.31538206156849,2.24339548876612
74,19,0,0,2.24858144576475,2.24537541254664,0,1,0,0,74,9.29195113560593,2.24858144576475
75,19,0,0,2.25379874291825,2.24966321556023,0,1,0,0,75,9.27191515822049,2.25379874291825
76,19,0,0,2.25902402012913,2.26575048483421,0,1,0,0,76,9.25472921075533,2.25902402012913
77,19,0,0,2.26423391729991,2.27216138272183,0,1,0,0,77,9.23984837455363,2.26423391729991
78,19,0,0,2.26940507433309,2.27759510083782,0,1,0,0,78,9.22672773095858,2.26940507433309
79,19,0,0,2.2745141311312,2.28158044550373,0,1,0,0,79,9.21482236131334,2.2745141311312
80,19,0,0,2.27953929363627,2.26988404870263,0,1,0,0,80,9.2035807521681,2.27953929363627
81,19,0,0,2.28447415256273,2.27204317722192,0,1,0,0,81,9.19238660282666,2.28447415256273
82,19,0,0,2.28932103086143,2.30219880043383,0,1,0,0,82,9.18058684002709,2.28932103086143
83,19,0,0,2.29408235170977,2.30710352127273,0,1,0,0,83,9.1675279684407,2.29408235170977
84,19,0,0,2.29876053828512,2.32386310932722,0,1,0,0,84,9.15255649273882,2.29876053828512
85,19,0,0,2.30335801376487,2.32375385783604,0,1,0,0,85,9.13501891759275,2.30335801376487
86,19,0,0,2.30787720132642,2.31475548510932,0,1,0,0,86,9.11426174767381,2.30787720132642
87,19,0,0,2.31232052414715,2.29880494681109,0,1,0,0,87,9.08963148765331,2.31232052414715
88,19,0,0,2.31669102728982,2.3071237469351,0,1,0,0,88,9.06054521870996,2.31669102728982
89,19,0,0,2.32099559365613,2.3215881518554,0,1,0,0,89,9.02685557056104,2.32099559365613
90,19,0,0,2.32524256873005,2.31163278456885,0,1,0,0,90,8.98858115841342,2.32524256873005
91,19,0,0,2.32944030087465,2.32906935130989,0,1,0,0,91,8.94574092421704,2.32944030087465
92,19,0,0,2.333597138453,2.32998901818793,0,1,0,0,92,8.89835380992188,2.333597138453
93,19,0,0,2.33772142982818,2.27864934550031,0,1,0,0,93,8.84643875747788,2.33772142982818
94,19,0,0,2.34182152336325,2.31546928645371,0,1,0,0,94,8.79001470883499,2.34182152336325
95,19,0,0,2.34590576742129,2.29758452662226,0,1,0,0,95,8.72910060594319,2.34590576742129
40,20,0,0,2.14665895719347,2.5512982011844,0,1,0,0,40,10.166498643078,2.14665895719347
41,20,0,0,2.14822935649391,2.50245883305887,0,1,0,0,41,10.1646218684984,2.14822935649391
42,20,0,0,2.14980860399272,2.4229134842202,0,1,0,0,42,10.1626949771644,2.14980860399272
43,20,0,0,2.15140171623627,2.44759842023381,0,1,0,0,43,10.1606915394819,2.15140171623627
44,20,0,0,2.15301370977092,2.36077666599947,0,1,0,0,44,10.1585851258565,2.15301370977092
45,20,0,0,2.15464960114305,2.32503833557731,0,1,0,0,45,10.1563493066941,2.15464960114305
46,20,0,0,2.15631440689902,2.15936629355589,0,1,0,0,46,10.1539576524003,2.15631440689902
47,20,0,0,2.1580131435852,2.22026298749994,0,1,0,0,47,10.1513837333809,2.1580131435852
48,20,0,0,2.15975083097082,2.12951268805299,0,1,0,0,48,10.1486009536371,2.15975083097082
49,20,0,0,2.16153412603854,2.09984661363091,0,1,0,0,49,10.1454981837516,2.16153412603854
50,20,0,0,2.16337398184489,2.16071220608098,0,1,0,0,50,10.1417424772845,2.16337398184489
51,20,0,0,2.16528204758436,2.13084876337825,0,1,0,0,51,10.1369649444525,2.16528204758436
52,20,0,0,2.16726997245148,2.1433163309267,0,1,0,0,52,10.1307966954721,2.16726997245148
53,20,0,0,2.16934940564075,2.12371085452136,0,1,0,0,53,10.1228688405603,2.16934940564075
54,20,0,0,2.17153199634668,2.10600964672668,0,1,0,0,54,10.1128124899336,2.17153199634668
55,20,0,0,2.17382939376379,2.14190922988873,0,1,0,0,55,10.1002587538088,2.17382939376379
56,20,0,0,2.17625324261668,2.12925049768678,0,1,0,0,56,10.0848402983586,2.17625324261668
57,20,0,0,2.17881479818976,2.16532524104055,0,1,0,0,57,10.0663253524394,2.17881479818976
58,20,0,0,2.18152462963749,2.16548585330182,0,1,0,0,58,10.0447209841826,2.18152462963749
59,20,0,0,2.18439323627212,2.17185509600428,0,1,0,0,59,10.0200585735355,2.18439323627212
60,20,0,0,2.18743111740589,2.19273872257046,0,1,0,0,60,9.99236950044514,2.18743111740589
61,20,0,0,2.19064877235105,2.1765537763653,0,1,0,0,61,9.96168514485866,2.19064877235105
62,20,0,0,2.19405670041984,2.16441423445719,0,1,0,0,62,9.92803688672321,2.19405670041984
63,20,0,0,2.1976654009245,2.19295504357603,0,1,0,0,63,9.89145610598591,2.1976654009245
64,20,0,0,2.2014850252714,2.20389417410365,0,1,0,0,64,9.85198659361478,2.2014850252714
65,20,0,0,2.20551423108697,2.20693389262864,0,1,0,0,65,9.81008216393458,2.20551423108697
66,20,0,0,2.2097378241889,2.20456751319977,0,1,0,0,66,9.76669077376834,2.2097378241889
67,20,0,0,2.21413978572908,2.20978410700065,0,1,0,0,67,9.72278979865528,2.21413978572908
68,20,0,0,2.21870409685937,2.21761899656066,0,1,0,0,68,9.67935661413463,2.21870409685937
69,20,0,0,2.22341473873165,2.22969484845566,0,1,0,0,69,9.63736859574559,2.22341473873165
70,20,0,0,2.22825569249779,2.23733693957653,0,1,0,0,70,9.5978031190274,2.22825569249779
71,20,0,0,2.23321093930967,2.22934519934625,0,1,0,0,71,9.56163755951926,2.23321093930967
72,20,0,0,2.23826423201986,2.23623414925707,0,1,0,0,72,9.52980195222175,2.23826423201986
73,20,0,0,2.24339548876612,2.24477127107357,0,1,0,0,73,9.50243115902526,2.24339548876612
74,20,0,0,2.24858144576475,2.24537541254664,0,1,0,0,74,9.47900023306271,2.24858144576475
75,20,0,0,2.25379874291825,2.24966321556023,0,1,0,0,75,9.45896425567726,2.25379874291825
76,20,0,0,2.25902402012913,2.26575048483421,0,1,0,0,76,9.44177830821211,2.25902402012913
77,20,0,0,2.26423391729991,2.27216138272183,0,1,0,0,77,9.42689747201041,2.26423391729991
78,20,0,0,2.26940507433309,2.27759510083782,0,1,0,0,78,9.41377682841536,2.26940507433309
79,20,0,0,2.2745141311312,2.28158044550373,0,1,0,0,79,9.40187145877012,2.2745141311312
80,20,0,0,2.27953929363627,2.26988404870263,0,1,0,0,80,9.39062984962488,2.27953929363627
81,20,0,0,2.28447415256273,2.27204317722192,0,1,0,0,81,9.37943570028344,2.28447415256273
82,20,0,0,2.28932103086143,2.30219880043383,0,1,0,0,82,9.36763593748387,2.28932103086143
83,20,0,0,2.29408235170977,2.30710352127273,0,1,0,0,83,9.35457706589748,2.29408235170977
84,20,0,0,2.29876053828512,2.32386310932722,0,1,0,0,84,9.3396055901956,2.29876053828512
85,20,0,0,2.30335801376487,2.32375385783604,0,1,0,0,85,9.32206801504952,2.30335801376487
86,20,0,0,2.30787720132642,2.31475548510932,0,1,0,0,86,9.30131084513058,2.30787720132642
87,20,0,0,2.31232052414715,2.29880494681109,0,1,0,0,87,9.27668058511009,2.31232052414715
88,20,0,0,2.31669102728982,2.3071237469351,0,1,0,0,88,9.24759431616674,2.31669102728982
89,20,0,0,2.32099559365613,2.3215881518554,0,1,0,0,89,9.21390466801782,2.32099559365613
90,20,0,0,2.32524256873005,2.31163278456885,0,1,0,0,90,9.17563025587019,2.32524256873005
91,20,0,0,2.32944030087465,2.32906935130989,0,1,0,0,91,9.13279002167382,2.32944030087465
92,20,0,0,2.333597138453,2.32998901818793,0,1,0,0,92,9.08540290737865,2.333597138453
93,20,0,0,2.33772142982818,2.27864934550031,0,1,0,0,93,9.03348785493466,2.33772142982818
94,20,0,0,2.34182152336325,2.31546928645371,0,1,0,0,94,8.97706380629177,2.34182152336325
95,20,0,0,2.34590576742129,2.29758452662226,0,1,0,0,95,8.91614970339996,2.34590576742129
40,21,0,0,2.14665895719347,2.5512982011844,0,1,0,0,40,10.3535477405348,2.14665895719347
41,21,0,0,2.14822935649391,2.50245883305887,0,1,0,0,41,10.3516709659551,2.14822935649391
42,21,0,0,2.14980860399272,2.4229134842202,0,1,0,0,42,10.3497440746212,2.14980860399272
43,21,0,0,2.15140171623627,2.44759842023381,0,1,0,0,43,10.3477406369387,2.15140171623627
44,21,0,0,2.15301370977092,2.36077666599947,0,1,0,0,44,10.3456342233133,2.15301370977092
45,21,0,0,2.15464960114305,2.32503833557731,0,1,0,0,45,10.3433984041509,2.15464960114305
46,21,0,0,2.15631440689902,2.15936629355589,0,1,0,0,46,10.3410067498571,2.15631440689902
47,21,0,0,2.1580131435852,2.22026298749994,0,1,0,0,47,10.3384328308376,2.1580131435852
48,21,0,0,2.15975083097082,2.12951268805299,0,1,0,0,48,10.3356500510939,2.15975083097082
49,21,0,0,2.16153412603854,2.09984661363091,0,1,0,0,49,10.3325472812084,2.16153412603854
50,21,0,0,2.16337398184489,2.16071220608098,0,1,0,0,50,10.3287915747413,2.16337398184489
51,21,0,0,2.16528204758436,2.13084876337825,0,1,0,0,51,10.3240140419092,2.16528204758436
52,21,0,0,2.16726997245148,2.1433163309267,0,1,0,0,52,10.3178457929289,2.16726997245148
53,21,0,0,2.16934940564075,2.12371085452136,0,1,0,0,53,10.3099179380171,2.16934940564075
54,21,0,0,2.17153199634668,2.10600964672668,0,1,0,0,54,10.2998615873904,2.17153199634668
55,21,0,0,2.17382939376379,2.14190922988873,0,1,0,0,55,10.2873078512655,2.17382939376379
56,21,0,0,2.17625324261668,2.12925049768678,0,1,0,0,56,10.2718893958154,2.17625324261668
57,21,0,0,2.17881479818976,2.16532524104055,0,1,0,0,57,10.2533744498962,2.17881479818976
58,21,0,0,2.18152462963749,2.16548585330182,0,1,0,0,58,10.2317700816394,2.18152462963749
59,21,0,0,2.18439323627212,2.17185509600428,0,1,0,0,59,10.2071076709923,2.18439323627212
60,21,0,0,2.18743111740589,2.19273872257046,0,1,0,0,60,10.1794185979019,2.18743111740589
61,21,0,0,2.19064877235105,2.1765537763653,0,1,0,0,61,10.1487342423154,2.19064877235105
62,21,0,0,2.19405670041984,2.16441423445719,0,1,0,0,62,10.11508598418,2.19405670041984
63,21,0,0,2.1976654009245,2.19295504357603,0,1,0,0,63,10.0785052034427,2.1976654009245
64,21,0,0,2.2014850252714,2.20389417410365,0,1,0,0,64,10.0390356910716,2.2014850252714
65,21,0,0,2.20551423108697,2.20693389262864,0,1,0,0,65,9.99713126139136,2.20551423108697
66,21,0,0,2.2097378241889,2.20456751319977,0,1,0,0,66,9.95373987122512,2.2097378241889
67,21,0,0,2.21413978572908,2.20978410700065,0,1,0,0,67,9.90983889611206,2.21413978572908
68,21,0,0,2.21870409685937,2.21761899656066,0,1,0,0,68,9.8664057115914,2.21870409685937
69,21,0,0,2.22341473873165,2.22969484845566,0,1,0,0,69,9.82441769320237,2.22341473873165
70,21,0,0,2.22825569249779,2.23733693957653,0,1,0,0,70,9.78485221648417,2.22825569249779
71,21,0,0,2.23321093930967,2.22934519934625,0,1,0,0,71,9.74868665697604,2.23321093930967
72,21,0,0,2.23826423201986,2.23623414925707,0,1,0,0,72,9.71685104967853,2.23826423201986
73,21,0,0,2.24339548876612,2.24477127107357,0,1,0,0,73,9.68948025648204,2.24339548876612
74,21,0,0,2.24858144576475,2.24537541254664,0,1,0,0,74,9.66604933051948,2.24858144576475
75,21,0,0,2.25379874291825,2.24966321556023,0,1,0,0,75,9.64601335313404,2.25379874291825
76,21,0,0,2.25902402012913,2.26575048483421,0,1,0,0,76,9.62882740566888,2.25902402012913
77,21,0,0,2.26423391729991,2.27216138272183,0,1,0,0,77,9.61394656946719,2.26423391729991
78,21,0,0,2.26940507433309,2.27759510083782,0,1,0,0,78,9.60082592587213,2.26940507433309
79,21,0,0,2.2745141311312,2.28158044550373,0,1,0,0,79,9.5889205562269,2.2745141311312
80,21,0,0,2.27953929363627,2.26988404870263,0,1,0,0,80,9.57767894708165,2.27953929363627
81,21,0,0,2.28447415256273,2.27204317722192,0,1,0,0,81,9.56648479774022,2.28447415256273
82,21,0,0,2.28932103086143,2.30219880043383,0,1,0,0,82,9.55468503494064,2.28932103086143
83,21,0,0,2.29408235170977,2.30710352127273,0,1,0,0,83,9.54162616335426,2.29408235170977
84,21,0,0,2.29876053828512,2.32386310932722,0,1,0,0,84,9.52665468765237,2.29876053828512
85,21,0,0,2.30335801376487,2.32375385783604,0,1,0,0,85,9.5091171125063,2.30335801376487
86,21,0,0,2.30787720132642,2.31475548510932,0,1,0,0,86,9.48835994258736,2.30787720132642
87,21,0,0,2.31232052414715,2.29880494681109,0,1,0,0,87,9.46372968256686,2.31232052414715
88,21,0,0,2.31669102728982,2.3071237469351,0,1,0,0,88,9.43464341362351,2.31669102728982
89,21,0,0,2.32099559365613,2.3215881518554,0,1,0,0,89,9.40095376547459,2.32099559365613
90,21,0,0,2.32524256873005,2.31163278456885,0,1,0,0,90,9.36267935332697,2.32524256873005
91,21,0,0,2.32944030087465,2.32906935130989,0,1,0,0,91,9.3198391191306,2.32944030087465
92,21,0,0,2.333597138453,2.32998901818793,0,1,0,0,92,9.27245200483543,2.333597138453
93,21,0,0,2.33772142982818,2.27864934550031,0,1,0,0,93,9.22053695239143,2.33772142982818
94,21,0,0,2.34182152336325,2.31546928645371,0,1,0,0,94,9.16411290374855,2.34182152336325
95,21,0,0,2.34590576742129,2.29758452662226,0,1,0,0,95,9.10319880085674,2.34590576742129
40,22,0,0,2.14665895719347,2.5512982011844,0,1,0,0,40,10.5405968379916,2.14665895719347
41,22,0,0,2.14822935649391,2.50245883305887,0,1,0,0,41,10.5387200634119,2.14822935649391
42,22,0,0,2.14980860399272,2.4229134842202,0,1,0,0,42,10.536793172078,2.14980860399272
43,22,0,0,2.15140171623627,2.44759842023381,0,1,0,0,43,10.5347897343954,2.15140171623627
44,22,0,0,2.15301370977092,2.36077666599947,0,1,0,0,44,10.5326833207701,2.15301370977092
45,22,0,0,2.15464960114305,2.32503833557731,0,1,0,0,45,10.5304475016077,2.15464960114305
46,22,0,0,2.15631440689902,2.15936629355589,0,1,0,0,46,10.5280558473139,2.15631440689902
47,22,0,0,2.1580131435852,2.22026298749994,0,1,0,0,47,10.5254819282944,2.1580131435852
48,22,0,0,2.15975083097082,2.12951268805299,0,1,0,0,48,10.5226991485507,2.15975083097082
49,22,0,0,2.16153412603854,2.09984661363091,0,1,0,0,49,10.5195963786652,2.16153412603854
50,22,0,0,2.16337398184489,2.16071220608098,0,1,0,0,50,10.5158406721981,2.16337398184489
51,22,0,0,2.16528204758436,2.13084876337825,0,1,0,0,51,10.511063139366,2.16528204758436
52,22,0,0,2.16726997245148,2.1433163309267,0,1,0,0,52,10.5048948903857,2.16726997245148
53,22,0,0,2.16934940564075,2.12371085452136,0,1,0,0,53,10.4969670354739,2.16934940564075
54,22,0,0,2.17153199634668,2.10600964672668,0,1,0,0,54,10.4869106848472,2.17153199634668
55,22,0,0,2.17382939376379,2.14190922988873,0,1,0,0,55,10.4743569487223,2.17382939376379
56,22,0,0,2.17625324261668,2.12925049768678,0,1,0,0,56,10.4589384932722,2.17625324261668
57,22,0,0,2.17881479818976,2.16532524104055,0,1,0,0,57,10.4404235473529,2.17881479818976
58,22,0,0,2.18152462963749,2.16548585330182,0,1,0,0,58,10.4188191790962,2.18152462963749
59,22,0,0,2.18439323627212,2.17185509600428,0,1,0,0,59,10.3941567684491,2.18439323627212
60,22,0,0,2.18743111740589,2.19273872257046,0,1,0,0,60,10.3664676953587,2.18743111740589
61,22,0,0,2.19064877235105,2.1765537763653,0,1,0,0,61,10.3357833397722,2.19064877235105
62,22,0,0,2.19405670041984,2.16441423445719,0,1,0,0,62,10.3021350816368,2.19405670041984
63,22,0,0,2.1976654009245,2.19295504357603,0,1,0,0,63,10.2655543008995,2.1976654009245
64,22,0,0,2.2014850252714,2.20389417410365,0,1,0,0,64,10.2260847885283,2.2014850252714
65,22,0,0,2.20551423108697,2.20693389262864,0,1,0,0,65,10.1841803588481,2.20551423108697
66,22,0,0,2.2097378241889,2.20456751319977,0,1,0,0,66,10.1407889686819,2.2097378241889
67,22,0,0,2.21413978572908,2.20978410700065,0,1,0,0,67,10.0968879935688,2.21413978572908
68,22,0,0,2.21870409685937,2.21761899656066,0,1,0,0,68,10.0534548090482,2.21870409685937
69,22,0,0,2.22341473873165,2.22969484845566,0,1,0,0,69,10.0114667906591,2.22341473873165
70,22,0,0,2.22825569249779,2.23733693957653,0,1,0,0,70,9.97190131394095,2.22825569249779
71,22,0,0,2.23321093930967,2.22934519934625,0,1,0,0,71,9.93573575443281,2.23321093930967
72,22,0,0,2.23826423201986,2.23623414925707,0,1,0,0,72,9.9039001471353,2.23826423201986
73,22,0,0,2.24339548876612,2.24477127107357,0,1,0,0,73,9.87652935393881,2.24339548876612
74,22,0,0,2.24858144576475,2.24537541254664,0,1,0,0,74,9.85309842797626,2.24858144576475
75,22,0,0,2.25379874291825,2.24966321556023,0,1,0,0,75,9.83306245059081,2.25379874291825
76,22,0,0,2.25902402012913,2.26575048483421,0,1,0,0,76,9.81587650312566,2.25902402012913
77,22,0,0,2.26423391729991,2.27216138272183,0,1,0,0,77,9.80099566692396,2.26423391729991
78,22,0,0,2.26940507433309,2.27759510083782,0,1,0,0,78,9.78787502332891,2.26940507433309
79,22,0,0,2.2745141311312,2.28158044550373,0,1,0,0,79,9.77596965368367,2.2745141311312
80,22,0,0,2.27953929363627,2.26988404870263,0,1,0,0,80,9.76472804453843,2.27953929363627
81,22,0,0,2.28447415256273,2.27204317722192,0,1,0,0,81,9.75353389519699,2.28447415256273
82,22,0,0,2.28932103086143,2.30219880043383,0,1,0,0,82,9.74173413239742,2.28932103086143
83,22,0,0,2.29408235170977,2.30710352127273,0,1,0,0,83,9.72867526081103,2.29408235170977
84,22,0,0,2.29876053828512,2.32386310932722,0,1,0,0,84,9.71370378510915,2.29876053828512
85,22,0,0,2.30335801376487,2.32375385783604,0,1,0,0,85,9.69616620996307,2.30335801376487
86,22,0,0,2.30787720132642,2.31475548510932,0,1,0,0,86,9.67540904004414,2.30787720132642
87,22,0,0,2.31232052414715,2.29880494681109,0,1,0,0,87,9.65077878002364,2.31232052414715
88,22,0,0,2.31669102728982,2.3071237469351,0,1,0,0,88,9.62169251108029,2.31669102728982
89,22,0,0,2.32099559365613,2.3215881518554,0,1,0,0,89,9.58800286293137,2.32099559365613
90,22,0,0,2.32524256873005,2.31163278456885,0,1,0,0,90,9.54972845078374,2.32524256873005
91,22,0,0,2.32944030087465,2.32906935130989,0,1,0,0,91,9.50688821658737,2.32944030087465
92,22,0,0,2.333597138453,2.32998901818793,0,1,0,0,92,9.45950110229221,2.333597138453
93,22,0,0,2.33772142982818,2.27864934550031,0,1,0,0,93,9.40758604984821,2.33772142982818
94,22,0,0,2.34182152336325,2.31546928645371,0,1,0,0,94,9.35116200120532,2.34182152336325
95,22,0,0,2.34590576742129,2.29758452662226,0,1,0,0,95,9.29024789831352,2.34590576742129
40,23,0,0,2.14665895719347,2.5512982011844,0,1,0,0,40,10.7276459354484,2.14665895719347
41,23,0,0,2.14822935649391,2.50245883305887,0,1,0,0,41,10.7257691608687,2.14822935649391
42,23,0,0,2.14980860399272,2.4229134842202,0,1,0,0,42,10.7238422695347,2.14980860399272
43,23,0,0,2.15140171623627,2.44759842023381,0,1,0,0,43,10.7218388318522,2.15140171623627
44,23,0,0,2.15301370977092,2.36077666599947,0,1,0,0,44,10.7197324182269,2.15301370977092
45,23,0,0,2.15464960114305,2.32503833557731,0,1,0,0,45,10.7174965990644,2.15464960114305
46,23,0,0,2.15631440689902,2.15936629355589,0,1,0,0,46,10.7151049447706,2.15631440689902
47,23,0,0,2.1580131435852,2.22026298749994,0,1,0,0,47,10.7125310257512,2.1580131435852
48,23,0,0,2.15975083097082,2.12951268805299,0,1,0,0,48,10.7097482460075,2.15975083097082
49,23,0,0,2.16153412603854,2.09984661363091,0,1,0,0,49,10.706645476122,2.16153412603854
50,23,0,0,2.16337398184489,2.16071220608098,0,1,0,0,50,10.7028897696548,2.16337398184489
51,23,0,0,2.16528204758436,2.13084876337825,0,1,0,0,51,10.6981122368228,2.16528204758436
52,23,0,0,2.16726997245148,2.1433163309267,0,1,0,0,52,10.6919439878425,2.16726997245148
53,23,0,0,2.16934940564075,2.12371085452136,0,1,0,0,53,10.6840161329306,2.16934940564075
54,23,0,0,2.17153199634668,2.10600964672668,0,1,0,0,54,10.6739597823039,2.17153199634668
55,23,0,0,2.17382939376379,2.14190922988873,0,1,0,0,55,10.6614060461791,2.17382939376379
56,23,0,0,2.17625324261668,2.12925049768678,0,1,0,0,56,10.645987590729,2.17625324261668
57,23,0,0,2.17881479818976,2.16532524104055,0,1,0,0,57,10.6274726448097,2.17881479818976
58,23,0,0,2.18152462963749,2.16548585330182,0,1,0,0,58,10.605868276553,2.18152462963749
59,23,0,0,2.18439323627212,2.17185509600428,0,1,0,0,59,10.5812058659058,2.18439323627212
60,23,0,0,2.18743111740589,2.19273872257046,0,1,0,0,60,10.5535167928155,2.18743111740589
61,23,0,0,2.19064877235105,2.1765537763653,0,1,0,0,61,10.522832437229,2.19064877235105
62,23,0,0,2.19405670041984,2.16441423445719,0,1,0,0,62,10.4891841790935,2.19405670041984
63,23,0,0,2.1976654009245,2.19295504357603,0,1,0,0,63,10.4526033983562,2.1976654009245
64,23,0,0,2.2014850252714,2.20389417410365,0,1,0,0,64,10.4131338859851,2.2014850252714
65,23,0,0,2.20551423108697,2.20693389262864,0,1,0,0,65,10.3712294563049,2.20551423108697
66,23,0,0,2.2097378241889,2.20456751319977,0,1,0,0,66,10.3278380661387,2.2097378241889
67,23,0,0,2.21413978572908,2.20978410700065,0,1,0,0,67,10.2839370910256,2.21413978572908
68,23,0,0,2.21870409685937,2.21761899656066,0,1,0,0,68,10.240503906505,2.21870409685937
69,23,0,0,2.22341473873165,2.22969484845566,0,1,0,0,69,10.1985158881159,2.22341473873165
70,23,0,0,2.22825569249779,2.23733693957653,0,1,0,0,70,10.1589504113977,2.22825569249779
71,23,0,0,2.23321093930967,2.22934519934625,0,1,0,0,71,10.1227848518896,2.23321093930967
72,23,0,0,2.23826423201986,2.23623414925707,0,1,0,0,72,10.0909492445921,2.23826423201986
73,23,0,0,2.24339548876612,2.24477127107357,0,1,0,0,73,10.0635784513956,2.24339548876612
74,23,0,0,2.24858144576475,2.24537541254664,0,1,0,0,74,10.040147525433,2.24858144576475
75,23,0,0,2.25379874291825,2.24966321556023,0,1,0,0,75,10.0201115480476,2.25379874291825
76,23,0,0,2.25902402012913,2.26575048483421,0,1,0,0,76,10.0029256005824,2.25902402012913
77,23,0,0,2.26423391729991,2.27216138272183,0,1,0,0,77,9.98804476438074,2.26423391729991
78,23,0,0,2.26940507433309,2.27759510083782,0,1,0,0,78,9.97492412078569,2.26940507433309
79,23,0,0,2.2745141311312,2.28158044550373,0,1,0,0,79,9.96301875114045,2.2745141311312
80,23,0,0,2.27953929363627,2.26988404870263,0,1,0,0,80,9.95177714199521,2.27953929363627
81,23,0,0,2.28447415256273,2.27204317722192,0,1,0,0,81,9.94058299265377,2.28447415256273
82,23,0,0,2.28932103086143,2.30219880043383,0,1,0,0,82,9.9287832298542,2.28932103086143
83,23,0,0,2.29408235170977,2.30710352127273,0,1,0,0,83,9.91572435826781,2.29408235170977
84,23,0,0,2.29876053828512,2.32386310932722,0,1,0,0,84,9.90075288256592,2.29876053828512
85,23,0,0,2.30335801376487,2.32375385783604,0,1,0,0,85,9.88321530741985,2.30335801376487
86,23,0,0,2.30787720132642,2.31475548510932,0,1,0,0,86,9.86245813750091,2.30787720132642
87,23,0,0,2.31232052414715,2.29880494681109,0,1,0,0,87,9.83782787748042,2.31232052414715
88,23,0,0,2.31669102728982,2.3071237469351,0,1,0,0,88,9.80874160853707,2.31669102728982
89,23,0,0,2.32099559365613,2.3215881518554,0,1,0,0,89,9.77505196038814,2.32099559365613
90,23,0,0,2.32524256873005,2.31163278456885,0,1,0,0,90,9.73677754824052,2.32524256873005
91,23,0,0,2.32944030087465,2.32906935130989,0,1,0,0,91,9.69393731404415,2.32944030087465
92,23,0,0,2.333597138453,2.32998901818793,0,1,0,0,92,9.64655019974898,2.333597138453
93,23,0,0,2.33772142982818,2.27864934550031,0,1,0,0,93,9.59463514730498,2.33772142982818
94,23,0,0,2.34182152336325,2.31546928645371,0,1,0,0,94,9.5382110986621,2.34182152336325
95,23,0,0,2.34590576742129,2.29758452662226,0,1,0,0,95,9.47729699577029,2.34590576742129
40,24,0,0,2.14665895719347,2.5512982011844,0,1,0,0,40,10.9146950329051,2.14665895719347
41,24,0,0,2.14822935649391,2.50245883305887,0,1,0,0,41,10.9128182583255,2.14822935649391
42,24,0,0,2.14980860399272,2.4229134842202,0,1,0,0,42,10.9108913669915,2.14980860399272
43,24,0,0,2.15140171623627,2.44759842023381,0,1,0,0,43,10.908887929309,2.15140171623627
44,24,0,0,2.15301370977092,2.36077666599947,0,1,0,0,44,10.9067815156836,2.15301370977092
45,24,0,0,2.15464960114305,2.32503833557731,0,1,0,0,45,10.9045456965212,2.15464960114305
46,24,0,0,2.15631440689902,2.15936629355589,0,1,0,0,46,10.9021540422274,2.15631440689902
47,24,0,0,2.1580131435852,2.22026298749994,0,1,0,0,47,10.899580123208,2.1580131435852
48,24,0,0,2.15975083097082,2.12951268805299,0,1,0,0,48,10.8967973434642,2.15975083097082
49,24,0,0,2.16153412603854,2.09984661363091,0,1,0,0,49,10.8936945735787,2.16153412603854
50,24,0,0,2.16337398184489,2.16071220608098,0,1,0,0,50,10.8899388671116,2.16337398184489
51,24,0,0,2.16528204758436,2.13084876337825,0,1,0,0,51,10.8851613342796,2.16528204758436
52,24,0,0,2.16726997245148,2.1433163309267,0,1,0,0,52,10.8789930852993,2.16726997245148
53,24,0,0,2.16934940564075,2.12371085452136,0,1,0,0,53,10.8710652303874,2.16934940564075
54,24,0,0,2.17153199634668,2.10600964672668,0,1,0,0,54,10.8610088797607,2.17153199634668
55,24,0,0,2.17382939376379,2.14190922988873,0,1,0,0,55,10.8484551436359,2.17382939376379
56,24,0,0,2.17625324261668,2.12925049768678,0,1,0,0,56,10.8330366881857,2.17625324261668
57,24,0,0,2.17881479818976,2.16532524104055,0,1,0,0,57,10.8145217422665,2.17881479818976
58,24,0,0,2.18152462963749,2.16548585330182,0,1,0,0,58,10.7929173740097,2.18152462963749
59,24,0,0,2.18439323627212,2.17185509600428,0,1,0,0,59,10.7682549633626,2.18439323627212
60,24,0,0,2.18743111740589,2.19273872257046,0,1,0,0,60,10.7405658902722,2.18743111740589
61,24,0,0,2.19064877235105,2.1765537763653,0,1,0,0,61,10.7098815346858,2.19064877235105
62,24,0,0,2.19405670041984,2.16441423445719,0,1,0,0,62,10.6762332765503,2.19405670041984
63,24,0,0,2.1976654009245,2.19295504357603,0,1,0,0,63,10.639652495813,2.1976654009245
64,24,0,0,2.2014850252714,2.20389417410365,0,1,0,0,64,10.6001829834419,2.2014850252714
65,24,0,0,2.20551423108697,2.20693389262864,0,1,0,0,65,10.5582785537617,2.20551423108697
66,24,0,0,2.2097378241889,2.20456751319977,0,1,0,0,66,10.5148871635954,2.2097378241889
67,24,0,0,2.21413978572908,2.20978410700065,0,1,0,0,67,10.4709861884824,2.21413978572908
68,24,0,0,2.21870409685937,2.21761899656066,0,1,0,0,68,10.4275530039617,2.21870409685937
69,24,0,0,2.22341473873165,2.22969484845566,0,1,0,0,69,10.3855649855727,2.22341473873165
70,24,0,0,2.22825569249779,2.23733693957653,0,1,0,0,70,10.3459995088545,2.22825569249779
71,24,0,0,2.23321093930967,2.22934519934625,0,1,0,0,71,10.3098339493464,2.23321093930967
72,24,0,0,2.23826423201986,2.23623414925707,0,1,0,0,72,10.2779983420489,2.23826423201986
73,24,0,0,2.24339548876612,2.24477127107357,0,1,0,0,73,10.2506275488524,2.24339548876612
74,24,0,0,2.24858144576475,2.24537541254664,0,1,0,0,74,10.2271966228898,2.24858144576475
75,24,0,0,2.25379874291825,2.24966321556023,0,1,0,0,75,10.2071606455044,2.25379874291825
76,24,0,0,2.25902402012913,2.26575048483421,0,1,0,0,76,10.1899746980392,2.25902402012913
77,24,0,0,2.26423391729991,2.27216138272183,0,1,0,0,77,10.1750938618375,2.26423391729991
78,24,0,0,2.26940507433309,2.27759510083782,0,1,0,0,78,10.1619732182425,2.26940507433309
79,24,0,0,2.2745141311312,2.28158044550373,0,1,0,0,79,10.1500678485972,2.2745141311312
80,24,0,0,2.27953929363627,2.26988404870263,0,1,0,0,80,10.138826239452,2.27953929363627
81,24,0,0,2.28447415256273,2.27204317722192,0,1,0,0,81,10.1276320901105,2.28447415256273
82,24,0,0,2.28932103086143,2.30219880043383,0,1,0,0,82,10.115832327311,2.28932103086143
83,24,0,0,2.29408235170977,2.30710352127273,0,1,0,0,83,10.1027734557246,2.29408235170977
84,24,0,0,2.29876053828512,2.32386310932722,0,1,0,0,84,10.0878019800227,2.29876053828512
85,24,0,0,2.30335801376487,2.32375385783604,0,1,0,0,85,10.0702644048766,2.30335801376487
86,24,0,0,2.30787720132642,2.31475548510932,0,1,0,0,86,10.0495072349577,2.30787720132642
87,24,0,0,2.31232052414715,2.29880494681109,0,1,0,0,87,10.0248769749372,2.31232052414715
88,24,0,0,2.31669102728982,2.3071237469351,0,1,0,0,88,9.99579070599384,2.31669102728982
89,24,0,0,2.32099559365613,2.3215881518554,0,1,0,0,89,9.96210105784492,2.32099559365613
90,24,0,0,2.32524256873005,2.31163278456885,0,1,0,0,90,9.9238266456973,2.32524256873005
91,24,0,0,2.32944030087465,2.32906935130989,0,1,0,0,91,9.88098641150092,2.32944030087465
92,24,0,0,2.333597138453,2.32998901818793,0,1,0,0,92,9.83359929720576,2.333597138453
93,24,0,0,2.33772142982818,2.27864934550031,0,1,0,0,93,9.78168424476176,2.33772142982818
94,24,0,0,2.34182152336325,2.31546928645371,0,1,0,0,94,9.72526019611887,2.34182152336325
95,24,0,0,2.34590576742129,2.29758452662226,0,1,0,0,95,9.66434609322707,2.34590576742129
40,25,0,0,2.14665895719347,2.5512982011844,0,1,0,0,40,11.1017441303619,2.14665895719347
41,25,0,0,2.14822935649391,2.50245883305887,0,1,0,0,41,11.0998673557822,2.14822935649391
42,25,0,0,2.14980860399272,2.4229134842202,0,1,0,0,42,11.0979404644483,2.14980860399272
43,25,0,0,2.15140171623627,2.44759842023381,0,1,0,0,43,11.0959370267658,2.15140171623627
44,25,0,0,2.15301370977092,2.36077666599947,0,1,0,0,44,11.0938306131404,2.15301370977092
45,25,0,0,2.15464960114305,2.32503833557731,0,1,0,0,45,11.091594793978,2.15464960114305
46,25,0,0,2.15631440689902,2.15936629355589,0,1,0,0,46,11.0892031396842,2.15631440689902
47,25,0,0,2.1580131435852,2.22026298749994,0,1,0,0,47,11.0866292206647,2.1580131435852
48,25,0,0,2.15975083097082,2.12951268805299,0,1,0,0,48,11.083846440921,2.15975083097082
49,25,0,0,2.16153412603854,2.09984661363091,0,1,0,0,49,11.0807436710355,2.16153412603854
50,25,0,0,2.16337398184489,2.16071220608098,0,1,0,0,50,11.0769879645684,2.16337398184489
51,25,0,0,2.16528204758436,2.13084876337825,0,1,0,0,51,11.0722104317363,2.16528204758436
52,25,0,0,2.16726997245148,2.1433163309267,0,1,0,0,52,11.066042182756,2.16726997245148
53,25,0,0,2.16934940564075,2.12371085452136,0,1,0,0,53,11.0581143278442,2.16934940564075
54,25,0,0,2.17153199634668,2.10600964672668,0,1,0,0,54,11.0480579772175,2.17153199634668
55,25,0,0,2.17382939376379,2.14190922988873,0,1,0,0,55,11.0355042410926,2.17382939376379
56,25,0,0,2.17625324261668,2.12925049768678,0,1,0,0,56,11.0200857856425,2.17625324261668
57,25,0,0,2.17881479818976,2.16532524104055,0,1,0,0,57,11.0015708397233,2.17881479818976
58,25,0,0,2.18152462963749,2.16548585330182,0,1,0,0,58,10.9799664714665,2.18152462963749
59,25,0,0,2.18439323627212,2.17185509600428,0,1,0,0,59,10.9553040608194,2.18439323627212
60,25,0,0,2.18743111740589,2.19273872257046,0,1,0,0,60,10.927614987729,2.18743111740589
61,25,0,0,2.19064877235105,2.1765537763653,0,1,0,0,61,10.8969306321425,2.19064877235105
62,25,0,0,2.19405670041984,2.16441423445719,0,1,0,0,62,10.8632823740071,2.19405670041984
63,25,0,0,2.1976654009245,2.19295504357603,0,1,0,0,63,10.8267015932698,2.1976654009245
64,25,0,0,2.2014850252714,2.20389417410365,0,1,0,0,64,10.7872320808987,2.2014850252714
65,25,0,0,2.20551423108697,2.20693389262864,0,1,0,0,65,10.7453276512185,2.20551423108697
66,25,0,0,2.2097378241889,2.20456751319977,0,1,0,0,66,10.7019362610522,2.2097378241889
67,25,0,0,2.21413978572908,2.20978410700065,0,1,0,0,67,10.6580352859392,2.21413978572908
68,25,0,0,2.21870409685937,2.21761899656066,0,1,0,0,68,10.6146021014185,2.21870409685937
69,25,0,0,2.22341473873165,2.22969484845566,0,1,0,0,69,10.5726140830295,2.22341473873165
70,25,0,0,2.22825569249779,2.23733693957653,0,1,0,0,70,10.5330486063113,2.22825569249779
71,25,0,0,2.23321093930967,2.22934519934625,0,1,0,0,71,10.4968830468031,2.23321093930967
72,25,0,0,2.23826423201986,2.23623414925707,0,1,0,0,72,10.4650474395056,2.23826423201986
73,25,0,0,2.24339548876612,2.24477127107357,0,1,0,0,73,10.4376766463091,2.24339548876612
74,25,0,0,2.24858144576475,2.24537541254664,0,1,0,0,74,10.4142457203466,2.24858144576475
75,25,0,0,2.25379874291825,2.24966321556023,0,1,0,0,75,10.3942097429611,2.25379874291825
76,25,0,0,2.25902402012913,2.26575048483421,0,1,0,0,76,10.377023795496,2.25902402012913
77,25,0,0,2.26423391729991,2.27216138272183,0,1,0,0,77,10.3621429592943,2.26423391729991
78,25,0,0,2.26940507433309,2.27759510083782,0,1,0,0,78,10.3490223156992,2.26940507433309
79,25,0,0,2.2745141311312,2.28158044550373,0,1,0,0,79,10.337116946054,2.2745141311312
80,25,0,0,2.27953929363627,2.26988404870263,0,1,0,0,80,10.3258753369088,2.27953929363627
81,25,0,0,2.28447415256273,2.27204317722192,0,1,0,0,81,10.3146811875673,2.28447415256273
82,25,0,0,2.28932103086143,2.30219880043383,0,1,0,0,82,10.3028814247677,2.28932103086143
83,25,0,0,2.29408235170977,2.30710352127273,0,1,0,0,83,10.2898225531814,2.29408235170977
84,25,0,0,2.29876053828512,2.32386310932722,0,1,0,0,84,10.2748510774795,2.29876053828512
85,25,0,0,2.30335801376487,2.32375385783604,0,1,0,0,85,10.2573135023334,2.30335801376487
86,25,0,0,2.30787720132642,2.31475548510932,0,1,0,0,86,10.2365563324145,2.30787720132642
87,25,0,0,2.31232052414715,2.29880494681109,0,1,0,0,87,10.211926072394,2.31232052414715
88,25,0,0,2.31669102728982,2.3071237469351,0,1,0,0,88,10.1828398034506,2.31669102728982
89,25,0,0,2.32099559365613,2.3215881518554,0,1,0,0,89,10.1491501553017,2.32099559365613
90,25,0,0,2.32524256873005,2.31163278456885,0,1,0,0,90,10.1108757431541,2.32524256873005
91,25,0,0,2.32944030087465,2.32906935130989,0,1,0,0,91,10.0680355089577,2.32944030087465
92,25,0,0,2.333597138453,2.32998901818793,0,1,0,0,92,10.0206483946625,2.333597138453
93,25,0,0,2.33772142982818,2.27864934550031,0,1,0,0,93,9.96873334221854,2.33772142982818
94,25,0,0,2.34182152336325,2.31546928645371,0,1,0,0,94,9.91230929357565,2.34182152336325
95,25,0,0,2.34590576742129,2.29758452662226,0,1,0,0,95,9.85139519068385,2.34590576742129
40,10,1,0,2.14665895719347,2.5512982011844,0,0,40,0,0,7.8859860542863,2.14665895719347
41,10,1,0,2.14822935649391,2.50245883305887,0,0,41,0,0,7.88410927970662,2.14822935649391
42,10,1,0,2.14980860399272,2.4229134842202,0,0,42,0,0,7.88218238837266,2.14980860399272
43,10,1,0,2.15140171623627,2.44759842023381,0,0,43,0,0,7.88017895069014,2.15140171623627
44,10,1,0,2.15301370977092,2.36077666599947,0,0,44,0,0,7.8780725370648,2.15301370977092
45,10,1,0,2.15464960114305,2.32503833557731,0,0,45,0,0,7.87583671790236,2.15464960114305
46,10,1,0,2.15631440689902,2.15936629355589,0,0,46,0,0,7.87344506360856,2.15631440689902
47,10,1,0,2.1580131435852,2.22026298749994,0,0,47,0,0,7.87087114458912,2.1580131435852
48,10,1,0,2.15975083097082,2.12951268805299,0,0,48,0,0,7.8680883648454,2.15975083097082
49,10,1,0,2.16153412603854,2.09984661363091,0,0,49,0,0,7.8649855949599,2.16153412603854
50,10,1,0,2.16337398184489,2.16071220608098,0,0,50,0,0,7.86122988849278,2.16337398184489
51,10,1,0,2.16528204758436,2.13084876337825,0,0,51,0,0,7.85645235566071,2.16528204758436
52,10,1,0,2.16726997245148,2.1433163309267,0,0,52,0,0,7.85028410668041,2.16726997245148
53,10,1,0,2.16934940564075,2.12371085452136,0,0,53,0,0,7.84235625176856,2.16934940564075
54,10,1,0,2.17153199634668,2.10600964672668,0,0,54,0,0,7.83229990114187,2.17153199634668
55,10,1,0,2.17382939376379,2.14190922988873,0,0,55,0,0,7.81974616501702,2.17382939376379
56,10,1,0,2.17625324261668,2.12925049768678,0,0,56,0,0,7.8043277095669,2.17625324261668
57,10,1,0,2.17881479818976,2.16532524104055,0,0,57,0,0,7.78581276364766,2.17881479818976
58,10,1,0,2.18152462963749,2.16548585330182,0,0,58,0,0,7.7642083953909,2.18152462963749
59,10,1,0,2.18439323627212,2.17185509600428,0,0,59,0,0,7.73954598474377,2.18439323627212
60,10,1,0,2.18743111740589,2.19273872257046,0,0,60,0,0,7.7118569116534,2.18743111740589
61,10,1,0,2.19064877235105,2.1765537763653,0,0,61,0,0,7.68117255606693,2.19064877235105
62,10,1,0,2.19405670041984,2.16441423445719,0,0,62,0,0,7.64752429793147,2.19405670041984
63,10,1,0,2.1976654009245,2.19295504357603,0,0,63,0,0,7.61094351719417,2.1976654009245
64,10,1,0,2.2014850252714,2.20389417410365,0,0,64,0,0,7.57147400482305,2.2014850252714
65,10,1,0,2.20551423108697,2.20693389262864,0,0,65,0,0,7.52956957514285,2.20551423108697
66,10,1,0,2.2097378241889,2.20456751319977,0,0,66,0,0,7.4861781849766,2.2097378241889
67,10,1,0,2.21413978572908,2.20978410700065,0,0,67,0,0,7.44227720986355,2.21413978572908
68,10,1,0,2.21870409685937,2.21761899656066,0,0,68,0,0,7.39884402534289,2.21870409685937
69,10,1,0,2.22341473873165,2.22969484845566,0,0,69,0,0,7.35685600695386,2.22341473873165
70,10,1,0,2.22825569249779,2.23733693957653,0,0,70,0,0,7.31729053023566,2.22825569249779
71,10,1,0,2.23321093930967,2.22934519934625,0,0,71,0,0,7.28112497072753,2.23321093930967
72,10,1,0,2.23826423201986,2.23623414925707,0,0,72,0,0,7.24928936343002,2.23826423201986
73,10,1,0,2.24339548876612,2.24477127107357,0,0,73,0,0,7.22191857023352,2.24339548876612
74,10,1,0,2.24858144576475,2.24537541254664,0,0,74,0,0,7.19848764427097,2.24858144576475
75,10,1,0,2.25379874291825,2.24966321556023,0,0,75,0,0,7.17845166688552,2.25379874291825
76,10,1,0,2.25902402012913,2.26575048483421,0,0,76,0,0,7.16126571942037,2.25902402012913
77,10,1,0,2.26423391729991,2.27216138272183,0,0,77,0,0,7.14638488321868,2.26423391729991
78,10,1,0,2.26940507433309,2.27759510083782,0,0,78,0,0,7.13326423962362,2.26940507433309
79,10,1,0,2.2745141311312,2.28158044550373,0,0,79,0,0,7.12135886997838,2.2745141311312
80,10,1,0,2.27953929363627,2.26988404870263,0,0,80,0,0,7.11011726083314,2.27953929363627
81,10,1,0,2.28447415256273,2.27204317722192,0,0,81,0,0,7.0989231114917,2.28447415256273
82,10,1,0,2.28932103086143,2.30219880043383,0,0,82,0,0,7.08712334869213,2.28932103086143
83,10,1,0,2.29408235170977,2.30710352127273,0,0,83,0,0,7.07406447710575,2.29408235170977
84,10,1,0,2.29876053828512,2.32386310932722,0,0,84,0,0,7.05909300140386,2.29876053828512
85,10,1,0,2.30335801376487,2.32375385783604,0,0,85,0,0,7.04155542625779,2.30335801376487
86,10,1,0,2.30787720132642,2.31475548510932,0,0,86,0,0,7.02079825633885,2.30787720132642
87,10,1,0,2.31232052414715,2.29880494681109,0,0,87,0,0,6.99616799631835,2.31232052414715
88,10,1,0,2.31669102728982,2.3071237469351,0,0,88,0,0,6.967081727375,2.31669102728982
89,10,1,0,2.32099559365613,2.3215881518554,0,0,89,0,0,6.93339207922608,2.32099559365613
90,10,1,0,2.32524256873005,2.31163278456885,0,0,90,0,0,6.89511766707846,2.32524256873005
91,10,1,0,2.32944030087465,2.32906935130989,0,0,91,0,0,6.85227743288208,2.32944030087465
92,10,1,0,2.333597138453,2.32998901818793,0,0,92,0,0,6.80489031858692,2.333597138453
93,10,1,0,2.33772142982818,2.27864934550031,0,0,93,0,0,6.75297526614292,2.33772142982818
94,10,1,0,2.34182152336325,2.31546928645371,0,0,94,0,0,6.69655121750003,2.34182152336325
95,10,1,0,2.34590576742129,2.29758452662226,0,0,95,0,0,6.63563711460823,2.34590576742129
40,11,1,0,2.14665895719347,2.5512982011844,0,0,40,0,0,8.07303515174307,2.14665895719347
41,11,1,0,2.14822935649391,2.50245883305887,0,0,41,0,0,8.0711583771634,2.14822935649391
42,11,1,0,2.14980860399272,2.4229134842202,0,0,42,0,0,8.06923148582944,2.14980860399272
43,11,1,0,2.15140171623627,2.44759842023381,0,0,43,0,0,8.06722804814692,2.15140171623627
44,11,1,0,2.15301370977092,2.36077666599947,0,0,44,0,0,8.06512163452158,2.15301370977092
45,11,1,0,2.15464960114305,2.32503833557731,0,0,45,0,0,8.06288581535914,2.15464960114305
46,11,1,0,2.15631440689902,2.15936629355589,0,0,46,0,0,8.06049416106534,2.15631440689902
47,11,1,0,2.1580131435852,2.22026298749994,0,0,47,0,0,8.0579202420459,2.1580131435852
48,11,1,0,2.15975083097082,2.12951268805299,0,0,48,0,0,8.05513746230218,2.15975083097082
49,11,1,0,2.16153412603854,2.09984661363091,0,0,49,0,0,8.05203469241668,2.16153412603854
50,11,1,0,2.16337398184489,2.16071220608098,0,0,50,0,0,8.04827898594955,2.16337398184489
51,11,1,0,2.16528204758436,2.13084876337825,0,0,51,0,0,8.04350145311749,2.16528204758436
52,11,1,0,2.16726997245148,2.1433163309267,0,0,52,0,0,8.03733320413719,2.16726997245148
53,11,1,0,2.16934940564075,2.12371085452136,0,0,53,0,0,8.02940534922534,2.16934940564075
54,11,1,0,2.17153199634668,2.10600964672668,0,0,54,0,0,8.01934899859865,2.17153199634668
55,11,1,0,2.17382939376379,2.14190922988873,0,0,55,0,0,8.0067952624738,2.17382939376379
56,11,1,0,2.17625324261668,2.12925049768678,0,0,56,0,0,7.99137680702368,2.17625324261668
57,11,1,0,2.17881479818976,2.16532524104055,0,0,57,0,0,7.97286186110443,2.17881479818976
58,11,1,0,2.18152462963749,2.16548585330182,0,0,58,0,0,7.95125749284768,2.18152462963749
59,11,1,0,2.18439323627212,2.17185509600428,0,0,59,0,0,7.92659508220055,2.18439323627212
60,11,1,0,2.18743111740589,2.19273872257046,0,0,60,0,0,7.89890600911018,2.18743111740589
61,11,1,0,2.19064877235105,2.1765537763653,0,0,61,0,0,7.8682216535237,2.19064877235105
62,11,1,0,2.19405670041984,2.16441423445719,0,0,62,0,0,7.83457339538825,2.19405670041984
63,11,1,0,2.1976654009245,2.19295504357603,0,0,63,0,0,7.79799261465095,2.1976654009245
64,11,1,0,2.2014850252714,2.20389417410365,0,0,64,0,0,7.75852310227982,2.2014850252714
65,11,1,0,2.20551423108697,2.20693389262864,0,0,65,0,0,7.71661867259962,2.20551423108697
66,11,1,0,2.2097378241889,2.20456751319977,0,0,66,0,0,7.67322728243338,2.2097378241889
67,11,1,0,2.21413978572908,2.20978410700065,0,0,67,0,0,7.62932630732032,2.21413978572908
68,11,1,0,2.21870409685937,2.21761899656066,0,0,68,0,0,7.58589312279967,2.21870409685937
69,11,1,0,2.22341473873165,2.22969484845566,0,0,69,0,0,7.54390510441063,2.22341473873165
70,11,1,0,2.22825569249779,2.23733693957653,0,0,70,0,0,7.50433962769244,2.22825569249779
71,11,1,0,2.23321093930967,2.22934519934625,0,0,71,0,0,7.4681740681843,2.23321093930967
72,11,1,0,2.23826423201986,2.23623414925707,0,0,72,0,0,7.43633846088679,2.23826423201986
73,11,1,0,2.24339548876612,2.24477127107357,0,0,73,0,0,7.4089676676903,2.24339548876612
74,11,1,0,2.24858144576475,2.24537541254664,0,0,74,0,0,7.38553674172775,2.24858144576475
75,11,1,0,2.25379874291825,2.24966321556023,0,0,75,0,0,7.3655007643423,2.25379874291825
76,11,1,0,2.25902402012913,2.26575048483421,0,0,76,0,0,7.34831481687714,2.25902402012913
77,11,1,0,2.26423391729991,2.27216138272183,0,0,77,0,0,7.33343398067545,2.26423391729991
78,11,1,0,2.26940507433309,2.27759510083782,0,0,78,0,0,7.3203133370804,2.26940507433309
79,11,1,0,2.2745141311312,2.28158044550373,0,0,79,0,0,7.30840796743516,2.2745141311312
80,11,1,0,2.27953929363627,2.26988404870263,0,0,80,0,0,7.29716635828992,2.27953929363627
81,11,1,0,2.28447415256273,2.27204317722192,0,0,81,0,0,7.28597220894848,2.28447415256273
82,11,1,0,2.28932103086143,2.30219880043383,0,0,82,0,0,7.27417244614891,2.28932103086143
83,11,1,0,2.29408235170977,2.30710352127273,0,0,83,0,0,7.26111357456252,2.29408235170977
84,11,1,0,2.29876053828512,2.32386310932722,0,0,84,0,0,7.24614209886064,2.29876053828512
85,11,1,0,2.30335801376487,2.32375385783604,0,0,85,0,0,7.22860452371456,2.30335801376487
86,11,1,0,2.30787720132642,2.31475548510932,0,0,86,0,0,7.20784735379562,2.30787720132642
87,11,1,0,2.31232052414715,2.29880494681109,0,0,87,0,0,7.18321709377513,2.31232052414715
88,11,1,0,2.31669102728982,2.3071237469351,0,0,88,0,0,7.15413082483178,2.31669102728982
89,11,1,0,2.32099559365613,2.3215881518554,0,0,89,0,0,7.12044117668286,2.32099559365613
90,11,1,0,2.32524256873005,2.31163278456885,0,0,90,0,0,7.08216676453523,2.32524256873005
91,11,1,0,2.32944030087465,2.32906935130989,0,0,91,0,0,7.03932653033886,2.32944030087465
92,11,1,0,2.333597138453,2.32998901818793,0,0,92,0,0,6.99193941604369,2.333597138453
93,11,1,0,2.33772142982818,2.27864934550031,0,0,93,0,0,6.94002436359969,2.33772142982818
94,11,1,0,2.34182152336325,2.31546928645371,0,0,94,0,0,6.88360031495681,2.34182152336325
95,11,1,0,2.34590576742129,2.29758452662226,0,0,95,0,0,6.822686212065,2.34590576742129
40,12,1,0,2.14665895719347,2.5512982011844,0,0,40,0,0,8.26008424919985,2.14665895719347
41,12,1,0,2.14822935649391,2.50245883305887,0,0,41,0,0,8.25820747462017,2.14822935649391
42,12,1,0,2.14980860399272,2.4229134842202,0,0,42,0,0,8.25628058328621,2.14980860399272
43,12,1,0,2.15140171623627,2.44759842023381,0,0,43,0,0,8.2542771456037,2.15140171623627
44,12,1,0,2.15301370977092,2.36077666599947,0,0,44,0,0,8.25217073197835,2.15301370977092
45,12,1,0,2.15464960114305,2.32503833557731,0,0,45,0,0,8.24993491281592,2.15464960114305
46,12,1,0,2.15631440689902,2.15936629355589,0,0,46,0,0,8.24754325852211,2.15631440689902
47,12,1,0,2.1580131435852,2.22026298749994,0,0,47,0,0,8.24496933950267,2.1580131435852
48,12,1,0,2.15975083097082,2.12951268805299,0,0,48,0,0,8.24218655975896,2.15975083097082
49,12,1,0,2.16153412603854,2.09984661363091,0,0,49,0,0,8.23908378987346,2.16153412603854
50,12,1,0,2.16337398184489,2.16071220608098,0,0,50,0,0,8.23532808340633,2.16337398184489
51,12,1,0,2.16528204758436,2.13084876337825,0,0,51,0,0,8.23055055057427,2.16528204758436
52,12,1,0,2.16726997245148,2.1433163309267,0,0,52,0,0,8.22438230159396,2.16726997245148
53,12,1,0,2.16934940564075,2.12371085452136,0,0,53,0,0,8.21645444668212,2.16934940564075
54,12,1,0,2.17153199634668,2.10600964672668,0,0,54,0,0,8.20639809605542,2.17153199634668
55,12,1,0,2.17382939376379,2.14190922988873,0,0,55,0,0,8.19384435993057,2.17382939376379
56,12,1,0,2.17625324261668,2.12925049768678,0,0,56,0,0,8.17842590448046,2.17625324261668
57,12,1,0,2.17881479818976,2.16532524104055,0,0,57,0,0,8.15991095856121,2.17881479818976
58,12,1,0,2.18152462963749,2.16548585330182,0,0,58,0,0,8.13830659030445,2.18152462963749
59,12,1,0,2.18439323627212,2.17185509600428,0,0,59,0,0,8.11364417965733,2.18439323627212
60,12,1,0,2.18743111740589,2.19273872257046,0,0,60,0,0,8.08595510656696,2.18743111740589
61,12,1,0,2.19064877235105,2.1765537763653,0,0,61,0,0,8.05527075098048,2.19064877235105
62,12,1,0,2.19405670041984,2.16441423445719,0,0,62,0,0,8.02162249284502,2.19405670041984
63,12,1,0,2.1976654009245,2.19295504357603,0,0,63,0,0,7.98504171210773,2.1976654009245
64,12,1,0,2.2014850252714,2.20389417410365,0,0,64,0,0,7.9455721997366,2.2014850252714
65,12,1,0,2.20551423108697,2.20693389262864,0,0,65,0,0,7.9036677700564,2.20551423108697
66,12,1,0,2.2097378241889,2.20456751319977,0,0,66,0,0,7.86027637989016,2.2097378241889
67,12,1,0,2.21413978572908,2.20978410700065,0,0,67,0,0,7.8163754047771,2.21413978572908
68,12,1,0,2.21870409685937,2.21761899656066,0,0,68,0,0,7.77294222025644,2.21870409685937
69,12,1,0,2.22341473873165,2.22969484845566,0,0,69,0,0,7.73095420186741,2.22341473873165
70,12,1,0,2.22825569249779,2.23733693957653,0,0,70,0,0,7.69138872514921,2.22825569249779
71,12,1,0,2.23321093930967,2.22934519934625,0,0,71,0,0,7.65522316564108,2.23321093930967
72,12,1,0,2.23826423201986,2.23623414925707,0,0,72,0,0,7.62338755834357,2.23826423201986
73,12,1,0,2.24339548876612,2.24477127107357,0,0,73,0,0,7.59601676514708,2.24339548876612
74,12,1,0,2.24858144576475,2.24537541254664,0,0,74,0,0,7.57258583918452,2.24858144576475
75,12,1,0,2.25379874291825,2.24966321556023,0,0,75,0,0,7.55254986179908,2.25379874291825
76,12,1,0,2.25902402012913,2.26575048483421,0,0,76,0,0,7.53536391433392,2.25902402012913
77,12,1,0,2.26423391729991,2.27216138272183,0,0,77,0,0,7.52048307813223,2.26423391729991
78,12,1,0,2.26940507433309,2.27759510083782,0,0,78,0,0,7.50736243453717,2.26940507433309
79,12,1,0,2.2745141311312,2.28158044550373,0,0,79,0,0,7.49545706489194,2.2745141311312
80,12,1,0,2.27953929363627,2.26988404870263,0,0,80,0,0,7.4842154557467,2.27953929363627
81,12,1,0,2.28447415256273,2.27204317722192,0,0,81,0,0,7.47302130640526,2.28447415256273
82,12,1,0,2.28932103086143,2.30219880043383,0,0,82,0,0,7.46122154360569,2.28932103086143
83,12,1,0,2.29408235170977,2.30710352127273,0,0,83,0,0,7.4481626720193,2.29408235170977
84,12,1,0,2.29876053828512,2.32386310932722,0,0,84,0,0,7.43319119631741,2.29876053828512
85,12,1,0,2.30335801376487,2.32375385783604,0,0,85,0,0,7.41565362117134,2.30335801376487
86,12,1,0,2.30787720132642,2.31475548510932,0,0,86,0,0,7.3948964512524,2.30787720132642
87,12,1,0,2.31232052414715,2.29880494681109,0,0,87,0,0,7.37026619123191,2.31232052414715
88,12,1,0,2.31669102728982,2.3071237469351,0,0,88,0,0,7.34117992228855,2.31669102728982
89,12,1,0,2.32099559365613,2.3215881518554,0,0,89,0,0,7.30749027413963,2.32099559365613
90,12,1,0,2.32524256873005,2.31163278456885,0,0,90,0,0,7.26921586199201,2.32524256873005
91,12,1,0,2.32944030087465,2.32906935130989,0,0,91,0,0,7.22637562779564,2.32944030087465
92,12,1,0,2.333597138453,2.32998901818793,0,0,92,0,0,7.17898851350047,2.333597138453
93,12,1,0,2.33772142982818,2.27864934550031,0,0,93,0,0,7.12707346105647,2.33772142982818
94,12,1,0,2.34182152336325,2.31546928645371,0,0,94,0,0,7.07064941241359,2.34182152336325
95,12,1,0,2.34590576742129,2.29758452662226,0,0,95,0,0,7.00973530952178,2.34590576742129
40,13,1,0,2.14665895719347,2.5512982011844,1,0,40,40,0,8.44713334665663,2.14665895719347
41,13,1,0,2.14822935649391,2.50245883305887,1,0,41,41,0,8.44525657207695,2.14822935649391
42,13,1,0,2.14980860399272,2.4229134842202,1,0,42,42,0,8.44332968074299,2.14980860399272
43,13,1,0,2.15140171623627,2.44759842023381,1,0,43,43,0,8.44132624306047,2.15140171623627
44,13,1,0,2.15301370977092,2.36077666599947,1,0,44,44,0,8.43921982943513,2.15301370977092
45,13,1,0,2.15464960114305,2.32503833557731,1,0,45,45,0,8.4369840102727,2.15464960114305
46,13,1,0,2.15631440689902,2.15936629355589,1,0,46,46,0,8.43459235597889,2.15631440689902
47,13,1,0,2.1580131435852,2.22026298749994,1,0,47,47,0,8.43201843695945,2.1580131435852
48,13,1,0,2.15975083097082,2.12951268805299,1,0,48,48,0,8.42923565721573,2.15975083097082
49,13,1,0,2.16153412603854,2.09984661363091,1,0,49,49,0,8.42613288733024,2.16153412603854
50,13,1,0,2.16337398184489,2.16071220608098,1,0,50,50,0,8.42237718086311,2.16337398184489
51,13,1,0,2.16528204758436,2.13084876337825,1,0,51,51,0,8.41759964803104,2.16528204758436
52,13,1,0,2.16726997245148,2.1433163309267,1,0,52,52,0,8.41143139905074,2.16726997245148
53,13,1,0,2.16934940564075,2.12371085452136,1,0,53,53,0,8.4035035441389,2.16934940564075
54,13,1,0,2.17153199634668,2.10600964672668,1,0,54,54,0,8.3934471935122,2.17153199634668
55,13,1,0,2.17382939376379,2.14190922988873,1,0,55,55,0,8.38089345738735,2.17382939376379
56,13,1,0,2.17625324261668,2.12925049768678,1,0,56,56,0,8.36547500193724,2.17625324261668
57,13,1,0,2.17881479818976,2.16532524104055,1,0,57,57,0,8.34696005601799,2.17881479818976
58,13,1,0,2.18152462963749,2.16548585330182,1,0,58,58,0,8.32535568776123,2.18152462963749
59,13,1,0,2.18439323627212,2.17185509600428,1,0,59,59,0,8.3006932771141,2.18439323627212
60,13,1,0,2.18743111740589,2.19273872257046,1,0,60,60,0,8.27300420402374,2.18743111740589
61,13,1,0,2.19064877235105,2.1765537763653,1,0,61,61,0,8.24231984843726,2.19064877235105
62,13,1,0,2.19405670041984,2.16441423445719,1,0,62,62,0,8.2086715903018,2.19405670041984
63,13,1,0,2.1976654009245,2.19295504357603,1,0,63,63,0,8.1720908095645,2.1976654009245
64,13,1,0,2.2014850252714,2.20389417410365,1,0,64,64,0,8.13262129719338,2.2014850252714
65,13,1,0,2.20551423108697,2.20693389262864,1,0,65,65,0,8.09071686751318,2.20551423108697
66,13,1,0,2.2097378241889,2.20456751319977,1,0,66,66,0,8.04732547734693,2.2097378241889
67,13,1,0,2.21413978572908,2.20978410700065,1,0,67,67,0,8.00342450223388,2.21413978572908
68,13,1,0,2.21870409685937,2.21761899656066,1,0,68,68,0,7.95999131771322,2.21870409685937
69,13,1,0,2.22341473873165,2.22969484845566,1,0,69,69,0,7.91800329932418,2.22341473873165
70,13,1,0,2.22825569249779,2.23733693957653,1,0,70,70,0,7.87843782260599,2.22825569249779
71,13,1,0,2.23321093930967,2.22934519934625,1,0,71,71,0,7.84227226309785,2.23321093930967
72,13,1,0,2.23826423201986,2.23623414925707,1,0,72,72,0,7.81043665580035,2.23826423201986
73,13,1,0,2.24339548876612,2.24477127107357,1,0,73,73,0,7.78306586260385,2.24339548876612
74,13,1,0,2.24858144576475,2.24537541254664,1,0,74,74,0,7.7596349366413,2.24858144576475
75,13,1,0,2.25379874291825,2.24966321556023,1,0,75,75,0,7.73959895925585,2.25379874291825
76,13,1,0,2.25902402012913,2.26575048483421,1,0,76,76,0,7.7224130117907,2.25902402012913
77,13,1,0,2.26423391729991,2.27216138272183,1,0,77,77,0,7.707532175589,2.26423391729991
78,13,1,0,2.26940507433309,2.27759510083782,1,0,78,78,0,7.69441153199395,2.26940507433309
79,13,1,0,2.2745141311312,2.28158044550373,1,0,79,79,0,7.68250616234871,2.2745141311312
80,13,1,0,2.27953929363627,2.26988404870263,1,0,80,80,0,7.67126455320347,2.27953929363627
81,13,1,0,2.28447415256273,2.27204317722192,1,0,81,81,0,7.66007040386203,2.28447415256273
82,13,1,0,2.28932103086143,2.30219880043383,1,0,82,82,0,7.64827064106246,2.28932103086143
83,13,1,0,2.29408235170977,2.30710352127273,1,0,83,83,0,7.63521176947607,2.29408235170977
84,13,1,0,2.29876053828512,2.32386310932722,1,0,84,84,0,7.62024029377419,2.29876053828512
85,13,1,0,2.30335801376487,2.32375385783604,1,0,85,85,0,7.60270271862812,2.30335801376487
86,13,1,0,2.30787720132642,2.31475548510932,1,0,86,86,0,7.58194554870918,2.30787720132642
87,13,1,0,2.31232052414715,2.29880494681109,1,0,87,87,0,7.55731528868868,2.31232052414715
88,13,1,0,2.31669102728982,2.3071237469351,1,0,88,88,0,7.52822901974533,2.31669102728982
89,13,1,0,2.32099559365613,2.3215881518554,1,0,89,89,0,7.49453937159641,2.32099559365613
90,13,1,0,2.32524256873005,2.31163278456885,1,0,90,90,0,7.45626495944879,2.32524256873005
91,13,1,0,2.32944030087465,2.32906935130989,1,0,91,91,0,7.41342472525241,2.32944030087465
92,13,1,0,2.333597138453,2.32998901818793,1,0,92,92,0,7.36603761095725,2.333597138453
93,13,1,0,2.33772142982818,2.27864934550031,1,0,93,93,0,7.31412255851325,2.33772142982818
94,13,1,0,2.34182152336325,2.31546928645371,1,0,94,94,0,7.25769850987036,2.34182152336325
95,13,1,0,2.34590576742129,2.29758452662226,1,0,95,95,0,7.19678440697856,2.34590576742129
40,14,1,0,2.14665895719347,2.5512982011844,1,0,40,40,0,8.6341824441134,2.14665895719347
41,14,1,0,2.14822935649391,2.50245883305887,1,0,41,41,0,8.63230566953373,2.14822935649391
42,14,1,0,2.14980860399272,2.4229134842202,1,0,42,42,0,8.63037877819976,2.14980860399272
43,14,1,0,2.15140171623627,2.44759842023381,1,0,43,43,0,8.62837534051725,2.15140171623627
44,14,1,0,2.15301370977092,2.36077666599947,1,0,44,44,0,8.62626892689191,2.15301370977092
45,14,1,0,2.15464960114305,2.32503833557731,1,0,45,45,0,8.62403310772947,2.15464960114305
46,14,1,0,2.15631440689902,2.15936629355589,1,0,46,46,0,8.62164145343567,2.15631440689902
47,14,1,0,2.1580131435852,2.22026298749994,1,0,47,47,0,8.61906753441622,2.1580131435852
48,14,1,0,2.15975083097082,2.12951268805299,1,0,48,48,0,8.61628475467251,2.15975083097082
49,14,1,0,2.16153412603854,2.09984661363091,1,0,49,49,0,8.61318198478701,2.16153412603854
50,14,1,0,2.16337398184489,2.16071220608098,1,0,50,50,0,8.60942627831988,2.16337398184489
51,14,1,0,2.16528204758436,2.13084876337825,1,0,51,51,0,8.60464874548782,2.16528204758436
52,14,1,0,2.16726997245148,2.1433163309267,1,0,52,52,0,8.59848049650752,2.16726997245148
53,14,1,0,2.16934940564075,2.12371085452136,1,0,53,53,0,8.59055264159567,2.16934940564075
54,14,1,0,2.17153199634668,2.10600964672668,1,0,54,54,0,8.58049629096897,2.17153199634668
55,14,1,0,2.17382939376379,2.14190922988873,1,0,55,55,0,8.56794255484413,2.17382939376379
56,14,1,0,2.17625324261668,2.12925049768678,1,0,56,56,0,8.55252409939401,2.17625324261668
57,14,1,0,2.17881479818976,2.16532524104055,1,0,57,57,0,8.53400915347476,2.17881479818976
58,14,1,0,2.18152462963749,2.16548585330182,1,0,58,58,0,8.51240478521801,2.18152462963749
59,14,1,0,2.18439323627212,2.17185509600428,1,0,59,59,0,8.48774237457088,2.18439323627212
60,14,1,0,2.18743111740589,2.19273872257046,1,0,60,60,0,8.46005330148051,2.18743111740589
61,14,1,0,2.19064877235105,2.1765537763653,1,0,61,61,0,8.42936894589403,2.19064877235105
62,14,1,0,2.19405670041984,2.16441423445719,1,0,62,62,0,8.39572068775858,2.19405670041984
63,14,1,0,2.1976654009245,2.19295504357603,1,0,63,63,0,8.35913990702128,2.1976654009245
64,14,1,0,2.2014850252714,2.20389417410365,1,0,64,64,0,8.31967039465015,2.2014850252714
65,14,1,0,2.20551423108697,2.20693389262864,1,0,65,65,0,8.27776596496995,2.20551423108697
66,14,1,0,2.2097378241889,2.20456751319977,1,0,66,66,0,8.23437457480371,2.2097378241889
67,14,1,0,2.21413978572908,2.20978410700065,1,0,67,67,0,8.19047359969065,2.21413978572908
68,14,1,0,2.21870409685937,2.21761899656066,1,0,68,68,0,8.14704041517,2.21870409685937
69,14,1,0,2.22341473873165,2.22969484845566,1,0,69,69,0,8.10505239678096,2.22341473873165
70,14,1,0,2.22825569249779,2.23733693957653,1,0,70,70,0,8.06548692006276,2.22825569249779
71,14,1,0,2.23321093930967,2.22934519934625,1,0,71,71,0,8.02932136055463,2.23321093930967
72,14,1,0,2.23826423201986,2.23623414925707,1,0,72,72,0,7.99748575325712,2.23826423201986
73,14,1,0,2.24339548876612,2.24477127107357,1,0,73,73,0,7.97011496006063,2.24339548876612
74,14,1,0,2.24858144576475,2.24537541254664,1,0,74,74,0,7.94668403409807,2.24858144576475
75,14,1,0,2.25379874291825,2.24966321556023,1,0,75,75,0,7.92664805671263,2.25379874291825
76,14,1,0,2.25902402012913,2.26575048483421,1,0,76,76,0,7.90946210924747,2.25902402012913
77,14,1,0,2.26423391729991,2.27216138272183,1,0,77,77,0,7.89458127304578,2.26423391729991
78,14,1,0,2.26940507433309,2.27759510083782,1,0,78,78,0,7.88146062945072,2.26940507433309
79,14,1,0,2.2745141311312,2.28158044550373,1,0,79,79,0,7.86955525980549,2.2745141311312
80,14,1,0,2.27953929363627,2.26988404870263,1,0,80,80,0,7.85831365066025,2.27953929363627
81,14,1,0,2.28447415256273,2.27204317722192,1,0,81,81,0,7.84711950131881,2.28447415256273
82,14,1,0,2.28932103086143,2.30219880043383,1,0,82,82,0,7.83531973851924,2.28932103086143
83,14,1,0,2.29408235170977,2.30710352127273,1,0,83,83,0,7.82226086693285,2.29408235170977
84,14,1,0,2.29876053828512,2.32386310932722,1,0,84,84,0,7.80728939123096,2.29876053828512
85,14,1,0,2.30335801376487,2.32375385783604,1,0,85,85,0,7.78975181608489,2.30335801376487
86,14,1,0,2.30787720132642,2.31475548510932,1,0,86,86,0,7.76899464616595,2.30787720132642
87,14,1,0,2.31232052414715,2.29880494681109,1,0,87,87,0,7.74436438614546,2.31232052414715
88,14,1,0,2.31669102728982,2.3071237469351,1,0,88,88,0,7.7152781172021,2.31669102728982
89,14,1,0,2.32099559365613,2.3215881518554,1,0,89,89,0,7.68158846905318,2.32099559365613
90,14,1,0,2.32524256873005,2.31163278456885,1,0,90,90,0,7.64331405690556,2.32524256873005
91,14,1,0,2.32944030087465,2.32906935130989,1,0,91,91,0,7.60047382270919,2.32944030087465
92,14,1,0,2.333597138453,2.32998901818793,1,0,92,92,0,7.55308670841402,2.333597138453
93,14,1,0,2.33772142982818,2.27864934550031,1,0,93,93,0,7.50117165597002,2.33772142982818
94,14,1,0,2.34182152336325,2.31546928645371,1,0,94,94,0,7.44474760732714,2.34182152336325
95,14,1,0,2.34590576742129,2.29758452662226,1,0,95,95,0,7.38383350443533,2.34590576742129
40,15,1,0,2.14665895719347,2.5512982011844,1,0,40,40,0,8.82123154157018,2.14665895719347
41,15,1,0,2.14822935649391,2.50245883305887,1,0,41,41,0,8.8193547669905,2.14822935649391
42,15,1,0,2.14980860399272,2.4229134842202,1,0,42,42,0,8.81742787565654,2.14980860399272
43,15,1,0,2.15140171623627,2.44759842023381,1,0,43,43,0,8.81542443797403,2.15140171623627
44,15,1,0,2.15301370977092,2.36077666599947,1,0,44,44,0,8.81331802434868,2.15301370977092
45,15,1,0,2.15464960114305,2.32503833557731,1,0,45,45,0,8.81108220518625,2.15464960114305
46,15,1,0,2.15631440689902,2.15936629355589,1,0,46,46,0,8.80869055089244,2.15631440689902
47,15,1,0,2.1580131435852,2.22026298749994,1,0,47,47,0,8.806116631873,2.1580131435852
48,15,1,0,2.15975083097082,2.12951268805299,1,0,48,48,0,8.80333385212928,2.15975083097082
49,15,1,0,2.16153412603854,2.09984661363091,1,0,49,49,0,8.80023108224379,2.16153412603854
50,15,1,0,2.16337398184489,2.16071220608098,1,0,50,50,0,8.79647537577666,2.16337398184489
51,15,1,0,2.16528204758436,2.13084876337825,1,0,51,51,0,8.7916978429446,2.16528204758436
52,15,1,0,2.16726997245148,2.1433163309267,1,0,52,52,0,8.78552959396429,2.16726997245148
53,15,1,0,2.16934940564075,2.12371085452136,1,0,53,53,0,8.77760173905244,2.16934940564075
54,15,1,0,2.17153199634668,2.10600964672668,1,0,54,54,0,8.76754538842575,2.17153199634668
55,15,1,0,2.17382939376379,2.14190922988873,1,0,55,55,0,8.7549916523009,2.17382939376379
56,15,1,0,2.17625324261668,2.12925049768678,1,0,56,56,0,8.73957319685079,2.17625324261668
57,15,1,0,2.17881479818976,2.16532524104055,1,0,57,57,0,8.72105825093154,2.17881479818976
58,15,1,0,2.18152462963749,2.16548585330182,1,0,58,58,0,8.69945388267478,2.18152462963749
59,15,1,0,2.18439323627212,2.17185509600428,1,0,59,59,0,8.67479147202765,2.18439323627212
60,15,1,0,2.18743111740589,2.19273872257046,1,0,60,60,0,8.64710239893729,2.18743111740589
61,15,1,0,2.19064877235105,2.1765537763653,1,0,61,61,0,8.61641804335081,2.19064877235105
62,15,1,0,2.19405670041984,2.16441423445719,1,0,62,62,0,8.58276978521535,2.19405670041984
63,15,1,0,2.1976654009245,2.19295504357603,1,0,63,63,0,8.54618900447806,2.1976654009245
64,15,1,0,2.2014850252714,2.20389417410365,1,0,64,64,0,8.50671949210693,2.2014850252714
65,15,1,0,2.20551423108697,2.20693389262864,1,0,65,65,0,8.46481506242673,2.20551423108697
66,15,1,0,2.2097378241889,2.20456751319977,1,0,66,66,0,8.42142367226049,2.2097378241889
67,15,1,0,2.21413978572908,2.20978410700065,1,0,67,67,0,8.37752269714743,2.21413978572908
68,15,1,0,2.21870409685937,2.21761899656066,1,0,68,68,0,8.33408951262677,2.21870409685937
69,15,1,0,2.22341473873165,2.22969484845566,1,0,69,69,0,8.29210149423774,2.22341473873165
70,15,1,0,2.22825569249779,2.23733693957653,1,0,70,70,0,8.25253601751954,2.22825569249779
71,15,1,0,2.23321093930967,2.22934519934625,1,0,71,71,0,8.21637045801141,2.23321093930967
72,15,1,0,2.23826423201986,2.23623414925707,1,0,72,72,0,8.1845348507139,2.23826423201986
73,15,1,0,2.24339548876612,2.24477127107357,1,0,73,73,0,8.15716405751741,2.24339548876612
74,15,1,0,2.24858144576475,2.24537541254664,1,0,74,74,0,8.13373313155485,2.24858144576475
75,15,1,0,2.25379874291825,2.24966321556023,1,0,75,75,0,8.11369715416941,2.25379874291825
76,15,1,0,2.25902402012913,2.26575048483421,1,0,76,76,0,8.09651120670425,2.25902402012913
77,15,1,0,2.26423391729991,2.27216138272183,1,0,77,77,0,8.08163037050256,2.26423391729991
78,15,1,0,2.26940507433309,2.27759510083782,1,0,78,78,0,8.0685097269075,2.26940507433309
79,15,1,0,2.2745141311312,2.28158044550373,1,0,79,79,0,8.05660435726226,2.2745141311312
80,15,1,0,2.27953929363627,2.26988404870263,1,0,80,80,0,8.04536274811702,2.27953929363627
81,15,1,0,2.28447415256273,2.27204317722192,1,0,81,81,0,8.03416859877558,2.28447415256273
82,15,1,0,2.28932103086143,2.30219880043383,1,0,82,82,0,8.02236883597601,2.28932103086143
83,15,1,0,2.29408235170977,2.30710352127273,1,0,83,83,0,8.00930996438963,2.29408235170977
84,15,1,0,2.29876053828512,2.32386310932722,1,0,84,84,0,7.99433848868774,2.29876053828512
85,15,1,0,2.30335801376487,2.32375385783604,1,0,85,85,0,7.97680091354167,2.30335801376487
86,15,1,0,2.30787720132642,2.31475548510932,1,0,86,86,0,7.95604374362273,2.30787720132642
87,15,1,0,2.31232052414715,2.29880494681109,1,0,87,87,0,7.93141348360223,2.31232052414715
88,15,1,0,2.31669102728982,2.3071237469351,1,0,88,88,0,7.90232721465888,2.31669102728982
89,15,1,0,2.32099559365613,2.3215881518554,1,0,89,89,0,7.86863756650996,2.32099559365613
90,15,1,0,2.32524256873005,2.31163278456885,1,0,90,90,0,7.83036315436234,2.32524256873005
91,15,1,0,2.32944030087465,2.32906935130989,1,0,91,91,0,7.78752292016596,2.32944030087465
92,15,1,0,2.333597138453,2.32998901818793,1,0,92,92,0,7.7401358058708,2.333597138453
93,15,1,0,2.33772142982818,2.27864934550031,1,0,93,93,0,7.6882207534268,2.33772142982818
94,15,1,0,2.34182152336325,2.31546928645371,1,0,94,94,0,7.63179670478391,2.34182152336325
95,15,1,0,2.34590576742129,2.29758452662226,1,0,95,95,0,7.57088260189211,2.34590576742129
40,16,1,0,2.14665895719347,2.5512982011844,1,0,40,40,0,9.00828063902696,2.14665895719347
41,16,1,0,2.14822935649391,2.50245883305887,1,0,41,41,0,9.00640386444728,2.14822935649391
42,16,1,0,2.14980860399272,2.4229134842202,1,0,42,42,0,9.00447697311332,2.14980860399272
43,16,1,0,2.15140171623627,2.44759842023381,1,0,43,43,0,9.0024735354308,2.15140171623627
44,16,1,0,2.15301370977092,2.36077666599947,1,0,44,44,0,9.00036712180546,2.15301370977092
45,16,1,0,2.15464960114305,2.32503833557731,1,0,45,45,0,8.99813130264302,2.15464960114305
46,16,1,0,2.15631440689902,2.15936629355589,1,0,46,46,0,8.99573964834922,2.15631440689902
47,16,1,0,2.1580131435852,2.22026298749994,1,0,47,47,0,8.99316572932978,2.1580131435852
48,16,1,0,2.15975083097082,2.12951268805299,1,0,48,48,0,8.99038294958606,2.15975083097082
49,16,1,0,2.16153412603854,2.09984661363091,1,0,49,49,0,8.98728017970057,2.16153412603854
50,16,1,0,2.16337398184489,2.16071220608098,1,0,50,50,0,8.98352447323344,2.16337398184489
51,16,1,0,2.16528204758436,2.13084876337825,1,0,51,51,0,8.97874694040137,2.16528204758436
52,16,1,0,2.16726997245148,2.1433163309267,1,0,52,52,0,8.97257869142107,2.16726997245148
53,16,1,0,2.16934940564075,2.12371085452136,1,0,53,53,0,8.96465083650922,2.16934940564075
54,16,1,0,2.17153199634668,2.10600964672668,1,0,54,54,0,8.95459448588253,2.17153199634668
55,16,1,0,2.17382939376379,2.14190922988873,1,0,55,55,0,8.94204074975768,2.17382939376379
56,16,1,0,2.17625324261668,2.12925049768678,1,0,56,56,0,8.92662229430756,2.17625324261668
57,16,1,0,2.17881479818976,2.16532524104055,1,0,57,57,0,8.90810734838831,2.17881479818976
58,16,1,0,2.18152462963749,2.16548585330182,1,0,58,58,0,8.88650298013156,2.18152462963749
59,16,1,0,2.18439323627212,2.17185509600428,1,0,59,59,0,8.86184056948443,2.18439323627212
60,16,1,0,2.18743111740589,2.19273872257046,1,0,60,60,0,8.83415149639406,2.18743111740589
61,16,1,0,2.19064877235105,2.1765537763653,1,0,61,61,0,8.80346714080759,2.19064877235105
62,16,1,0,2.19405670041984,2.16441423445719,1,0,62,62,0,8.76981888267213,2.19405670041984
63,16,1,0,2.1976654009245,2.19295504357603,1,0,63,63,0,8.73323810193483,2.1976654009245
64,16,1,0,2.2014850252714,2.20389417410365,1,0,64,64,0,8.6937685895637,2.2014850252714
65,16,1,0,2.20551423108697,2.20693389262864,1,0,65,65,0,8.6518641598835,2.20551423108697
66,16,1,0,2.2097378241889,2.20456751319977,1,0,66,66,0,8.60847276971726,2.2097378241889
67,16,1,0,2.21413978572908,2.20978410700065,1,0,67,67,0,8.5645717946042,2.21413978572908
68,16,1,0,2.21870409685937,2.21761899656066,1,0,68,68,0,8.52113861008355,2.21870409685937
69,16,1,0,2.22341473873165,2.22969484845566,1,0,69,69,0,8.47915059169451,2.22341473873165
70,16,1,0,2.22825569249779,2.23733693957653,1,0,70,70,0,8.43958511497632,2.22825569249779
71,16,1,0,2.23321093930967,2.22934519934625,1,0,71,71,0,8.40341955546818,2.23321093930967
72,16,1,0,2.23826423201986,2.23623414925707,1,0,72,72,0,8.37158394817067,2.23826423201986
73,16,1,0,2.24339548876612,2.24477127107357,1,0,73,73,0,8.34421315497418,2.24339548876612
74,16,1,0,2.24858144576475,2.24537541254664,1,0,74,74,0,8.32078222901163,2.24858144576475
75,16,1,0,2.25379874291825,2.24966321556023,1,0,75,75,0,8.30074625162618,2.25379874291825
76,16,1,0,2.25902402012913,2.26575048483421,1,0,76,76,0,8.28356030416103,2.25902402012913
77,16,1,0,2.26423391729991,2.27216138272183,1,0,77,77,0,8.26867946795933,2.26423391729991
78,16,1,0,2.26940507433309,2.27759510083782,1,0,78,78,0,8.25555882436428,2.26940507433309
79,16,1,0,2.2745141311312,2.28158044550373,1,0,79,79,0,8.24365345471904,2.2745141311312
80,16,1,0,2.27953929363627,2.26988404870263,1,0,80,80,0,8.2324118455738,2.27953929363627
81,16,1,0,2.28447415256273,2.27204317722192,1,0,81,81,0,8.22121769623236,2.28447415256273
82,16,1,0,2.28932103086143,2.30219880043383,1,0,82,82,0,8.20941793343279,2.28932103086143
83,16,1,0,2.29408235170977,2.30710352127273,1,0,83,83,0,8.1963590618464,2.29408235170977
84,16,1,0,2.29876053828512,2.32386310932722,1,0,84,84,0,8.18138758614452,2.29876053828512
85,16,1,0,2.30335801376487,2.32375385783604,1,0,85,85,0,8.16385001099844,2.30335801376487
86,16,1,0,2.30787720132642,2.31475548510932,1,0,86,86,0,8.1430928410795,2.30787720132642
87,16,1,0,2.31232052414715,2.29880494681109,1,0,87,87,0,8.11846258105901,2.31232052414715
88,16,1,0,2.31669102728982,2.3071237469351,1,0,88,88,0,8.08937631211566,2.31669102728982
89,16,1,0,2.32099559365613,2.3215881518554,1,0,89,89,0,8.05568666396674,2.32099559365613
90,16,1,0,2.32524256873005,2.31163278456885,1,0,90,90,0,8.01741225181911,2.32524256873005
91,16,1,0,2.32944030087465,2.32906935130989,1,0,91,91,0,7.97457201762274,2.32944030087465
92,16,1,0,2.333597138453,2.32998901818793,1,0,92,92,0,7.92718490332757,2.333597138453
93,16,1,0,2.33772142982818,2.27864934550031,1,0,93,93,0,7.87526985088357,2.33772142982818
94,16,1,0,2.34182152336325,2.31546928645371,1,0,94,94,0,7.81884580224069,2.34182152336325
95,16,1,0,2.34590576742129,2.29758452662226,1,0,95,95,0,7.75793169934888,2.34590576742129
40,17,1,0,2.14665895719347,2.5512982011844,0,1,40,0,40,9.19532973648373,2.14665895719347
41,17,1,0,2.14822935649391,2.50245883305887,0,1,41,0,41,9.19345296190406,2.14822935649391
42,17,1,0,2.14980860399272,2.4229134842202,0,1,42,0,42,9.19152607057009,2.14980860399272
43,17,1,0,2.15140171623627,2.44759842023381,0,1,43,0,43,9.18952263288758,2.15140171623627
44,17,1,0,2.15301370977092,2.36077666599947,0,1,44,0,44,9.18741621926224,2.15301370977092
45,17,1,0,2.15464960114305,2.32503833557731,0,1,45,0,45,9.1851804000998,2.15464960114305
46,17,1,0,2.15631440689902,2.15936629355589,0,1,46,0,46,9.182788745806,2.15631440689902
47,17,1,0,2.1580131435852,2.22026298749994,0,1,47,0,47,9.18021482678655,2.1580131435852
48,17,1,0,2.15975083097082,2.12951268805299,0,1,48,0,48,9.17743204704284,2.15975083097082
49,17,1,0,2.16153412603854,2.09984661363091,0,1,49,0,49,9.17432927715734,2.16153412603854
50,17,1,0,2.16337398184489,2.16071220608098,0,1,50,0,50,9.17057357069021,2.16337398184489
51,17,1,0,2.16528204758436,2.13084876337825,0,1,51,0,51,9.16579603785815,2.16528204758436
52,17,1,0,2.16726997245148,2.1433163309267,0,1,52,0,52,9.15962778887785,2.16726997245148
53,17,1,0,2.16934940564075,2.12371085452136,0,1,53,0,53,9.151699933966,2.16934940564075
54,17,1,0,2.17153199634668,2.10600964672668,0,1,54,0,54,9.1416435833393,2.17153199634668
55,17,1,0,2.17382939376379,2.14190922988873,0,1,55,0,55,9.12908984721446,2.17382939376379
56,17,1,0,2.17625324261668,2.12925049768678,0,1,56,0,56,9.11367139176434,2.17625324261668
57,17,1,0,2.17881479818976,2.16532524104055,0,1,57,0,57,9.09515644584509,2.17881479818976
58,17,1,0,2.18152462963749,2.16548585330182,0,1,58,0,58,9.07355207758834,2.18152462963749
59,17,1,0,2.18439323627212,2.17185509600428,0,1,59,0,59,9.0488896669412,2.18439323627212
60,17,1,0,2.18743111740589,2.19273872257046,0,1,60,0,60,9.02120059385084,2.18743111740589
61,17,1,0,2.19064877235105,2.1765537763653,0,1,61,0,61,8.99051623826436,2.19064877235105
62,17,1,0,2.19405670041984,2.16441423445719,0,1,62,0,62,8.9568679801289,2.19405670041984
63,17,1,0,2.1976654009245,2.19295504357603,0,1,63,0,63,8.92028719939161,2.1976654009245
64,17,1,0,2.2014850252714,2.20389417410365,0,1,64,0,64,8.88081768702048,2.2014850252714
65,17,1,0,2.20551423108697,2.20693389262864,0,1,65,0,65,8.83891325734028,2.20551423108697
66,17,1,0,2.2097378241889,2.20456751319977,0,1,66,0,66,8.79552186717404,2.2097378241889
67,17,1,0,2.21413978572908,2.20978410700065,0,1,67,0,67,8.75162089206098,2.21413978572908
68,17,1,0,2.21870409685937,2.21761899656066,0,1,68,0,68,8.70818770754032,2.21870409685937
69,17,1,0,2.22341473873165,2.22969484845566,0,1,69,0,69,8.66619968915129,2.22341473873165
70,17,1,0,2.22825569249779,2.23733693957653,0,1,70,0,70,8.62663421243309,2.22825569249779
71,17,1,0,2.23321093930967,2.22934519934625,0,1,71,0,71,8.59046865292496,2.23321093930967
72,17,1,0,2.23826423201986,2.23623414925707,0,1,72,0,72,8.55863304562745,2.23826423201986
73,17,1,0,2.24339548876612,2.24477127107357,0,1,73,0,73,8.53126225243096,2.24339548876612
74,17,1,0,2.24858144576475,2.24537541254664,0,1,74,0,74,8.5078313264684,2.24858144576475
75,17,1,0,2.25379874291825,2.24966321556023,0,1,75,0,75,8.48779534908296,2.25379874291825
76,17,1,0,2.25902402012913,2.26575048483421,0,1,76,0,76,8.4706094016178,2.25902402012913
77,17,1,0,2.26423391729991,2.27216138272183,0,1,77,0,77,8.45572856541611,2.26423391729991
78,17,1,0,2.26940507433309,2.27759510083782,0,1,78,0,78,8.44260792182105,2.26940507433309
79,17,1,0,2.2745141311312,2.28158044550373,0,1,79,0,79,8.43070255217582,2.2745141311312
80,17,1,0,2.27953929363627,2.26988404870263,0,1,80,0,80,8.41946094303058,2.27953929363627
81,17,1,0,2.28447415256273,2.27204317722192,0,1,81,0,81,8.40826679368914,2.28447415256273
82,17,1,0,2.28932103086143,2.30219880043383,0,1,82,0,82,8.39646703088956,2.28932103086143
83,17,1,0,2.29408235170977,2.30710352127273,0,1,83,0,83,8.38340815930318,2.29408235170977
84,17,1,0,2.29876053828512,2.32386310932722,0,1,84,0,84,8.36843668360129,2.29876053828512
85,17,1,0,2.30335801376487,2.32375385783604,0,1,85,0,85,8.35089910845522,2.30335801376487
86,17,1,0,2.30787720132642,2.31475548510932,0,1,86,0,86,8.33014193853628,2.30787720132642
87,17,1,0,2.31232052414715,2.29880494681109,0,1,87,0,87,8.30551167851578,2.31232052414715
88,17,1,0,2.31669102728982,2.3071237469351,0,1,88,0,88,8.27642540957243,2.31669102728982
89,17,1,0,2.32099559365613,2.3215881518554,0,1,89,0,89,8.24273576142351,2.32099559365613
90,17,1,0,2.32524256873005,2.31163278456885,0,1,90,0,90,8.20446134927589,2.32524256873005
91,17,1,0,2.32944030087465,2.32906935130989,0,1,91,0,91,8.16162111507952,2.32944030087465
92,17,1,0,2.333597138453,2.32998901818793,0,1,92,0,92,8.11423400078435,2.333597138453
93,17,1,0,2.33772142982818,2.27864934550031,0,1,93,0,93,8.06231894834035,2.33772142982818
94,17,1,0,2.34182152336325,2.31546928645371,0,1,94,0,94,8.00589489969747,2.34182152336325
95,17,1,0,2.34590576742129,2.29758452662226,0,1,95,0,95,7.94498079680566,2.34590576742129
40,18,1,0,2.14665895719347,2.5512982011844,0,1,40,0,40,9.38237883394051,2.14665895719347
41,18,1,0,2.14822935649391,2.50245883305887,0,1,41,0,41,9.38050205936083,2.14822935649391
42,18,1,0,2.14980860399272,2.4229134842202,0,1,42,0,42,9.37857516802687,2.14980860399272
43,18,1,0,2.15140171623627,2.44759842023381,0,1,43,0,43,9.37657173034436,2.15140171623627
44,18,1,0,2.15301370977092,2.36077666599947,0,1,44,0,44,9.37446531671901,2.15301370977092
45,18,1,0,2.15464960114305,2.32503833557731,0,1,45,0,45,9.37222949755657,2.15464960114305
46,18,1,0,2.15631440689902,2.15936629355589,0,1,46,0,46,9.36983784326277,2.15631440689902
47,18,1,0,2.1580131435852,2.22026298749994,0,1,47,0,47,9.36726392424333,2.1580131435852
48,18,1,0,2.15975083097082,2.12951268805299,0,1,48,0,48,9.36448114449961,2.15975083097082
49,18,1,0,2.16153412603854,2.09984661363091,0,1,49,0,49,9.36137837461412,2.16153412603854
50,18,1,0,2.16337398184489,2.16071220608098,0,1,50,0,50,9.35762266814699,2.16337398184489
51,18,1,0,2.16528204758436,2.13084876337825,0,1,51,0,51,9.35284513531493,2.16528204758436
52,18,1,0,2.16726997245148,2.1433163309267,0,1,52,0,52,9.34667688633462,2.16726997245148
53,18,1,0,2.16934940564075,2.12371085452136,0,1,53,0,53,9.33874903142277,2.16934940564075
54,18,1,0,2.17153199634668,2.10600964672668,0,1,54,0,54,9.32869268079608,2.17153199634668
55,18,1,0,2.17382939376379,2.14190922988873,0,1,55,0,55,9.31613894467123,2.17382939376379
56,18,1,0,2.17625324261668,2.12925049768678,0,1,56,0,56,9.30072048922112,2.17625324261668
57,18,1,0,2.17881479818976,2.16532524104055,0,1,57,0,57,9.28220554330187,2.17881479818976
58,18,1,0,2.18152462963749,2.16548585330182,0,1,58,0,58,9.26060117504511,2.18152462963749
59,18,1,0,2.18439323627212,2.17185509600428,0,1,59,0,59,9.23593876439798,2.18439323627212
60,18,1,0,2.18743111740589,2.19273872257046,0,1,60,0,60,9.20824969130761,2.18743111740589
61,18,1,0,2.19064877235105,2.1765537763653,0,1,61,0,61,9.17756533572114,2.19064877235105
62,18,1,0,2.19405670041984,2.16441423445719,0,1,62,0,62,9.14391707758568,2.19405670041984
63,18,1,0,2.1976654009245,2.19295504357603,0,1,63,0,63,9.10733629684838,2.1976654009245
64,18,1,0,2.2014850252714,2.20389417410365,0,1,64,0,64,9.06786678447726,2.2014850252714
65,18,1,0,2.20551423108697,2.20693389262864,0,1,65,0,65,9.02596235479706,2.20551423108697
66,18,1,0,2.2097378241889,2.20456751319977,0,1,66,0,66,8.98257096463082,2.2097378241889
67,18,1,0,2.21413978572908,2.20978410700065,0,1,67,0,67,8.93866998951776,2.21413978572908
68,18,1,0,2.21870409685937,2.21761899656066,0,1,68,0,68,8.8952368049971,2.21870409685937
69,18,1,0,2.22341473873165,2.22969484845566,0,1,69,0,69,8.85324878660806,2.22341473873165
70,18,1,0,2.22825569249779,2.23733693957653,0,1,70,0,70,8.81368330988987,2.22825569249779
71,18,1,0,2.23321093930967,2.22934519934625,0,1,71,0,71,8.77751775038173,2.23321093930967
72,18,1,0,2.23826423201986,2.23623414925707,0,1,72,0,72,8.74568214308423,2.23826423201986
73,18,1,0,2.24339548876612,2.24477127107357,0,1,73,0,73,8.71831134988773,2.24339548876612
74,18,1,0,2.24858144576475,2.24537541254664,0,1,74,0,74,8.69488042392518,2.24858144576475
75,18,1,0,2.25379874291825,2.24966321556023,0,1,75,0,75,8.67484444653974,2.25379874291825
76,18,1,0,2.25902402012913,2.26575048483421,0,1,76,0,76,8.65765849907458,2.25902402012913
77,18,1,0,2.26423391729991,2.27216138272183,0,1,77,0,77,8.64277766287288,2.26423391729991
78,18,1,0,2.26940507433309,2.27759510083782,0,1,78,0,78,8.62965701927783,2.26940507433309
79,18,1,0,2.2745141311312,2.28158044550373,0,1,79,0,79,8.61775164963259,2.2745141311312
80,18,1,0,2.27953929363627,2.26988404870263,0,1,80,0,80,8.60651004048735,2.27953929363627
81,18,1,0,2.28447415256273,2.27204317722192,0,1,81,0,81,8.59531589114591,2.28447415256273
82,18,1,0,2.28932103086143,2.30219880043383,0,1,82,0,82,8.58351612834634,2.28932103086143
83,18,1,0,2.29408235170977,2.30710352127273,0,1,83,0,83,8.57045725675995,2.29408235170977
84,18,1,0,2.29876053828512,2.32386310932722,0,1,84,0,84,8.55548578105807,2.29876053828512
85,18,1,0,2.30335801376487,2.32375385783604,0,1,85,0,85,8.537948205912,2.30335801376487
86,18,1,0,2.30787720132642,2.31475548510932,0,1,86,0,86,8.51719103599306,2.30787720132642
87,18,1,0,2.31232052414715,2.29880494681109,0,1,87,0,87,8.49256077597256,2.31232052414715
88,18,1,0,2.31669102728982,2.3071237469351,0,1,88,0,88,8.46347450702921,2.31669102728982
89,18,1,0,2.32099559365613,2.3215881518554,0,1,89,0,89,8.42978485888029,2.32099559365613
90,18,1,0,2.32524256873005,2.31163278456885,0,1,90,0,90,8.39151044673267,2.32524256873005
91,18,1,0,2.32944030087465,2.32906935130989,0,1,91,0,91,8.34867021253629,2.32944030087465
92,18,1,0,2.333597138453,2.32998901818793,0,1,92,0,92,8.30128309824113,2.333597138453
93,18,1,0,2.33772142982818,2.27864934550031,0,1,93,0,93,8.24936804579713,2.33772142982818
94,18,1,0,2.34182152336325,2.31546928645371,0,1,94,0,94,8.19294399715424,2.34182152336325
95,18,1,0,2.34590576742129,2.29758452662226,0,1,95,0,95,8.13202989426244,2.34590576742129
40,19,1,0,2.14665895719347,2.5512982011844,0,1,40,0,40,9.56942793139728,2.14665895719347
41,19,1,0,2.14822935649391,2.50245883305887,0,1,41,0,41,9.56755115681761,2.14822935649391
42,19,1,0,2.14980860399272,2.4229134842202,0,1,42,0,42,9.56562426548365,2.14980860399272
43,19,1,0,2.15140171623627,2.44759842023381,0,1,43,0,43,9.56362082780113,2.15140171623627
44,19,1,0,2.15301370977092,2.36077666599947,0,1,44,0,44,9.56151441417579,2.15301370977092
45,19,1,0,2.15464960114305,2.32503833557731,0,1,45,0,45,9.55927859501335,2.15464960114305
46,19,1,0,2.15631440689902,2.15936629355589,0,1,46,0,46,9.55688694071955,2.15631440689902
47,19,1,0,2.1580131435852,2.22026298749994,0,1,47,0,47,9.5543130217001,2.1580131435852
48,19,1,0,2.15975083097082,2.12951268805299,0,1,48,0,48,9.55153024195639,2.15975083097082
49,19,1,0,2.16153412603854,2.09984661363091,0,1,49,0,49,9.54842747207089,2.16153412603854
50,19,1,0,2.16337398184489,2.16071220608098,0,1,50,0,50,9.54467176560376,2.16337398184489
51,19,1,0,2.16528204758436,2.13084876337825,0,1,51,0,51,9.5398942327717,2.16528204758436
52,19,1,0,2.16726997245148,2.1433163309267,0,1,52,0,52,9.5337259837914,2.16726997245148
53,19,1,0,2.16934940564075,2.12371085452136,0,1,53,0,53,9.52579812887955,2.16934940564075
54,19,1,0,2.17153199634668,2.10600964672668,0,1,54,0,54,9.51574177825285,2.17153199634668
55,19,1,0,2.17382939376379,2.14190922988873,0,1,55,0,55,9.50318804212801,2.17382939376379
56,19,1,0,2.17625324261668,2.12925049768678,0,1,56,0,56,9.48776958667789,2.17625324261668
57,19,1,0,2.17881479818976,2.16532524104055,0,1,57,0,57,9.46925464075864,2.17881479818976
58,19,1,0,2.18152462963749,2.16548585330182,0,1,58,0,58,9.44765027250189,2.18152462963749
59,19,1,0,2.18439323627212,2.17185509600428,0,1,59,0,59,9.42298786185476,2.18439323627212
60,19,1,0,2.18743111740589,2.19273872257046,0,1,60,0,60,9.39529878876439,2.18743111740589
61,19,1,0,2.19064877235105,2.1765537763653,0,1,61,0,61,9.36461443317791,2.19064877235105
62,19,1,0,2.19405670041984,2.16441423445719,0,1,62,0,62,9.33096617504246,2.19405670041984
63,19,1,0,2.1976654009245,2.19295504357603,0,1,63,0,63,9.29438539430516,2.1976654009245
64,19,1,0,2.2014850252714,2.20389417410365,0,1,64,0,64,9.25491588193403,2.2014850252714
65,19,1,0,2.20551423108697,2.20693389262864,0,1,65,0,65,9.21301145225383,2.20551423108697
66,19,1,0,2.2097378241889,2.20456751319977,0,1,66,0,66,9.16962006208759,2.2097378241889
67,19,1,0,2.21413978572908,2.20978410700065,0,1,67,0,67,9.12571908697453,2.21413978572908
68,19,1,0,2.21870409685937,2.21761899656066,0,1,68,0,68,9.08228590245388,2.21870409685937
69,19,1,0,2.22341473873165,2.22969484845566,0,1,69,0,69,9.04029788406484,2.22341473873165
70,19,1,0,2.22825569249779,2.23733693957653,0,1,70,0,70,9.00073240734664,2.22825569249779
71,19,1,0,2.23321093930967,2.22934519934625,0,1,71,0,71,8.96456684783851,2.23321093930967
72,19,1,0,2.23826423201986,2.23623414925707,0,1,72,0,72,8.932731240541,2.23826423201986
73,19,1,0,2.24339548876612,2.24477127107357,0,1,73,0,73,8.90536044734451,2.24339548876612
74,19,1,0,2.24858144576475,2.24537541254664,0,1,74,0,74,8.88192952138195,2.24858144576475
75,19,1,0,2.25379874291825,2.24966321556023,0,1,75,0,75,8.86189354399651,2.25379874291825
76,19,1,0,2.25902402012913,2.26575048483421,0,1,76,0,76,8.84470759653135,2.25902402012913
77,19,1,0,2.26423391729991,2.27216138272183,0,1,77,0,77,8.82982676032966,2.26423391729991
78,19,1,0,2.26940507433309,2.27759510083782,0,1,78,0,78,8.81670611673461,2.26940507433309
79,19,1,0,2.2745141311312,2.28158044550373,0,1,79,0,79,8.80480074708937,2.2745141311312
80,19,1,0,2.27953929363627,2.26988404870263,0,1,80,0,80,8.79355913794413,2.27953929363627
81,19,1,0,2.28447415256273,2.27204317722192,0,1,81,0,81,8.78236498860269,2.28447415256273
82,19,1,0,2.28932103086143,2.30219880043383,0,1,82,0,82,8.77056522580312,2.28932103086143
83,19,1,0,2.29408235170977,2.30710352127273,0,1,83,0,83,8.75750635421673,2.29408235170977
84,19,1,0,2.29876053828512,2.32386310932722,0,1,84,0,84,8.74253487851484,2.29876053828512
85,19,1,0,2.30335801376487,2.32375385783604,0,1,85,0,85,8.72499730336877,2.30335801376487
86,19,1,0,2.30787720132642,2.31475548510932,0,1,86,0,86,8.70424013344983,2.30787720132642
87,19,1,0,2.31232052414715,2.29880494681109,0,1,87,0,87,8.67960987342934,2.31232052414715
88,19,1,0,2.31669102728982,2.3071237469351,0,1,88,0,88,8.65052360448599,2.31669102728982
89,19,1,0,2.32099559365613,2.3215881518554,0,1,89,0,89,8.61683395633706,2.32099559365613
90,19,1,0,2.32524256873005,2.31163278456885,0,1,90,0,90,8.57855954418944,2.32524256873005
91,19,1,0,2.32944030087465,2.32906935130989,0,1,91,0,91,8.53571930999307,2.32944030087465
92,19,1,0,2.333597138453,2.32998901818793,0,1,92,0,92,8.4883321956979,2.333597138453
93,19,1,0,2.33772142982818,2.27864934550031,0,1,93,0,93,8.4364171432539,2.33772142982818
94,19,1,0,2.34182152336325,2.31546928645371,0,1,94,0,94,8.37999309461102,2.34182152336325
95,19,1,0,2.34590576742129,2.29758452662226,0,1,95,0,95,8.31907899171921,2.34590576742129
40,20,1,0,2.14665895719347,2.5512982011844,0,1,40,0,40,9.75647702885406,2.14665895719347
41,20,1,0,2.14822935649391,2.50245883305887,0,1,41,0,41,9.75460025427438,2.14822935649391
42,20,1,0,2.14980860399272,2.4229134842202,0,1,42,0,42,9.75267336294042,2.14980860399272
43,20,1,0,2.15140171623627,2.44759842023381,0,1,43,0,43,9.75066992525791,2.15140171623627
44,20,1,0,2.15301370977092,2.36077666599947,0,1,44,0,44,9.74856351163256,2.15301370977092
45,20,1,0,2.15464960114305,2.32503833557731,0,1,45,0,45,9.74632769247013,2.15464960114305
46,20,1,0,2.15631440689902,2.15936629355589,0,1,46,0,46,9.74393603817632,2.15631440689902
47,20,1,0,2.1580131435852,2.22026298749994,0,1,47,0,47,9.74136211915688,2.1580131435852
48,20,1,0,2.15975083097082,2.12951268805299,0,1,48,0,48,9.73857933941317,2.15975083097082
49,20,1,0,2.16153412603854,2.09984661363091,0,1,49,0,49,9.73547656952767,2.16153412603854
50,20,1,0,2.16337398184489,2.16071220608098,0,1,50,0,50,9.73172086306054,2.16337398184489
51,20,1,0,2.16528204758436,2.13084876337825,0,1,51,0,51,9.72694333022848,2.16528204758436
52,20,1,0,2.16726997245148,2.1433163309267,0,1,52,0,52,9.72077508124817,2.16726997245148
53,20,1,0,2.16934940564075,2.12371085452136,0,1,53,0,53,9.71284722633633,2.16934940564075
54,20,1,0,2.17153199634668,2.10600964672668,0,1,54,0,54,9.70279087570963,2.17153199634668
55,20,1,0,2.17382939376379,2.14190922988873,0,1,55,0,55,9.69023713958478,2.17382939376379
56,20,1,0,2.17625324261668,2.12925049768678,0,1,56,0,56,9.67481868413467,2.17625324261668
57,20,1,0,2.17881479818976,2.16532524104055,0,1,57,0,57,9.65630373821542,2.17881479818976
58,20,1,0,2.18152462963749,2.16548585330182,0,1,58,0,58,9.63469936995866,2.18152462963749
59,20,1,0,2.18439323627212,2.17185509600428,0,1,59,0,59,9.61003695931153,2.18439323627212
60,20,1,0,2.18743111740589,2.19273872257046,0,1,60,0,60,9.58234788622117,2.18743111740589
61,20,1,0,2.19064877235105,2.1765537763653,0,1,61,0,61,9.55166353063469,2.19064877235105
62,20,1,0,2.19405670041984,2.16441423445719,0,1,62,0,62,9.51801527249923,2.19405670041984
63,20,1,0,2.1976654009245,2.19295504357603,0,1,63,0,63,9.48143449176194,2.1976654009245
64,20,1,0,2.2014850252714,2.20389417410365,0,1,64,0,64,9.44196497939081,2.2014850252714
65,20,1,0,2.20551423108697,2.20693389262864,0,1,65,0,65,9.40006054971061,2.20551423108697
66,20,1,0,2.2097378241889,2.20456751319977,0,1,66,0,66,9.35666915954437,2.2097378241889
67,20,1,0,2.21413978572908,2.20978410700065,0,1,67,0,67,9.31276818443131,2.21413978572908
68,20,1,0,2.21870409685937,2.21761899656066,0,1,68,0,68,9.26933499991065,2.21870409685937
69,20,1,0,2.22341473873165,2.22969484845566,0,1,69,0,69,9.22734698152162,2.22341473873165
70,20,1,0,2.22825569249779,2.23733693957653,0,1,70,0,70,9.18778150480342,2.22825569249779
71,20,1,0,2.23321093930967,2.22934519934625,0,1,71,0,71,9.15161594529529,2.23321093930967
72,20,1,0,2.23826423201986,2.23623414925707,0,1,72,0,72,9.11978033799778,2.23826423201986
73,20,1,0,2.24339548876612,2.24477127107357,0,1,73,0,73,9.09240954480129,2.24339548876612
74,20,1,0,2.24858144576475,2.24537541254664,0,1,74,0,74,9.06897861883873,2.24858144576475
75,20,1,0,2.25379874291825,2.24966321556023,0,1,75,0,75,9.04894264145329,2.25379874291825
76,20,1,0,2.25902402012913,2.26575048483421,0,1,76,0,76,9.03175669398813,2.25902402012913
77,20,1,0,2.26423391729991,2.27216138272183,0,1,77,0,77,9.01687585778644,2.26423391729991
78,20,1,0,2.26940507433309,2.27759510083782,0,1,78,0,78,9.00375521419138,2.26940507433309
79,20,1,0,2.2745141311312,2.28158044550373,0,1,79,0,79,8.99184984454615,2.2745141311312
80,20,1,0,2.27953929363627,2.26988404870263,0,1,80,0,80,8.9806082354009,2.27953929363627
81,20,1,0,2.28447415256273,2.27204317722192,0,1,81,0,81,8.96941408605947,2.28447415256273
82,20,1,0,2.28932103086143,2.30219880043383,0,1,82,0,82,8.95761432325989,2.28932103086143
83,20,1,0,2.29408235170977,2.30710352127273,0,1,83,0,83,8.94455545167351,2.29408235170977
84,20,1,0,2.29876053828512,2.32386310932722,0,1,84,0,84,8.92958397597162,2.29876053828512
85,20,1,0,2.30335801376487,2.32375385783604,0,1,85,0,85,8.91204640082555,2.30335801376487
86,20,1,0,2.30787720132642,2.31475548510932,0,1,86,0,86,8.89128923090661,2.30787720132642
87,20,1,0,2.31232052414715,2.29880494681109,0,1,87,0,87,8.86665897088611,2.31232052414715
88,20,1,0,2.31669102728982,2.3071237469351,0,1,88,0,88,8.83757270194276,2.31669102728982
89,20,1,0,2.32099559365613,2.3215881518554,0,1,89,0,89,8.80388305379384,2.32099559365613
90,20,1,0,2.32524256873005,2.31163278456885,0,1,90,0,90,8.76560864164622,2.32524256873005
91,20,1,0,2.32944030087465,2.32906935130989,0,1,91,0,91,8.72276840744984,2.32944030087465
92,20,1,0,2.333597138453,2.32998901818793,0,1,92,0,92,8.67538129315468,2.333597138453
93,20,1,0,2.33772142982818,2.27864934550031,0,1,93,0,93,8.62346624071068,2.33772142982818
94,20,1,0,2.34182152336325,2.31546928645371,0,1,94,0,94,8.5670421920678,2.34182152336325
95,20,1,0,2.34590576742129,2.29758452662226,0,1,95,0,95,8.50612808917599,2.34590576742129
40,21,1,0,2.14665895719347,2.5512982011844,0,1,40,0,40,9.94352612631084,2.14665895719347
41,21,1,0,2.14822935649391,2.50245883305887,0,1,41,0,41,9.94164935173116,2.14822935649391
42,21,1,0,2.14980860399272,2.4229134842202,0,1,42,0,42,9.9397224603972,2.14980860399272
43,21,1,0,2.15140171623627,2.44759842023381,0,1,43,0,43,9.93771902271468,2.15140171623627
44,21,1,0,2.15301370977092,2.36077666599947,0,1,44,0,44,9.93561260908934,2.15301370977092
45,21,1,0,2.15464960114305,2.32503833557731,0,1,45,0,45,9.9333767899269,2.15464960114305
46,21,1,0,2.15631440689902,2.15936629355589,0,1,46,0,46,9.9309851356331,2.15631440689902
47,21,1,0,2.1580131435852,2.22026298749994,0,1,47,0,47,9.92841121661366,2.1580131435852
48,21,1,0,2.15975083097082,2.12951268805299,0,1,48,0,48,9.92562843686994,2.15975083097082
49,21,1,0,2.16153412603854,2.09984661363091,0,1,49,0,49,9.92252566698444,2.16153412603854
50,21,1,0,2.16337398184489,2.16071220608098,0,1,50,0,50,9.91876996051731,2.16337398184489
51,21,1,0,2.16528204758436,2.13084876337825,0,1,51,0,51,9.91399242768525,2.16528204758436
52,21,1,0,2.16726997245148,2.1433163309267,0,1,52,0,52,9.90782417870495,2.16726997245148
53,21,1,0,2.16934940564075,2.12371085452136,0,1,53,0,53,9.8998963237931,2.16934940564075
54,21,1,0,2.17153199634668,2.10600964672668,0,1,54,0,54,9.88983997316641,2.17153199634668
55,21,1,0,2.17382939376379,2.14190922988873,0,1,55,0,55,9.87728623704156,2.17382939376379
56,21,1,0,2.17625324261668,2.12925049768678,0,1,56,0,56,9.86186778159144,2.17625324261668
57,21,1,0,2.17881479818976,2.16532524104055,0,1,57,0,57,9.84335283567219,2.17881479818976
58,21,1,0,2.18152462963749,2.16548585330182,0,1,58,0,58,9.82174846741544,2.18152462963749
59,21,1,0,2.18439323627212,2.17185509600428,0,1,59,0,59,9.79708605676831,2.18439323627212
60,21,1,0,2.18743111740589,2.19273872257046,0,1,60,0,60,9.76939698367794,2.18743111740589
61,21,1,0,2.19064877235105,2.1765537763653,0,1,61,0,61,9.73871262809146,2.19064877235105
62,21,1,0,2.19405670041984,2.16441423445719,0,1,62,0,62,9.70506436995601,2.19405670041984
63,21,1,0,2.1976654009245,2.19295504357603,0,1,63,0,63,9.66848358921871,2.1976654009245
64,21,1,0,2.2014850252714,2.20389417410365,0,1,64,0,64,9.62901407684758,2.2014850252714
65,21,1,0,2.20551423108697,2.20693389262864,0,1,65,0,65,9.58710964716738,2.20551423108697
66,21,1,0,2.2097378241889,2.20456751319977,0,1,66,0,66,9.54371825700114,2.2097378241889
67,21,1,0,2.21413978572908,2.20978410700065,0,1,67,0,67,9.49981728188808,2.21413978572908
68,21,1,0,2.21870409685937,2.21761899656066,0,1,68,0,68,9.45638409736743,2.21870409685937
69,21,1,0,2.22341473873165,2.22969484845566,0,1,69,0,69,9.41439607897839,2.22341473873165
70,21,1,0,2.22825569249779,2.23733693957653,0,1,70,0,70,9.3748306022602,2.22825569249779
71,21,1,0,2.23321093930967,2.22934519934625,0,1,71,0,71,9.33866504275206,2.23321093930967
72,21,1,0,2.23826423201986,2.23623414925707,0,1,72,0,72,9.30682943545455,2.23826423201986
73,21,1,0,2.24339548876612,2.24477127107357,0,1,73,0,73,9.27945864225806,2.24339548876612
74,21,1,0,2.24858144576475,2.24537541254664,0,1,74,0,74,9.25602771629551,2.24858144576475
75,21,1,0,2.25379874291825,2.24966321556023,0,1,75,0,75,9.23599173891006,2.25379874291825
76,21,1,0,2.25902402012913,2.26575048483421,0,1,76,0,76,9.21880579144491,2.25902402012913
77,21,1,0,2.26423391729991,2.27216138272183,0,1,77,0,77,9.20392495524321,2.26423391729991
78,21,1,0,2.26940507433309,2.27759510083782,0,1,78,0,78,9.19080431164816,2.26940507433309
79,21,1,0,2.2745141311312,2.28158044550373,0,1,79,0,79,9.17889894200292,2.2745141311312
80,21,1,0,2.27953929363627,2.26988404870263,0,1,80,0,80,9.16765733285768,2.27953929363627
81,21,1,0,2.28447415256273,2.27204317722192,0,1,81,0,81,9.15646318351624,2.28447415256273
82,21,1,0,2.28932103086143,2.30219880043383,0,1,82,0,82,9.14466342071667,2.28932103086143
83,21,1,0,2.29408235170977,2.30710352127273,0,1,83,0,83,9.13160454913028,2.29408235170977
84,21,1,0,2.29876053828512,2.32386310932722,0,1,84,0,84,9.1166330734284,2.29876053828512
85,21,1,0,2.30335801376487,2.32375385783604,0,1,85,0,85,9.09909549828232,2.30335801376487
86,21,1,0,2.30787720132642,2.31475548510932,0,1,86,0,86,9.07833832836338,2.30787720132642
87,21,1,0,2.31232052414715,2.29880494681109,0,1,87,0,87,9.05370806834289,2.31232052414715
88,21,1,0,2.31669102728982,2.3071237469351,0,1,88,0,88,9.02462179939954,2.31669102728982
89,21,1,0,2.32099559365613,2.3215881518554,0,1,89,0,89,8.99093215125062,2.32099559365613
90,21,1,0,2.32524256873005,2.31163278456885,0,1,90,0,90,8.95265773910299,2.32524256873005
91,21,1,0,2.32944030087465,2.32906935130989,0,1,91,0,91,8.90981750490662,2.32944030087465
92,21,1,0,2.333597138453,2.32998901818793,0,1,92,0,92,8.86243039061145,2.333597138453
93,21,1,0,2.33772142982818,2.27864934550031,0,1,93,0,93,8.81051533816746,2.33772142982818
94,21,1,0,2.34182152336325,2.31546928645371,0,1,94,0,94,8.75409128952457,2.34182152336325
95,21,1,0,2.34590576742129,2.29758452662226,0,1,95,0,95,8.69317718663276,2.34590576742129
40,22,1,0,2.14665895719347,2.5512982011844,0,1,40,0,40,10.1305752237676,2.14665895719347
41,22,1,0,2.14822935649391,2.50245883305887,0,1,41,0,41,10.1286984491879,2.14822935649391
42,22,1,0,2.14980860399272,2.4229134842202,0,1,42,0,42,10.126771557854,2.14980860399272
43,22,1,0,2.15140171623627,2.44759842023381,0,1,43,0,43,10.1247681201715,2.15140171623627
44,22,1,0,2.15301370977092,2.36077666599947,0,1,44,0,44,10.1226617065461,2.15301370977092
45,22,1,0,2.15464960114305,2.32503833557731,0,1,45,0,45,10.1204258873837,2.15464960114305
46,22,1,0,2.15631440689902,2.15936629355589,0,1,46,0,46,10.1180342330899,2.15631440689902
47,22,1,0,2.1580131435852,2.22026298749994,0,1,47,0,47,10.1154603140704,2.1580131435852
48,22,1,0,2.15975083097082,2.12951268805299,0,1,48,0,48,10.1126775343267,2.15975083097082
49,22,1,0,2.16153412603854,2.09984661363091,0,1,49,0,49,10.1095747644412,2.16153412603854
50,22,1,0,2.16337398184489,2.16071220608098,0,1,50,0,50,10.1058190579741,2.16337398184489
51,22,1,0,2.16528204758436,2.13084876337825,0,1,51,0,51,10.101041525142,2.16528204758436
52,22,1,0,2.16726997245148,2.1433163309267,0,1,52,0,52,10.0948732761617,2.16726997245148
53,22,1,0,2.16934940564075,2.12371085452136,0,1,53,0,53,10.0869454212499,2.16934940564075
54,22,1,0,2.17153199634668,2.10600964672668,0,1,54,0,54,10.0768890706232,2.17153199634668
55,22,1,0,2.17382939376379,2.14190922988873,0,1,55,0,55,10.0643353344983,2.17382939376379
56,22,1,0,2.17625324261668,2.12925049768678,0,1,56,0,56,10.0489168790482,2.17625324261668
57,22,1,0,2.17881479818976,2.16532524104055,0,1,57,0,57,10.030401933129,2.17881479818976
58,22,1,0,2.18152462963749,2.16548585330182,0,1,58,0,58,10.0087975648722,2.18152462963749
59,22,1,0,2.18439323627212,2.17185509600428,0,1,59,0,59,9.98413515422509,2.18439323627212
60,22,1,0,2.18743111740589,2.19273872257046,0,1,60,0,60,9.95644608113472,2.18743111740589
61,22,1,0,2.19064877235105,2.1765537763653,0,1,61,0,61,9.92576172554824,2.19064877235105
62,22,1,0,2.19405670041984,2.16441423445719,0,1,62,0,62,9.89211346741279,2.19405670041984
63,22,1,0,2.1976654009245,2.19295504357603,0,1,63,0,63,9.85553268667549,2.1976654009245
64,22,1,0,2.2014850252714,2.20389417410365,0,1,64,0,64,9.81606317430436,2.2014850252714
65,22,1,0,2.20551423108697,2.20693389262864,0,1,65,0,65,9.77415874462416,2.20551423108697
66,22,1,0,2.2097378241889,2.20456751319977,0,1,66,0,66,9.73076735445792,2.2097378241889
67,22,1,0,2.21413978572908,2.20978410700065,0,1,67,0,67,9.68686637934486,2.21413978572908
68,22,1,0,2.21870409685937,2.21761899656066,0,1,68,0,68,9.6434331948242,2.21870409685937
69,22,1,0,2.22341473873165,2.22969484845566,0,1,69,0,69,9.60144517643517,2.22341473873165
70,22,1,0,2.22825569249779,2.23733693957653,0,1,70,0,70,9.56187969971697,2.22825569249779
71,22,1,0,2.23321093930967,2.22934519934625,0,1,71,0,71,9.52571414020884,2.23321093930967
72,22,1,0,2.23826423201986,2.23623414925707,0,1,72,0,72,9.49387853291133,2.23826423201986
73,22,1,0,2.24339548876612,2.24477127107357,0,1,73,0,73,9.46650773971484,2.24339548876612
74,22,1,0,2.24858144576475,2.24537541254664,0,1,74,0,74,9.44307681375228,2.24858144576475
75,22,1,0,2.25379874291825,2.24966321556023,0,1,75,0,75,9.42304083636684,2.25379874291825
76,22,1,0,2.25902402012913,2.26575048483421,0,1,76,0,76,9.40585488890168,2.25902402012913
77,22,1,0,2.26423391729991,2.27216138272183,0,1,77,0,77,9.39097405269999,2.26423391729991
78,22,1,0,2.26940507433309,2.27759510083782,0,1,78,0,78,9.37785340910493,2.26940507433309
79,22,1,0,2.2745141311312,2.28158044550373,0,1,79,0,79,9.3659480394597,2.2745141311312
80,22,1,0,2.27953929363627,2.26988404870263,0,1,80,0,80,9.35470643031446,2.27953929363627
81,22,1,0,2.28447415256273,2.27204317722192,0,1,81,0,81,9.34351228097302,2.28447415256273
82,22,1,0,2.28932103086143,2.30219880043383,0,1,82,0,82,9.33171251817345,2.28932103086143
83,22,1,0,2.29408235170977,2.30710352127273,0,1,83,0,83,9.31865364658706,2.29408235170977
84,22,1,0,2.29876053828512,2.32386310932722,0,1,84,0,84,9.30368217088517,2.29876053828512
85,22,1,0,2.30335801376487,2.32375385783604,0,1,85,0,85,9.2861445957391,2.30335801376487
86,22,1,0,2.30787720132642,2.31475548510932,0,1,86,0,86,9.26538742582016,2.30787720132642
87,22,1,0,2.31232052414715,2.29880494681109,0,1,87,0,87,9.24075716579967,2.31232052414715
88,22,1,0,2.31669102728982,2.3071237469351,0,1,88,0,88,9.21167089685632,2.31669102728982
89,22,1,0,2.32099559365613,2.3215881518554,0,1,89,0,89,9.17798124870739,2.32099559365613
90,22,1,0,2.32524256873005,2.31163278456885,0,1,90,0,90,9.13970683655977,2.32524256873005
91,22,1,0,2.32944030087465,2.32906935130989,0,1,91,0,91,9.0968666023634,2.32944030087465
92,22,1,0,2.333597138453,2.32998901818793,0,1,92,0,92,9.04947948806823,2.333597138453
93,22,1,0,2.33772142982818,2.27864934550031,0,1,93,0,93,8.99756443562423,2.33772142982818
94,22,1,0,2.34182152336325,2.31546928645371,0,1,94,0,94,8.94114038698135,2.34182152336325
95,22,1,0,2.34590576742129,2.29758452662226,0,1,95,0,95,8.88022628408954,2.34590576742129
40,23,1,0,2.14665895719347,2.5512982011844,0,1,40,0,40,10.3176243212244,2.14665895719347
41,23,1,0,2.14822935649391,2.50245883305887,0,1,41,0,41,10.3157475466447,2.14822935649391
42,23,1,0,2.14980860399272,2.4229134842202,0,1,42,0,42,10.3138206553107,2.14980860399272
43,23,1,0,2.15140171623627,2.44759842023381,0,1,43,0,43,10.3118172176282,2.15140171623627
44,23,1,0,2.15301370977092,2.36077666599947,0,1,44,0,44,10.3097108040029,2.15301370977092
45,23,1,0,2.15464960114305,2.32503833557731,0,1,45,0,45,10.3074749848405,2.15464960114305
46,23,1,0,2.15631440689902,2.15936629355589,0,1,46,0,46,10.3050833305467,2.15631440689902
47,23,1,0,2.1580131435852,2.22026298749994,0,1,47,0,47,10.3025094115272,2.1580131435852
48,23,1,0,2.15975083097082,2.12951268805299,0,1,48,0,48,10.2997266317835,2.15975083097082
49,23,1,0,2.16153412603854,2.09984661363091,0,1,49,0,49,10.296623861898,2.16153412603854
50,23,1,0,2.16337398184489,2.16071220608098,0,1,50,0,50,10.2928681554309,2.16337398184489
51,23,1,0,2.16528204758436,2.13084876337825,0,1,51,0,51,10.2880906225988,2.16528204758436
52,23,1,0,2.16726997245148,2.1433163309267,0,1,52,0,52,10.2819223736185,2.16726997245148
53,23,1,0,2.16934940564075,2.12371085452136,0,1,53,0,53,10.2739945187067,2.16934940564075
54,23,1,0,2.17153199634668,2.10600964672668,0,1,54,0,54,10.26393816808,2.17153199634668
55,23,1,0,2.17382939376379,2.14190922988873,0,1,55,0,55,10.2513844319551,2.17382939376379
56,23,1,0,2.17625324261668,2.12925049768678,0,1,56,0,56,10.235965976505,2.17625324261668
57,23,1,0,2.17881479818976,2.16532524104055,0,1,57,0,57,10.2174510305857,2.17881479818976
58,23,1,0,2.18152462963749,2.16548585330182,0,1,58,0,58,10.195846662329,2.18152462963749
59,23,1,0,2.18439323627212,2.17185509600428,0,1,59,0,59,10.1711842516819,2.18439323627212
60,23,1,0,2.18743111740589,2.19273872257046,0,1,60,0,60,10.1434951785915,2.18743111740589
61,23,1,0,2.19064877235105,2.1765537763653,0,1,61,0,61,10.112810823005,2.19064877235105
62,23,1,0,2.19405670041984,2.16441423445719,0,1,62,0,62,10.0791625648696,2.19405670041984
63,23,1,0,2.1976654009245,2.19295504357603,0,1,63,0,63,10.0425817841323,2.1976654009245
64,23,1,0,2.2014850252714,2.20389417410365,0,1,64,0,64,10.0031122717611,2.2014850252714
65,23,1,0,2.20551423108697,2.20693389262864,0,1,65,0,65,9.96120784208093,2.20551423108697
66,23,1,0,2.2097378241889,2.20456751319977,0,1,66,0,66,9.91781645191469,2.2097378241889
67,23,1,0,2.21413978572908,2.20978410700065,0,1,67,0,67,9.87391547680164,2.21413978572908
68,23,1,0,2.21870409685937,2.21761899656066,0,1,68,0,68,9.83048229228098,2.21870409685937
69,23,1,0,2.22341473873165,2.22969484845566,0,1,69,0,69,9.78849427389194,2.22341473873165
70,23,1,0,2.22825569249779,2.23733693957653,0,1,70,0,70,9.74892879717375,2.22825569249779
71,23,1,0,2.23321093930967,2.22934519934625,0,1,71,0,71,9.71276323766561,2.23321093930967
72,23,1,0,2.23826423201986,2.23623414925707,0,1,72,0,72,9.6809276303681,2.23826423201986
73,23,1,0,2.24339548876612,2.24477127107357,0,1,73,0,73,9.65355683717161,2.24339548876612
74,23,1,0,2.24858144576475,2.24537541254664,0,1,74,0,74,9.63012591120906,2.24858144576475
75,23,1,0,2.25379874291825,2.24966321556023,0,1,75,0,75,9.61008993382361,2.25379874291825
76,23,1,0,2.25902402012913,2.26575048483421,0,1,76,0,76,9.59290398635846,2.25902402012913
77,23,1,0,2.26423391729991,2.27216138272183,0,1,77,0,77,9.57802315015676,2.26423391729991
78,23,1,0,2.26940507433309,2.27759510083782,0,1,78,0,78,9.56490250656171,2.26940507433309
79,23,1,0,2.2745141311312,2.28158044550373,0,1,79,0,79,9.55299713691647,2.2745141311312
80,23,1,0,2.27953929363627,2.26988404870263,0,1,80,0,80,9.54175552777123,2.27953929363627
81,23,1,0,2.28447415256273,2.27204317722192,0,1,81,0,81,9.53056137842979,2.28447415256273
82,23,1,0,2.28932103086143,2.30219880043383,0,1,82,0,82,9.51876161563022,2.28932103086143
83,23,1,0,2.29408235170977,2.30710352127273,0,1,83,0,83,9.50570274404383,2.29408235170977
84,23,1,0,2.29876053828512,2.32386310932722,0,1,84,0,84,9.49073126834195,2.29876053828512
85,23,1,0,2.30335801376487,2.32375385783604,0,1,85,0,85,9.47319369319587,2.30335801376487
86,23,1,0,2.30787720132642,2.31475548510932,0,1,86,0,86,9.45243652327694,2.30787720132642
87,23,1,0,2.31232052414715,2.29880494681109,0,1,87,0,87,9.42780626325644,2.31232052414715
88,23,1,0,2.31669102728982,2.3071237469351,0,1,88,0,88,9.39871999431309,2.31669102728982
89,23,1,0,2.32099559365613,2.3215881518554,0,1,89,0,89,9.36503034616417,2.32099559365613
90,23,1,0,2.32524256873005,2.31163278456885,0,1,90,0,90,9.32675593401654,2.32524256873005
91,23,1,0,2.32944030087465,2.32906935130989,0,1,91,0,91,9.28391569982017,2.32944030087465
92,23,1,0,2.333597138453,2.32998901818793,0,1,92,0,92,9.23652858552501,2.333597138453
93,23,1,0,2.33772142982818,2.27864934550031,0,1,93,0,93,9.18461353308101,2.33772142982818
94,23,1,0,2.34182152336325,2.31546928645371,0,1,94,0,94,9.12818948443812,2.34182152336325
95,23,1,0,2.34590576742129,2.29758452662226,0,1,95,0,95,9.06727538154632,2.34590576742129
40,24,1,0,2.14665895719347,2.5512982011844,0,1,40,0,40,10.5046734186812,2.14665895719347
41,24,1,0,2.14822935649391,2.50245883305887,0,1,41,0,41,10.5027966441015,2.14822935649391
42,24,1,0,2.14980860399272,2.4229134842202,0,1,42,0,42,10.5008697527675,2.14980860399272
43,24,1,0,2.15140171623627,2.44759842023381,0,1,43,0,43,10.498866315085,2.15140171623627
44,24,1,0,2.15301370977092,2.36077666599947,0,1,44,0,44,10.4967599014597,2.15301370977092
45,24,1,0,2.15464960114305,2.32503833557731,0,1,45,0,45,10.4945240822972,2.15464960114305
46,24,1,0,2.15631440689902,2.15936629355589,0,1,46,0,46,10.4921324280034,2.15631440689902
47,24,1,0,2.1580131435852,2.22026298749994,0,1,47,0,47,10.489558508984,2.1580131435852
48,24,1,0,2.15975083097082,2.12951268805299,0,1,48,0,48,10.4867757292403,2.15975083097082
49,24,1,0,2.16153412603854,2.09984661363091,0,1,49,0,49,10.4836729593548,2.16153412603854
50,24,1,0,2.16337398184489,2.16071220608098,0,1,50,0,50,10.4799172528876,2.16337398184489
51,24,1,0,2.16528204758436,2.13084876337825,0,1,51,0,51,10.4751397200556,2.16528204758436
52,24,1,0,2.16726997245148,2.1433163309267,0,1,52,0,52,10.4689714710753,2.16726997245148
53,24,1,0,2.16934940564075,2.12371085452136,0,1,53,0,53,10.4610436161634,2.16934940564075
54,24,1,0,2.17153199634668,2.10600964672668,0,1,54,0,54,10.4509872655367,2.17153199634668
55,24,1,0,2.17382939376379,2.14190922988873,0,1,55,0,55,10.4384335294119,2.17382939376379
56,24,1,0,2.17625324261668,2.12925049768678,0,1,56,0,56,10.4230150739618,2.17625324261668
57,24,1,0,2.17881479818976,2.16532524104055,0,1,57,0,57,10.4045001280425,2.17881479818976
58,24,1,0,2.18152462963749,2.16548585330182,0,1,58,0,58,10.3828957597858,2.18152462963749
59,24,1,0,2.18439323627212,2.17185509600428,0,1,59,0,59,10.3582333491386,2.18439323627212
60,24,1,0,2.18743111740589,2.19273872257046,0,1,60,0,60,10.3305442760483,2.18743111740589
61,24,1,0,2.19064877235105,2.1765537763653,0,1,61,0,61,10.2998599204618,2.19064877235105
62,24,1,0,2.19405670041984,2.16441423445719,0,1,62,0,62,10.2662116623263,2.19405670041984
63,24,1,0,2.1976654009245,2.19295504357603,0,1,63,0,63,10.229630881589,2.1976654009245
64,24,1,0,2.2014850252714,2.20389417410365,0,1,64,0,64,10.1901613692179,2.2014850252714
65,24,1,0,2.20551423108697,2.20693389262864,0,1,65,0,65,10.1482569395377,2.20551423108697
66,24,1,0,2.2097378241889,2.20456751319977,0,1,66,0,66,10.1048655493715,2.2097378241889
67,24,1,0,2.21413978572908,2.20978410700065,0,1,67,0,67,10.0609645742584,2.21413978572908
68,24,1,0,2.21870409685937,2.21761899656066,0,1,68,0,68,10.0175313897378,2.21870409685937
69,24,1,0,2.22341473873165,2.22969484845566,0,1,69,0,69,9.97554337134872,2.22341473873165
70,24,1,0,2.22825569249779,2.23733693957653,0,1,70,0,70,9.93597789463052,2.22825569249779
71,24,1,0,2.23321093930967,2.22934519934625,0,1,71,0,71,9.89981233512239,2.23321093930967
72,24,1,0,2.23826423201986,2.23623414925707,0,1,72,0,72,9.86797672782488,2.23826423201986
73,24,1,0,2.24339548876612,2.24477127107357,0,1,73,0,73,9.84060593462839,2.24339548876612
74,24,1,0,2.24858144576475,2.24537541254664,0,1,74,0,74,9.81717500866583,2.24858144576475
75,24,1,0,2.25379874291825,2.24966321556023,0,1,75,0,75,9.79713903128039,2.25379874291825
76,24,1,0,2.25902402012913,2.26575048483421,0,1,76,0,76,9.77995308381523,2.25902402012913
77,24,1,0,2.26423391729991,2.27216138272183,0,1,77,0,77,9.76507224761354,2.26423391729991
78,24,1,0,2.26940507433309,2.27759510083782,0,1,78,0,78,9.75195160401849,2.26940507433309
79,24,1,0,2.2745141311312,2.28158044550373,0,1,79,0,79,9.74004623437325,2.2745141311312
80,24,1,0,2.27953929363627,2.26988404870263,0,1,80,0,80,9.72880462522801,2.27953929363627
81,24,1,0,2.28447415256273,2.27204317722192,0,1,81,0,81,9.71761047588657,2.28447415256273
82,24,1,0,2.28932103086143,2.30219880043383,0,1,82,0,82,9.705810713087,2.28932103086143
83,24,1,0,2.29408235170977,2.30710352127273,0,1,83,0,83,9.69275184150061,2.29408235170977
84,24,1,0,2.29876053828512,2.32386310932722,0,1,84,0,84,9.67778036579872,2.29876053828512
85,24,1,0,2.30335801376487,2.32375385783604,0,1,85,0,85,9.66024279065265,2.30335801376487
86,24,1,0,2.30787720132642,2.31475548510932,0,1,86,0,86,9.63948562073371,2.30787720132642
87,24,1,0,2.31232052414715,2.29880494681109,0,1,87,0,87,9.61485536071322,2.31232052414715
88,24,1,0,2.31669102728982,2.3071237469351,0,1,88,0,88,9.58576909176987,2.31669102728982
89,24,1,0,2.32099559365613,2.3215881518554,0,1,89,0,89,9.55207944362095,2.32099559365613
90,24,1,0,2.32524256873005,2.31163278456885,0,1,90,0,90,9.51380503147332,2.32524256873005
91,24,1,0,2.32944030087465,2.32906935130989,0,1,91,0,91,9.47096479727695,2.32944030087465
92,24,1,0,2.333597138453,2.32998901818793,0,1,92,0,92,9.42357768298178,2.333597138453
93,24,1,0,2.33772142982818,2.27864934550031,0,1,93,0,93,9.37166263053778,2.33772142982818
94,24,1,0,2.34182152336325,2.31546928645371,0,1,94,0,94,9.3152385818949,2.34182152336325
95,24,1,0,2.34590576742129,2.29758452662226,0,1,95,0,95,9.25432447900309,2.34590576742129
40,25,1,0,2.14665895719347,2.5512982011844,0,1,40,0,40,10.6917225161379,2.14665895719347
41,25,1,0,2.14822935649391,2.50245883305887,0,1,41,0,41,10.6898457415583,2.14822935649391
42,25,1,0,2.14980860399272,2.4229134842202,0,1,42,0,42,10.6879188502243,2.14980860399272
43,25,1,0,2.15140171623627,2.44759842023381,0,1,43,0,43,10.6859154125418,2.15140171623627
44,25,1,0,2.15301370977092,2.36077666599947,0,1,44,0,44,10.6838089989164,2.15301370977092
45,25,1,0,2.15464960114305,2.32503833557731,0,1,45,0,45,10.681573179754,2.15464960114305
46,25,1,0,2.15631440689902,2.15936629355589,0,1,46,0,46,10.6791815254602,2.15631440689902
47,25,1,0,2.1580131435852,2.22026298749994,0,1,47,0,47,10.6766076064408,2.1580131435852
48,25,1,0,2.15975083097082,2.12951268805299,0,1,48,0,48,10.673824826697,2.15975083097082
49,25,1,0,2.16153412603854,2.09984661363091,0,1,49,0,49,10.6707220568116,2.16153412603854
50,25,1,0,2.16337398184489,2.16071220608098,0,1,50,0,50,10.6669663503444,2.16337398184489
51,25,1,0,2.16528204758436,2.13084876337825,0,1,51,0,51,10.6621888175124,2.16528204758436
52,25,1,0,2.16726997245148,2.1433163309267,0,1,52,0,52,10.6560205685321,2.16726997245148
53,25,1,0,2.16934940564075,2.12371085452136,0,1,53,0,53,10.6480927136202,2.16934940564075
54,25,1,0,2.17153199634668,2.10600964672668,0,1,54,0,54,10.6380363629935,2.17153199634668
55,25,1,0,2.17382939376379,2.14190922988873,0,1,55,0,55,10.6254826268687,2.17382939376379
56,25,1,0,2.17625324261668,2.12925049768678,0,1,56,0,56,10.6100641714185,2.17625324261668
57,25,1,0,2.17881479818976,2.16532524104055,0,1,57,0,57,10.5915492254993,2.17881479818976
58,25,1,0,2.18152462963749,2.16548585330182,0,1,58,0,58,10.5699448572425,2.18152462963749
59,25,1,0,2.18439323627212,2.17185509600428,0,1,59,0,59,10.5452824465954,2.18439323627212
60,25,1,0,2.18743111740589,2.19273872257046,0,1,60,0,60,10.517593373505,2.18743111740589
61,25,1,0,2.19064877235105,2.1765537763653,0,1,61,0,61,10.4869090179186,2.19064877235105
62,25,1,0,2.19405670041984,2.16441423445719,0,1,62,0,62,10.4532607597831,2.19405670041984
63,25,1,0,2.1976654009245,2.19295504357603,0,1,63,0,63,10.4166799790458,2.1976654009245
64,25,1,0,2.2014850252714,2.20389417410365,0,1,64,0,64,10.3772104666747,2.2014850252714
65,25,1,0,2.20551423108697,2.20693389262864,0,1,65,0,65,10.3353060369945,2.20551423108697
66,25,1,0,2.2097378241889,2.20456751319977,0,1,66,0,66,10.2919146468282,2.2097378241889
67,25,1,0,2.21413978572908,2.20978410700065,0,1,67,0,67,10.2480136717152,2.21413978572908
68,25,1,0,2.21870409685937,2.21761899656066,0,1,68,0,68,10.2045804871945,2.21870409685937
69,25,1,0,2.22341473873165,2.22969484845566,0,1,69,0,69,10.1625924688055,2.22341473873165
70,25,1,0,2.22825569249779,2.23733693957653,0,1,70,0,70,10.1230269920873,2.22825569249779
71,25,1,0,2.23321093930967,2.22934519934625,0,1,71,0,71,10.0868614325792,2.23321093930967
72,25,1,0,2.23826423201986,2.23623414925707,0,1,72,0,72,10.0550258252817,2.23826423201986
73,25,1,0,2.24339548876612,2.24477127107357,0,1,73,0,73,10.0276550320852,2.24339548876612
74,25,1,0,2.24858144576475,2.24537541254664,0,1,74,0,74,10.0042241061226,2.24858144576475
75,25,1,0,2.25379874291825,2.24966321556023,0,1,75,0,75,9.98418812873717,2.25379874291825
76,25,1,0,2.25902402012913,2.26575048483421,0,1,76,0,76,9.96700218127201,2.25902402012913
77,25,1,0,2.26423391729991,2.27216138272183,0,1,77,0,77,9.95212134507032,2.26423391729991
78,25,1,0,2.26940507433309,2.27759510083782,0,1,78,0,78,9.93900070147526,2.26940507433309
79,25,1,0,2.2745141311312,2.28158044550373,0,1,79,0,79,9.92709533183003,2.2745141311312
80,25,1,0,2.27953929363627,2.26988404870263,0,1,80,0,80,9.91585372268479,2.27953929363627
81,25,1,0,2.28447415256273,2.27204317722192,0,1,81,0,81,9.90465957334335,2.28447415256273
82,25,1,0,2.28932103086143,2.30219880043383,0,1,82,0,82,9.89285981054377,2.28932103086143
83,25,1,0,2.29408235170977,2.30710352127273,0,1,83,0,83,9.87980093895739,2.29408235170977
84,25,1,0,2.29876053828512,2.32386310932722,0,1,84,0,84,9.8648294632555,2.29876053828512
85,25,1,0,2.30335801376487,2.32375385783604,0,1,85,0,85,9.84729188810943,2.30335801376487
86,25,1,0,2.30787720132642,2.31475548510932,0,1,86,0,86,9.82653471819049,2.30787720132642
87,25,1,0,2.31232052414715,2.29880494681109,0,1,87,0,87,9.80190445817,2.31232052414715
88,25,1,0,2.31669102728982,2.3071237469351,0,1,88,0,88,9.77281818922664,2.31669102728982
89,25,1,0,2.32099559365613,2.3215881518554,0,1,89,0,89,9.73912854107772,2.32099559365613
90,25,1,0,2.32524256873005,2.31163278456885,0,1,90,0,90,9.7008541289301,2.32524256873005
91,25,1,0,2.32944030087465,2.32906935130989,0,1,91,0,91,9.65801389473373,2.32944030087465
92,25,1,0,2.333597138453,2.32998901818793,0,1,92,0,92,9.61062678043856,2.333597138453
93,25,1,0,2.33772142982818,2.27864934550031,0,1,93,0,93,9.55871172799456,2.33772142982818
94,25,1,0,2.34182152336325,2.31546928645371,0,1,94,0,94,9.50228767935168,2.34182152336325
95,25,1,0,2.34590576742129,2.29758452662226,0,1,95,0,95,9.44137357645987,2.34590576742129
40,10,0,1,2.14665895719347,2.5512982011844,0,0,0,0,0,8.35347922819247,2.14665895719347
41,10,0,1,2.14822935649391,2.50245883305887,0,0,0,0,0,8.32558598483855,2.14822935649391
42,10,0,1,2.14980860399272,2.4229134842202,0,0,0,0,0,8.29764262473034,2.14980860399272
43,10,0,1,2.15140171623627,2.44759842023381,0,0,0,0,0,8.26962271827358,2.15140171623627
44,10,0,1,2.15301370977092,2.36077666599947,0,0,0,0,0,8.241499835874,2.15301370977092
45,10,0,1,2.15464960114305,2.32503833557731,0,0,0,0,0,8.21324754793731,2.15464960114305
46,10,0,1,2.15631440689902,2.15936629355589,0,0,0,0,0,8.18483942486926,2.15631440689902
47,10,0,1,2.1580131435852,2.22026298749994,0,0,0,0,0,8.15624903707558,2.1580131435852
48,10,0,1,2.15975083097082,2.12951268805299,0,0,0,0,0,8.12744978855762,2.15975083097082
49,10,0,1,2.16153412603854,2.09984661363091,0,0,0,0,0,8.09833054989787,2.16153412603854
50,10,0,1,2.16337398184489,2.16071220608098,0,0,0,0,0,8.0685583746565,2.16337398184489
51,10,0,1,2.16528204758436,2.13084876337825,0,0,0,0,0,8.03776437305019,2.16528204758436
52,10,0,1,2.16726997245148,2.1433163309267,0,0,0,0,0,8.00557965529564,2.16726997245148
53,10,0,1,2.16934940564075,2.12371085452136,0,0,0,0,0,7.97163533160955,2.16934940564075
54,10,0,1,2.17153199634668,2.10600964672668,0,0,0,0,0,7.93556251220861,2.17153199634668
55,10,0,1,2.17382939376379,2.14190922988873,0,0,0,0,0,7.89699230730951,2.17382939376379
56,10,0,1,2.17625324261668,2.12925049768678,0,0,0,0,0,7.85555738308516,2.17625324261668
57,10,0,1,2.17881479818976,2.16532524104055,0,0,0,0,0,7.81102596839166,2.17881479818976
58,10,0,1,2.18152462963749,2.16548585330182,0,0,0,0,0,7.76340513136066,2.18152462963749
59,10,0,1,2.18439323627212,2.17185509600428,0,0,0,0,0,7.71272625193929,2.18439323627212
60,10,0,1,2.18743111740589,2.19273872257046,0,0,0,0,0,7.65902071007467,2.18743111740589
61,10,0,1,2.19064877235105,2.1765537763653,0,0,0,0,0,7.60231988571395,2.19064877235105
62,10,0,1,2.19405670041984,2.16441423445719,0,0,0,0,0,7.54265515880425,2.19405670041984
63,10,0,1,2.1976654009245,2.19295504357603,0,0,0,0,0,7.48005790929271,2.1976654009245
64,10,0,1,2.2014850252714,2.20389417410365,0,0,0,0,0,7.41457192814734,2.2014850252714
65,10,0,1,2.20551423108697,2.20693389262864,0,0,0,0,0,7.34665102969289,2.20551423108697
66,10,0,1,2.2097378241889,2.20456751319977,0,0,0,0,0,7.2772431707524,2.2097378241889
67,10,0,1,2.21413978572908,2.20978410700065,0,0,0,0,0,7.2073257268651,2.21413978572908
68,10,0,1,2.21870409685937,2.21761899656066,0,0,0,0,0,7.1378760735702,2.21870409685937
69,10,0,1,2.22341473873165,2.22969484845566,0,0,0,0,0,7.06987158640692,2.22341473873165
70,10,0,1,2.22825569249779,2.23733693957653,0,0,0,0,0,7.00428964091448,2.22825569249779
71,10,0,1,2.23321093930967,2.22934519934625,0,0,0,0,0,6.9421076126321,2.23321093930967
72,10,0,1,2.23826423201986,2.23623414925707,0,0,0,0,0,6.88425553656035,2.23826423201986
73,10,0,1,2.24339548876612,2.24477127107357,0,0,0,0,0,6.83086827458961,2.24339548876612
74,10,0,1,2.24858144576475,2.24537541254664,0,0,0,0,0,6.78142087985281,2.24858144576475
75,10,0,1,2.25379874291825,2.24966321556023,0,0,0,0,0,6.73536843369312,2.25379874291825
76,10,0,1,2.25902402012913,2.26575048483421,0,0,0,0,0,6.69216601745372,2.25902402012913
77,10,0,1,2.26423391729991,2.27216138272183,0,0,0,0,0,6.65126871247778,2.26423391729991
78,10,0,1,2.26940507433309,2.27759510083782,0,0,0,0,0,6.61213160010848,2.26940507433309
79,10,0,1,2.2745141311312,2.28158044550373,0,0,0,0,0,6.574209761689,2.2745141311312
80,10,0,1,2.27953929363627,2.26988404870263,0,0,0,0,0,6.53695168376951,2.27953929363627
81,10,0,1,2.28447415256273,2.27204317722192,0,0,0,0,0,6.49974106565382,2.28447415256273
82,10,0,1,2.28932103086143,2.30219880043383,0,0,0,0,0,6.46192483408001,2.28932103086143
83,10,0,1,2.29408235170977,2.30710352127273,0,0,0,0,0,6.42284949371938,2.29408235170977
84,10,0,1,2.29876053828512,2.32386310932722,0,0,0,0,0,6.38186154924324,2.29876053828512
85,10,0,1,2.30335801376487,2.32375385783604,0,0,0,0,0,6.33830750532293,2.30335801376487
86,10,0,1,2.30787720132642,2.31475548510932,0,0,0,0,0,6.29153386662974,2.30787720132642
87,10,0,1,2.31232052414715,2.29880494681109,0,0,0,0,0,6.240887137835,2.31232052414715
88,10,0,1,2.31669102728982,2.3071237469351,0,0,0,0,0,6.18578440011741,2.31669102728982
89,10,0,1,2.32099559365613,2.3215881518554,0,0,0,0,0,6.12607828319424,2.32099559365613
90,10,0,1,2.32524256873005,2.31163278456885,0,0,0,0,0,6.06178740227237,2.32524256873005
91,10,0,1,2.32944030087465,2.32906935130989,0,0,0,0,0,5.99293069930175,2.32944030087465
92,10,0,1,2.333597138453,2.32998901818793,0,0,0,0,0,5.91952711623234,2.333597138453
93,10,0,1,2.33772142982818,2.27864934550031,0,0,0,0,0,5.8415955950141,2.33772142982818
94,10,0,1,2.34182152336325,2.31546928645371,0,0,0,0,0,5.75915507759697,2.34182152336325
95,10,0,1,2.34590576742129,2.29758452662226,0,0,0,0,0,5.67222450593092,2.34590576742129
40,11,0,1,2.14665895719347,2.5512982011844,0,0,0,0,0,8.54052832564925,2.14665895719347
41,11,0,1,2.14822935649391,2.50245883305887,0,0,0,0,0,8.51263508229532,2.14822935649391
42,11,0,1,2.14980860399272,2.4229134842202,0,0,0,0,0,8.48469172218712,2.14980860399272
43,11,0,1,2.15140171623627,2.44759842023381,0,0,0,0,0,8.45667181573036,2.15140171623627
44,11,0,1,2.15301370977092,2.36077666599947,0,0,0,0,0,8.42854893333077,2.15301370977092
45,11,0,1,2.15464960114305,2.32503833557731,0,0,0,0,0,8.40029664539409,2.15464960114305
46,11,0,1,2.15631440689902,2.15936629355589,0,0,0,0,0,8.37188852232604,2.15631440689902
47,11,0,1,2.1580131435852,2.22026298749994,0,0,0,0,0,8.34329813453235,2.1580131435852
48,11,0,1,2.15975083097082,2.12951268805299,0,0,0,0,0,8.31449888601439,2.15975083097082
49,11,0,1,2.16153412603854,2.09984661363091,0,0,0,0,0,8.28537964735465,2.16153412603854
50,11,0,1,2.16337398184489,2.16071220608098,0,0,0,0,0,8.25560747211328,2.16337398184489
51,11,0,1,2.16528204758436,2.13084876337825,0,0,0,0,0,8.22481347050697,2.16528204758436
52,11,0,1,2.16726997245148,2.1433163309267,0,0,0,0,0,8.19262875275242,2.16726997245148
53,11,0,1,2.16934940564075,2.12371085452136,0,0,0,0,0,8.15868442906633,2.16934940564075
54,11,0,1,2.17153199634668,2.10600964672668,0,0,0,0,0,8.12261160966539,2.17153199634668
55,11,0,1,2.17382939376379,2.14190922988873,0,0,0,0,0,8.08404140476629,2.17382939376379
56,11,0,1,2.17625324261668,2.12925049768678,0,0,0,0,0,8.04260648054193,2.17625324261668
57,11,0,1,2.17881479818976,2.16532524104055,0,0,0,0,0,7.99807506584844,2.17881479818976
58,11,0,1,2.18152462963749,2.16548585330182,0,0,0,0,0,7.95045422881743,2.18152462963749
59,11,0,1,2.18439323627212,2.17185509600428,0,0,0,0,0,7.89977534939606,2.18439323627212
60,11,0,1,2.18743111740589,2.19273872257046,0,0,0,0,0,7.84606980753145,2.18743111740589
61,11,0,1,2.19064877235105,2.1765537763653,0,0,0,0,0,7.78936898317072,2.19064877235105
62,11,0,1,2.19405670041984,2.16441423445719,0,0,0,0,0,7.72970425626103,2.19405670041984
63,11,0,1,2.1976654009245,2.19295504357603,0,0,0,0,0,7.66710700674948,2.1976654009245
64,11,0,1,2.2014850252714,2.20389417410365,0,0,0,0,0,7.60162102560411,2.2014850252714
65,11,0,1,2.20551423108697,2.20693389262864,0,0,0,0,0,7.53370012714966,2.20551423108697
66,11,0,1,2.2097378241889,2.20456751319977,0,0,0,0,0,7.46429226820918,2.2097378241889
67,11,0,1,2.21413978572908,2.20978410700065,0,0,0,0,0,7.39437482432188,2.21413978572908
68,11,0,1,2.21870409685937,2.21761899656066,0,0,0,0,0,7.32492517102697,2.21870409685937
69,11,0,1,2.22341473873165,2.22969484845566,0,0,0,0,0,7.25692068386369,2.22341473873165
70,11,0,1,2.22825569249779,2.23733693957653,0,0,0,0,0,7.19133873837125,2.22825569249779
71,11,0,1,2.23321093930967,2.22934519934625,0,0,0,0,0,7.12915671008887,2.23321093930967
72,11,0,1,2.23826423201986,2.23623414925707,0,0,0,0,0,7.07130463401712,2.23826423201986
73,11,0,1,2.24339548876612,2.24477127107357,0,0,0,0,0,7.01791737204638,2.24339548876612
74,11,0,1,2.24858144576475,2.24537541254664,0,0,0,0,0,6.96846997730958,2.24858144576475
75,11,0,1,2.25379874291825,2.24966321556023,0,0,0,0,0,6.92241753114989,2.25379874291825
76,11,0,1,2.25902402012913,2.26575048483421,0,0,0,0,0,6.87921511491049,2.25902402012913
77,11,0,1,2.26423391729991,2.27216138272183,0,0,0,0,0,6.83831780993455,2.26423391729991
78,11,0,1,2.26940507433309,2.27759510083782,0,0,0,0,0,6.79918069756525,2.26940507433309
79,11,0,1,2.2745141311312,2.28158044550373,0,0,0,0,0,6.76125885914577,2.2745141311312
80,11,0,1,2.27953929363627,2.26988404870263,0,0,0,0,0,6.72400078122629,2.27953929363627
81,11,0,1,2.28447415256273,2.27204317722192,0,0,0,0,0,6.6867901631106,2.28447415256273
82,11,0,1,2.28932103086143,2.30219880043383,0,0,0,0,0,6.64897393153678,2.28932103086143
83,11,0,1,2.29408235170977,2.30710352127273,0,0,0,0,0,6.60989859117615,2.29408235170977
84,11,0,1,2.29876053828512,2.32386310932722,0,0,0,0,0,6.56891064670002,2.29876053828512
85,11,0,1,2.30335801376487,2.32375385783604,0,0,0,0,0,6.5253566027797,2.30335801376487
86,11,0,1,2.30787720132642,2.31475548510932,0,0,0,0,0,6.47858296408652,2.30787720132642
87,11,0,1,2.31232052414715,2.29880494681109,0,0,0,0,0,6.42793623529178,2.31232052414715
88,11,0,1,2.31669102728982,2.3071237469351,0,0,0,0,0,6.37283349757418,2.31669102728982
89,11,0,1,2.32099559365613,2.3215881518554,0,0,0,0,0,6.31312738065102,2.32099559365613
90,11,0,1,2.32524256873005,2.31163278456885,0,0,0,0,0,6.24883649972915,2.32524256873005
91,11,0,1,2.32944030087465,2.32906935130989,0,0,0,0,0,6.17997979675853,2.32944030087465
92,11,0,1,2.333597138453,2.32998901818793,0,0,0,0,0,6.10657621368912,2.333597138453
93,11,0,1,2.33772142982818,2.27864934550031,0,0,0,0,0,6.02864469247087,2.33772142982818
94,11,0,1,2.34182152336325,2.31546928645371,0,0,0,0,0,5.94620417505374,2.34182152336325
95,11,0,1,2.34590576742129,2.29758452662226,0,0,0,0,0,5.85927360338769,2.34590576742129
40,12,0,1,2.14665895719347,2.5512982011844,0,0,0,0,0,8.72757742310603,2.14665895719347
41,12,0,1,2.14822935649391,2.50245883305887,0,0,0,0,0,8.6996841797521,2.14822935649391
42,12,0,1,2.14980860399272,2.4229134842202,0,0,0,0,0,8.6717408196439,2.14980860399272
43,12,0,1,2.15140171623627,2.44759842023381,0,0,0,0,0,8.64372091318714,2.15140171623627
44,12,0,1,2.15301370977092,2.36077666599947,0,0,0,0,0,8.61559803078755,2.15301370977092
45,12,0,1,2.15464960114305,2.32503833557731,0,0,0,0,0,8.58734574285086,2.15464960114305
46,12,0,1,2.15631440689902,2.15936629355589,0,0,0,0,0,8.55893761978282,2.15631440689902
47,12,0,1,2.1580131435852,2.22026298749994,0,0,0,0,0,8.53034723198913,2.1580131435852
48,12,0,1,2.15975083097082,2.12951268805299,0,0,0,0,0,8.50154798347117,2.15975083097082
49,12,0,1,2.16153412603854,2.09984661363091,0,0,0,0,0,8.47242874481142,2.16153412603854
50,12,0,1,2.16337398184489,2.16071220608098,0,0,0,0,0,8.44265656957005,2.16337398184489
51,12,0,1,2.16528204758436,2.13084876337825,0,0,0,0,0,8.41186256796374,2.16528204758436
52,12,0,1,2.16726997245148,2.1433163309267,0,0,0,0,0,8.3796778502092,2.16726997245148
53,12,0,1,2.16934940564075,2.12371085452136,0,0,0,0,0,8.3457335265231,2.16934940564075
54,12,0,1,2.17153199634668,2.10600964672668,0,0,0,0,0,8.30966070712216,2.17153199634668
55,12,0,1,2.17382939376379,2.14190922988873,0,0,0,0,0,8.27109050222307,2.17382939376379
56,12,0,1,2.17625324261668,2.12925049768678,0,0,0,0,0,8.22965557799871,2.17625324261668
57,12,0,1,2.17881479818976,2.16532524104055,0,0,0,0,0,8.18512416330521,2.17881479818976
58,12,0,1,2.18152462963749,2.16548585330182,0,0,0,0,0,8.13750332627421,2.18152462963749
59,12,0,1,2.18439323627212,2.17185509600428,0,0,0,0,0,8.08682444685284,2.18439323627212
60,12,0,1,2.18743111740589,2.19273872257046,0,0,0,0,0,8.03311890498823,2.18743111740589
61,12,0,1,2.19064877235105,2.1765537763653,0,0,0,0,0,7.9764180806275,2.19064877235105
62,12,0,1,2.19405670041984,2.16441423445719,0,0,0,0,0,7.9167533537178,2.19405670041984
63,12,0,1,2.1976654009245,2.19295504357603,0,0,0,0,0,7.85415610420626,2.1976654009245
64,12,0,1,2.2014850252714,2.20389417410365,0,0,0,0,0,7.78867012306089,2.2014850252714
65,12,0,1,2.20551423108697,2.20693389262864,0,0,0,0,0,7.72074922460644,2.20551423108697
66,12,0,1,2.2097378241889,2.20456751319977,0,0,0,0,0,7.65134136566596,2.2097378241889
67,12,0,1,2.21413978572908,2.20978410700065,0,0,0,0,0,7.58142392177865,2.21413978572908
68,12,0,1,2.21870409685937,2.21761899656066,0,0,0,0,0,7.51197426848375,2.21870409685937
69,12,0,1,2.22341473873165,2.22969484845566,0,0,0,0,0,7.44396978132047,2.22341473873165
70,12,0,1,2.22825569249779,2.23733693957653,0,0,0,0,0,7.37838783582803,2.22825569249779
71,12,0,1,2.23321093930967,2.22934519934625,0,0,0,0,0,7.31620580754565,2.23321093930967
72,12,0,1,2.23826423201986,2.23623414925707,0,0,0,0,0,7.2583537314739,2.23826423201986
73,12,0,1,2.24339548876612,2.24477127107357,0,0,0,0,0,7.20496646950316,2.24339548876612
74,12,0,1,2.24858144576475,2.24537541254664,0,0,0,0,0,7.15551907476636,2.24858144576475
75,12,0,1,2.25379874291825,2.24966321556023,0,0,0,0,0,7.10946662860667,2.25379874291825
76,12,0,1,2.25902402012913,2.26575048483421,0,0,0,0,0,7.06626421236727,2.25902402012913
77,12,0,1,2.26423391729991,2.27216138272183,0,0,0,0,0,7.02536690739133,2.26423391729991
78,12,0,1,2.26940507433309,2.27759510083782,0,0,0,0,0,6.98622979502203,2.26940507433309
79,12,0,1,2.2745141311312,2.28158044550373,0,0,0,0,0,6.94830795660255,2.2745141311312
80,12,0,1,2.27953929363627,2.26988404870263,0,0,0,0,0,6.91104987868306,2.27953929363627
81,12,0,1,2.28447415256273,2.27204317722192,0,0,0,0,0,6.87383926056738,2.28447415256273
82,12,0,1,2.28932103086143,2.30219880043383,0,0,0,0,0,6.83602302899356,2.28932103086143
83,12,0,1,2.29408235170977,2.30710352127273,0,0,0,0,0,6.79694768863293,2.29408235170977
84,12,0,1,2.29876053828512,2.32386310932722,0,0,0,0,0,6.7559597441568,2.29876053828512
85,12,0,1,2.30335801376487,2.32375385783604,0,0,0,0,0,6.71240570023648,2.30335801376487
86,12,0,1,2.30787720132642,2.31475548510932,0,0,0,0,0,6.6656320615433,2.30787720132642
87,12,0,1,2.31232052414715,2.29880494681109,0,0,0,0,0,6.61498533274856,2.31232052414715
88,12,0,1,2.31669102728982,2.3071237469351,0,0,0,0,0,6.55988259503096,2.31669102728982
89,12,0,1,2.32099559365613,2.3215881518554,0,0,0,0,0,6.50017647810779,2.32099559365613
90,12,0,1,2.32524256873005,2.31163278456885,0,0,0,0,0,6.43588559718592,2.32524256873005
91,12,0,1,2.32944030087465,2.32906935130989,0,0,0,0,0,6.36702889421531,2.32944030087465
92,12,0,1,2.333597138453,2.32998901818793,0,0,0,0,0,6.2936253111459,2.333597138453
93,12,0,1,2.33772142982818,2.27864934550031,0,0,0,0,0,6.21569378992765,2.33772142982818
94,12,0,1,2.34182152336325,2.31546928645371,0,0,0,0,0,6.13325327251052,2.34182152336325
95,12,0,1,2.34590576742129,2.29758452662226,0,0,0,0,0,6.04632270084447,2.34590576742129
40,13,0,1,2.14665895719347,2.5512982011844,1,0,0,40,0,8.9146265205628,2.14665895719347
41,13,0,1,2.14822935649391,2.50245883305887,1,0,0,41,0,8.88673327720888,2.14822935649391
42,13,0,1,2.14980860399272,2.4229134842202,1,0,0,42,0,8.85878991710067,2.14980860399272
43,13,0,1,2.15140171623627,2.44759842023381,1,0,0,43,0,8.83077001064391,2.15140171623627
44,13,0,1,2.15301370977092,2.36077666599947,1,0,0,44,0,8.80264712824432,2.15301370977092
45,13,0,1,2.15464960114305,2.32503833557731,1,0,0,45,0,8.77439484030764,2.15464960114305
46,13,0,1,2.15631440689902,2.15936629355589,1,0,0,46,0,8.74598671723959,2.15631440689902
47,13,0,1,2.1580131435852,2.22026298749994,1,0,0,47,0,8.71739632944591,2.1580131435852
48,13,0,1,2.15975083097082,2.12951268805299,1,0,0,48,0,8.68859708092794,2.15975083097082
49,13,0,1,2.16153412603854,2.09984661363091,1,0,0,49,0,8.6594778422682,2.16153412603854
50,13,0,1,2.16337398184489,2.16071220608098,1,0,0,50,0,8.62970566702683,2.16337398184489
51,13,0,1,2.16528204758436,2.13084876337825,1,0,0,51,0,8.59891166542052,2.16528204758436
52,13,0,1,2.16726997245148,2.1433163309267,1,0,0,52,0,8.56672694766597,2.16726997245148
53,13,0,1,2.16934940564075,2.12371085452136,1,0,0,53,0,8.53278262397988,2.16934940564075
54,13,0,1,2.17153199634668,2.10600964672668,1,0,0,54,0,8.49670980457894,2.17153199634668
55,13,0,1,2.17382939376379,2.14190922988873,1,0,0,55,0,8.45813959967984,2.17382939376379
56,13,0,1,2.17625324261668,2.12925049768678,1,0,0,56,0,8.41670467545549,2.17625324261668
57,13,0,1,2.17881479818976,2.16532524104055,1,0,0,57,0,8.37217326076199,2.17881479818976
58,13,0,1,2.18152462963749,2.16548585330182,1,0,0,58,0,8.32455242373099,2.18152462963749
59,13,0,1,2.18439323627212,2.17185509600428,1,0,0,59,0,8.27387354430962,2.18439323627212
60,13,0,1,2.18743111740589,2.19273872257046,1,0,0,60,0,8.220168002445,2.18743111740589
61,13,0,1,2.19064877235105,2.1765537763653,1,0,0,61,0,8.16346717808428,2.19064877235105
62,13,0,1,2.19405670041984,2.16441423445719,1,0,0,62,0,8.10380245117458,2.19405670041984
63,13,0,1,2.1976654009245,2.19295504357603,1,0,0,63,0,8.04120520166304,2.1976654009245
64,13,0,1,2.2014850252714,2.20389417410365,1,0,0,64,0,7.97571922051767,2.2014850252714
65,13,0,1,2.20551423108697,2.20693389262864,1,0,0,65,0,7.90779832206322,2.20551423108697
66,13,0,1,2.2097378241889,2.20456751319977,1,0,0,66,0,7.83839046312273,2.2097378241889
67,13,0,1,2.21413978572908,2.20978410700065,1,0,0,67,0,7.76847301923543,2.21413978572908
68,13,0,1,2.21870409685937,2.21761899656066,1,0,0,68,0,7.69902336594053,2.21870409685937
69,13,0,1,2.22341473873165,2.22969484845566,1,0,0,69,0,7.63101887877725,2.22341473873165
70,13,0,1,2.22825569249779,2.23733693957653,1,0,0,70,0,7.56543693328481,2.22825569249779
71,13,0,1,2.23321093930967,2.22934519934625,1,0,0,71,0,7.50325490500243,2.23321093930967
72,13,0,1,2.23826423201986,2.23623414925707,1,0,0,72,0,7.44540282893067,2.23826423201986
73,13,0,1,2.24339548876612,2.24477127107357,1,0,0,73,0,7.39201556695994,2.24339548876612
74,13,0,1,2.24858144576475,2.24537541254664,1,0,0,74,0,7.34256817222314,2.24858144576475
75,13,0,1,2.25379874291825,2.24966321556023,1,0,0,75,0,7.29651572606345,2.25379874291825
76,13,0,1,2.25902402012913,2.26575048483421,1,0,0,76,0,7.25331330982404,2.25902402012913
77,13,0,1,2.26423391729991,2.27216138272183,1,0,0,77,0,7.21241600484811,2.26423391729991
78,13,0,1,2.26940507433309,2.27759510083782,1,0,0,78,0,7.17327889247881,2.26940507433309
79,13,0,1,2.2745141311312,2.28158044550373,1,0,0,79,0,7.13535705405932,2.2745141311312
80,13,0,1,2.27953929363627,2.26988404870263,1,0,0,80,0,7.09809897613984,2.27953929363627
81,13,0,1,2.28447415256273,2.27204317722192,1,0,0,81,0,7.06088835802415,2.28447415256273
82,13,0,1,2.28932103086143,2.30219880043383,1,0,0,82,0,7.02307212645034,2.28932103086143
83,13,0,1,2.29408235170977,2.30710352127273,1,0,0,83,0,6.98399678608971,2.29408235170977
84,13,0,1,2.29876053828512,2.32386310932722,1,0,0,84,0,6.94300884161357,2.29876053828512
85,13,0,1,2.30335801376487,2.32375385783604,1,0,0,85,0,6.89945479769326,2.30335801376487
86,13,0,1,2.30787720132642,2.31475548510932,1,0,0,86,0,6.85268115900007,2.30787720132642
87,13,0,1,2.31232052414715,2.29880494681109,1,0,0,87,0,6.80203443020533,2.31232052414715
88,13,0,1,2.31669102728982,2.3071237469351,1,0,0,88,0,6.74693169248774,2.31669102728982
89,13,0,1,2.32099559365613,2.3215881518554,1,0,0,89,0,6.68722557556457,2.32099559365613
90,13,0,1,2.32524256873005,2.31163278456885,1,0,0,90,0,6.6229346946427,2.32524256873005
91,13,0,1,2.32944030087465,2.32906935130989,1,0,0,91,0,6.55407799167208,2.32944030087465
92,13,0,1,2.333597138453,2.32998901818793,1,0,0,92,0,6.48067440860267,2.333597138453
93,13,0,1,2.33772142982818,2.27864934550031,1,0,0,93,0,6.40274288738442,2.33772142982818
94,13,0,1,2.34182152336325,2.31546928645371,1,0,0,94,0,6.3203023699673,2.34182152336325
95,13,0,1,2.34590576742129,2.29758452662226,1,0,0,95,0,6.23337179830125,2.34590576742129
40,14,0,1,2.14665895719347,2.5512982011844,1,0,0,40,0,9.10167561801958,2.14665895719347
41,14,0,1,2.14822935649391,2.50245883305887,1,0,0,41,0,9.07378237466565,2.14822935649391
42,14,0,1,2.14980860399272,2.4229134842202,1,0,0,42,0,9.04583901455745,2.14980860399272
43,14,0,1,2.15140171623627,2.44759842023381,1,0,0,43,0,9.01781910810069,2.15140171623627
44,14,0,1,2.15301370977092,2.36077666599947,1,0,0,44,0,8.9896962257011,2.15301370977092
45,14,0,1,2.15464960114305,2.32503833557731,1,0,0,45,0,8.96144393776442,2.15464960114305
46,14,0,1,2.15631440689902,2.15936629355589,1,0,0,46,0,8.93303581469637,2.15631440689902
47,14,0,1,2.1580131435852,2.22026298749994,1,0,0,47,0,8.90444542690268,2.1580131435852
48,14,0,1,2.15975083097082,2.12951268805299,1,0,0,48,0,8.87564617838472,2.15975083097082
49,14,0,1,2.16153412603854,2.09984661363091,1,0,0,49,0,8.84652693972498,2.16153412603854
50,14,0,1,2.16337398184489,2.16071220608098,1,0,0,50,0,8.8167547644836,2.16337398184489
51,14,0,1,2.16528204758436,2.13084876337825,1,0,0,51,0,8.7859607628773,2.16528204758436
52,14,0,1,2.16726997245148,2.1433163309267,1,0,0,52,0,8.75377604512275,2.16726997245148
53,14,0,1,2.16934940564075,2.12371085452136,1,0,0,53,0,8.71983172143665,2.16934940564075
54,14,0,1,2.17153199634668,2.10600964672668,1,0,0,54,0,8.68375890203571,2.17153199634668
55,14,0,1,2.17382939376379,2.14190922988873,1,0,0,55,0,8.64518869713662,2.17382939376379
56,14,0,1,2.17625324261668,2.12925049768678,1,0,0,56,0,8.60375377291226,2.17625324261668
57,14,0,1,2.17881479818976,2.16532524104055,1,0,0,57,0,8.55922235821876,2.17881479818976
58,14,0,1,2.18152462963749,2.16548585330182,1,0,0,58,0,8.51160152118777,2.18152462963749
59,14,0,1,2.18439323627212,2.17185509600428,1,0,0,59,0,8.46092264176639,2.18439323627212
60,14,0,1,2.18743111740589,2.19273872257046,1,0,0,60,0,8.40721709990178,2.18743111740589
61,14,0,1,2.19064877235105,2.1765537763653,1,0,0,61,0,8.35051627554106,2.19064877235105
62,14,0,1,2.19405670041984,2.16441423445719,1,0,0,62,0,8.29085154863136,2.19405670041984
63,14,0,1,2.1976654009245,2.19295504357603,1,0,0,63,0,8.22825429911981,2.1976654009245
64,14,0,1,2.2014850252714,2.20389417410365,1,0,0,64,0,8.16276831797444,2.2014850252714
65,14,0,1,2.20551423108697,2.20693389262864,1,0,0,65,0,8.09484741952,2.20551423108697
66,14,0,1,2.2097378241889,2.20456751319977,1,0,0,66,0,8.02543956057951,2.2097378241889
67,14,0,1,2.21413978572908,2.20978410700065,1,0,0,67,0,7.9555221166922,2.21413978572908
68,14,0,1,2.21870409685937,2.21761899656066,1,0,0,68,0,7.8860724633973,2.21870409685937
69,14,0,1,2.22341473873165,2.22969484845566,1,0,0,69,0,7.81806797623402,2.22341473873165
70,14,0,1,2.22825569249779,2.23733693957653,1,0,0,70,0,7.75248603074158,2.22825569249779
71,14,0,1,2.23321093930967,2.22934519934625,1,0,0,71,0,7.6903040024592,2.23321093930967
72,14,0,1,2.23826423201986,2.23623414925707,1,0,0,72,0,7.63245192638745,2.23826423201986
73,14,0,1,2.24339548876612,2.24477127107357,1,0,0,73,0,7.57906466441671,2.24339548876612
74,14,0,1,2.24858144576475,2.24537541254664,1,0,0,74,0,7.52961726967991,2.24858144576475
75,14,0,1,2.25379874291825,2.24966321556023,1,0,0,75,0,7.48356482352022,2.25379874291825
76,14,0,1,2.25902402012913,2.26575048483421,1,0,0,76,0,7.44036240728082,2.25902402012913
77,14,0,1,2.26423391729991,2.27216138272183,1,0,0,77,0,7.39946510230488,2.26423391729991
78,14,0,1,2.26940507433309,2.27759510083782,1,0,0,78,0,7.36032798993558,2.26940507433309
79,14,0,1,2.2745141311312,2.28158044550373,1,0,0,79,0,7.3224061515161,2.2745141311312
80,14,0,1,2.27953929363627,2.26988404870263,1,0,0,80,0,7.28514807359661,2.27953929363627
81,14,0,1,2.28447415256273,2.27204317722192,1,0,0,81,0,7.24793745548093,2.28447415256273
82,14,0,1,2.28932103086143,2.30219880043383,1,0,0,82,0,7.21012122390711,2.28932103086143
83,14,0,1,2.29408235170977,2.30710352127273,1,0,0,83,0,7.17104588354648,2.29408235170977
84,14,0,1,2.29876053828512,2.32386310932722,1,0,0,84,0,7.13005793907035,2.29876053828512
85,14,0,1,2.30335801376487,2.32375385783604,1,0,0,85,0,7.08650389515003,2.30335801376487
86,14,0,1,2.30787720132642,2.31475548510932,1,0,0,86,0,7.03973025645685,2.30787720132642
87,14,0,1,2.31232052414715,2.29880494681109,1,0,0,87,0,6.98908352766211,2.31232052414715
88,14,0,1,2.31669102728982,2.3071237469351,1,0,0,88,0,6.93398078994451,2.31669102728982
89,14,0,1,2.32099559365613,2.3215881518554,1,0,0,89,0,6.87427467302135,2.32099559365613
90,14,0,1,2.32524256873005,2.31163278456885,1,0,0,90,0,6.80998379209947,2.32524256873005
91,14,0,1,2.32944030087465,2.32906935130989,1,0,0,91,0,6.74112708912886,2.32944030087465
92,14,0,1,2.333597138453,2.32998901818793,1,0,0,92,0,6.66772350605945,2.333597138453
93,14,0,1,2.33772142982818,2.27864934550031,1,0,0,93,0,6.5897919848412,2.33772142982818
94,14,0,1,2.34182152336325,2.31546928645371,1,0,0,94,0,6.50735146742407,2.34182152336325
95,14,0,1,2.34590576742129,2.29758452662226,1,0,0,95,0,6.42042089575802,2.34590576742129
40,15,0,1,2.14665895719347,2.5512982011844,1,0,0,40,0,9.28872471547635,2.14665895719347
41,15,0,1,2.14822935649391,2.50245883305887,1,0,0,41,0,9.26083147212243,2.14822935649391
42,15,0,1,2.14980860399272,2.4229134842202,1,0,0,42,0,9.23288811201422,2.14980860399272
43,15,0,1,2.15140171623627,2.44759842023381,1,0,0,43,0,9.20486820555747,2.15140171623627
44,15,0,1,2.15301370977092,2.36077666599947,1,0,0,44,0,9.17674532315788,2.15301370977092
45,15,0,1,2.15464960114305,2.32503833557731,1,0,0,45,0,9.14849303522119,2.15464960114305
46,15,0,1,2.15631440689902,2.15936629355589,1,0,0,46,0,9.12008491215315,2.15631440689902
47,15,0,1,2.1580131435852,2.22026298749994,1,0,0,47,0,9.09149452435946,2.1580131435852
48,15,0,1,2.15975083097082,2.12951268805299,1,0,0,48,0,9.0626952758415,2.15975083097082
49,15,0,1,2.16153412603854,2.09984661363091,1,0,0,49,0,9.03357603718176,2.16153412603854
50,15,0,1,2.16337398184489,2.16071220608098,1,0,0,50,0,9.00380386194038,2.16337398184489
51,15,0,1,2.16528204758436,2.13084876337825,1,0,0,51,0,8.97300986033407,2.16528204758436
52,15,0,1,2.16726997245148,2.1433163309267,1,0,0,52,0,8.94082514257953,2.16726997245148
53,15,0,1,2.16934940564075,2.12371085452136,1,0,0,53,0,8.90688081889343,2.16934940564075
54,15,0,1,2.17153199634668,2.10600964672668,1,0,0,54,0,8.87080799949249,2.17153199634668
55,15,0,1,2.17382939376379,2.14190922988873,1,0,0,55,0,8.8322377945934,2.17382939376379
56,15,0,1,2.17625324261668,2.12925049768678,1,0,0,56,0,8.79080287036904,2.17625324261668
57,15,0,1,2.17881479818976,2.16532524104055,1,0,0,57,0,8.74627145567554,2.17881479818976
58,15,0,1,2.18152462963749,2.16548585330182,1,0,0,58,0,8.69865061864454,2.18152462963749
59,15,0,1,2.18439323627212,2.17185509600428,1,0,0,59,0,8.64797173922317,2.18439323627212
60,15,0,1,2.18743111740589,2.19273872257046,1,0,0,60,0,8.59426619735856,2.18743111740589
61,15,0,1,2.19064877235105,2.1765537763653,1,0,0,61,0,8.53756537299783,2.19064877235105
62,15,0,1,2.19405670041984,2.16441423445719,1,0,0,62,0,8.47790064608813,2.19405670041984
63,15,0,1,2.1976654009245,2.19295504357603,1,0,0,63,0,8.41530339657659,2.1976654009245
64,15,0,1,2.2014850252714,2.20389417410365,1,0,0,64,0,8.34981741543122,2.2014850252714
65,15,0,1,2.20551423108697,2.20693389262864,1,0,0,65,0,8.28189651697677,2.20551423108697
66,15,0,1,2.2097378241889,2.20456751319977,1,0,0,66,0,8.21248865803629,2.2097378241889
67,15,0,1,2.21413978572908,2.20978410700065,1,0,0,67,0,8.14257121414898,2.21413978572908
68,15,0,1,2.21870409685937,2.21761899656066,1,0,0,68,0,8.07312156085408,2.21870409685937
69,15,0,1,2.22341473873165,2.22969484845566,1,0,0,69,0,8.0051170736908,2.22341473873165
70,15,0,1,2.22825569249779,2.23733693957653,1,0,0,70,0,7.93953512819836,2.22825569249779
71,15,0,1,2.23321093930967,2.22934519934625,1,0,0,71,0,7.87735309991598,2.23321093930967
72,15,0,1,2.23826423201986,2.23623414925707,1,0,0,72,0,7.81950102384423,2.23826423201986
73,15,0,1,2.24339548876612,2.24477127107357,1,0,0,73,0,7.76611376187349,2.24339548876612
74,15,0,1,2.24858144576475,2.24537541254664,1,0,0,74,0,7.71666636713669,2.24858144576475
75,15,0,1,2.25379874291825,2.24966321556023,1,0,0,75,0,7.670613920977,2.25379874291825
76,15,0,1,2.25902402012913,2.26575048483421,1,0,0,76,0,7.6274115047376,2.25902402012913
77,15,0,1,2.26423391729991,2.27216138272183,1,0,0,77,0,7.58651419976166,2.26423391729991
78,15,0,1,2.26940507433309,2.27759510083782,1,0,0,78,0,7.54737708739236,2.26940507433309
79,15,0,1,2.2745141311312,2.28158044550373,1,0,0,79,0,7.50945524897288,2.2745141311312
80,15,0,1,2.27953929363627,2.26988404870263,1,0,0,80,0,7.47219717105339,2.27953929363627
81,15,0,1,2.28447415256273,2.27204317722192,1,0,0,81,0,7.43498655293771,2.28447415256273
82,15,0,1,2.28932103086143,2.30219880043383,1,0,0,82,0,7.39717032136389,2.28932103086143
83,15,0,1,2.29408235170977,2.30710352127273,1,0,0,83,0,7.35809498100326,2.29408235170977
84,15,0,1,2.29876053828512,2.32386310932722,1,0,0,84,0,7.31710703652713,2.29876053828512
85,15,0,1,2.30335801376487,2.32375385783604,1,0,0,85,0,7.27355299260681,2.30335801376487
86,15,0,1,2.30787720132642,2.31475548510932,1,0,0,86,0,7.22677935391362,2.30787720132642
87,15,0,1,2.31232052414715,2.29880494681109,1,0,0,87,0,7.17613262511888,2.31232052414715
88,15,0,1,2.31669102728982,2.3071237469351,1,0,0,88,0,7.12102988740129,2.31669102728982
89,15,0,1,2.32099559365613,2.3215881518554,1,0,0,89,0,7.06132377047812,2.32099559365613
90,15,0,1,2.32524256873005,2.31163278456885,1,0,0,90,0,6.99703288955625,2.32524256873005
91,15,0,1,2.32944030087465,2.32906935130989,1,0,0,91,0,6.92817618658563,2.32944030087465
92,15,0,1,2.333597138453,2.32998901818793,1,0,0,92,0,6.85477260351622,2.333597138453
93,15,0,1,2.33772142982818,2.27864934550031,1,0,0,93,0,6.77684108229798,2.33772142982818
94,15,0,1,2.34182152336325,2.31546928645371,1,0,0,94,0,6.69440056488085,2.34182152336325
95,15,0,1,2.34590576742129,2.29758452662226,1,0,0,95,0,6.6074699932148,2.34590576742129
40,16,0,1,2.14665895719347,2.5512982011844,1,0,0,40,0,9.47577381293313,2.14665895719347
41,16,0,1,2.14822935649391,2.50245883305887,1,0,0,41,0,9.44788056957921,2.14822935649391
42,16,0,1,2.14980860399272,2.4229134842202,1,0,0,42,0,9.419937209471,2.14980860399272
43,16,0,1,2.15140171623627,2.44759842023381,1,0,0,43,0,9.39191730301424,2.15140171623627
44,16,0,1,2.15301370977092,2.36077666599947,1,0,0,44,0,9.36379442061465,2.15301370977092
45,16,0,1,2.15464960114305,2.32503833557731,1,0,0,45,0,9.33554213267797,2.15464960114305
46,16,0,1,2.15631440689902,2.15936629355589,1,0,0,46,0,9.30713400960992,2.15631440689902
47,16,0,1,2.1580131435852,2.22026298749994,1,0,0,47,0,9.27854362181623,2.1580131435852
48,16,0,1,2.15975083097082,2.12951268805299,1,0,0,48,0,9.24974437329827,2.15975083097082
49,16,0,1,2.16153412603854,2.09984661363091,1,0,0,49,0,9.22062513463853,2.16153412603854
50,16,0,1,2.16337398184489,2.16071220608098,1,0,0,50,0,9.19085295939716,2.16337398184489
51,16,0,1,2.16528204758436,2.13084876337825,1,0,0,51,0,9.16005895779085,2.16528204758436
52,16,0,1,2.16726997245148,2.1433163309267,1,0,0,52,0,9.1278742400363,2.16726997245148
53,16,0,1,2.16934940564075,2.12371085452136,1,0,0,53,0,9.09392991635021,2.16934940564075
54,16,0,1,2.17153199634668,2.10600964672668,1,0,0,54,0,9.05785709694927,2.17153199634668
55,16,0,1,2.17382939376379,2.14190922988873,1,0,0,55,0,9.01928689205018,2.17382939376379
56,16,0,1,2.17625324261668,2.12925049768678,1,0,0,56,0,8.97785196782581,2.17625324261668
57,16,0,1,2.17881479818976,2.16532524104055,1,0,0,57,0,8.93332055313232,2.17881479818976
58,16,0,1,2.18152462963749,2.16548585330182,1,0,0,58,0,8.88569971610132,2.18152462963749
59,16,0,1,2.18439323627212,2.17185509600428,1,0,0,59,0,8.83502083667994,2.18439323627212
60,16,0,1,2.18743111740589,2.19273872257046,1,0,0,60,0,8.78131529481533,2.18743111740589
61,16,0,1,2.19064877235105,2.1765537763653,1,0,0,61,0,8.72461447045461,2.19064877235105
62,16,0,1,2.19405670041984,2.16441423445719,1,0,0,62,0,8.66494974354491,2.19405670041984
63,16,0,1,2.1976654009245,2.19295504357603,1,0,0,63,0,8.60235249403337,2.1976654009245
64,16,0,1,2.2014850252714,2.20389417410365,1,0,0,64,0,8.536866512888,2.2014850252714
65,16,0,1,2.20551423108697,2.20693389262864,1,0,0,65,0,8.46894561443355,2.20551423108697
66,16,0,1,2.2097378241889,2.20456751319977,1,0,0,66,0,8.39953775549306,2.2097378241889
67,16,0,1,2.21413978572908,2.20978410700065,1,0,0,67,0,8.32962031160576,2.21413978572908
68,16,0,1,2.21870409685937,2.21761899656066,1,0,0,68,0,8.26017065831086,2.21870409685937
69,16,0,1,2.22341473873165,2.22969484845566,1,0,0,69,0,8.19216617114758,2.22341473873165
70,16,0,1,2.22825569249779,2.23733693957653,1,0,0,70,0,8.12658422565513,2.22825569249779
71,16,0,1,2.23321093930967,2.22934519934625,1,0,0,71,0,8.06440219737276,2.23321093930967
72,16,0,1,2.23826423201986,2.23623414925707,1,0,0,72,0,8.006550121301,2.23826423201986
73,16,0,1,2.24339548876612,2.24477127107357,1,0,0,73,0,7.95316285933026,2.24339548876612
74,16,0,1,2.24858144576475,2.24537541254664,1,0,0,74,0,7.90371546459346,2.24858144576475
75,16,0,1,2.25379874291825,2.24966321556023,1,0,0,75,0,7.85766301843377,2.25379874291825
76,16,0,1,2.25902402012913,2.26575048483421,1,0,0,76,0,7.81446060219437,2.25902402012913
77,16,0,1,2.26423391729991,2.27216138272183,1,0,0,77,0,7.77356329721843,2.26423391729991
78,16,0,1,2.26940507433309,2.27759510083782,1,0,0,78,0,7.73442618484914,2.26940507433309
79,16,0,1,2.2745141311312,2.28158044550373,1,0,0,79,0,7.69650434642965,2.2745141311312
80,16,0,1,2.27953929363627,2.26988404870263,1,0,0,80,0,7.65924626851017,2.27953929363627
81,16,0,1,2.28447415256273,2.27204317722192,1,0,0,81,0,7.62203565039448,2.28447415256273
82,16,0,1,2.28932103086143,2.30219880043383,1,0,0,82,0,7.58421941882067,2.28932103086143
83,16,0,1,2.29408235170977,2.30710352127273,1,0,0,83,0,7.54514407846003,2.29408235170977
84,16,0,1,2.29876053828512,2.32386310932722,1,0,0,84,0,7.5041561339839,2.29876053828512
85,16,0,1,2.30335801376487,2.32375385783604,1,0,0,85,0,7.46060209006359,2.30335801376487
86,16,0,1,2.30787720132642,2.31475548510932,1,0,0,86,0,7.4138284513704,2.30787720132642
87,16,0,1,2.31232052414715,2.29880494681109,1,0,0,87,0,7.36318172257566,2.31232052414715
88,16,0,1,2.31669102728982,2.3071237469351,1,0,0,88,0,7.30807898485807,2.31669102728982
89,16,0,1,2.32099559365613,2.3215881518554,1,0,0,89,0,7.2483728679349,2.32099559365613
90,16,0,1,2.32524256873005,2.31163278456885,1,0,0,90,0,7.18408198701303,2.32524256873005
91,16,0,1,2.32944030087465,2.32906935130989,1,0,0,91,0,7.11522528404241,2.32944030087465
92,16,0,1,2.333597138453,2.32998901818793,1,0,0,92,0,7.041821700973,2.333597138453
93,16,0,1,2.33772142982818,2.27864934550031,1,0,0,93,0,6.96389017975475,2.33772142982818
94,16,0,1,2.34182152336325,2.31546928645371,1,0,0,94,0,6.88144966233763,2.34182152336325
95,16,0,1,2.34590576742129,2.29758452662226,1,0,0,95,0,6.79451909067157,2.34590576742129
40,17,0,1,2.14665895719347,2.5512982011844,0,1,0,0,40,9.66282291038991,2.14665895719347
41,17,0,1,2.14822935649391,2.50245883305887,0,1,0,0,41,9.63492966703598,2.14822935649391
42,17,0,1,2.14980860399272,2.4229134842202,0,1,0,0,42,9.60698630692778,2.14980860399272
43,17,0,1,2.15140171623627,2.44759842023381,0,1,0,0,43,9.57896640047102,2.15140171623627
44,17,0,1,2.15301370977092,2.36077666599947,0,1,0,0,44,9.55084351807143,2.15301370977092
45,17,0,1,2.15464960114305,2.32503833557731,0,1,0,0,45,9.52259123013475,2.15464960114305
46,17,0,1,2.15631440689902,2.15936629355589,0,1,0,0,46,9.4941831070667,2.15631440689902
47,17,0,1,2.1580131435852,2.22026298749994,0,1,0,0,47,9.46559271927301,2.1580131435852
48,17,0,1,2.15975083097082,2.12951268805299,0,1,0,0,48,9.43679347075505,2.15975083097082
49,17,0,1,2.16153412603854,2.09984661363091,0,1,0,0,49,9.40767423209531,2.16153412603854
50,17,0,1,2.16337398184489,2.16071220608098,0,1,0,0,50,9.37790205685393,2.16337398184489
51,17,0,1,2.16528204758436,2.13084876337825,0,1,0,0,51,9.34710805524763,2.16528204758436
52,17,0,1,2.16726997245148,2.1433163309267,0,1,0,0,52,9.31492333749308,2.16726997245148
53,17,0,1,2.16934940564075,2.12371085452136,0,1,0,0,53,9.28097901380698,2.16934940564075
54,17,0,1,2.17153199634668,2.10600964672668,0,1,0,0,54,9.24490619440604,2.17153199634668
55,17,0,1,2.17382939376379,2.14190922988873,0,1,0,0,55,9.20633598950695,2.17382939376379
56,17,0,1,2.17625324261668,2.12925049768678,0,1,0,0,56,9.16490106528259,2.17625324261668
57,17,0,1,2.17881479818976,2.16532524104055,0,1,0,0,57,9.12036965058909,2.17881479818976
58,17,0,1,2.18152462963749,2.16548585330182,0,1,0,0,58,9.0727488135581,2.18152462963749
59,17,0,1,2.18439323627212,2.17185509600428,0,1,0,0,59,9.02206993413672,2.18439323627212
60,17,0,1,2.18743111740589,2.19273872257046,0,1,0,0,60,8.96836439227211,2.18743111740589
61,17,0,1,2.19064877235105,2.1765537763653,0,1,0,0,61,8.91166356791139,2.19064877235105
62,17,0,1,2.19405670041984,2.16441423445719,0,1,0,0,62,8.85199884100168,2.19405670041984
63,17,0,1,2.1976654009245,2.19295504357603,0,1,0,0,63,8.78940159149014,2.1976654009245
64,17,0,1,2.2014850252714,2.20389417410365,0,1,0,0,64,8.72391561034477,2.2014850252714
65,17,0,1,2.20551423108697,2.20693389262864,0,1,0,0,65,8.65599471189032,2.20551423108697
66,17,0,1,2.2097378241889,2.20456751319977,0,1,0,0,66,8.58658685294984,2.2097378241889
67,17,0,1,2.21413978572908,2.20978410700065,0,1,0,0,67,8.51666940906254,2.21413978572908
68,17,0,1,2.21870409685937,2.21761899656066,0,1,0,0,68,8.44721975576763,2.21870409685937
69,17,0,1,2.22341473873165,2.22969484845566,0,1,0,0,69,8.37921526860435,2.22341473873165
70,17,0,1,2.22825569249779,2.23733693957653,0,1,0,0,70,8.31363332311191,2.22825569249779
71,17,0,1,2.23321093930967,2.22934519934625,0,1,0,0,71,8.25145129482953,2.23321093930967
72,17,0,1,2.23826423201986,2.23623414925707,0,1,0,0,72,8.19359921875778,2.23826423201986
73,17,0,1,2.24339548876612,2.24477127107357,0,1,0,0,73,8.14021195678704,2.24339548876612
74,17,0,1,2.24858144576475,2.24537541254664,0,1,0,0,74,8.09076456205024,2.24858144576475
75,17,0,1,2.25379874291825,2.24966321556023,0,1,0,0,75,8.04471211589055,2.25379874291825
76,17,0,1,2.25902402012913,2.26575048483421,0,1,0,0,76,8.00150969965115,2.25902402012913
77,17,0,1,2.26423391729991,2.27216138272183,0,1,0,0,77,7.96061239467521,2.26423391729991
78,17,0,1,2.26940507433309,2.27759510083782,0,1,0,0,78,7.92147528230591,2.26940507433309
79,17,0,1,2.2745141311312,2.28158044550373,0,1,0,0,79,7.88355344388643,2.2745141311312
80,17,0,1,2.27953929363627,2.26988404870263,0,1,0,0,80,7.84629536596694,2.27953929363627
81,17,0,1,2.28447415256273,2.27204317722192,0,1,0,0,81,7.80908474785126,2.28447415256273
82,17,0,1,2.28932103086143,2.30219880043383,0,1,0,0,82,7.77126851627744,2.28932103086143
83,17,0,1,2.29408235170977,2.30710352127273,0,1,0,0,83,7.73219317591681,2.29408235170977
84,17,0,1,2.29876053828512,2.32386310932722,0,1,0,0,84,7.69120523144068,2.29876053828512
85,17,0,1,2.30335801376487,2.32375385783604,0,1,0,0,85,7.64765118752036,2.30335801376487
86,17,0,1,2.30787720132642,2.31475548510932,0,1,0,0,86,7.60087754882718,2.30787720132642
87,17,0,1,2.31232052414715,2.29880494681109,0,1,0,0,87,7.55023082003244,2.31232052414715
88,17,0,1,2.31669102728982,2.3071237469351,0,1,0,0,88,7.49512808231484,2.31669102728982
89,17,0,1,2.32099559365613,2.3215881518554,0,1,0,0,89,7.43542196539167,2.32099559365613
90,17,0,1,2.32524256873005,2.31163278456885,0,1,0,0,90,7.3711310844698,2.32524256873005
91,17,0,1,2.32944030087465,2.32906935130989,0,1,0,0,91,7.30227438149919,2.32944030087465
92,17,0,1,2.333597138453,2.32998901818793,0,1,0,0,92,7.22887079842978,2.333597138453
93,17,0,1,2.33772142982818,2.27864934550031,0,1,0,0,93,7.15093927721153,2.33772142982818
94,17,0,1,2.34182152336325,2.31546928645371,0,1,0,0,94,7.0684987597944,2.34182152336325
95,17,0,1,2.34590576742129,2.29758452662226,0,1,0,0,95,6.98156818812835,2.34590576742129
40,18,0,1,2.14665895719347,2.5512982011844,0,1,0,0,40,9.84987200784668,2.14665895719347
41,18,0,1,2.14822935649391,2.50245883305887,0,1,0,0,41,9.82197876449276,2.14822935649391
42,18,0,1,2.14980860399272,2.4229134842202,0,1,0,0,42,9.79403540438455,2.14980860399272
43,18,0,1,2.15140171623627,2.44759842023381,0,1,0,0,43,9.7660154979278,2.15140171623627
44,18,0,1,2.15301370977092,2.36077666599947,0,1,0,0,44,9.7378926155282,2.15301370977092
45,18,0,1,2.15464960114305,2.32503833557731,0,1,0,0,45,9.70964032759152,2.15464960114305
46,18,0,1,2.15631440689902,2.15936629355589,0,1,0,0,46,9.68123220452348,2.15631440689902
47,18,0,1,2.1580131435852,2.22026298749994,0,1,0,0,47,9.65264181672979,2.1580131435852
48,18,0,1,2.15975083097082,2.12951268805299,0,1,0,0,48,9.62384256821183,2.15975083097082
49,18,0,1,2.16153412603854,2.09984661363091,0,1,0,0,49,9.59472332955209,2.16153412603854
50,18,0,1,2.16337398184489,2.16071220608098,0,1,0,0,50,9.56495115431071,2.16337398184489
51,18,0,1,2.16528204758436,2.13084876337825,0,1,0,0,51,9.5341571527044,2.16528204758436
52,18,0,1,2.16726997245148,2.1433163309267,0,1,0,0,52,9.50197243494985,2.16726997245148
53,18,0,1,2.16934940564075,2.12371085452136,0,1,0,0,53,9.46802811126376,2.16934940564075
54,18,0,1,2.17153199634668,2.10600964672668,0,1,0,0,54,9.43195529186282,2.17153199634668
55,18,0,1,2.17382939376379,2.14190922988873,0,1,0,0,55,9.39338508696373,2.17382939376379
56,18,0,1,2.17625324261668,2.12925049768678,0,1,0,0,56,9.35195016273937,2.17625324261668
57,18,0,1,2.17881479818976,2.16532524104055,0,1,0,0,57,9.30741874804587,2.17881479818976
58,18,0,1,2.18152462963749,2.16548585330182,0,1,0,0,58,9.25979791101487,2.18152462963749
59,18,0,1,2.18439323627212,2.17185509600428,0,1,0,0,59,9.2091190315935,2.18439323627212
60,18,0,1,2.18743111740589,2.19273872257046,0,1,0,0,60,9.15541348972888,2.18743111740589
61,18,0,1,2.19064877235105,2.1765537763653,0,1,0,0,61,9.09871266536816,2.19064877235105
62,18,0,1,2.19405670041984,2.16441423445719,0,1,0,0,62,9.03904793845846,2.19405670041984
63,18,0,1,2.1976654009245,2.19295504357603,0,1,0,0,63,8.97645068894692,2.1976654009245
64,18,0,1,2.2014850252714,2.20389417410365,0,1,0,0,64,8.91096470780155,2.2014850252714
65,18,0,1,2.20551423108697,2.20693389262864,0,1,0,0,65,8.8430438093471,2.20551423108697
66,18,0,1,2.2097378241889,2.20456751319977,0,1,0,0,66,8.77363595040661,2.2097378241889
67,18,0,1,2.21413978572908,2.20978410700065,0,1,0,0,67,8.70371850651931,2.21413978572908
68,18,0,1,2.21870409685937,2.21761899656066,0,1,0,0,68,8.63426885322441,2.21870409685937
69,18,0,1,2.22341473873165,2.22969484845566,0,1,0,0,69,8.56626436606113,2.22341473873165
70,18,0,1,2.22825569249779,2.23733693957653,0,1,0,0,70,8.50068242056869,2.22825569249779
71,18,0,1,2.23321093930967,2.22934519934625,0,1,0,0,71,8.43850039228631,2.23321093930967
72,18,0,1,2.23826423201986,2.23623414925707,0,1,0,0,72,8.38064831621455,2.23826423201986
73,18,0,1,2.24339548876612,2.24477127107357,0,1,0,0,73,8.32726105424382,2.24339548876612
74,18,0,1,2.24858144576475,2.24537541254664,0,1,0,0,74,8.27781365950702,2.24858144576475
75,18,0,1,2.25379874291825,2.24966321556023,0,1,0,0,75,8.23176121334733,2.25379874291825
76,18,0,1,2.25902402012913,2.26575048483421,0,1,0,0,76,8.18855879710793,2.25902402012913
77,18,0,1,2.26423391729991,2.27216138272183,0,1,0,0,77,8.14766149213199,2.26423391729991
78,18,0,1,2.26940507433309,2.27759510083782,0,1,0,0,78,8.10852437976269,2.26940507433309
79,18,0,1,2.2745141311312,2.28158044550373,0,1,0,0,79,8.07060254134321,2.2745141311312
80,18,0,1,2.27953929363627,2.26988404870263,0,1,0,0,80,8.03334446342372,2.27953929363627
81,18,0,1,2.28447415256273,2.27204317722192,0,1,0,0,81,7.99613384530803,2.28447415256273
82,18,0,1,2.28932103086143,2.30219880043383,0,1,0,0,82,7.95831761373422,2.28932103086143
83,18,0,1,2.29408235170977,2.30710352127273,0,1,0,0,83,7.91924227337359,2.29408235170977
84,18,0,1,2.29876053828512,2.32386310932722,0,1,0,0,84,7.87825432889745,2.29876053828512
85,18,0,1,2.30335801376487,2.32375385783604,0,1,0,0,85,7.83470028497714,2.30335801376487
86,18,0,1,2.30787720132642,2.31475548510932,0,1,0,0,86,7.78792664628395,2.30787720132642
87,18,0,1,2.31232052414715,2.29880494681109,0,1,0,0,87,7.73727991748921,2.31232052414715
88,18,0,1,2.31669102728982,2.3071237469351,0,1,0,0,88,7.68217717977162,2.31669102728982
89,18,0,1,2.32099559365613,2.3215881518554,0,1,0,0,89,7.62247106284845,2.32099559365613
90,18,0,1,2.32524256873005,2.31163278456885,0,1,0,0,90,7.55818018192658,2.32524256873005
91,18,0,1,2.32944030087465,2.32906935130989,0,1,0,0,91,7.48932347895596,2.32944030087465
92,18,0,1,2.333597138453,2.32998901818793,0,1,0,0,92,7.41591989588655,2.333597138453
93,18,0,1,2.33772142982818,2.27864934550031,0,1,0,0,93,7.3379883746683,2.33772142982818
94,18,0,1,2.34182152336325,2.31546928645371,0,1,0,0,94,7.25554785725118,2.34182152336325
95,18,0,1,2.34590576742129,2.29758452662226,0,1,0,0,95,7.16861728558513,2.34590576742129
40,19,0,1,2.14665895719347,2.5512982011844,0,1,0,0,40,10.0369211053035,2.14665895719347
41,19,0,1,2.14822935649391,2.50245883305887,0,1,0,0,41,10.0090278619495,2.14822935649391
42,19,0,1,2.14980860399272,2.4229134842202,0,1,0,0,42,9.98108450184133,2.14980860399272
43,19,0,1,2.15140171623627,2.44759842023381,0,1,0,0,43,9.95306459538457,2.15140171623627
44,19,0,1,2.15301370977092,2.36077666599947,0,1,0,0,44,9.92494171298498,2.15301370977092
45,19,0,1,2.15464960114305,2.32503833557731,0,1,0,0,45,9.8966894250483,2.15464960114305
46,19,0,1,2.15631440689902,2.15936629355589,0,1,0,0,46,9.86828130198025,2.15631440689902
47,19,0,1,2.1580131435852,2.22026298749994,0,1,0,0,47,9.83969091418656,2.1580131435852
48,19,0,1,2.15975083097082,2.12951268805299,0,1,0,0,48,9.8108916656686,2.15975083097082
49,19,0,1,2.16153412603854,2.09984661363091,0,1,0,0,49,9.78177242700886,2.16153412603854
50,19,0,1,2.16337398184489,2.16071220608098,0,1,0,0,50,9.75200025176748,2.16337398184489
51,19,0,1,2.16528204758436,2.13084876337825,0,1,0,0,51,9.72120625016118,2.16528204758436
52,19,0,1,2.16726997245148,2.1433163309267,0,1,0,0,52,9.68902153240663,2.16726997245148
53,19,0,1,2.16934940564075,2.12371085452136,0,1,0,0,53,9.65507720872053,2.16934940564075
54,19,0,1,2.17153199634668,2.10600964672668,0,1,0,0,54,9.6190043893196,2.17153199634668
55,19,0,1,2.17382939376379,2.14190922988873,0,1,0,0,55,9.5804341844205,2.17382939376379
56,19,0,1,2.17625324261668,2.12925049768678,0,1,0,0,56,9.53899926019614,2.17625324261668
57,19,0,1,2.17881479818976,2.16532524104055,0,1,0,0,57,9.49446784550265,2.17881479818976
58,19,0,1,2.18152462963749,2.16548585330182,0,1,0,0,58,9.44684700847165,2.18152462963749
59,19,0,1,2.18439323627212,2.17185509600428,0,1,0,0,59,9.39616812905027,2.18439323627212
60,19,0,1,2.18743111740589,2.19273872257046,0,1,0,0,60,9.34246258718566,2.18743111740589
61,19,0,1,2.19064877235105,2.1765537763653,0,1,0,0,61,9.28576176282494,2.19064877235105
62,19,0,1,2.19405670041984,2.16441423445719,0,1,0,0,62,9.22609703591524,2.19405670041984
63,19,0,1,2.1976654009245,2.19295504357603,0,1,0,0,63,9.16349978640369,2.1976654009245
64,19,0,1,2.2014850252714,2.20389417410365,0,1,0,0,64,9.09801380525832,2.2014850252714
65,19,0,1,2.20551423108697,2.20693389262864,0,1,0,0,65,9.03009290680387,2.20551423108697
66,19,0,1,2.2097378241889,2.20456751319977,0,1,0,0,66,8.96068504786339,2.2097378241889
67,19,0,1,2.21413978572908,2.20978410700065,0,1,0,0,67,8.89076760397609,2.21413978572908
68,19,0,1,2.21870409685937,2.21761899656066,0,1,0,0,68,8.82131795068118,2.21870409685937
69,19,0,1,2.22341473873165,2.22969484845566,0,1,0,0,69,8.7533134635179,2.22341473873165
70,19,0,1,2.22825569249779,2.23733693957653,0,1,0,0,70,8.68773151802546,2.22825569249779
71,19,0,1,2.23321093930967,2.22934519934625,0,1,0,0,71,8.62554948974308,2.23321093930967
72,19,0,1,2.23826423201986,2.23623414925707,0,1,0,0,72,8.56769741367133,2.23826423201986
73,19,0,1,2.24339548876612,2.24477127107357,0,1,0,0,73,8.51431015170059,2.24339548876612
74,19,0,1,2.24858144576475,2.24537541254664,0,1,0,0,74,8.46486275696379,2.24858144576475
75,19,0,1,2.25379874291825,2.24966321556023,0,1,0,0,75,8.4188103108041,2.25379874291825
76,19,0,1,2.25902402012913,2.26575048483421,0,1,0,0,76,8.3756078945647,2.25902402012913
77,19,0,1,2.26423391729991,2.27216138272183,0,1,0,0,77,8.33471058958876,2.26423391729991
78,19,0,1,2.26940507433309,2.27759510083782,0,1,0,0,78,8.29557347721946,2.26940507433309
79,19,0,1,2.2745141311312,2.28158044550373,0,1,0,0,79,8.25765163879998,2.2745141311312
80,19,0,1,2.27953929363627,2.26988404870263,0,1,0,0,80,8.22039356088049,2.27953929363627
81,19,0,1,2.28447415256273,2.27204317722192,0,1,0,0,81,8.18318294276481,2.28447415256273
82,19,0,1,2.28932103086143,2.30219880043383,0,1,0,0,82,8.14536671119099,2.28932103086143
83,19,0,1,2.29408235170977,2.30710352127273,0,1,0,0,83,8.10629137083036,2.29408235170977
84,19,0,1,2.29876053828512,2.32386310932722,0,1,0,0,84,8.06530342635423,2.29876053828512
85,19,0,1,2.30335801376487,2.32375385783604,0,1,0,0,85,8.02174938243391,2.30335801376487
86,19,0,1,2.30787720132642,2.31475548510932,0,1,0,0,86,7.97497574374073,2.30787720132642
87,19,0,1,2.31232052414715,2.29880494681109,0,1,0,0,87,7.92432901494599,2.31232052414715
88,19,0,1,2.31669102728982,2.3071237469351,0,1,0,0,88,7.86922627722839,2.31669102728982
89,19,0,1,2.32099559365613,2.3215881518554,0,1,0,0,89,7.80952016030523,2.32099559365613
90,19,0,1,2.32524256873005,2.31163278456885,0,1,0,0,90,7.74522927938336,2.32524256873005
91,19,0,1,2.32944030087465,2.32906935130989,0,1,0,0,91,7.67637257641274,2.32944030087465
92,19,0,1,2.333597138453,2.32998901818793,0,1,0,0,92,7.60296899334333,2.333597138453
93,19,0,1,2.33772142982818,2.27864934550031,0,1,0,0,93,7.52503747212508,2.33772142982818
94,19,0,1,2.34182152336325,2.31546928645371,0,1,0,0,94,7.44259695470795,2.34182152336325
95,19,0,1,2.34590576742129,2.29758452662226,0,1,0,0,95,7.3556663830419,2.34590576742129
40,20,0,1,2.14665895719347,2.5512982011844,0,1,0,0,40,10.2239702027602,2.14665895719347
41,20,0,1,2.14822935649391,2.50245883305887,0,1,0,0,41,10.1960769594063,2.14822935649391
42,20,0,1,2.14980860399272,2.4229134842202,0,1,0,0,42,10.1681335992981,2.14980860399272
43,20,0,1,2.15140171623627,2.44759842023381,0,1,0,0,43,10.1401136928413,2.15140171623627
44,20,0,1,2.15301370977092,2.36077666599947,0,1,0,0,44,10.1119908104418,2.15301370977092
45,20,0,1,2.15464960114305,2.32503833557731,0,1,0,0,45,10.0837385225051,2.15464960114305
46,20,0,1,2.15631440689902,2.15936629355589,0,1,0,0,46,10.055330399437,2.15631440689902
47,20,0,1,2.1580131435852,2.22026298749994,0,1,0,0,47,10.0267400116433,2.1580131435852
48,20,0,1,2.15975083097082,2.12951268805299,0,1,0,0,48,9.99794076312538,2.15975083097082
49,20,0,1,2.16153412603854,2.09984661363091,0,1,0,0,49,9.96882152446564,2.16153412603854
50,20,0,1,2.16337398184489,2.16071220608098,0,1,0,0,50,9.93904934922426,2.16337398184489
51,20,0,1,2.16528204758436,2.13084876337825,0,1,0,0,51,9.90825534761795,2.16528204758436
52,20,0,1,2.16726997245148,2.1433163309267,0,1,0,0,52,9.87607062986341,2.16726997245148
53,20,0,1,2.16934940564075,2.12371085452136,0,1,0,0,53,9.84212630617731,2.16934940564075
54,20,0,1,2.17153199634668,2.10600964672668,0,1,0,0,54,9.80605348677637,2.17153199634668
55,20,0,1,2.17382939376379,2.14190922988873,0,1,0,0,55,9.76748328187728,2.17382939376379
56,20,0,1,2.17625324261668,2.12925049768678,0,1,0,0,56,9.72604835765292,2.17625324261668
57,20,0,1,2.17881479818976,2.16532524104055,0,1,0,0,57,9.68151694295942,2.17881479818976
58,20,0,1,2.18152462963749,2.16548585330182,0,1,0,0,58,9.63389610592843,2.18152462963749
59,20,0,1,2.18439323627212,2.17185509600428,0,1,0,0,59,9.58321722650705,2.18439323627212
60,20,0,1,2.18743111740589,2.19273872257046,0,1,0,0,60,9.52951168464244,2.18743111740589
61,20,0,1,2.19064877235105,2.1765537763653,0,1,0,0,61,9.47281086028172,2.19064877235105
62,20,0,1,2.19405670041984,2.16441423445719,0,1,0,0,62,9.41314613337201,2.19405670041984
63,20,0,1,2.1976654009245,2.19295504357603,0,1,0,0,63,9.35054888386047,2.1976654009245
64,20,0,1,2.2014850252714,2.20389417410365,0,1,0,0,64,9.2850629027151,2.2014850252714
65,20,0,1,2.20551423108697,2.20693389262864,0,1,0,0,65,9.21714200426065,2.20551423108697
66,20,0,1,2.2097378241889,2.20456751319977,0,1,0,0,66,9.14773414532017,2.2097378241889
67,20,0,1,2.21413978572908,2.20978410700065,0,1,0,0,67,9.07781670143286,2.21413978572908
68,20,0,1,2.21870409685937,2.21761899656066,0,1,0,0,68,9.00836704813796,2.21870409685937
69,20,0,1,2.22341473873165,2.22969484845566,0,1,0,0,69,8.94036256097468,2.22341473873165
70,20,0,1,2.22825569249779,2.23733693957653,0,1,0,0,70,8.87478061548224,2.22825569249779
71,20,0,1,2.23321093930967,2.22934519934625,0,1,0,0,71,8.81259858719986,2.23321093930967
72,20,0,1,2.23826423201986,2.23623414925707,0,1,0,0,72,8.75474651112811,2.23826423201986
73,20,0,1,2.24339548876612,2.24477127107357,0,1,0,0,73,8.70135924915737,2.24339548876612
74,20,0,1,2.24858144576475,2.24537541254664,0,1,0,0,74,8.65191185442057,2.24858144576475
75,20,0,1,2.25379874291825,2.24966321556023,0,1,0,0,75,8.60585940826088,2.25379874291825
76,20,0,1,2.25902402012913,2.26575048483421,0,1,0,0,76,8.56265699202148,2.25902402012913
77,20,0,1,2.26423391729991,2.27216138272183,0,1,0,0,77,8.52175968704554,2.26423391729991
78,20,0,1,2.26940507433309,2.27759510083782,0,1,0,0,78,8.48262257467624,2.26940507433309
79,20,0,1,2.2745141311312,2.28158044550373,0,1,0,0,79,8.44470073625676,2.2745141311312
80,20,0,1,2.27953929363627,2.26988404870263,0,1,0,0,80,8.40744265833727,2.27953929363627
81,20,0,1,2.28447415256273,2.27204317722192,0,1,0,0,81,8.37023204022159,2.28447415256273
82,20,0,1,2.28932103086143,2.30219880043383,0,1,0,0,82,8.33241580864777,2.28932103086143
83,20,0,1,2.29408235170977,2.30710352127273,0,1,0,0,83,8.29334046828714,2.29408235170977
84,20,0,1,2.29876053828512,2.32386310932722,0,1,0,0,84,8.25235252381101,2.29876053828512
85,20,0,1,2.30335801376487,2.32375385783604,0,1,0,0,85,8.20879847989069,2.30335801376487
86,20,0,1,2.30787720132642,2.31475548510932,0,1,0,0,86,8.1620248411975,2.30787720132642
87,20,0,1,2.31232052414715,2.29880494681109,0,1,0,0,87,8.11137811240276,2.31232052414715
88,20,0,1,2.31669102728982,2.3071237469351,0,1,0,0,88,8.05627537468517,2.31669102728982
89,20,0,1,2.32099559365613,2.3215881518554,0,1,0,0,89,7.996569257762,2.32099559365613
90,20,0,1,2.32524256873005,2.31163278456885,0,1,0,0,90,7.93227837684013,2.32524256873005
91,20,0,1,2.32944030087465,2.32906935130989,0,1,0,0,91,7.86342167386952,2.32944030087465
92,20,0,1,2.333597138453,2.32998901818793,0,1,0,0,92,7.7900180908001,2.333597138453
93,20,0,1,2.33772142982818,2.27864934550031,0,1,0,0,93,7.71208656958186,2.33772142982818
94,20,0,1,2.34182152336325,2.31546928645371,0,1,0,0,94,7.62964605216473,2.34182152336325
95,20,0,1,2.34590576742129,2.29758452662226,0,1,0,0,95,7.54271548049868,2.34590576742129
40,21,0,1,2.14665895719347,2.5512982011844,0,1,0,0,40,10.411019300217,2.14665895719347
41,21,0,1,2.14822935649391,2.50245883305887,0,1,0,0,41,10.3831260568631,2.14822935649391
42,21,0,1,2.14980860399272,2.4229134842202,0,1,0,0,42,10.3551826967549,2.14980860399272
43,21,0,1,2.15140171623627,2.44759842023381,0,1,0,0,43,10.3271627902981,2.15140171623627
44,21,0,1,2.15301370977092,2.36077666599947,0,1,0,0,44,10.2990399078985,2.15301370977092
45,21,0,1,2.15464960114305,2.32503833557731,0,1,0,0,45,10.2707876199618,2.15464960114305
46,21,0,1,2.15631440689902,2.15936629355589,0,1,0,0,46,10.2423794968938,2.15631440689902
47,21,0,1,2.1580131435852,2.22026298749994,0,1,0,0,47,10.2137891091001,2.1580131435852
48,21,0,1,2.15975083097082,2.12951268805299,0,1,0,0,48,10.1849898605822,2.15975083097082
49,21,0,1,2.16153412603854,2.09984661363091,0,1,0,0,49,10.1558706219224,2.16153412603854
50,21,0,1,2.16337398184489,2.16071220608098,0,1,0,0,50,10.126098446681,2.16337398184489
51,21,0,1,2.16528204758436,2.13084876337825,0,1,0,0,51,10.0953044450747,2.16528204758436
52,21,0,1,2.16726997245148,2.1433163309267,0,1,0,0,52,10.0631197273202,2.16726997245148
53,21,0,1,2.16934940564075,2.12371085452136,0,1,0,0,53,10.0291754036341,2.16934940564075
54,21,0,1,2.17153199634668,2.10600964672668,0,1,0,0,54,9.99310258423315,2.17153199634668
55,21,0,1,2.17382939376379,2.14190922988873,0,1,0,0,55,9.95453237933406,2.17382939376379
56,21,0,1,2.17625324261668,2.12925049768678,0,1,0,0,56,9.91309745510969,2.17625324261668
57,21,0,1,2.17881479818976,2.16532524104055,0,1,0,0,57,9.8685660404162,2.17881479818976
58,21,0,1,2.18152462963749,2.16548585330182,0,1,0,0,58,9.8209452033852,2.18152462963749
59,21,0,1,2.18439323627212,2.17185509600428,0,1,0,0,59,9.77026632396382,2.18439323627212
60,21,0,1,2.18743111740589,2.19273872257046,0,1,0,0,60,9.71656078209921,2.18743111740589
61,21,0,1,2.19064877235105,2.1765537763653,0,1,0,0,61,9.65985995773849,2.19064877235105
62,21,0,1,2.19405670041984,2.16441423445719,0,1,0,0,62,9.60019523082879,2.19405670041984
63,21,0,1,2.1976654009245,2.19295504357603,0,1,0,0,63,9.53759798131725,2.1976654009245
64,21,0,1,2.2014850252714,2.20389417410365,0,1,0,0,64,9.47211200017187,2.2014850252714
65,21,0,1,2.20551423108697,2.20693389262864,0,1,0,0,65,9.40419110171743,2.20551423108697
66,21,0,1,2.2097378241889,2.20456751319977,0,1,0,0,66,9.33478324277694,2.2097378241889
67,21,0,1,2.21413978572908,2.20978410700065,0,1,0,0,67,9.26486579888964,2.21413978572908
68,21,0,1,2.21870409685937,2.21761899656066,0,1,0,0,68,9.19541614559474,2.21870409685937
69,21,0,1,2.22341473873165,2.22969484845566,0,1,0,0,69,9.12741165843146,2.22341473873165
70,21,0,1,2.22825569249779,2.23733693957653,0,1,0,0,70,9.06182971293901,2.22825569249779
71,21,0,1,2.23321093930967,2.22934519934625,0,1,0,0,71,8.99964768465663,2.23321093930967
72,21,0,1,2.23826423201986,2.23623414925707,0,1,0,0,72,8.94179560858488,2.23826423201986
73,21,0,1,2.24339548876612,2.24477127107357,0,1,0,0,73,8.88840834661415,2.24339548876612
74,21,0,1,2.24858144576475,2.24537541254664,0,1,0,0,74,8.83896095187734,2.24858144576475
75,21,0,1,2.25379874291825,2.24966321556023,0,1,0,0,75,8.79290850571766,2.25379874291825
76,21,0,1,2.25902402012913,2.26575048483421,0,1,0,0,76,8.74970608947825,2.25902402012913
77,21,0,1,2.26423391729991,2.27216138272183,0,1,0,0,77,8.70880878450231,2.26423391729991
78,21,0,1,2.26940507433309,2.27759510083782,0,1,0,0,78,8.66967167213302,2.26940507433309
79,21,0,1,2.2745141311312,2.28158044550373,0,1,0,0,79,8.63174983371353,2.2745141311312
80,21,0,1,2.27953929363627,2.26988404870263,0,1,0,0,80,8.59449175579405,2.27953929363627
81,21,0,1,2.28447415256273,2.27204317722192,0,1,0,0,81,8.55728113767836,2.28447415256273
82,21,0,1,2.28932103086143,2.30219880043383,0,1,0,0,82,8.51946490610455,2.28932103086143
83,21,0,1,2.29408235170977,2.30710352127273,0,1,0,0,83,8.48038956574391,2.29408235170977
84,21,0,1,2.29876053828512,2.32386310932722,0,1,0,0,84,8.43940162126778,2.29876053828512
85,21,0,1,2.30335801376487,2.32375385783604,0,1,0,0,85,8.39584757734746,2.30335801376487
86,21,0,1,2.30787720132642,2.31475548510932,0,1,0,0,86,8.34907393865428,2.30787720132642
87,21,0,1,2.31232052414715,2.29880494681109,0,1,0,0,87,8.29842720985954,2.31232052414715
88,21,0,1,2.31669102728982,2.3071237469351,0,1,0,0,88,8.24332447214194,2.31669102728982
89,21,0,1,2.32099559365613,2.3215881518554,0,1,0,0,89,8.18361835521878,2.32099559365613
90,21,0,1,2.32524256873005,2.31163278456885,0,1,0,0,90,8.11932747429691,2.32524256873005
91,21,0,1,2.32944030087465,2.32906935130989,0,1,0,0,91,8.05047077132629,2.32944030087465
92,21,0,1,2.333597138453,2.32998901818793,0,1,0,0,92,7.97706718825688,2.333597138453
93,21,0,1,2.33772142982818,2.27864934550031,0,1,0,0,93,7.89913566703863,2.33772142982818
94,21,0,1,2.34182152336325,2.31546928645371,0,1,0,0,94,7.8166951496215,2.34182152336325
95,21,0,1,2.34590576742129,2.29758452662226,0,1,0,0,95,7.72976457795545,2.34590576742129
40,22,0,1,2.14665895719347,2.5512982011844,0,1,0,0,40,10.5980683976738,2.14665895719347
41,22,0,1,2.14822935649391,2.50245883305887,0,1,0,0,41,10.5701751543199,2.14822935649391
42,22,0,1,2.14980860399272,2.4229134842202,0,1,0,0,42,10.5422317942117,2.14980860399272
43,22,0,1,2.15140171623627,2.44759842023381,0,1,0,0,43,10.5142118877549,2.15140171623627
44,22,0,1,2.15301370977092,2.36077666599947,0,1,0,0,44,10.4860890053553,2.15301370977092
45,22,0,1,2.15464960114305,2.32503833557731,0,1,0,0,45,10.4578367174186,2.15464960114305
46,22,0,1,2.15631440689902,2.15936629355589,0,1,0,0,46,10.4294285943506,2.15631440689902
47,22,0,1,2.1580131435852,2.22026298749994,0,1,0,0,47,10.4008382065569,2.1580131435852
48,22,0,1,2.15975083097082,2.12951268805299,0,1,0,0,48,10.3720389580389,2.15975083097082
49,22,0,1,2.16153412603854,2.09984661363091,0,1,0,0,49,10.3429197193792,2.16153412603854
50,22,0,1,2.16337398184489,2.16071220608098,0,1,0,0,50,10.3131475441378,2.16337398184489
51,22,0,1,2.16528204758436,2.13084876337825,0,1,0,0,51,10.2823535425315,2.16528204758436
52,22,0,1,2.16726997245148,2.1433163309267,0,1,0,0,52,10.250168824777,2.16726997245148
53,22,0,1,2.16934940564075,2.12371085452136,0,1,0,0,53,10.2162245010909,2.16934940564075
54,22,0,1,2.17153199634668,2.10600964672668,0,1,0,0,54,10.1801516816899,2.17153199634668
55,22,0,1,2.17382939376379,2.14190922988873,0,1,0,0,55,10.1415814767908,2.17382939376379
56,22,0,1,2.17625324261668,2.12925049768678,0,1,0,0,56,10.1001465525665,2.17625324261668
57,22,0,1,2.17881479818976,2.16532524104055,0,1,0,0,57,10.055615137873,2.17881479818976
58,22,0,1,2.18152462963749,2.16548585330182,0,1,0,0,58,10.007994300842,2.18152462963749
59,22,0,1,2.18439323627212,2.17185509600428,0,1,0,0,59,9.9573154214206,2.18439323627212
60,22,0,1,2.18743111740589,2.19273872257046,0,1,0,0,60,9.90360987955599,2.18743111740589
61,22,0,1,2.19064877235105,2.1765537763653,0,1,0,0,61,9.84690905519527,2.19064877235105
62,22,0,1,2.19405670041984,2.16441423445719,0,1,0,0,62,9.78724432828557,2.19405670041984
63,22,0,1,2.1976654009245,2.19295504357603,0,1,0,0,63,9.72464707877402,2.1976654009245
64,22,0,1,2.2014850252714,2.20389417410365,0,1,0,0,64,9.65916109762865,2.2014850252714
65,22,0,1,2.20551423108697,2.20693389262864,0,1,0,0,65,9.5912401991742,2.20551423108697
66,22,0,1,2.2097378241889,2.20456751319977,0,1,0,0,66,9.52183234023372,2.2097378241889
67,22,0,1,2.21413978572908,2.20978410700065,0,1,0,0,67,9.45191489634642,2.21413978572908
68,22,0,1,2.21870409685937,2.21761899656066,0,1,0,0,68,9.38246524305151,2.21870409685937
69,22,0,1,2.22341473873165,2.22969484845566,0,1,0,0,69,9.31446075588823,2.22341473873165
70,22,0,1,2.22825569249779,2.23733693957653,0,1,0,0,70,9.24887881039579,2.22825569249779
71,22,0,1,2.23321093930967,2.22934519934625,0,1,0,0,71,9.18669678211341,2.23321093930967
72,22,0,1,2.23826423201986,2.23623414925707,0,1,0,0,72,9.12884470604166,2.23826423201986
73,22,0,1,2.24339548876612,2.24477127107357,0,1,0,0,73,9.07545744407092,2.24339548876612
74,22,0,1,2.24858144576475,2.24537541254664,0,1,0,0,74,9.02601004933412,2.24858144576475
75,22,0,1,2.25379874291825,2.24966321556023,0,1,0,0,75,8.97995760317443,2.25379874291825
76,22,0,1,2.25902402012913,2.26575048483421,0,1,0,0,76,8.93675518693503,2.25902402012913
77,22,0,1,2.26423391729991,2.27216138272183,0,1,0,0,77,8.89585788195909,2.26423391729991
78,22,0,1,2.26940507433309,2.27759510083782,0,1,0,0,78,8.85672076958979,2.26940507433309
79,22,0,1,2.2745141311312,2.28158044550373,0,1,0,0,79,8.81879893117031,2.2745141311312
80,22,0,1,2.27953929363627,2.26988404870263,0,1,0,0,80,8.78154085325082,2.27953929363627
81,22,0,1,2.28447415256273,2.27204317722192,0,1,0,0,81,8.74433023513514,2.28447415256273
82,22,0,1,2.28932103086143,2.30219880043383,0,1,0,0,82,8.70651400356132,2.28932103086143
83,22,0,1,2.29408235170977,2.30710352127273,0,1,0,0,83,8.66743866320069,2.29408235170977
84,22,0,1,2.29876053828512,2.32386310932722,0,1,0,0,84,8.62645071872456,2.29876053828512
85,22,0,1,2.30335801376487,2.32375385783604,0,1,0,0,85,8.58289667480424,2.30335801376487
86,22,0,1,2.30787720132642,2.31475548510932,0,1,0,0,86,8.53612303611106,2.30787720132642
87,22,0,1,2.31232052414715,2.29880494681109,0,1,0,0,87,8.48547630731632,2.31232052414715
88,22,0,1,2.31669102728982,2.3071237469351,0,1,0,0,88,8.43037356959872,2.31669102728982
89,22,0,1,2.32099559365613,2.3215881518554,0,1,0,0,89,8.37066745267555,2.32099559365613
90,22,0,1,2.32524256873005,2.31163278456885,0,1,0,0,90,8.30637657175368,2.32524256873005
91,22,0,1,2.32944030087465,2.32906935130989,0,1,0,0,91,8.23751986878307,2.32944030087465
92,22,0,1,2.333597138453,2.32998901818793,0,1,0,0,92,8.16411628571366,2.333597138453
93,22,0,1,2.33772142982818,2.27864934550031,0,1,0,0,93,8.08618476449541,2.33772142982818
94,22,0,1,2.34182152336325,2.31546928645371,0,1,0,0,94,8.00374424707828,2.34182152336325
95,22,0,1,2.34590576742129,2.29758452662226,0,1,0,0,95,7.91681367541223,2.34590576742129
40,23,0,1,2.14665895719347,2.5512982011844,0,1,0,0,40,10.7851174951306,2.14665895719347
41,23,0,1,2.14822935649391,2.50245883305887,0,1,0,0,41,10.7572242517766,2.14822935649391
42,23,0,1,2.14980860399272,2.4229134842202,0,1,0,0,42,10.7292808916684,2.14980860399272
43,23,0,1,2.15140171623627,2.44759842023381,0,1,0,0,43,10.7012609852117,2.15140171623627
44,23,0,1,2.15301370977092,2.36077666599947,0,1,0,0,44,10.6731381028121,2.15301370977092
45,23,0,1,2.15464960114305,2.32503833557731,0,1,0,0,45,10.6448858148754,2.15464960114305
46,23,0,1,2.15631440689902,2.15936629355589,0,1,0,0,46,10.6164776918074,2.15631440689902
47,23,0,1,2.1580131435852,2.22026298749994,0,1,0,0,47,10.5878873040137,2.1580131435852
48,23,0,1,2.15975083097082,2.12951268805299,0,1,0,0,48,10.5590880554957,2.15975083097082
49,23,0,1,2.16153412603854,2.09984661363091,0,1,0,0,49,10.529968816836,2.16153412603854
50,23,0,1,2.16337398184489,2.16071220608098,0,1,0,0,50,10.5001966415946,2.16337398184489
51,23,0,1,2.16528204758436,2.13084876337825,0,1,0,0,51,10.4694026399883,2.16528204758436
52,23,0,1,2.16726997245148,2.1433163309267,0,1,0,0,52,10.4372179222337,2.16726997245148
53,23,0,1,2.16934940564075,2.12371085452136,0,1,0,0,53,10.4032735985476,2.16934940564075
54,23,0,1,2.17153199634668,2.10600964672668,0,1,0,0,54,10.3672007791467,2.17153199634668
55,23,0,1,2.17382939376379,2.14190922988873,0,1,0,0,55,10.3286305742476,2.17382939376379
56,23,0,1,2.17625324261668,2.12925049768678,0,1,0,0,56,10.2871956500232,2.17625324261668
57,23,0,1,2.17881479818976,2.16532524104055,0,1,0,0,57,10.2426642353297,2.17881479818976
58,23,0,1,2.18152462963749,2.16548585330182,0,1,0,0,58,10.1950433982988,2.18152462963749
59,23,0,1,2.18439323627212,2.17185509600428,0,1,0,0,59,10.1443645188774,2.18439323627212
60,23,0,1,2.18743111740589,2.19273872257046,0,1,0,0,60,10.0906589770128,2.18743111740589
61,23,0,1,2.19064877235105,2.1765537763653,0,1,0,0,61,10.033958152652,2.19064877235105
62,23,0,1,2.19405670041984,2.16441423445719,0,1,0,0,62,9.97429342574234,2.19405670041984
63,23,0,1,2.1976654009245,2.19295504357603,0,1,0,0,63,9.9116961762308,2.1976654009245
64,23,0,1,2.2014850252714,2.20389417410365,0,1,0,0,64,9.84621019508543,2.2014850252714
65,23,0,1,2.20551423108697,2.20693389262864,0,1,0,0,65,9.77828929663098,2.20551423108697
66,23,0,1,2.2097378241889,2.20456751319977,0,1,0,0,66,9.70888143769049,2.2097378241889
67,23,0,1,2.21413978572908,2.20978410700065,0,1,0,0,67,9.63896399380319,2.21413978572908
68,23,0,1,2.21870409685937,2.21761899656066,0,1,0,0,68,9.56951434050829,2.21870409685937
69,23,0,1,2.22341473873165,2.22969484845566,0,1,0,0,69,9.50150985334501,2.22341473873165
70,23,0,1,2.22825569249779,2.23733693957653,0,1,0,0,70,9.43592790785257,2.22825569249779
71,23,0,1,2.23321093930967,2.22934519934625,0,1,0,0,71,9.37374587957019,2.23321093930967
72,23,0,1,2.23826423201986,2.23623414925707,0,1,0,0,72,9.31589380349843,2.23826423201986
73,23,0,1,2.24339548876612,2.24477127107357,0,1,0,0,73,9.2625065415277,2.24339548876612
74,23,0,1,2.24858144576475,2.24537541254664,0,1,0,0,74,9.2130591467909,2.24858144576475
75,23,0,1,2.25379874291825,2.24966321556023,0,1,0,0,75,9.16700670063121,2.25379874291825
76,23,0,1,2.25902402012913,2.26575048483421,0,1,0,0,76,9.12380428439181,2.25902402012913
77,23,0,1,2.26423391729991,2.27216138272183,0,1,0,0,77,9.08290697941587,2.26423391729991
78,23,0,1,2.26940507433309,2.27759510083782,0,1,0,0,78,9.04376986704657,2.26940507433309
79,23,0,1,2.2745141311312,2.28158044550373,0,1,0,0,79,9.00584802862709,2.2745141311312
80,23,0,1,2.27953929363627,2.26988404870263,0,1,0,0,80,8.9685899507076,2.27953929363627
81,23,0,1,2.28447415256273,2.27204317722192,0,1,0,0,81,8.93137933259191,2.28447415256273
82,23,0,1,2.28932103086143,2.30219880043383,0,1,0,0,82,8.8935631010181,2.28932103086143
83,23,0,1,2.29408235170977,2.30710352127273,0,1,0,0,83,8.85448776065746,2.29408235170977
84,23,0,1,2.29876053828512,2.32386310932722,0,1,0,0,84,8.81349981618133,2.29876053828512
85,23,0,1,2.30335801376487,2.32375385783604,0,1,0,0,85,8.76994577226102,2.30335801376487
86,23,0,1,2.30787720132642,2.31475548510932,0,1,0,0,86,8.72317213356783,2.30787720132642
87,23,0,1,2.31232052414715,2.29880494681109,0,1,0,0,87,8.67252540477309,2.31232052414715
88,23,0,1,2.31669102728982,2.3071237469351,0,1,0,0,88,8.6174226670555,2.31669102728982
89,23,0,1,2.32099559365613,2.3215881518554,0,1,0,0,89,8.55771655013233,2.32099559365613
90,23,0,1,2.32524256873005,2.31163278456885,0,1,0,0,90,8.49342566921046,2.32524256873005
91,23,0,1,2.32944030087465,2.32906935130989,0,1,0,0,91,8.42456896623984,2.32944030087465
92,23,0,1,2.333597138453,2.32998901818793,0,1,0,0,92,8.35116538317043,2.333597138453
93,23,0,1,2.33772142982818,2.27864934550031,0,1,0,0,93,8.27323386195219,2.33772142982818
94,23,0,1,2.34182152336325,2.31546928645371,0,1,0,0,94,8.19079334453506,2.34182152336325
95,23,0,1,2.34590576742129,2.29758452662226,0,1,0,0,95,8.103862772869,2.34590576742129
40,24,0,1,2.14665895719347,2.5512982011844,0,1,0,0,40,10.9721665925873,2.14665895719347
41,24,0,1,2.14822935649391,2.50245883305887,0,1,0,0,41,10.9442733492334,2.14822935649391
42,24,0,1,2.14980860399272,2.4229134842202,0,1,0,0,42,10.9163299891252,2.14980860399272
43,24,0,1,2.15140171623627,2.44759842023381,0,1,0,0,43,10.8883100826685,2.15140171623627
44,24,0,1,2.15301370977092,2.36077666599947,0,1,0,0,44,10.8601872002689,2.15301370977092
45,24,0,1,2.15464960114305,2.32503833557731,0,1,0,0,45,10.8319349123322,2.15464960114305
46,24,0,1,2.15631440689902,2.15936629355589,0,1,0,0,46,10.8035267892641,2.15631440689902
47,24,0,1,2.1580131435852,2.22026298749994,0,1,0,0,47,10.7749364014704,2.1580131435852
48,24,0,1,2.15975083097082,2.12951268805299,0,1,0,0,48,10.7461371529525,2.15975083097082
49,24,0,1,2.16153412603854,2.09984661363091,0,1,0,0,49,10.7170179142927,2.16153412603854
50,24,0,1,2.16337398184489,2.16071220608098,0,1,0,0,50,10.6872457390514,2.16337398184489
51,24,0,1,2.16528204758436,2.13084876337825,0,1,0,0,51,10.6564517374451,2.16528204758436
52,24,0,1,2.16726997245148,2.1433163309267,0,1,0,0,52,10.6242670196905,2.16726997245148
53,24,0,1,2.16934940564075,2.12371085452136,0,1,0,0,53,10.5903226960044,2.16934940564075
54,24,0,1,2.17153199634668,2.10600964672668,0,1,0,0,54,10.5542498766035,2.17153199634668
55,24,0,1,2.17382939376379,2.14190922988873,0,1,0,0,55,10.5156796717044,2.17382939376379
56,24,0,1,2.17625324261668,2.12925049768678,0,1,0,0,56,10.47424474748,2.17625324261668
57,24,0,1,2.17881479818976,2.16532524104055,0,1,0,0,57,10.4297133327865,2.17881479818976
58,24,0,1,2.18152462963749,2.16548585330182,0,1,0,0,58,10.3820924957555,2.18152462963749
59,24,0,1,2.18439323627212,2.17185509600428,0,1,0,0,59,10.3314136163342,2.18439323627212
60,24,0,1,2.18743111740589,2.19273872257046,0,1,0,0,60,10.2777080744695,2.18743111740589
61,24,0,1,2.19064877235105,2.1765537763653,0,1,0,0,61,10.2210072501088,2.19064877235105
62,24,0,1,2.19405670041984,2.16441423445719,0,1,0,0,62,10.1613425231991,2.19405670041984
63,24,0,1,2.1976654009245,2.19295504357603,0,1,0,0,63,10.0987452736876,2.1976654009245
64,24,0,1,2.2014850252714,2.20389417410365,0,1,0,0,64,10.0332592925422,2.2014850252714
65,24,0,1,2.20551423108697,2.20693389262864,0,1,0,0,65,9.96533839408776,2.20551423108697
66,24,0,1,2.2097378241889,2.20456751319977,0,1,0,0,66,9.89593053514727,2.2097378241889
67,24,0,1,2.21413978572908,2.20978410700065,0,1,0,0,67,9.82601309125997,2.21413978572908
68,24,0,1,2.21870409685937,2.21761899656066,0,1,0,0,68,9.75656343796506,2.21870409685937
69,24,0,1,2.22341473873165,2.22969484845566,0,1,0,0,69,9.68855895080178,2.22341473873165
70,24,0,1,2.22825569249779,2.23733693957653,0,1,0,0,70,9.62297700530934,2.22825569249779
71,24,0,1,2.23321093930967,2.22934519934625,0,1,0,0,71,9.56079497702696,2.23321093930967
72,24,0,1,2.23826423201986,2.23623414925707,0,1,0,0,72,9.50294290095521,2.23826423201986
73,24,0,1,2.24339548876612,2.24477127107357,0,1,0,0,73,9.44955563898447,2.24339548876612
74,24,0,1,2.24858144576475,2.24537541254664,0,1,0,0,74,9.40010824424767,2.24858144576475
75,24,0,1,2.25379874291825,2.24966321556023,0,1,0,0,75,9.35405579808798,2.25379874291825
76,24,0,1,2.25902402012913,2.26575048483421,0,1,0,0,76,9.31085338184858,2.25902402012913
77,24,0,1,2.26423391729991,2.27216138272183,0,1,0,0,77,9.26995607687264,2.26423391729991
78,24,0,1,2.26940507433309,2.27759510083782,0,1,0,0,78,9.23081896450334,2.26940507433309
79,24,0,1,2.2745141311312,2.28158044550373,0,1,0,0,79,9.19289712608386,2.2745141311312
80,24,0,1,2.27953929363627,2.26988404870263,0,1,0,0,80,9.15563904816437,2.27953929363627
81,24,0,1,2.28447415256273,2.27204317722192,0,1,0,0,81,9.11842843004869,2.28447415256273
82,24,0,1,2.28932103086143,2.30219880043383,0,1,0,0,82,9.08061219847487,2.28932103086143
83,24,0,1,2.29408235170977,2.30710352127273,0,1,0,0,83,9.04153685811424,2.29408235170977
84,24,0,1,2.29876053828512,2.32386310932722,0,1,0,0,84,9.00054891363811,2.29876053828512
85,24,0,1,2.30335801376487,2.32375385783604,0,1,0,0,85,8.95699486971779,2.30335801376487
86,24,0,1,2.30787720132642,2.31475548510932,0,1,0,0,86,8.91022123102461,2.30787720132642
87,24,0,1,2.31232052414715,2.29880494681109,0,1,0,0,87,8.85957450222987,2.31232052414715
88,24,0,1,2.31669102728982,2.3071237469351,0,1,0,0,88,8.80447176451227,2.31669102728982
89,24,0,1,2.32099559365613,2.3215881518554,0,1,0,0,89,8.7447656475891,2.32099559365613
90,24,0,1,2.32524256873005,2.31163278456885,0,1,0,0,90,8.68047476666724,2.32524256873005
91,24,0,1,2.32944030087465,2.32906935130989,0,1,0,0,91,8.61161806369662,2.32944030087465
92,24,0,1,2.333597138453,2.32998901818793,0,1,0,0,92,8.53821448062721,2.333597138453
93,24,0,1,2.33772142982818,2.27864934550031,0,1,0,0,93,8.46028295940896,2.33772142982818
94,24,0,1,2.34182152336325,2.31546928645371,0,1,0,0,94,8.37784244199183,2.34182152336325
95,24,0,1,2.34590576742129,2.29758452662226,0,1,0,0,95,8.29091187032578,2.34590576742129
40,25,0,1,2.14665895719347,2.5512982011844,0,1,0,0,40,11.1592156900441,2.14665895719347
41,25,0,1,2.14822935649391,2.50245883305887,0,1,0,0,41,11.1313224466902,2.14822935649391
42,25,0,1,2.14980860399272,2.4229134842202,0,1,0,0,42,11.103379086582,2.14980860399272
43,25,0,1,2.15140171623627,2.44759842023381,0,1,0,0,43,11.0753591801252,2.15140171623627
44,25,0,1,2.15301370977092,2.36077666599947,0,1,0,0,44,11.0472362977256,2.15301370977092
45,25,0,1,2.15464960114305,2.32503833557731,0,1,0,0,45,11.018984009789,2.15464960114305
46,25,0,1,2.15631440689902,2.15936629355589,0,1,0,0,46,10.9905758867209,2.15631440689902
47,25,0,1,2.1580131435852,2.22026298749994,0,1,0,0,47,10.9619854989272,2.1580131435852
48,25,0,1,2.15975083097082,2.12951268805299,0,1,0,0,48,10.9331862504093,2.15975083097082
49,25,0,1,2.16153412603854,2.09984661363091,0,1,0,0,49,10.9040670117495,2.16153412603854
50,25,0,1,2.16337398184489,2.16071220608098,0,1,0,0,50,10.8742948365081,2.16337398184489
51,25,0,1,2.16528204758436,2.13084876337825,0,1,0,0,51,10.8435008349018,2.16528204758436
52,25,0,1,2.16726997245148,2.1433163309267,0,1,0,0,52,10.8113161171473,2.16726997245148
53,25,0,1,2.16934940564075,2.12371085452136,0,1,0,0,53,10.7773717934612,2.16934940564075
54,25,0,1,2.17153199634668,2.10600964672668,0,1,0,0,54,10.7412989740603,2.17153199634668
55,25,0,1,2.17382939376379,2.14190922988873,0,1,0,0,55,10.7027287691612,2.17382939376379
56,25,0,1,2.17625324261668,2.12925049768678,0,1,0,0,56,10.6612938449368,2.17625324261668
57,25,0,1,2.17881479818976,2.16532524104055,0,1,0,0,57,10.6167624302433,2.17881479818976
58,25,0,1,2.18152462963749,2.16548585330182,0,1,0,0,58,10.5691415932123,2.18152462963749
59,25,0,1,2.18439323627212,2.17185509600428,0,1,0,0,59,10.5184627137909,2.18439323627212
60,25,0,1,2.18743111740589,2.19273872257046,0,1,0,0,60,10.4647571719263,2.18743111740589
61,25,0,1,2.19064877235105,2.1765537763653,0,1,0,0,61,10.4080563475656,2.19064877235105
62,25,0,1,2.19405670041984,2.16441423445719,0,1,0,0,62,10.3483916206559,2.19405670041984
63,25,0,1,2.1976654009245,2.19295504357603,0,1,0,0,63,10.2857943711444,2.1976654009245
64,25,0,1,2.2014850252714,2.20389417410365,0,1,0,0,64,10.220308389999,2.2014850252714
65,25,0,1,2.20551423108697,2.20693389262864,0,1,0,0,65,10.1523874915445,2.20551423108697
66,25,0,1,2.2097378241889,2.20456751319977,0,1,0,0,66,10.082979632604,2.2097378241889
67,25,0,1,2.21413978572908,2.20978410700065,0,1,0,0,67,10.0130621887167,2.21413978572908
68,25,0,1,2.21870409685937,2.21761899656066,0,1,0,0,68,9.94361253542184,2.21870409685937
69,25,0,1,2.22341473873165,2.22969484845566,0,1,0,0,69,9.87560804825856,2.22341473873165
70,25,0,1,2.22825569249779,2.23733693957653,0,1,0,0,70,9.81002610276612,2.22825569249779
71,25,0,1,2.23321093930967,2.22934519934625,0,1,0,0,71,9.74784407448374,2.23321093930967
72,25,0,1,2.23826423201986,2.23623414925707,0,1,0,0,72,9.68999199841199,2.23826423201986
73,25,0,1,2.24339548876612,2.24477127107357,0,1,0,0,73,9.63660473644125,2.24339548876612
74,25,0,1,2.24858144576475,2.24537541254664,0,1,0,0,74,9.58715734170445,2.24858144576475
75,25,0,1,2.25379874291825,2.24966321556023,0,1,0,0,75,9.54110489554476,2.25379874291825
76,25,0,1,2.25902402012913,2.26575048483421,0,1,0,0,76,9.49790247930536,2.25902402012913
77,25,0,1,2.26423391729991,2.27216138272183,0,1,0,0,77,9.45700517432942,2.26423391729991
78,25,0,1,2.26940507433309,2.27759510083782,0,1,0,0,78,9.41786806196012,2.26940507433309
79,25,0,1,2.2745141311312,2.28158044550373,0,1,0,0,79,9.37994622354064,2.2745141311312
80,25,0,1,2.27953929363627,2.26988404870263,0,1,0,0,80,9.34268814562115,2.27953929363627
81,25,0,1,2.28447415256273,2.27204317722192,0,1,0,0,81,9.30547752750547,2.28447415256273
82,25,0,1,2.28932103086143,2.30219880043383,0,1,0,0,82,9.26766129593165,2.28932103086143
83,25,0,1,2.29408235170977,2.30710352127273,0,1,0,0,83,9.22858595557102,2.29408235170977
84,25,0,1,2.29876053828512,2.32386310932722,0,1,0,0,84,9.18759801109489,2.29876053828512
85,25,0,1,2.30335801376487,2.32375385783604,0,1,0,0,85,9.14404396717457,2.30335801376487
86,25,0,1,2.30787720132642,2.31475548510932,0,1,0,0,86,9.09727032848138,2.30787720132642
87,25,0,1,2.31232052414715,2.29880494681109,0,1,0,0,87,9.04662359968665,2.31232052414715
88,25,0,1,2.31669102728982,2.3071237469351,0,1,0,0,88,8.99152086196905,2.31669102728982
89,25,0,1,2.32099559365613,2.3215881518554,0,1,0,0,89,8.93181474504588,2.32099559365613
90,25,0,1,2.32524256873005,2.31163278456885,0,1,0,0,90,8.86752386412401,2.32524256873005
91,25,0,1,2.32944030087465,2.32906935130989,0,1,0,0,91,8.7986671611534,2.32944030087465
92,25,0,1,2.333597138453,2.32998901818793,0,1,0,0,92,8.72526357808398,2.333597138453
93,25,0,1,2.33772142982818,2.27864934550031,0,1,0,0,93,8.64733205686574,2.33772142982818
94,25,0,1,2.34182152336325,2.31546928645371,0,1,0,0,94,8.56489153944861,2.34182152336325
95,25,0,1,2.34590576742129,2.29758452662226,0,1,0,0,95,8.47796096778256,2.34590576742129
40,10,1,1,2.14665895719347,2.5512982011844,0,0,40,0,0,7.94345761396849,2.14665895719347
41,10,1,1,2.14822935649391,2.50245883305887,0,0,41,0,0,7.91556437061457,2.14822935649391
42,10,1,1,2.14980860399272,2.4229134842202,0,0,42,0,0,7.88762101050637,2.14980860399272
43,10,1,1,2.15140171623627,2.44759842023381,0,0,43,0,0,7.8596011040496,2.15140171623627
44,10,1,1,2.15301370977092,2.36077666599947,0,0,44,0,0,7.83147822165002,2.15301370977092
45,10,1,1,2.15464960114305,2.32503833557731,0,0,45,0,0,7.80322593371334,2.15464960114305
46,10,1,1,2.15631440689902,2.15936629355589,0,0,46,0,0,7.77481781064529,2.15631440689902
47,10,1,1,2.1580131435852,2.22026298749994,0,0,47,0,0,7.7462274228516,2.1580131435852
48,10,1,1,2.15975083097082,2.12951268805299,0,0,48,0,0,7.71742817433364,2.15975083097082
49,10,1,1,2.16153412603854,2.09984661363091,0,0,49,0,0,7.6883089356739,2.16153412603854
50,10,1,1,2.16337398184489,2.16071220608098,0,0,50,0,0,7.65853676043252,2.16337398184489
51,10,1,1,2.16528204758436,2.13084876337825,0,0,51,0,0,7.62774275882621,2.16528204758436
52,10,1,1,2.16726997245148,2.1433163309267,0,0,52,0,0,7.59555804107167,2.16726997245148
53,10,1,1,2.16934940564075,2.12371085452136,0,0,53,0,0,7.56161371738558,2.16934940564075
54,10,1,1,2.17153199634668,2.10600964672668,0,0,54,0,0,7.52554089798463,2.17153199634668
55,10,1,1,2.17382939376379,2.14190922988873,0,0,55,0,0,7.48697069308554,2.17382939376379
56,10,1,1,2.17625324261668,2.12925049768678,0,0,56,0,0,7.44553576886118,2.17625324261668
57,10,1,1,2.17881479818976,2.16532524104055,0,0,57,0,0,7.40100435416769,2.17881479818976
58,10,1,1,2.18152462963749,2.16548585330182,0,0,58,0,0,7.35338351713668,2.18152462963749
59,10,1,1,2.18439323627212,2.17185509600428,0,0,59,0,0,7.30270463771531,2.18439323627212
60,10,1,1,2.18743111740589,2.19273872257046,0,0,60,0,0,7.2489990958507,2.18743111740589
61,10,1,1,2.19064877235105,2.1765537763653,0,0,61,0,0,7.19229827148997,2.19064877235105
62,10,1,1,2.19405670041984,2.16441423445719,0,0,62,0,0,7.13263354458028,2.19405670041984
63,10,1,1,2.1976654009245,2.19295504357603,0,0,63,0,0,7.07003629506873,2.1976654009245
64,10,1,1,2.2014850252714,2.20389417410365,0,0,64,0,0,7.00455031392336,2.2014850252714
65,10,1,1,2.20551423108697,2.20693389262864,0,0,65,0,0,6.93662941546891,2.20551423108697
66,10,1,1,2.2097378241889,2.20456751319977,0,0,66,0,0,6.86722155652843,2.2097378241889
67,10,1,1,2.21413978572908,2.20978410700065,0,0,67,0,0,6.79730411264113,2.21413978572908
68,10,1,1,2.21870409685937,2.21761899656066,0,0,68,0,0,6.72785445934622,2.21870409685937
69,10,1,1,2.22341473873165,2.22969484845566,0,0,69,0,0,6.65984997218294,2.22341473873165
70,10,1,1,2.22825569249779,2.23733693957653,0,0,70,0,0,6.5942680266905,2.22825569249779
71,10,1,1,2.23321093930967,2.22934519934625,0,0,71,0,0,6.53208599840812,2.23321093930967
72,10,1,1,2.23826423201986,2.23623414925707,0,0,72,0,0,6.47423392233637,2.23826423201986
73,10,1,1,2.24339548876612,2.24477127107357,0,0,73,0,0,6.42084666036563,2.24339548876612
74,10,1,1,2.24858144576475,2.24537541254664,0,0,74,0,0,6.37139926562883,2.24858144576475
75,10,1,1,2.25379874291825,2.24966321556023,0,0,75,0,0,6.32534681946914,2.25379874291825
76,10,1,1,2.25902402012913,2.26575048483421,0,0,76,0,0,6.28214440322974,2.25902402012913
77,10,1,1,2.26423391729991,2.27216138272183,0,0,77,0,0,6.2412470982538,2.26423391729991
78,10,1,1,2.26940507433309,2.27759510083782,0,0,78,0,0,6.2021099858845,2.26940507433309
79,10,1,1,2.2745141311312,2.28158044550373,0,0,79,0,0,6.16418814746502,2.2745141311312
80,10,1,1,2.27953929363627,2.26988404870263,0,0,80,0,0,6.12693006954554,2.27953929363627
81,10,1,1,2.28447415256273,2.27204317722192,0,0,81,0,0,6.08971945142985,2.28447415256273
82,10,1,1,2.28932103086143,2.30219880043383,0,0,82,0,0,6.05190321985603,2.28932103086143
83,10,1,1,2.29408235170977,2.30710352127273,0,0,83,0,0,6.0128278794954,2.29408235170977
84,10,1,1,2.29876053828512,2.32386310932722,0,0,84,0,0,5.97183993501927,2.29876053828512
85,10,1,1,2.30335801376487,2.32375385783604,0,0,85,0,0,5.92828589109895,2.30335801376487
86,10,1,1,2.30787720132642,2.31475548510932,0,0,86,0,0,5.88151225240577,2.30787720132642
87,10,1,1,2.31232052414715,2.29880494681109,0,0,87,0,0,5.83086552361103,2.31232052414715
88,10,1,1,2.31669102728982,2.3071237469351,0,0,88,0,0,5.77576278589343,2.31669102728982
89,10,1,1,2.32099559365613,2.3215881518554,0,0,89,0,0,5.71605666897027,2.32099559365613
90,10,1,1,2.32524256873005,2.31163278456885,0,0,90,0,0,5.6517657880484,2.32524256873005
91,10,1,1,2.32944030087465,2.32906935130989,0,0,91,0,0,5.58290908507778,2.32944030087465
92,10,1,1,2.333597138453,2.32998901818793,0,0,92,0,0,5.50950550200837,2.333597138453
93,10,1,1,2.33772142982818,2.27864934550031,0,0,93,0,0,5.43157398079012,2.33772142982818
94,10,1,1,2.34182152336325,2.31546928645371,0,0,94,0,0,5.34913346337299,2.34182152336325
95,10,1,1,2.34590576742129,2.29758452662226,0,0,95,0,0,5.26220289170694,2.34590576742129
40,11,1,1,2.14665895719347,2.5512982011844,0,0,40,0,0,8.13050671142527,2.14665895719347
41,11,1,1,2.14822935649391,2.50245883305887,0,0,41,0,0,8.10261346807135,2.14822935649391
42,11,1,1,2.14980860399272,2.4229134842202,0,0,42,0,0,8.07467010796314,2.14980860399272
43,11,1,1,2.15140171623627,2.44759842023381,0,0,43,0,0,8.04665020150638,2.15140171623627
44,11,1,1,2.15301370977092,2.36077666599947,0,0,44,0,0,8.0185273191068,2.15301370977092
45,11,1,1,2.15464960114305,2.32503833557731,0,0,45,0,0,7.99027503117011,2.15464960114305
46,11,1,1,2.15631440689902,2.15936629355589,0,0,46,0,0,7.96186690810206,2.15631440689902
47,11,1,1,2.1580131435852,2.22026298749994,0,0,47,0,0,7.93327652030838,2.1580131435852
48,11,1,1,2.15975083097082,2.12951268805299,0,0,48,0,0,7.90447727179042,2.15975083097082
49,11,1,1,2.16153412603854,2.09984661363091,0,0,49,0,0,7.87535803313067,2.16153412603854
50,11,1,1,2.16337398184489,2.16071220608098,0,0,50,0,0,7.8455858578893,2.16337398184489
51,11,1,1,2.16528204758436,2.13084876337825,0,0,51,0,0,7.81479185628299,2.16528204758436
52,11,1,1,2.16726997245148,2.1433163309267,0,0,52,0,0,7.78260713852844,2.16726997245148
53,11,1,1,2.16934940564075,2.12371085452136,0,0,53,0,0,7.74866281484235,2.16934940564075
54,11,1,1,2.17153199634668,2.10600964672668,0,0,54,0,0,7.71258999544141,2.17153199634668
55,11,1,1,2.17382939376379,2.14190922988873,0,0,55,0,0,7.67401979054232,2.17382939376379
56,11,1,1,2.17625324261668,2.12925049768678,0,0,56,0,0,7.63258486631796,2.17625324261668
57,11,1,1,2.17881479818976,2.16532524104055,0,0,57,0,0,7.58805345162446,2.17881479818976
58,11,1,1,2.18152462963749,2.16548585330182,0,0,58,0,0,7.54043261459346,2.18152462963749
59,11,1,1,2.18439323627212,2.17185509600428,0,0,59,0,0,7.48975373517209,2.18439323627212
60,11,1,1,2.18743111740589,2.19273872257046,0,0,60,0,0,7.43604819330748,2.18743111740589
61,11,1,1,2.19064877235105,2.1765537763653,0,0,61,0,0,7.37934736894675,2.19064877235105
62,11,1,1,2.19405670041984,2.16441423445719,0,0,62,0,0,7.31968264203705,2.19405670041984
63,11,1,1,2.1976654009245,2.19295504357603,0,0,63,0,0,7.25708539252551,2.1976654009245
64,11,1,1,2.2014850252714,2.20389417410365,0,0,64,0,0,7.19159941138014,2.2014850252714
65,11,1,1,2.20551423108697,2.20693389262864,0,0,65,0,0,7.12367851292569,2.20551423108697
66,11,1,1,2.2097378241889,2.20456751319977,0,0,66,0,0,7.0542706539852,2.2097378241889
67,11,1,1,2.21413978572908,2.20978410700065,0,0,67,0,0,6.9843532100979,2.21413978572908
68,11,1,1,2.21870409685937,2.21761899656066,0,0,68,0,0,6.914903556803,2.21870409685937
69,11,1,1,2.22341473873165,2.22969484845566,0,0,69,0,0,6.84689906963972,2.22341473873165
70,11,1,1,2.22825569249779,2.23733693957653,0,0,70,0,0,6.78131712414728,2.22825569249779
71,11,1,1,2.23321093930967,2.22934519934625,0,0,71,0,0,6.7191350958649,2.23321093930967
72,11,1,1,2.23826423201986,2.23623414925707,0,0,72,0,0,6.66128301979315,2.23826423201986
73,11,1,1,2.24339548876612,2.24477127107357,0,0,73,0,0,6.60789575782241,2.24339548876612
74,11,1,1,2.24858144576475,2.24537541254664,0,0,74,0,0,6.55844836308561,2.24858144576475
75,11,1,1,2.25379874291825,2.24966321556023,0,0,75,0,0,6.51239591692592,2.25379874291825
76,11,1,1,2.25902402012913,2.26575048483421,0,0,76,0,0,6.46919350068652,2.25902402012913
77,11,1,1,2.26423391729991,2.27216138272183,0,0,77,0,0,6.42829619571058,2.26423391729991
78,11,1,1,2.26940507433309,2.27759510083782,0,0,78,0,0,6.38915908334128,2.26940507433309
79,11,1,1,2.2745141311312,2.28158044550373,0,0,79,0,0,6.3512372449218,2.2745141311312
80,11,1,1,2.27953929363627,2.26988404870263,0,0,80,0,0,6.31397916700231,2.27953929363627
81,11,1,1,2.28447415256273,2.27204317722192,0,0,81,0,0,6.27676854888663,2.28447415256273
82,11,1,1,2.28932103086143,2.30219880043383,0,0,82,0,0,6.23895231731281,2.28932103086143
83,11,1,1,2.29408235170977,2.30710352127273,0,0,83,0,0,6.19987697695218,2.29408235170977
84,11,1,1,2.29876053828512,2.32386310932722,0,0,84,0,0,6.15888903247605,2.29876053828512
85,11,1,1,2.30335801376487,2.32375385783604,0,0,85,0,0,6.11533498855573,2.30335801376487
86,11,1,1,2.30787720132642,2.31475548510932,0,0,86,0,0,6.06856134986254,2.30787720132642
87,11,1,1,2.31232052414715,2.29880494681109,0,0,87,0,0,6.0179146210678,2.31232052414715
88,11,1,1,2.31669102728982,2.3071237469351,0,0,88,0,0,5.96281188335021,2.31669102728982
89,11,1,1,2.32099559365613,2.3215881518554,0,0,89,0,0,5.90310576642704,2.32099559365613
90,11,1,1,2.32524256873005,2.31163278456885,0,0,90,0,0,5.83881488550517,2.32524256873005
91,11,1,1,2.32944030087465,2.32906935130989,0,0,91,0,0,5.76995818253456,2.32944030087465
92,11,1,1,2.333597138453,2.32998901818793,0,0,92,0,0,5.69655459946514,2.333597138453
93,11,1,1,2.33772142982818,2.27864934550031,0,0,93,0,0,5.6186230782469,2.33772142982818
94,11,1,1,2.34182152336325,2.31546928645371,0,0,94,0,0,5.53618256082977,2.34182152336325
95,11,1,1,2.34590576742129,2.29758452662226,0,0,95,0,0,5.44925198916372,2.34590576742129
40,12,1,1,2.14665895719347,2.5512982011844,0,0,40,0,0,8.31755580888205,2.14665895719347
41,12,1,1,2.14822935649391,2.50245883305887,0,0,41,0,0,8.28966256552813,2.14822935649391
42,12,1,1,2.14980860399272,2.4229134842202,0,0,42,0,0,8.26171920541992,2.14980860399272
43,12,1,1,2.15140171623627,2.44759842023381,0,0,43,0,0,8.23369929896316,2.15140171623627
44,12,1,1,2.15301370977092,2.36077666599947,0,0,44,0,0,8.20557641656357,2.15301370977092
45,12,1,1,2.15464960114305,2.32503833557731,0,0,45,0,0,8.17732412862689,2.15464960114305
46,12,1,1,2.15631440689902,2.15936629355589,0,0,46,0,0,8.14891600555884,2.15631440689902
47,12,1,1,2.1580131435852,2.22026298749994,0,0,47,0,0,8.12032561776516,2.1580131435852
48,12,1,1,2.15975083097082,2.12951268805299,0,0,48,0,0,8.09152636924719,2.15975083097082
49,12,1,1,2.16153412603854,2.09984661363091,0,0,49,0,0,8.06240713058745,2.16153412603854
50,12,1,1,2.16337398184489,2.16071220608098,0,0,50,0,0,8.03263495534608,2.16337398184489
51,12,1,1,2.16528204758436,2.13084876337825,0,0,51,0,0,8.00184095373977,2.16528204758436
52,12,1,1,2.16726997245148,2.1433163309267,0,0,52,0,0,7.96965623598522,2.16726997245148
53,12,1,1,2.16934940564075,2.12371085452136,0,0,53,0,0,7.93571191229913,2.16934940564075
54,12,1,1,2.17153199634668,2.10600964672668,0,0,54,0,0,7.89963909289819,2.17153199634668
55,12,1,1,2.17382939376379,2.14190922988873,0,0,55,0,0,7.86106888799909,2.17382939376379
56,12,1,1,2.17625324261668,2.12925049768678,0,0,56,0,0,7.81963396377473,2.17625324261668
57,12,1,1,2.17881479818976,2.16532524104055,0,0,57,0,0,7.77510254908124,2.17881479818976
58,12,1,1,2.18152462963749,2.16548585330182,0,0,58,0,0,7.72748171205024,2.18152462963749
59,12,1,1,2.18439323627212,2.17185509600428,0,0,59,0,0,7.67680283262886,2.18439323627212
60,12,1,1,2.18743111740589,2.19273872257046,0,0,60,0,0,7.62309729076425,2.18743111740589
61,12,1,1,2.19064877235105,2.1765537763653,0,0,61,0,0,7.56639646640353,2.19064877235105
62,12,1,1,2.19405670041984,2.16441423445719,0,0,62,0,0,7.50673173949383,2.19405670041984
63,12,1,1,2.1976654009245,2.19295504357603,0,0,63,0,0,7.44413448998228,2.1976654009245
64,12,1,1,2.2014850252714,2.20389417410365,0,0,64,0,0,7.37864850883691,2.2014850252714
65,12,1,1,2.20551423108697,2.20693389262864,0,0,65,0,0,7.31072761038247,2.20551423108697
66,12,1,1,2.2097378241889,2.20456751319977,0,0,66,0,0,7.24131975144198,2.2097378241889
67,12,1,1,2.21413978572908,2.20978410700065,0,0,67,0,0,7.17140230755468,2.21413978572908
68,12,1,1,2.21870409685937,2.21761899656066,0,0,68,0,0,7.10195265425978,2.21870409685937
69,12,1,1,2.22341473873165,2.22969484845566,0,0,69,0,0,7.0339481670965,2.22341473873165
70,12,1,1,2.22825569249779,2.23733693957653,0,0,70,0,0,6.96836622160406,2.22825569249779
71,12,1,1,2.23321093930967,2.22934519934625,0,0,71,0,0,6.90618419332167,2.23321093930967
72,12,1,1,2.23826423201986,2.23623414925707,0,0,72,0,0,6.84833211724992,2.23826423201986
73,12,1,1,2.24339548876612,2.24477127107357,0,0,73,0,0,6.79494485527918,2.24339548876612
74,12,1,1,2.24858144576475,2.24537541254664,0,0,74,0,0,6.74549746054238,2.24858144576475
75,12,1,1,2.25379874291825,2.24966321556023,0,0,75,0,0,6.69944501438269,2.25379874291825
76,12,1,1,2.25902402012913,2.26575048483421,0,0,76,0,0,6.65624259814329,2.25902402012913
77,12,1,1,2.26423391729991,2.27216138272183,0,0,77,0,0,6.61534529316735,2.26423391729991
78,12,1,1,2.26940507433309,2.27759510083782,0,0,78,0,0,6.57620818079806,2.26940507433309
79,12,1,1,2.2745141311312,2.28158044550373,0,0,79,0,0,6.53828634237857,2.2745141311312
80,12,1,1,2.27953929363627,2.26988404870263,0,0,80,0,0,6.50102826445909,2.27953929363627
81,12,1,1,2.28447415256273,2.27204317722192,0,0,81,0,0,6.4638176463434,2.28447415256273
82,12,1,1,2.28932103086143,2.30219880043383,0,0,82,0,0,6.42600141476959,2.28932103086143
83,12,1,1,2.29408235170977,2.30710352127273,0,0,83,0,0,6.38692607440895,2.29408235170977
84,12,1,1,2.29876053828512,2.32386310932722,0,0,84,0,0,6.34593812993282,2.29876053828512
85,12,1,1,2.30335801376487,2.32375385783604,0,0,85,0,0,6.3023840860125,2.30335801376487
86,12,1,1,2.30787720132642,2.31475548510932,0,0,86,0,0,6.25561044731932,2.30787720132642
87,12,1,1,2.31232052414715,2.29880494681109,0,0,87,0,0,6.20496371852458,2.31232052414715
88,12,1,1,2.31669102728982,2.3071237469351,0,0,88,0,0,6.14986098080698,2.31669102728982
89,12,1,1,2.32099559365613,2.3215881518554,0,0,89,0,0,6.09015486388382,2.32099559365613
90,12,1,1,2.32524256873005,2.31163278456885,0,0,90,0,0,6.02586398296195,2.32524256873005
91,12,1,1,2.32944030087465,2.32906935130989,0,0,91,0,0,5.95700727999133,2.32944030087465
92,12,1,1,2.333597138453,2.32998901818793,0,0,92,0,0,5.88360369692192,2.333597138453
93,12,1,1,2.33772142982818,2.27864934550031,0,0,93,0,0,5.80567217570367,2.33772142982818
94,12,1,1,2.34182152336325,2.31546928645371,0,0,94,0,0,5.72323165828655,2.34182152336325
95,12,1,1,2.34590576742129,2.29758452662226,0,0,95,0,0,5.63630108662049,2.34590576742129
40,13,1,1,2.14665895719347,2.5512982011844,1,0,40,40,0,8.50460490633882,2.14665895719347
41,13,1,1,2.14822935649391,2.50245883305887,1,0,41,41,0,8.4767116629849,2.14822935649391
42,13,1,1,2.14980860399272,2.4229134842202,1,0,42,42,0,8.4487683028767,2.14980860399272
43,13,1,1,2.15140171623627,2.44759842023381,1,0,43,43,0,8.42074839641993,2.15140171623627
44,13,1,1,2.15301370977092,2.36077666599947,1,0,44,44,0,8.39262551402035,2.15301370977092
45,13,1,1,2.15464960114305,2.32503833557731,1,0,45,45,0,8.36437322608367,2.15464960114305
46,13,1,1,2.15631440689902,2.15936629355589,1,0,46,46,0,8.33596510301562,2.15631440689902
47,13,1,1,2.1580131435852,2.22026298749994,1,0,47,47,0,8.30737471522193,2.1580131435852
48,13,1,1,2.15975083097082,2.12951268805299,1,0,48,48,0,8.27857546670397,2.15975083097082
49,13,1,1,2.16153412603854,2.09984661363091,1,0,49,49,0,8.24945622804423,2.16153412603854
50,13,1,1,2.16337398184489,2.16071220608098,1,0,50,50,0,8.21968405280285,2.16337398184489
51,13,1,1,2.16528204758436,2.13084876337825,1,0,51,51,0,8.18889005119654,2.16528204758436
52,13,1,1,2.16726997245148,2.1433163309267,1,0,52,52,0,8.156705333442,2.16726997245148
53,13,1,1,2.16934940564075,2.12371085452136,1,0,53,53,0,8.1227610097559,2.16934940564075
54,13,1,1,2.17153199634668,2.10600964672668,1,0,54,54,0,8.08668819035496,2.17153199634668
55,13,1,1,2.17382939376379,2.14190922988873,1,0,55,55,0,8.04811798545587,2.17382939376379
56,13,1,1,2.17625324261668,2.12925049768678,1,0,56,56,0,8.00668306123151,2.17625324261668
57,13,1,1,2.17881479818976,2.16532524104055,1,0,57,57,0,7.96215164653801,2.17881479818976
58,13,1,1,2.18152462963749,2.16548585330182,1,0,58,58,0,7.91453080950701,2.18152462963749
59,13,1,1,2.18439323627212,2.17185509600428,1,0,59,59,0,7.86385193008564,2.18439323627212
60,13,1,1,2.18743111740589,2.19273872257046,1,0,60,60,0,7.81014638822103,2.18743111740589
61,13,1,1,2.19064877235105,2.1765537763653,1,0,61,61,0,7.7534455638603,2.19064877235105
62,13,1,1,2.19405670041984,2.16441423445719,1,0,62,62,0,7.6937808369506,2.19405670041984
63,13,1,1,2.1976654009245,2.19295504357603,1,0,63,63,0,7.63118358743906,2.1976654009245
64,13,1,1,2.2014850252714,2.20389417410365,1,0,64,64,0,7.56569760629369,2.2014850252714
65,13,1,1,2.20551423108697,2.20693389262864,1,0,65,65,0,7.49777670783924,2.20551423108697
66,13,1,1,2.2097378241889,2.20456751319977,1,0,66,66,0,7.42836884889876,2.2097378241889
67,13,1,1,2.21413978572908,2.20978410700065,1,0,67,67,0,7.35845140501145,2.21413978572908
68,13,1,1,2.21870409685937,2.21761899656066,1,0,68,68,0,7.28900175171655,2.21870409685937
69,13,1,1,2.22341473873165,2.22969484845566,1,0,69,69,0,7.22099726455327,2.22341473873165
70,13,1,1,2.22825569249779,2.23733693957653,1,0,70,70,0,7.15541531906083,2.22825569249779
71,13,1,1,2.23321093930967,2.22934519934625,1,0,71,71,0,7.09323329077845,2.23321093930967
72,13,1,1,2.23826423201986,2.23623414925707,1,0,72,72,0,7.0353812147067,2.23826423201986
73,13,1,1,2.24339548876612,2.24477127107357,1,0,73,73,0,6.98199395273596,2.24339548876612
74,13,1,1,2.24858144576475,2.24537541254664,1,0,74,74,0,6.93254655799916,2.24858144576475
75,13,1,1,2.25379874291825,2.24966321556023,1,0,75,75,0,6.88649411183947,2.25379874291825
76,13,1,1,2.25902402012913,2.26575048483421,1,0,76,76,0,6.84329169560007,2.25902402012913
77,13,1,1,2.26423391729991,2.27216138272183,1,0,77,77,0,6.80239439062413,2.26423391729991
78,13,1,1,2.26940507433309,2.27759510083782,1,0,78,78,0,6.76325727825483,2.26940507433309
79,13,1,1,2.2745141311312,2.28158044550373,1,0,79,79,0,6.72533543983535,2.2745141311312
80,13,1,1,2.27953929363627,2.26988404870263,1,0,80,80,0,6.68807736191586,2.27953929363627
81,13,1,1,2.28447415256273,2.27204317722192,1,0,81,81,0,6.65086674380018,2.28447415256273
82,13,1,1,2.28932103086143,2.30219880043383,1,0,82,82,0,6.61305051222636,2.28932103086143
83,13,1,1,2.29408235170977,2.30710352127273,1,0,83,83,0,6.57397517186573,2.29408235170977
84,13,1,1,2.29876053828512,2.32386310932722,1,0,84,84,0,6.5329872273896,2.29876053828512
85,13,1,1,2.30335801376487,2.32375385783604,1,0,85,85,0,6.48943318346928,2.30335801376487
86,13,1,1,2.30787720132642,2.31475548510932,1,0,86,86,0,6.4426595447761,2.30787720132642
87,13,1,1,2.31232052414715,2.29880494681109,1,0,87,87,0,6.39201281598136,2.31232052414715
88,13,1,1,2.31669102728982,2.3071237469351,1,0,88,88,0,6.33691007826376,2.31669102728982
89,13,1,1,2.32099559365613,2.3215881518554,1,0,89,89,0,6.2772039613406,2.32099559365613
90,13,1,1,2.32524256873005,2.31163278456885,1,0,90,90,0,6.21291308041872,2.32524256873005
91,13,1,1,2.32944030087465,2.32906935130989,1,0,91,91,0,6.14405637744811,2.32944030087465
92,13,1,1,2.333597138453,2.32998901818793,1,0,92,92,0,6.0706527943787,2.333597138453
93,13,1,1,2.33772142982818,2.27864934550031,1,0,93,93,0,5.99272127316045,2.33772142982818
94,13,1,1,2.34182152336325,2.31546928645371,1,0,94,94,0,5.91028075574332,2.34182152336325
95,13,1,1,2.34590576742129,2.29758452662226,1,0,95,95,0,5.82335018407727,2.34590576742129
40,14,1,1,2.14665895719347,2.5512982011844,1,0,40,40,0,8.6916540037956,2.14665895719347
41,14,1,1,2.14822935649391,2.50245883305887,1,0,41,41,0,8.66376076044168,2.14822935649391
42,14,1,1,2.14980860399272,2.4229134842202,1,0,42,42,0,8.63581740033347,2.14980860399272
43,14,1,1,2.15140171623627,2.44759842023381,1,0,43,43,0,8.60779749387671,2.15140171623627
44,14,1,1,2.15301370977092,2.36077666599947,1,0,44,44,0,8.57967461147712,2.15301370977092
45,14,1,1,2.15464960114305,2.32503833557731,1,0,45,45,0,8.55142232354044,2.15464960114305
46,14,1,1,2.15631440689902,2.15936629355589,1,0,46,46,0,8.52301420047239,2.15631440689902
47,14,1,1,2.1580131435852,2.22026298749994,1,0,47,47,0,8.49442381267871,2.1580131435852
48,14,1,1,2.15975083097082,2.12951268805299,1,0,48,48,0,8.46562456416074,2.15975083097082
49,14,1,1,2.16153412603854,2.09984661363091,1,0,49,49,0,8.436505325501,2.16153412603854
50,14,1,1,2.16337398184489,2.16071220608098,1,0,50,50,0,8.40673315025963,2.16337398184489
51,14,1,1,2.16528204758436,2.13084876337825,1,0,51,51,0,8.37593914865332,2.16528204758436
52,14,1,1,2.16726997245148,2.1433163309267,1,0,52,52,0,8.34375443089877,2.16726997245148
53,14,1,1,2.16934940564075,2.12371085452136,1,0,53,53,0,8.30981010721268,2.16934940564075
54,14,1,1,2.17153199634668,2.10600964672668,1,0,54,54,0,8.27373728781174,2.17153199634668
55,14,1,1,2.17382939376379,2.14190922988873,1,0,55,55,0,8.23516708291264,2.17382939376379
56,14,1,1,2.17625324261668,2.12925049768678,1,0,56,56,0,8.19373215868829,2.17625324261668
57,14,1,1,2.17881479818976,2.16532524104055,1,0,57,57,0,8.14920074399479,2.17881479818976
58,14,1,1,2.18152462963749,2.16548585330182,1,0,58,58,0,8.10157990696379,2.18152462963749
59,14,1,1,2.18439323627212,2.17185509600428,1,0,59,59,0,8.05090102754242,2.18439323627212
60,14,1,1,2.18743111740589,2.19273872257046,1,0,60,60,0,7.9971954856778,2.18743111740589
61,14,1,1,2.19064877235105,2.1765537763653,1,0,61,61,0,7.94049466131708,2.19064877235105
62,14,1,1,2.19405670041984,2.16441423445719,1,0,62,62,0,7.88082993440738,2.19405670041984
63,14,1,1,2.1976654009245,2.19295504357603,1,0,63,63,0,7.81823268489584,2.1976654009245
64,14,1,1,2.2014850252714,2.20389417410365,1,0,64,64,0,7.75274670375047,2.2014850252714
65,14,1,1,2.20551423108697,2.20693389262864,1,0,65,65,0,7.68482580529602,2.20551423108697
66,14,1,1,2.2097378241889,2.20456751319977,1,0,66,66,0,7.61541794635553,2.2097378241889
67,14,1,1,2.21413978572908,2.20978410700065,1,0,67,67,0,7.54550050246823,2.21413978572908
68,14,1,1,2.21870409685937,2.21761899656066,1,0,68,68,0,7.47605084917333,2.21870409685937
69,14,1,1,2.22341473873165,2.22969484845566,1,0,69,69,0,7.40804636201005,2.22341473873165
70,14,1,1,2.22825569249779,2.23733693957653,1,0,70,70,0,7.34246441651761,2.22825569249779
71,14,1,1,2.23321093930967,2.22934519934625,1,0,71,71,0,7.28028238823523,2.23321093930967
72,14,1,1,2.23826423201986,2.23623414925707,1,0,72,72,0,7.22243031216347,2.23826423201986
73,14,1,1,2.24339548876612,2.24477127107357,1,0,73,73,0,7.16904305019274,2.24339548876612
74,14,1,1,2.24858144576475,2.24537541254664,1,0,74,74,0,7.11959565545594,2.24858144576475
75,14,1,1,2.25379874291825,2.24966321556023,1,0,75,75,0,7.07354320929625,2.25379874291825
76,14,1,1,2.25902402012913,2.26575048483421,1,0,76,76,0,7.03034079305684,2.25902402012913
77,14,1,1,2.26423391729991,2.27216138272183,1,0,77,77,0,6.98944348808091,2.26423391729991
78,14,1,1,2.26940507433309,2.27759510083782,1,0,78,78,0,6.95030637571161,2.26940507433309
79,14,1,1,2.2745141311312,2.28158044550373,1,0,79,79,0,6.91238453729212,2.2745141311312
80,14,1,1,2.27953929363627,2.26988404870263,1,0,80,80,0,6.87512645937264,2.27953929363627
81,14,1,1,2.28447415256273,2.27204317722192,1,0,81,81,0,6.83791584125695,2.28447415256273
82,14,1,1,2.28932103086143,2.30219880043383,1,0,82,82,0,6.80009960968314,2.28932103086143
83,14,1,1,2.29408235170977,2.30710352127273,1,0,83,83,0,6.7610242693225,2.29408235170977
84,14,1,1,2.29876053828512,2.32386310932722,1,0,84,84,0,6.72003632484637,2.29876053828512
85,14,1,1,2.30335801376487,2.32375385783604,1,0,85,85,0,6.67648228092606,2.30335801376487
86,14,1,1,2.30787720132642,2.31475548510932,1,0,86,86,0,6.62970864223287,2.30787720132642
87,14,1,1,2.31232052414715,2.29880494681109,1,0,87,87,0,6.57906191343813,2.31232052414715
88,14,1,1,2.31669102728982,2.3071237469351,1,0,88,88,0,6.52395917572054,2.31669102728982
89,14,1,1,2.32099559365613,2.3215881518554,1,0,89,89,0,6.46425305879737,2.32099559365613
90,14,1,1,2.32524256873005,2.31163278456885,1,0,90,90,0,6.3999621778755,2.32524256873005
91,14,1,1,2.32944030087465,2.32906935130989,1,0,91,91,0,6.33110547490488,2.32944030087465
92,14,1,1,2.333597138453,2.32998901818793,1,0,92,92,0,6.25770189183547,2.333597138453
93,14,1,1,2.33772142982818,2.27864934550031,1,0,93,93,0,6.17977037061722,2.33772142982818
94,14,1,1,2.34182152336325,2.31546928645371,1,0,94,94,0,6.0973298532001,2.34182152336325
95,14,1,1,2.34590576742129,2.29758452662226,1,0,95,95,0,6.01039928153405,2.34590576742129
40,15,1,1,2.14665895719347,2.5512982011844,1,0,40,40,0,8.87870310125238,2.14665895719347
41,15,1,1,2.14822935649391,2.50245883305887,1,0,41,41,0,8.85080985789846,2.14822935649391
42,15,1,1,2.14980860399272,2.4229134842202,1,0,42,42,0,8.82286649779025,2.14980860399272
43,15,1,1,2.15140171623627,2.44759842023381,1,0,43,43,0,8.79484659133349,2.15140171623627
44,15,1,1,2.15301370977092,2.36077666599947,1,0,44,44,0,8.7667237089339,2.15301370977092
45,15,1,1,2.15464960114305,2.32503833557731,1,0,45,45,0,8.73847142099722,2.15464960114305
46,15,1,1,2.15631440689902,2.15936629355589,1,0,46,46,0,8.71006329792917,2.15631440689902
47,15,1,1,2.1580131435852,2.22026298749994,1,0,47,47,0,8.68147291013548,2.1580131435852
48,15,1,1,2.15975083097082,2.12951268805299,1,0,48,48,0,8.65267366161752,2.15975083097082
49,15,1,1,2.16153412603854,2.09984661363091,1,0,49,49,0,8.62355442295778,2.16153412603854
50,15,1,1,2.16337398184489,2.16071220608098,1,0,50,50,0,8.5937822477164,2.16337398184489
51,15,1,1,2.16528204758436,2.13084876337825,1,0,51,51,0,8.5629882461101,2.16528204758436
52,15,1,1,2.16726997245148,2.1433163309267,1,0,52,52,0,8.53080352835555,2.16726997245148
53,15,1,1,2.16934940564075,2.12371085452136,1,0,53,53,0,8.49685920466946,2.16934940564075
54,15,1,1,2.17153199634668,2.10600964672668,1,0,54,54,0,8.46078638526851,2.17153199634668
55,15,1,1,2.17382939376379,2.14190922988873,1,0,55,55,0,8.42221618036942,2.17382939376379
56,15,1,1,2.17625324261668,2.12925049768678,1,0,56,56,0,8.38078125614506,2.17625324261668
57,15,1,1,2.17881479818976,2.16532524104055,1,0,57,57,0,8.33624984145157,2.17881479818976
58,15,1,1,2.18152462963749,2.16548585330182,1,0,58,58,0,8.28862900442057,2.18152462963749
59,15,1,1,2.18439323627212,2.17185509600428,1,0,59,59,0,8.2379501249992,2.18439323627212
60,15,1,1,2.18743111740589,2.19273872257046,1,0,60,60,0,8.18424458313458,2.18743111740589
61,15,1,1,2.19064877235105,2.1765537763653,1,0,61,61,0,8.12754375877386,2.19064877235105
62,15,1,1,2.19405670041984,2.16441423445719,1,0,62,62,0,8.06787903186416,2.19405670041984
63,15,1,1,2.1976654009245,2.19295504357603,1,0,63,63,0,8.00528178235261,2.1976654009245
64,15,1,1,2.2014850252714,2.20389417410365,1,0,64,64,0,7.93979580120724,2.2014850252714
65,15,1,1,2.20551423108697,2.20693389262864,1,0,65,65,0,7.8718749027528,2.20551423108697
66,15,1,1,2.2097378241889,2.20456751319977,1,0,66,66,0,7.80246704381231,2.2097378241889
67,15,1,1,2.21413978572908,2.20978410700065,1,0,67,67,0,7.73254959992501,2.21413978572908
68,15,1,1,2.21870409685937,2.21761899656066,1,0,68,68,0,7.6630999466301,2.21870409685937
69,15,1,1,2.22341473873165,2.22969484845566,1,0,69,69,0,7.59509545946682,2.22341473873165
70,15,1,1,2.22825569249779,2.23733693957653,1,0,70,70,0,7.52951351397438,2.22825569249779
71,15,1,1,2.23321093930967,2.22934519934625,1,0,71,71,0,7.467331485692,2.23321093930967
72,15,1,1,2.23826423201986,2.23623414925707,1,0,72,72,0,7.40947940962025,2.23826423201986
73,15,1,1,2.24339548876612,2.24477127107357,1,0,73,73,0,7.35609214764951,2.24339548876612
74,15,1,1,2.24858144576475,2.24537541254664,1,0,74,74,0,7.30664475291271,2.24858144576475
75,15,1,1,2.25379874291825,2.24966321556023,1,0,75,75,0,7.26059230675302,2.25379874291825
76,15,1,1,2.25902402012913,2.26575048483421,1,0,76,76,0,7.21738989051362,2.25902402012913
77,15,1,1,2.26423391729991,2.27216138272183,1,0,77,77,0,7.17649258553768,2.26423391729991
78,15,1,1,2.26940507433309,2.27759510083782,1,0,78,78,0,7.13735547316838,2.26940507433309
79,15,1,1,2.2745141311312,2.28158044550373,1,0,79,79,0,7.0994336347489,2.2745141311312
80,15,1,1,2.27953929363627,2.26988404870263,1,0,80,80,0,7.06217555682942,2.27953929363627
81,15,1,1,2.28447415256273,2.27204317722192,1,0,81,81,0,7.02496493871373,2.28447415256273
82,15,1,1,2.28932103086143,2.30219880043383,1,0,82,82,0,6.98714870713991,2.28932103086143
83,15,1,1,2.29408235170977,2.30710352127273,1,0,83,83,0,6.94807336677928,2.29408235170977
84,15,1,1,2.29876053828512,2.32386310932722,1,0,84,84,0,6.90708542230315,2.29876053828512
85,15,1,1,2.30335801376487,2.32375385783604,1,0,85,85,0,6.86353137838283,2.30335801376487
86,15,1,1,2.30787720132642,2.31475548510932,1,0,86,86,0,6.81675773968965,2.30787720132642
87,15,1,1,2.31232052414715,2.29880494681109,1,0,87,87,0,6.76611101089491,2.31232052414715
88,15,1,1,2.31669102728982,2.3071237469351,1,0,88,88,0,6.71100827317731,2.31669102728982
89,15,1,1,2.32099559365613,2.3215881518554,1,0,89,89,0,6.65130215625415,2.32099559365613
90,15,1,1,2.32524256873005,2.31163278456885,1,0,90,90,0,6.58701127533228,2.32524256873005
91,15,1,1,2.32944030087465,2.32906935130989,1,0,91,91,0,6.51815457236166,2.32944030087465
92,15,1,1,2.333597138453,2.32998901818793,1,0,92,92,0,6.44475098929225,2.333597138453
93,15,1,1,2.33772142982818,2.27864934550031,1,0,93,93,0,6.366819468074,2.33772142982818
94,15,1,1,2.34182152336325,2.31546928645371,1,0,94,94,0,6.28437895065687,2.34182152336325
95,15,1,1,2.34590576742129,2.29758452662226,1,0,95,95,0,6.19744837899082,2.34590576742129
40,16,1,1,2.14665895719347,2.5512982011844,1,0,40,40,0,9.06575219870916,2.14665895719347
41,16,1,1,2.14822935649391,2.50245883305887,1,0,41,41,0,9.03785895535523,2.14822935649391
42,16,1,1,2.14980860399272,2.4229134842202,1,0,42,42,0,9.00991559524703,2.14980860399272
43,16,1,1,2.15140171623627,2.44759842023381,1,0,43,43,0,8.98189568879027,2.15140171623627
44,16,1,1,2.15301370977092,2.36077666599947,1,0,44,44,0,8.95377280639068,2.15301370977092
45,16,1,1,2.15464960114305,2.32503833557731,1,0,45,45,0,8.925520518454,2.15464960114305
46,16,1,1,2.15631440689902,2.15936629355589,1,0,46,46,0,8.89711239538595,2.15631440689902
47,16,1,1,2.1580131435852,2.22026298749994,1,0,47,47,0,8.86852200759226,2.1580131435852
48,16,1,1,2.15975083097082,2.12951268805299,1,0,48,48,0,8.8397227590743,2.15975083097082
49,16,1,1,2.16153412603854,2.09984661363091,1,0,49,49,0,8.81060352041456,2.16153412603854
50,16,1,1,2.16337398184489,2.16071220608098,1,0,50,50,0,8.78083134517318,2.16337398184489
51,16,1,1,2.16528204758436,2.13084876337825,1,0,51,51,0,8.75003734356688,2.16528204758436
52,16,1,1,2.16726997245148,2.1433163309267,1,0,52,52,0,8.71785262581233,2.16726997245148
53,16,1,1,2.16934940564075,2.12371085452136,1,0,53,53,0,8.68390830212623,2.16934940564075
54,16,1,1,2.17153199634668,2.10600964672668,1,0,54,54,0,8.64783548272529,2.17153199634668
55,16,1,1,2.17382939376379,2.14190922988873,1,0,55,55,0,8.6092652778262,2.17382939376379
56,16,1,1,2.17625324261668,2.12925049768678,1,0,56,56,0,8.56783035360184,2.17625324261668
57,16,1,1,2.17881479818976,2.16532524104055,1,0,57,57,0,8.52329893890834,2.17881479818976
58,16,1,1,2.18152462963749,2.16548585330182,1,0,58,58,0,8.47567810187735,2.18152462963749
59,16,1,1,2.18439323627212,2.17185509600428,1,0,59,59,0,8.42499922245597,2.18439323627212
60,16,1,1,2.18743111740589,2.19273872257046,1,0,60,60,0,8.37129368059136,2.18743111740589
61,16,1,1,2.19064877235105,2.1765537763653,1,0,61,61,0,8.31459285623063,2.19064877235105
62,16,1,1,2.19405670041984,2.16441423445719,1,0,62,62,0,8.25492812932093,2.19405670041984
63,16,1,1,2.1976654009245,2.19295504357603,1,0,63,63,0,8.19233087980939,2.1976654009245
64,16,1,1,2.2014850252714,2.20389417410365,1,0,64,64,0,8.12684489866402,2.2014850252714
65,16,1,1,2.20551423108697,2.20693389262864,1,0,65,65,0,8.05892400020957,2.20551423108697
66,16,1,1,2.2097378241889,2.20456751319977,1,0,66,66,0,7.98951614126909,2.2097378241889
67,16,1,1,2.21413978572908,2.20978410700065,1,0,67,67,0,7.91959869738178,2.21413978572908
68,16,1,1,2.21870409685937,2.21761899656066,1,0,68,68,0,7.85014904408688,2.21870409685937
69,16,1,1,2.22341473873165,2.22969484845566,1,0,69,69,0,7.7821445569236,2.22341473873165
70,16,1,1,2.22825569249779,2.23733693957653,1,0,70,70,0,7.71656261143116,2.22825569249779
71,16,1,1,2.23321093930967,2.22934519934625,1,0,71,71,0,7.65438058314878,2.23321093930967
72,16,1,1,2.23826423201986,2.23623414925707,1,0,72,72,0,7.59652850707703,2.23826423201986
73,16,1,1,2.24339548876612,2.24477127107357,1,0,73,73,0,7.54314124510629,2.24339548876612
74,16,1,1,2.24858144576475,2.24537541254664,1,0,74,74,0,7.49369385036949,2.24858144576475
75,16,1,1,2.25379874291825,2.24966321556023,1,0,75,75,0,7.4476414042098,2.25379874291825
76,16,1,1,2.25902402012913,2.26575048483421,1,0,76,76,0,7.4044389879704,2.25902402012913
77,16,1,1,2.26423391729991,2.27216138272183,1,0,77,77,0,7.36354168299446,2.26423391729991
78,16,1,1,2.26940507433309,2.27759510083782,1,0,78,78,0,7.32440457062516,2.26940507433309
79,16,1,1,2.2745141311312,2.28158044550373,1,0,79,79,0,7.28648273220568,2.2745141311312
80,16,1,1,2.27953929363627,2.26988404870263,1,0,80,80,0,7.24922465428619,2.27953929363627
81,16,1,1,2.28447415256273,2.27204317722192,1,0,81,81,0,7.21201403617051,2.28447415256273
82,16,1,1,2.28932103086143,2.30219880043383,1,0,82,82,0,7.17419780459669,2.28932103086143
83,16,1,1,2.29408235170977,2.30710352127273,1,0,83,83,0,7.13512246423606,2.29408235170977
84,16,1,1,2.29876053828512,2.32386310932722,1,0,84,84,0,7.09413451975993,2.29876053828512
85,16,1,1,2.30335801376487,2.32375385783604,1,0,85,85,0,7.05058047583961,2.30335801376487
86,16,1,1,2.30787720132642,2.31475548510932,1,0,86,86,0,7.00380683714643,2.30787720132642
87,16,1,1,2.31232052414715,2.29880494681109,1,0,87,87,0,6.95316010835169,2.31232052414715
88,16,1,1,2.31669102728982,2.3071237469351,1,0,88,88,0,6.89805737063409,2.31669102728982
89,16,1,1,2.32099559365613,2.3215881518554,1,0,89,89,0,6.83835125371092,2.32099559365613
90,16,1,1,2.32524256873005,2.31163278456885,1,0,90,90,0,6.77406037278905,2.32524256873005
91,16,1,1,2.32944030087465,2.32906935130989,1,0,91,91,0,6.70520366981844,2.32944030087465
92,16,1,1,2.333597138453,2.32998901818793,1,0,92,92,0,6.63180008674902,2.333597138453
93,16,1,1,2.33772142982818,2.27864934550031,1,0,93,93,0,6.55386856553078,2.33772142982818
94,16,1,1,2.34182152336325,2.31546928645371,1,0,94,94,0,6.47142804811365,2.34182152336325
95,16,1,1,2.34590576742129,2.29758452662226,1,0,95,95,0,6.3844974764476,2.34590576742129
40,17,1,1,2.14665895719347,2.5512982011844,0,1,40,0,40,9.25280129616593,2.14665895719347
41,17,1,1,2.14822935649391,2.50245883305887,0,1,41,0,41,9.22490805281201,2.14822935649391
42,17,1,1,2.14980860399272,2.4229134842202,0,1,42,0,42,9.1969646927038,2.14980860399272
43,17,1,1,2.15140171623627,2.44759842023381,0,1,43,0,43,9.16894478624704,2.15140171623627
44,17,1,1,2.15301370977092,2.36077666599947,0,1,44,0,44,9.14082190384745,2.15301370977092
45,17,1,1,2.15464960114305,2.32503833557731,0,1,45,0,45,9.11256961591077,2.15464960114305
46,17,1,1,2.15631440689902,2.15936629355589,0,1,46,0,46,9.08416149284272,2.15631440689902
47,17,1,1,2.1580131435852,2.22026298749994,0,1,47,0,47,9.05557110504903,2.1580131435852
48,17,1,1,2.15975083097082,2.12951268805299,0,1,48,0,48,9.02677185653107,2.15975083097082
49,17,1,1,2.16153412603854,2.09984661363091,0,1,49,0,49,8.99765261787133,2.16153412603854
50,17,1,1,2.16337398184489,2.16071220608098,0,1,50,0,50,8.96788044262996,2.16337398184489
51,17,1,1,2.16528204758436,2.13084876337825,0,1,51,0,51,8.93708644102365,2.16528204758436
52,17,1,1,2.16726997245148,2.1433163309267,0,1,52,0,52,8.9049017232691,2.16726997245148
53,17,1,1,2.16934940564075,2.12371085452136,0,1,53,0,53,8.87095739958301,2.16934940564075
54,17,1,1,2.17153199634668,2.10600964672668,0,1,54,0,54,8.83488458018207,2.17153199634668
55,17,1,1,2.17382939376379,2.14190922988873,0,1,55,0,55,8.79631437528298,2.17382939376379
56,17,1,1,2.17625324261668,2.12925049768678,0,1,56,0,56,8.75487945105861,2.17625324261668
57,17,1,1,2.17881479818976,2.16532524104055,0,1,57,0,57,8.71034803636512,2.17881479818976
58,17,1,1,2.18152462963749,2.16548585330182,0,1,58,0,58,8.66272719933412,2.18152462963749
59,17,1,1,2.18439323627212,2.17185509600428,0,1,59,0,59,8.61204831991274,2.18439323627212
60,17,1,1,2.18743111740589,2.19273872257046,0,1,60,0,60,8.55834277804813,2.18743111740589
61,17,1,1,2.19064877235105,2.1765537763653,0,1,61,0,61,8.50164195368741,2.19064877235105
62,17,1,1,2.19405670041984,2.16441423445719,0,1,62,0,62,8.44197722677771,2.19405670041984
63,17,1,1,2.1976654009245,2.19295504357603,0,1,63,0,63,8.37937997726617,2.1976654009245
64,17,1,1,2.2014850252714,2.20389417410365,0,1,64,0,64,8.3138939961208,2.2014850252714
65,17,1,1,2.20551423108697,2.20693389262864,0,1,65,0,65,8.24597309766635,2.20551423108697
66,17,1,1,2.2097378241889,2.20456751319977,0,1,66,0,66,8.17656523872586,2.2097378241889
67,17,1,1,2.21413978572908,2.20978410700065,0,1,67,0,67,8.10664779483856,2.21413978572908
68,17,1,1,2.21870409685937,2.21761899656066,0,1,68,0,68,8.03719814154366,2.21870409685937
69,17,1,1,2.22341473873165,2.22969484845566,0,1,69,0,69,7.96919365438038,2.22341473873165
70,17,1,1,2.22825569249779,2.23733693957653,0,1,70,0,70,7.90361170888794,2.22825569249779
71,17,1,1,2.23321093930967,2.22934519934625,0,1,71,0,71,7.84142968060556,2.23321093930967
72,17,1,1,2.23826423201986,2.23623414925707,0,1,72,0,72,7.7835776045338,2.23826423201986
73,17,1,1,2.24339548876612,2.24477127107357,0,1,73,0,73,7.73019034256307,2.24339548876612
74,17,1,1,2.24858144576475,2.24537541254664,0,1,74,0,74,7.68074294782626,2.24858144576475
75,17,1,1,2.25379874291825,2.24966321556023,0,1,75,0,75,7.63469050166657,2.25379874291825
76,17,1,1,2.25902402012913,2.26575048483421,0,1,76,0,76,7.59148808542717,2.25902402012913
77,17,1,1,2.26423391729991,2.27216138272183,0,1,77,0,77,7.55059078045123,2.26423391729991
78,17,1,1,2.26940507433309,2.27759510083782,0,1,78,0,78,7.51145366808194,2.26940507433309
79,17,1,1,2.2745141311312,2.28158044550373,0,1,79,0,79,7.47353182966245,2.2745141311312
80,17,1,1,2.27953929363627,2.26988404870263,0,1,80,0,80,7.43627375174297,2.27953929363627
81,17,1,1,2.28447415256273,2.27204317722192,0,1,81,0,81,7.39906313362728,2.28447415256273
82,17,1,1,2.28932103086143,2.30219880043383,0,1,82,0,82,7.36124690205347,2.28932103086143
83,17,1,1,2.29408235170977,2.30710352127273,0,1,83,0,83,7.32217156169283,2.29408235170977
84,17,1,1,2.29876053828512,2.32386310932722,0,1,84,0,84,7.2811836172167,2.29876053828512
85,17,1,1,2.30335801376487,2.32375385783604,0,1,85,0,85,7.23762957329639,2.30335801376487
86,17,1,1,2.30787720132642,2.31475548510932,0,1,86,0,86,7.1908559346032,2.30787720132642
87,17,1,1,2.31232052414715,2.29880494681109,0,1,87,0,87,7.14020920580846,2.31232052414715
88,17,1,1,2.31669102728982,2.3071237469351,0,1,88,0,88,7.08510646809087,2.31669102728982
89,17,1,1,2.32099559365613,2.3215881518554,0,1,89,0,89,7.0254003511677,2.32099559365613
90,17,1,1,2.32524256873005,2.31163278456885,0,1,90,0,90,6.96110947024583,2.32524256873005
91,17,1,1,2.32944030087465,2.32906935130989,0,1,91,0,91,6.89225276727521,2.32944030087465
92,17,1,1,2.333597138453,2.32998901818793,0,1,92,0,92,6.8188491842058,2.333597138453
93,17,1,1,2.33772142982818,2.27864934550031,0,1,93,0,93,6.74091766298755,2.33772142982818
94,17,1,1,2.34182152336325,2.31546928645371,0,1,94,0,94,6.65847714557043,2.34182152336325
95,17,1,1,2.34590576742129,2.29758452662226,0,1,95,0,95,6.57154657390437,2.34590576742129
40,18,1,1,2.14665895719347,2.5512982011844,0,1,40,0,40,9.43985039362271,2.14665895719347
41,18,1,1,2.14822935649391,2.50245883305887,0,1,41,0,41,9.41195715026879,2.14822935649391
42,18,1,1,2.14980860399272,2.4229134842202,0,1,42,0,42,9.38401379016058,2.14980860399272
43,18,1,1,2.15140171623627,2.44759842023381,0,1,43,0,43,9.35599388370382,2.15140171623627
44,18,1,1,2.15301370977092,2.36077666599947,0,1,44,0,44,9.32787100130423,2.15301370977092
45,18,1,1,2.15464960114305,2.32503833557731,0,1,45,0,45,9.29961871336755,2.15464960114305
46,18,1,1,2.15631440689902,2.15936629355589,0,1,46,0,46,9.2712105902995,2.15631440689902
47,18,1,1,2.1580131435852,2.22026298749994,0,1,47,0,47,9.24262020250581,2.1580131435852
48,18,1,1,2.15975083097082,2.12951268805299,0,1,48,0,48,9.21382095398785,2.15975083097082
49,18,1,1,2.16153412603854,2.09984661363091,0,1,49,0,49,9.18470171532811,2.16153412603854
50,18,1,1,2.16337398184489,2.16071220608098,0,1,50,0,50,9.15492954008673,2.16337398184489
51,18,1,1,2.16528204758436,2.13084876337825,0,1,51,0,51,9.12413553848043,2.16528204758436
52,18,1,1,2.16726997245148,2.1433163309267,0,1,52,0,52,9.09195082072588,2.16726997245148
53,18,1,1,2.16934940564075,2.12371085452136,0,1,53,0,53,9.05800649703978,2.16934940564075
54,18,1,1,2.17153199634668,2.10600964672668,0,1,54,0,54,9.02193367763885,2.17153199634668
55,18,1,1,2.17382939376379,2.14190922988873,0,1,55,0,55,8.98336347273975,2.17382939376379
56,18,1,1,2.17625324261668,2.12925049768678,0,1,56,0,56,8.94192854851539,2.17625324261668
57,18,1,1,2.17881479818976,2.16532524104055,0,1,57,0,57,8.8973971338219,2.17881479818976
58,18,1,1,2.18152462963749,2.16548585330182,0,1,58,0,58,8.8497762967909,2.18152462963749
59,18,1,1,2.18439323627212,2.17185509600428,0,1,59,0,59,8.79909741736952,2.18439323627212
60,18,1,1,2.18743111740589,2.19273872257046,0,1,60,0,60,8.74539187550491,2.18743111740589
61,18,1,1,2.19064877235105,2.1765537763653,0,1,61,0,61,8.68869105114419,2.19064877235105
62,18,1,1,2.19405670041984,2.16441423445719,0,1,62,0,62,8.62902632423449,2.19405670041984
63,18,1,1,2.1976654009245,2.19295504357603,0,1,63,0,63,8.56642907472294,2.1976654009245
64,18,1,1,2.2014850252714,2.20389417410365,0,1,64,0,64,8.50094309357757,2.2014850252714
65,18,1,1,2.20551423108697,2.20693389262864,0,1,65,0,65,8.43302219512312,2.20551423108697
66,18,1,1,2.2097378241889,2.20456751319977,0,1,66,0,66,8.36361433618264,2.2097378241889
67,18,1,1,2.21413978572908,2.20978410700065,0,1,67,0,67,8.29369689229534,2.21413978572908
68,18,1,1,2.21870409685937,2.21761899656066,0,1,68,0,68,8.22424723900043,2.21870409685937
69,18,1,1,2.22341473873165,2.22969484845566,0,1,69,0,69,8.15624275183715,2.22341473873165
70,18,1,1,2.22825569249779,2.23733693957653,0,1,70,0,70,8.09066080634471,2.22825569249779
71,18,1,1,2.23321093930967,2.22934519934625,0,1,71,0,71,8.02847877806233,2.23321093930967
72,18,1,1,2.23826423201986,2.23623414925707,0,1,72,0,72,7.97062670199058,2.23826423201986
73,18,1,1,2.24339548876612,2.24477127107357,0,1,73,0,73,7.91723944001984,2.24339548876612
74,18,1,1,2.24858144576475,2.24537541254664,0,1,74,0,74,7.86779204528304,2.24858144576475
75,18,1,1,2.25379874291825,2.24966321556023,0,1,75,0,75,7.82173959912335,2.25379874291825
76,18,1,1,2.25902402012913,2.26575048483421,0,1,76,0,76,7.77853718288395,2.25902402012913
77,18,1,1,2.26423391729991,2.27216138272183,0,1,77,0,77,7.73763987790801,2.26423391729991
78,18,1,1,2.26940507433309,2.27759510083782,0,1,78,0,78,7.69850276553871,2.26940507433309
79,18,1,1,2.2745141311312,2.28158044550373,0,1,79,0,79,7.66058092711923,2.2745141311312
80,18,1,1,2.27953929363627,2.26988404870263,0,1,80,0,80,7.62332284919975,2.27953929363627
81,18,1,1,2.28447415256273,2.27204317722192,0,1,81,0,81,7.58611223108406,2.28447415256273
82,18,1,1,2.28932103086143,2.30219880043383,0,1,82,0,82,7.54829599951024,2.28932103086143
83,18,1,1,2.29408235170977,2.30710352127273,0,1,83,0,83,7.50922065914961,2.29408235170977
84,18,1,1,2.29876053828512,2.32386310932722,0,1,84,0,84,7.46823271467348,2.29876053828512
85,18,1,1,2.30335801376487,2.32375385783604,0,1,85,0,85,7.42467867075316,2.30335801376487
86,18,1,1,2.30787720132642,2.31475548510932,0,1,86,0,86,7.37790503205998,2.30787720132642
87,18,1,1,2.31232052414715,2.29880494681109,0,1,87,0,87,7.32725830326524,2.31232052414715
88,18,1,1,2.31669102728982,2.3071237469351,0,1,88,0,88,7.27215556554764,2.31669102728982
89,18,1,1,2.32099559365613,2.3215881518554,0,1,89,0,89,7.21244944862448,2.32099559365613
90,18,1,1,2.32524256873005,2.31163278456885,0,1,90,0,90,7.1481585677026,2.32524256873005
91,18,1,1,2.32944030087465,2.32906935130989,0,1,91,0,91,7.07930186473199,2.32944030087465
92,18,1,1,2.333597138453,2.32998901818793,0,1,92,0,92,7.00589828166258,2.333597138453
93,18,1,1,2.33772142982818,2.27864934550031,0,1,93,0,93,6.92796676044433,2.33772142982818
94,18,1,1,2.34182152336325,2.31546928645371,0,1,94,0,94,6.8455262430272,2.34182152336325
95,18,1,1,2.34590576742129,2.29758452662226,0,1,95,0,95,6.75859567136115,2.34590576742129
40,19,1,1,2.14665895719347,2.5512982011844,0,1,40,0,40,9.62689949107948,2.14665895719347
41,19,1,1,2.14822935649391,2.50245883305887,0,1,41,0,41,9.59900624772556,2.14822935649391
42,19,1,1,2.14980860399272,2.4229134842202,0,1,42,0,42,9.57106288761735,2.14980860399272
43,19,1,1,2.15140171623627,2.44759842023381,0,1,43,0,43,9.54304298116059,2.15140171623627
44,19,1,1,2.15301370977092,2.36077666599947,0,1,44,0,44,9.514920098761,2.15301370977092
45,19,1,1,2.15464960114305,2.32503833557731,0,1,45,0,45,9.48666781082432,2.15464960114305
46,19,1,1,2.15631440689902,2.15936629355589,0,1,46,0,46,9.45825968775628,2.15631440689902
47,19,1,1,2.1580131435852,2.22026298749994,0,1,47,0,47,9.42966929996259,2.1580131435852
48,19,1,1,2.15975083097082,2.12951268805299,0,1,48,0,48,9.40087005144463,2.15975083097082
49,19,1,1,2.16153412603854,2.09984661363091,0,1,49,0,49,9.37175081278489,2.16153412603854
50,19,1,1,2.16337398184489,2.16071220608098,0,1,50,0,50,9.34197863754351,2.16337398184489
51,19,1,1,2.16528204758436,2.13084876337825,0,1,51,0,51,9.3111846359372,2.16528204758436
52,19,1,1,2.16726997245148,2.1433163309267,0,1,52,0,52,9.27899991818265,2.16726997245148
53,19,1,1,2.16934940564075,2.12371085452136,0,1,53,0,53,9.24505559449656,2.16934940564075
54,19,1,1,2.17153199634668,2.10600964672668,0,1,54,0,54,9.20898277509562,2.17153199634668
55,19,1,1,2.17382939376379,2.14190922988873,0,1,55,0,55,9.17041257019653,2.17382939376379
56,19,1,1,2.17625324261668,2.12925049768678,0,1,56,0,56,9.12897764597217,2.17625324261668
57,19,1,1,2.17881479818976,2.16532524104055,0,1,57,0,57,9.08444623127867,2.17881479818976
58,19,1,1,2.18152462963749,2.16548585330182,0,1,58,0,58,9.03682539424767,2.18152462963749
59,19,1,1,2.18439323627212,2.17185509600428,0,1,59,0,59,8.9861465148263,2.18439323627212
60,19,1,1,2.18743111740589,2.19273872257046,0,1,60,0,60,8.93244097296168,2.18743111740589
61,19,1,1,2.19064877235105,2.1765537763653,0,1,61,0,61,8.87574014860096,2.19064877235105
62,19,1,1,2.19405670041984,2.16441423445719,0,1,62,0,62,8.81607542169126,2.19405670041984
63,19,1,1,2.1976654009245,2.19295504357603,0,1,63,0,63,8.75347817217972,2.1976654009245
64,19,1,1,2.2014850252714,2.20389417410365,0,1,64,0,64,8.68799219103435,2.2014850252714
65,19,1,1,2.20551423108697,2.20693389262864,0,1,65,0,65,8.6200712925799,2.20551423108697
66,19,1,1,2.2097378241889,2.20456751319977,0,1,66,0,66,8.55066343363941,2.2097378241889
67,19,1,1,2.21413978572908,2.20978410700065,0,1,67,0,67,8.48074598975211,2.21413978572908
68,19,1,1,2.21870409685937,2.21761899656066,0,1,68,0,68,8.41129633645721,2.21870409685937
69,19,1,1,2.22341473873165,2.22969484845566,0,1,69,0,69,8.34329184929393,2.22341473873165
70,19,1,1,2.22825569249779,2.23733693957653,0,1,70,0,70,8.27770990380149,2.22825569249779
71,19,1,1,2.23321093930967,2.22934519934625,0,1,71,0,71,8.21552787551911,2.23321093930967
72,19,1,1,2.23826423201986,2.23623414925707,0,1,72,0,72,8.15767579944735,2.23826423201986
73,19,1,1,2.24339548876612,2.24477127107357,0,1,73,0,73,8.10428853747662,2.24339548876612
74,19,1,1,2.24858144576475,2.24537541254664,0,1,74,0,74,8.05484114273982,2.24858144576475
75,19,1,1,2.25379874291825,2.24966321556023,0,1,75,0,75,8.00878869658013,2.25379874291825
76,19,1,1,2.25902402012913,2.26575048483421,0,1,76,0,76,7.96558628034072,2.25902402012913
77,19,1,1,2.26423391729991,2.27216138272183,0,1,77,0,77,7.92468897536479,2.26423391729991
78,19,1,1,2.26940507433309,2.27759510083782,0,1,78,0,78,7.88555186299549,2.26940507433309
79,19,1,1,2.2745141311312,2.28158044550373,0,1,79,0,79,7.847630024576,2.2745141311312
80,19,1,1,2.27953929363627,2.26988404870263,0,1,80,0,80,7.81037194665652,2.27953929363627
81,19,1,1,2.28447415256273,2.27204317722192,0,1,81,0,81,7.77316132854083,2.28447415256273
82,19,1,1,2.28932103086143,2.30219880043383,0,1,82,0,82,7.73534509696702,2.28932103086143
83,19,1,1,2.29408235170977,2.30710352127273,0,1,83,0,83,7.69626975660639,2.29408235170977
84,19,1,1,2.29876053828512,2.32386310932722,0,1,84,0,84,7.65528181213025,2.29876053828512
85,19,1,1,2.30335801376487,2.32375385783604,0,1,85,0,85,7.61172776820994,2.30335801376487
86,19,1,1,2.30787720132642,2.31475548510932,0,1,86,0,86,7.56495412951675,2.30787720132642
87,19,1,1,2.31232052414715,2.29880494681109,0,1,87,0,87,7.51430740072201,2.31232052414715
88,19,1,1,2.31669102728982,2.3071237469351,0,1,88,0,88,7.45920466300442,2.31669102728982
89,19,1,1,2.32099559365613,2.3215881518554,0,1,89,0,89,7.39949854608125,2.32099559365613
90,19,1,1,2.32524256873005,2.31163278456885,0,1,90,0,90,7.33520766515938,2.32524256873005
91,19,1,1,2.32944030087465,2.32906935130989,0,1,91,0,91,7.26635096218876,2.32944030087465
92,19,1,1,2.333597138453,2.32998901818793,0,1,92,0,92,7.19294737911935,2.333597138453
93,19,1,1,2.33772142982818,2.27864934550031,0,1,93,0,93,7.1150158579011,2.33772142982818
94,19,1,1,2.34182152336325,2.31546928645371,0,1,94,0,94,7.03257534048398,2.34182152336325
95,19,1,1,2.34590576742129,2.29758452662226,0,1,95,0,95,6.94564476881793,2.34590576742129
40,20,1,1,2.14665895719347,2.5512982011844,0,1,40,0,40,9.81394858853626,2.14665895719347
41,20,1,1,2.14822935649391,2.50245883305887,0,1,41,0,41,9.78605534518234,2.14822935649391
42,20,1,1,2.14980860399272,2.4229134842202,0,1,42,0,42,9.75811198507413,2.14980860399272
43,20,1,1,2.15140171623627,2.44759842023381,0,1,43,0,43,9.73009207861737,2.15140171623627
44,20,1,1,2.15301370977092,2.36077666599947,0,1,44,0,44,9.70196919621778,2.15301370977092
45,20,1,1,2.15464960114305,2.32503833557731,0,1,45,0,45,9.6737169082811,2.15464960114305
46,20,1,1,2.15631440689902,2.15936629355589,0,1,46,0,46,9.64530878521305,2.15631440689902
47,20,1,1,2.1580131435852,2.22026298749994,0,1,47,0,47,9.61671839741936,2.1580131435852
48,20,1,1,2.15975083097082,2.12951268805299,0,1,48,0,48,9.5879191489014,2.15975083097082
49,20,1,1,2.16153412603854,2.09984661363091,0,1,49,0,49,9.55879991024166,2.16153412603854
50,20,1,1,2.16337398184489,2.16071220608098,0,1,50,0,50,9.52902773500029,2.16337398184489
51,20,1,1,2.16528204758436,2.13084876337825,0,1,51,0,51,9.49823373339398,2.16528204758436
52,20,1,1,2.16726997245148,2.1433163309267,0,1,52,0,52,9.46604901563943,2.16726997245148
53,20,1,1,2.16934940564075,2.12371085452136,0,1,53,0,53,9.43210469195334,2.16934940564075
54,20,1,1,2.17153199634668,2.10600964672668,0,1,54,0,54,9.3960318725524,2.17153199634668
55,20,1,1,2.17382939376379,2.14190922988873,0,1,55,0,55,9.35746166765331,2.17382939376379
56,20,1,1,2.17625324261668,2.12925049768678,0,1,56,0,56,9.31602674342894,2.17625324261668
57,20,1,1,2.17881479818976,2.16532524104055,0,1,57,0,57,9.27149532873545,2.17881479818976
58,20,1,1,2.18152462963749,2.16548585330182,0,1,58,0,58,9.22387449170445,2.18152462963749
59,20,1,1,2.18439323627212,2.17185509600428,0,1,59,0,59,9.17319561228307,2.18439323627212
60,20,1,1,2.18743111740589,2.19273872257046,0,1,60,0,60,9.11949007041846,2.18743111740589
61,20,1,1,2.19064877235105,2.1765537763653,0,1,61,0,61,9.06278924605774,2.19064877235105
62,20,1,1,2.19405670041984,2.16441423445719,0,1,62,0,62,9.00312451914804,2.19405670041984
63,20,1,1,2.1976654009245,2.19295504357603,0,1,63,0,63,8.9405272696365,2.1976654009245
64,20,1,1,2.2014850252714,2.20389417410365,0,1,64,0,64,8.87504128849112,2.2014850252714
65,20,1,1,2.20551423108697,2.20693389262864,0,1,65,0,65,8.80712039003668,2.20551423108697
66,20,1,1,2.2097378241889,2.20456751319977,0,1,66,0,66,8.73771253109619,2.2097378241889
67,20,1,1,2.21413978572908,2.20978410700065,0,1,67,0,67,8.66779508720889,2.21413978572908
68,20,1,1,2.21870409685937,2.21761899656066,0,1,68,0,68,8.59834543391399,2.21870409685937
69,20,1,1,2.22341473873165,2.22969484845566,0,1,69,0,69,8.5303409467507,2.22341473873165
70,20,1,1,2.22825569249779,2.23733693957653,0,1,70,0,70,8.46475900125826,2.22825569249779
71,20,1,1,2.23321093930967,2.22934519934625,0,1,71,0,71,8.40257697297588,2.23321093930967
72,20,1,1,2.23826423201986,2.23623414925707,0,1,72,0,72,8.34472489690413,2.23826423201986
73,20,1,1,2.24339548876612,2.24477127107357,0,1,73,0,73,8.2913376349334,2.24339548876612
74,20,1,1,2.24858144576475,2.24537541254664,0,1,74,0,74,8.24189024019659,2.24858144576475
75,20,1,1,2.25379874291825,2.24966321556023,0,1,75,0,75,8.1958377940369,2.25379874291825
76,20,1,1,2.25902402012913,2.26575048483421,0,1,76,0,76,8.1526353777975,2.25902402012913
77,20,1,1,2.26423391729991,2.27216138272183,0,1,77,0,77,8.11173807282156,2.26423391729991
78,20,1,1,2.26940507433309,2.27759510083782,0,1,78,0,78,8.07260096045226,2.26940507433309
79,20,1,1,2.2745141311312,2.28158044550373,0,1,79,0,79,8.03467912203278,2.2745141311312
80,20,1,1,2.27953929363627,2.26988404870263,0,1,80,0,80,7.9974210441133,2.27953929363627
81,20,1,1,2.28447415256273,2.27204317722192,0,1,81,0,81,7.96021042599761,2.28447415256273
82,20,1,1,2.28932103086143,2.30219880043383,0,1,82,0,82,7.9223941944238,2.28932103086143
83,20,1,1,2.29408235170977,2.30710352127273,0,1,83,0,83,7.88331885406316,2.29408235170977
84,20,1,1,2.29876053828512,2.32386310932722,0,1,84,0,84,7.84233090958703,2.29876053828512
85,20,1,1,2.30335801376487,2.32375385783604,0,1,85,0,85,7.79877686566671,2.30335801376487
86,20,1,1,2.30787720132642,2.31475548510932,0,1,86,0,86,7.75200322697353,2.30787720132642
87,20,1,1,2.31232052414715,2.29880494681109,0,1,87,0,87,7.70135649817879,2.31232052414715
88,20,1,1,2.31669102728982,2.3071237469351,0,1,88,0,88,7.64625376046119,2.31669102728982
89,20,1,1,2.32099559365613,2.3215881518554,0,1,89,0,89,7.58654764353803,2.32099559365613
90,20,1,1,2.32524256873005,2.31163278456885,0,1,90,0,90,7.52225676261616,2.32524256873005
91,20,1,1,2.32944030087465,2.32906935130989,0,1,91,0,91,7.45340005964554,2.32944030087465
92,20,1,1,2.333597138453,2.32998901818793,0,1,92,0,92,7.37999647657613,2.333597138453
93,20,1,1,2.33772142982818,2.27864934550031,0,1,93,0,93,7.30206495535788,2.33772142982818
94,20,1,1,2.34182152336325,2.31546928645371,0,1,94,0,94,7.21962443794076,2.34182152336325
95,20,1,1,2.34590576742129,2.29758452662226,0,1,95,0,95,7.1326938662747,2.34590576742129
40,21,1,1,2.14665895719347,2.5512982011844,0,1,40,0,40,10.000997685993,2.14665895719347
41,21,1,1,2.14822935649391,2.50245883305887,0,1,41,0,41,9.97310444263911,2.14822935649391
42,21,1,1,2.14980860399272,2.4229134842202,0,1,42,0,42,9.9451610825309,2.14980860399272
43,21,1,1,2.15140171623627,2.44759842023381,0,1,43,0,43,9.91714117607415,2.15140171623627
44,21,1,1,2.15301370977092,2.36077666599947,0,1,44,0,44,9.88901829367456,2.15301370977092
45,21,1,1,2.15464960114305,2.32503833557731,0,1,45,0,45,9.86076600573787,2.15464960114305
46,21,1,1,2.15631440689902,2.15936629355589,0,1,46,0,46,9.83235788266983,2.15631440689902
47,21,1,1,2.1580131435852,2.22026298749994,0,1,47,0,47,9.80376749487614,2.1580131435852
48,21,1,1,2.15975083097082,2.12951268805299,0,1,48,0,48,9.77496824635818,2.15975083097082
49,21,1,1,2.16153412603854,2.09984661363091,0,1,49,0,49,9.74584900769844,2.16153412603854
50,21,1,1,2.16337398184489,2.16071220608098,0,1,50,0,50,9.71607683245706,2.16337398184489
51,21,1,1,2.16528204758436,2.13084876337825,0,1,51,0,51,9.68528283085075,2.16528204758436
52,21,1,1,2.16726997245148,2.1433163309267,0,1,52,0,52,9.65309811309621,2.16726997245148
53,21,1,1,2.16934940564075,2.12371085452136,0,1,53,0,53,9.61915378941011,2.16934940564075
54,21,1,1,2.17153199634668,2.10600964672668,0,1,54,0,54,9.58308097000917,2.17153199634668
55,21,1,1,2.17382939376379,2.14190922988873,0,1,55,0,55,9.54451076511008,2.17382939376379
56,21,1,1,2.17625324261668,2.12925049768678,0,1,56,0,56,9.50307584088572,2.17625324261668
57,21,1,1,2.17881479818976,2.16532524104055,0,1,57,0,57,9.45854442619222,2.17881479818976
58,21,1,1,2.18152462963749,2.16548585330182,0,1,58,0,58,9.41092358916123,2.18152462963749
59,21,1,1,2.18439323627212,2.17185509600428,0,1,59,0,59,9.36024470973985,2.18439323627212
60,21,1,1,2.18743111740589,2.19273872257046,0,1,60,0,60,9.30653916787524,2.18743111740589
61,21,1,1,2.19064877235105,2.1765537763653,0,1,61,0,61,9.24983834351452,2.19064877235105
62,21,1,1,2.19405670041984,2.16441423445719,0,1,62,0,62,9.19017361660481,2.19405670041984
63,21,1,1,2.1976654009245,2.19295504357603,0,1,63,0,63,9.12757636709327,2.1976654009245
64,21,1,1,2.2014850252714,2.20389417410365,0,1,64,0,64,9.0620903859479,2.2014850252714
65,21,1,1,2.20551423108697,2.20693389262864,0,1,65,0,65,8.99416948749345,2.20551423108697
66,21,1,1,2.2097378241889,2.20456751319977,0,1,66,0,66,8.92476162855297,2.2097378241889
67,21,1,1,2.21413978572908,2.20978410700065,0,1,67,0,67,8.85484418466566,2.21413978572908
68,21,1,1,2.21870409685937,2.21761899656066,0,1,68,0,68,8.78539453137076,2.21870409685937
69,21,1,1,2.22341473873165,2.22969484845566,0,1,69,0,69,8.71739004420748,2.22341473873165
70,21,1,1,2.22825569249779,2.23733693957653,0,1,70,0,70,8.65180809871504,2.22825569249779
71,21,1,1,2.23321093930967,2.22934519934625,0,1,71,0,71,8.58962607043266,2.23321093930967
72,21,1,1,2.23826423201986,2.23623414925707,0,1,72,0,72,8.53177399436091,2.23826423201986
73,21,1,1,2.24339548876612,2.24477127107357,0,1,73,0,73,8.47838673239017,2.24339548876612
74,21,1,1,2.24858144576475,2.24537541254664,0,1,74,0,74,8.42893933765337,2.24858144576475
75,21,1,1,2.25379874291825,2.24966321556023,0,1,75,0,75,8.38288689149368,2.25379874291825
76,21,1,1,2.25902402012913,2.26575048483421,0,1,76,0,76,8.33968447525428,2.25902402012913
77,21,1,1,2.26423391729991,2.27216138272183,0,1,77,0,77,8.29878717027834,2.26423391729991
78,21,1,1,2.26940507433309,2.27759510083782,0,1,78,0,78,8.25965005790904,2.26940507433309
79,21,1,1,2.2745141311312,2.28158044550373,0,1,79,0,79,8.22172821948956,2.2745141311312
80,21,1,1,2.27953929363627,2.26988404870263,0,1,80,0,80,8.18447014157007,2.27953929363627
81,21,1,1,2.28447415256273,2.27204317722192,0,1,81,0,81,8.14725952345439,2.28447415256273
82,21,1,1,2.28932103086143,2.30219880043383,0,1,82,0,82,8.10944329188057,2.28932103086143
83,21,1,1,2.29408235170977,2.30710352127273,0,1,83,0,83,8.07036795151994,2.29408235170977
84,21,1,1,2.29876053828512,2.32386310932722,0,1,84,0,84,8.02938000704381,2.29876053828512
85,21,1,1,2.30335801376487,2.32375385783604,0,1,85,0,85,7.98582596312349,2.30335801376487
86,21,1,1,2.30787720132642,2.31475548510932,0,1,86,0,86,7.9390523244303,2.30787720132642
87,21,1,1,2.31232052414715,2.29880494681109,0,1,87,0,87,7.88840559563557,2.31232052414715
88,21,1,1,2.31669102728982,2.3071237469351,0,1,88,0,88,7.83330285791797,2.31669102728982
89,21,1,1,2.32099559365613,2.3215881518554,0,1,89,0,89,7.7735967409948,2.32099559365613
90,21,1,1,2.32524256873005,2.31163278456885,0,1,90,0,90,7.70930586007293,2.32524256873005
91,21,1,1,2.32944030087465,2.32906935130989,0,1,91,0,91,7.64044915710231,2.32944030087465
92,21,1,1,2.333597138453,2.32998901818793,0,1,92,0,92,7.5670455740329,2.333597138453
93,21,1,1,2.33772142982818,2.27864934550031,0,1,93,0,93,7.48911405281466,2.33772142982818
94,21,1,1,2.34182152336325,2.31546928645371,0,1,94,0,94,7.40667353539753,2.34182152336325
95,21,1,1,2.34590576742129,2.29758452662226,0,1,95,0,95,7.31974296373148,2.34590576742129
40,22,1,1,2.14665895719347,2.5512982011844,0,1,40,0,40,10.1880467834498,2.14665895719347
41,22,1,1,2.14822935649391,2.50245883305887,0,1,41,0,41,10.1601535400959,2.14822935649391
42,22,1,1,2.14980860399272,2.4229134842202,0,1,42,0,42,10.1322101799877,2.14980860399272
43,22,1,1,2.15140171623627,2.44759842023381,0,1,43,0,43,10.1041902735309,2.15140171623627
44,22,1,1,2.15301370977092,2.36077666599947,0,1,44,0,44,10.0760673911313,2.15301370977092
45,22,1,1,2.15464960114305,2.32503833557731,0,1,45,0,45,10.0478151031947,2.15464960114305
46,22,1,1,2.15631440689902,2.15936629355589,0,1,46,0,46,10.0194069801266,2.15631440689902
47,22,1,1,2.1580131435852,2.22026298749994,0,1,47,0,47,9.99081659233292,2.1580131435852
48,22,1,1,2.15975083097082,2.12951268805299,0,1,48,0,48,9.96201734381495,2.15975083097082
49,22,1,1,2.16153412603854,2.09984661363091,0,1,49,0,49,9.93289810515521,2.16153412603854
50,22,1,1,2.16337398184489,2.16071220608098,0,1,50,0,50,9.90312592991384,2.16337398184489
51,22,1,1,2.16528204758436,2.13084876337825,0,1,51,0,51,9.87233192830753,2.16528204758436
52,22,1,1,2.16726997245148,2.1433163309267,0,1,52,0,52,9.84014721055298,2.16726997245148
53,22,1,1,2.16934940564075,2.12371085452136,0,1,53,0,53,9.80620288686689,2.16934940564075
54,22,1,1,2.17153199634668,2.10600964672668,0,1,54,0,54,9.77013006746595,2.17153199634668
55,22,1,1,2.17382939376379,2.14190922988873,0,1,55,0,55,9.73155986256686,2.17382939376379
56,22,1,1,2.17625324261668,2.12925049768678,0,1,56,0,56,9.69012493834249,2.17625324261668
57,22,1,1,2.17881479818976,2.16532524104055,0,1,57,0,57,9.645593523649,2.17881479818976
58,22,1,1,2.18152462963749,2.16548585330182,0,1,58,0,58,9.597972686618,2.18152462963749
59,22,1,1,2.18439323627212,2.17185509600428,0,1,59,0,59,9.54729380719663,2.18439323627212
60,22,1,1,2.18743111740589,2.19273872257046,0,1,60,0,60,9.49358826533201,2.18743111740589
61,22,1,1,2.19064877235105,2.1765537763653,0,1,61,0,61,9.43688744097129,2.19064877235105
62,22,1,1,2.19405670041984,2.16441423445719,0,1,62,0,62,9.37722271406159,2.19405670041984
63,22,1,1,2.1976654009245,2.19295504357603,0,1,63,0,63,9.31462546455005,2.1976654009245
64,22,1,1,2.2014850252714,2.20389417410365,0,1,64,0,64,9.24913948340468,2.2014850252714
65,22,1,1,2.20551423108697,2.20693389262864,0,1,65,0,65,9.18121858495023,2.20551423108697
66,22,1,1,2.2097378241889,2.20456751319977,0,1,66,0,66,9.11181072600974,2.2097378241889
67,22,1,1,2.21413978572908,2.20978410700065,0,1,67,0,67,9.04189328212244,2.21413978572908
68,22,1,1,2.21870409685937,2.21761899656066,0,1,68,0,68,8.97244362882754,2.21870409685937
69,22,1,1,2.22341473873165,2.22969484845566,0,1,69,0,69,8.90443914166426,2.22341473873165
70,22,1,1,2.22825569249779,2.23733693957653,0,1,70,0,70,8.83885719617182,2.22825569249779
71,22,1,1,2.23321093930967,2.22934519934625,0,1,71,0,71,8.77667516788944,2.23321093930967
72,22,1,1,2.23826423201986,2.23623414925707,0,1,72,0,72,8.71882309181768,2.23826423201986
73,22,1,1,2.24339548876612,2.24477127107357,0,1,73,0,73,8.66543582984695,2.24339548876612
74,22,1,1,2.24858144576475,2.24537541254664,0,1,74,0,74,8.61598843511015,2.24858144576475
75,22,1,1,2.25379874291825,2.24966321556023,0,1,75,0,75,8.56993598895046,2.25379874291825
76,22,1,1,2.25902402012913,2.26575048483421,0,1,76,0,76,8.52673357271106,2.25902402012913
77,22,1,1,2.26423391729991,2.27216138272183,0,1,77,0,77,8.48583626773511,2.26423391729991
78,22,1,1,2.26940507433309,2.27759510083782,0,1,78,0,78,8.44669915536582,2.26940507433309
79,22,1,1,2.2745141311312,2.28158044550373,0,1,79,0,79,8.40877731694633,2.2745141311312
80,22,1,1,2.27953929363627,2.26988404870263,0,1,80,0,80,8.37151923902685,2.27953929363627
81,22,1,1,2.28447415256273,2.27204317722192,0,1,81,0,81,8.33430862091116,2.28447415256273
82,22,1,1,2.28932103086143,2.30219880043383,0,1,82,0,82,8.29649238933735,2.28932103086143
83,22,1,1,2.29408235170977,2.30710352127273,0,1,83,0,83,8.25741704897671,2.29408235170977
84,22,1,1,2.29876053828512,2.32386310932722,0,1,84,0,84,8.21642910450058,2.29876053828512
85,22,1,1,2.30335801376487,2.32375385783604,0,1,85,0,85,8.17287506058027,2.30335801376487
86,22,1,1,2.30787720132642,2.31475548510932,0,1,86,0,86,8.12610142188708,2.30787720132642
87,22,1,1,2.31232052414715,2.29880494681109,0,1,87,0,87,8.07545469309234,2.31232052414715
88,22,1,1,2.31669102728982,2.3071237469351,0,1,88,0,88,8.02035195537475,2.31669102728982
89,22,1,1,2.32099559365613,2.3215881518554,0,1,89,0,89,7.96064583845158,2.32099559365613
90,22,1,1,2.32524256873005,2.31163278456885,0,1,90,0,90,7.89635495752971,2.32524256873005
91,22,1,1,2.32944030087465,2.32906935130989,0,1,91,0,91,7.82749825455909,2.32944030087465
92,22,1,1,2.333597138453,2.32998901818793,0,1,92,0,92,7.75409467148968,2.333597138453
93,22,1,1,2.33772142982818,2.27864934550031,0,1,93,0,93,7.67616315027144,2.33772142982818
94,22,1,1,2.34182152336325,2.31546928645371,0,1,94,0,94,7.59372263285431,2.34182152336325
95,22,1,1,2.34590576742129,2.29758452662226,0,1,95,0,95,7.50679206118825,2.34590576742129
40,23,1,1,2.14665895719347,2.5512982011844,0,1,40,0,40,10.3750958809066,2.14665895719347
41,23,1,1,2.14822935649391,2.50245883305887,0,1,41,0,41,10.3472026375527,2.14822935649391
42,23,1,1,2.14980860399272,2.4229134842202,0,1,42,0,42,10.3192592774445,2.14980860399272
43,23,1,1,2.15140171623627,2.44759842023381,0,1,43,0,43,10.2912393709877,2.15140171623627
44,23,1,1,2.15301370977092,2.36077666599947,0,1,44,0,44,10.2631164885881,2.15301370977092
45,23,1,1,2.15464960114305,2.32503833557731,0,1,45,0,45,10.2348642006514,2.15464960114305
46,23,1,1,2.15631440689902,2.15936629355589,0,1,46,0,46,10.2064560775834,2.15631440689902
47,23,1,1,2.1580131435852,2.22026298749994,0,1,47,0,47,10.1778656897897,2.1580131435852
48,23,1,1,2.15975083097082,2.12951268805299,0,1,48,0,48,10.1490664412717,2.15975083097082
49,23,1,1,2.16153412603854,2.09984661363091,0,1,49,0,49,10.119947202612,2.16153412603854
50,23,1,1,2.16337398184489,2.16071220608098,0,1,50,0,50,10.0901750273706,2.16337398184489
51,23,1,1,2.16528204758436,2.13084876337825,0,1,51,0,51,10.0593810257643,2.16528204758436
52,23,1,1,2.16726997245148,2.1433163309267,0,1,52,0,52,10.0271963080098,2.16726997245148
53,23,1,1,2.16934940564075,2.12371085452136,0,1,53,0,53,9.99325198432366,2.16934940564075
54,23,1,1,2.17153199634668,2.10600964672668,0,1,54,0,54,9.95717916492272,2.17153199634668
55,23,1,1,2.17382939376379,2.14190922988873,0,1,55,0,55,9.91860896002363,2.17382939376379
56,23,1,1,2.17625324261668,2.12925049768678,0,1,56,0,56,9.87717403579927,2.17625324261668
57,23,1,1,2.17881479818976,2.16532524104055,0,1,57,0,57,9.83264262110577,2.17881479818976
58,23,1,1,2.18152462963749,2.16548585330182,0,1,58,0,58,9.78502178407478,2.18152462963749
59,23,1,1,2.18439323627212,2.17185509600428,0,1,59,0,59,9.7343429046534,2.18439323627212
60,23,1,1,2.18743111740589,2.19273872257046,0,1,60,0,60,9.68063736278879,2.18743111740589
61,23,1,1,2.19064877235105,2.1765537763653,0,1,61,0,61,9.62393653842807,2.19064877235105
62,23,1,1,2.19405670041984,2.16441423445719,0,1,62,0,62,9.56427181151837,2.19405670041984
63,23,1,1,2.1976654009245,2.19295504357603,0,1,63,0,63,9.50167456200682,2.1976654009245
64,23,1,1,2.2014850252714,2.20389417410365,0,1,64,0,64,9.43618858086145,2.2014850252714
65,23,1,1,2.20551423108697,2.20693389262864,0,1,65,0,65,9.368267682407,2.20551423108697
66,23,1,1,2.2097378241889,2.20456751319977,0,1,66,0,66,9.29885982346652,2.2097378241889
67,23,1,1,2.21413978572908,2.20978410700065,0,1,67,0,67,9.22894237957922,2.21413978572908
68,23,1,1,2.21870409685937,2.21761899656066,0,1,68,0,68,9.15949272628431,2.21870409685937
69,23,1,1,2.22341473873165,2.22969484845566,0,1,69,0,69,9.09148823912103,2.22341473873165
70,23,1,1,2.22825569249779,2.23733693957653,0,1,70,0,70,9.02590629362859,2.22825569249779
71,23,1,1,2.23321093930967,2.22934519934625,0,1,71,0,71,8.96372426534621,2.23321093930967
72,23,1,1,2.23826423201986,2.23623414925707,0,1,72,0,72,8.90587218927446,2.23826423201986
73,23,1,1,2.24339548876612,2.24477127107357,0,1,73,0,73,8.85248492730372,2.24339548876612
74,23,1,1,2.24858144576475,2.24537541254664,0,1,74,0,74,8.80303753256692,2.24858144576475
75,23,1,1,2.25379874291825,2.24966321556023,0,1,75,0,75,8.75698508640723,2.25379874291825
76,23,1,1,2.25902402012913,2.26575048483421,0,1,76,0,76,8.71378267016783,2.25902402012913
77,23,1,1,2.26423391729991,2.27216138272183,0,1,77,0,77,8.67288536519189,2.26423391729991
78,23,1,1,2.26940507433309,2.27759510083782,0,1,78,0,78,8.63374825282259,2.26940507433309
79,23,1,1,2.2745141311312,2.28158044550373,0,1,79,0,79,8.59582641440311,2.2745141311312
80,23,1,1,2.27953929363627,2.26988404870263,0,1,80,0,80,8.55856833648362,2.27953929363627
81,23,1,1,2.28447415256273,2.27204317722192,0,1,81,0,81,8.52135771836794,2.28447415256273
82,23,1,1,2.28932103086143,2.30219880043383,0,1,82,0,82,8.48354148679412,2.28932103086143
83,23,1,1,2.29408235170977,2.30710352127273,0,1,83,0,83,8.44446614643349,2.29408235170977
84,23,1,1,2.29876053828512,2.32386310932722,0,1,84,0,84,8.40347820195736,2.29876053828512
85,23,1,1,2.30335801376487,2.32375385783604,0,1,85,0,85,8.35992415803704,2.30335801376487
86,23,1,1,2.30787720132642,2.31475548510932,0,1,86,0,86,8.31315051934386,2.30787720132642
87,23,1,1,2.31232052414715,2.29880494681109,0,1,87,0,87,8.26250379054912,2.31232052414715
88,23,1,1,2.31669102728982,2.3071237469351,0,1,88,0,88,8.20740105283152,2.31669102728982
89,23,1,1,2.32099559365613,2.3215881518554,0,1,89,0,89,8.14769493590835,2.32099559365613
90,23,1,1,2.32524256873005,2.31163278456885,0,1,90,0,90,8.08340405498648,2.32524256873005
91,23,1,1,2.32944030087465,2.32906935130989,0,1,91,0,91,8.01454735201587,2.32944030087465
92,23,1,1,2.333597138453,2.32998901818793,0,1,92,0,92,7.94114376894646,2.333597138453
93,23,1,1,2.33772142982818,2.27864934550031,0,1,93,0,93,7.86321224772821,2.33772142982818
94,23,1,1,2.34182152336325,2.31546928645371,0,1,94,0,94,7.78077173031108,2.34182152336325
95,23,1,1,2.34590576742129,2.29758452662226,0,1,95,0,95,7.69384115864503,2.34590576742129
40,24,1,1,2.14665895719347,2.5512982011844,0,1,40,0,40,10.5621449783634,2.14665895719347
41,24,1,1,2.14822935649391,2.50245883305887,0,1,41,0,41,10.5342517350094,2.14822935649391
42,24,1,1,2.14980860399272,2.4229134842202,0,1,42,0,42,10.5063083749012,2.14980860399272
43,24,1,1,2.15140171623627,2.44759842023381,0,1,43,0,43,10.4782884684445,2.15140171623627
44,24,1,1,2.15301370977092,2.36077666599947,0,1,44,0,44,10.4501655860449,2.15301370977092
45,24,1,1,2.15464960114305,2.32503833557731,0,1,45,0,45,10.4219132981082,2.15464960114305
46,24,1,1,2.15631440689902,2.15936629355589,0,1,46,0,46,10.3935051750402,2.15631440689902
47,24,1,1,2.1580131435852,2.22026298749994,0,1,47,0,47,10.3649147872465,2.1580131435852
48,24,1,1,2.15975083097082,2.12951268805299,0,1,48,0,48,10.3361155387285,2.15975083097082
49,24,1,1,2.16153412603854,2.09984661363091,0,1,49,0,49,10.3069963000688,2.16153412603854
50,24,1,1,2.16337398184489,2.16071220608098,0,1,50,0,50,10.2772241248274,2.16337398184489
51,24,1,1,2.16528204758436,2.13084876337825,0,1,51,0,51,10.2464301232211,2.16528204758436
52,24,1,1,2.16726997245148,2.1433163309267,0,1,52,0,52,10.2142454054665,2.16726997245148
53,24,1,1,2.16934940564075,2.12371085452136,0,1,53,0,53,10.1803010817804,2.16934940564075
54,24,1,1,2.17153199634668,2.10600964672668,0,1,54,0,54,10.1442282623795,2.17153199634668
55,24,1,1,2.17382939376379,2.14190922988873,0,1,55,0,55,10.1056580574804,2.17382939376379
56,24,1,1,2.17625324261668,2.12925049768678,0,1,56,0,56,10.064223133256,2.17625324261668
57,24,1,1,2.17881479818976,2.16532524104055,0,1,57,0,57,10.0196917185626,2.17881479818976
58,24,1,1,2.18152462963749,2.16548585330182,0,1,58,0,58,9.97207088153155,2.18152462963749
59,24,1,1,2.18439323627212,2.17185509600428,0,1,59,0,59,9.92139200211018,2.18439323627212
60,24,1,1,2.18743111740589,2.19273872257046,0,1,60,0,60,9.86768646024557,2.18743111740589
61,24,1,1,2.19064877235105,2.1765537763653,0,1,61,0,61,9.81098563588484,2.19064877235105
62,24,1,1,2.19405670041984,2.16441423445719,0,1,62,0,62,9.75132090897514,2.19405670041984
63,24,1,1,2.1976654009245,2.19295504357603,0,1,63,0,63,9.6887236594636,2.1976654009245
64,24,1,1,2.2014850252714,2.20389417410365,0,1,64,0,64,9.62323767831823,2.2014850252714
65,24,1,1,2.20551423108697,2.20693389262864,0,1,65,0,65,9.55531677986378,2.20551423108697
66,24,1,1,2.2097378241889,2.20456751319977,0,1,66,0,66,9.4859089209233,2.2097378241889
67,24,1,1,2.21413978572908,2.20978410700065,0,1,67,0,67,9.41599147703599,2.21413978572908
68,24,1,1,2.21870409685937,2.21761899656066,0,1,68,0,68,9.34654182374109,2.21870409685937
69,24,1,1,2.22341473873165,2.22969484845566,0,1,69,0,69,9.27853733657781,2.22341473873165
70,24,1,1,2.22825569249779,2.23733693957653,0,1,70,0,70,9.21295539108537,2.22825569249779
71,24,1,1,2.23321093930967,2.22934519934625,0,1,71,0,71,9.15077336280299,2.23321093930967
72,24,1,1,2.23826423201986,2.23623414925707,0,1,72,0,72,9.09292128673123,2.23826423201986
73,24,1,1,2.24339548876612,2.24477127107357,0,1,73,0,73,9.0395340247605,2.24339548876612
74,24,1,1,2.24858144576475,2.24537541254664,0,1,74,0,74,8.9900866300237,2.24858144576475
75,24,1,1,2.25379874291825,2.24966321556023,0,1,75,0,75,8.94403418386401,2.25379874291825
76,24,1,1,2.25902402012913,2.26575048483421,0,1,76,0,76,8.90083176762461,2.25902402012913
77,24,1,1,2.26423391729991,2.27216138272183,0,1,77,0,77,8.85993446264867,2.26423391729991
78,24,1,1,2.26940507433309,2.27759510083782,0,1,78,0,78,8.82079735027937,2.26940507433309
79,24,1,1,2.2745141311312,2.28158044550373,0,1,79,0,79,8.78287551185989,2.2745141311312
80,24,1,1,2.27953929363627,2.26988404870263,0,1,80,0,80,8.7456174339404,2.27953929363627
81,24,1,1,2.28447415256273,2.27204317722192,0,1,81,0,81,8.70840681582472,2.28447415256273
82,24,1,1,2.28932103086143,2.30219880043383,0,1,82,0,82,8.6705905842509,2.28932103086143
83,24,1,1,2.29408235170977,2.30710352127273,0,1,83,0,83,8.63151524389027,2.29408235170977
84,24,1,1,2.29876053828512,2.32386310932722,0,1,84,0,84,8.59052729941414,2.29876053828512
85,24,1,1,2.30335801376487,2.32375385783604,0,1,85,0,85,8.54697325549382,2.30335801376487
86,24,1,1,2.30787720132642,2.31475548510932,0,1,86,0,86,8.50019961680063,2.30787720132642
87,24,1,1,2.31232052414715,2.29880494681109,0,1,87,0,87,8.44955288800589,2.31232052414715
88,24,1,1,2.31669102728982,2.3071237469351,0,1,88,0,88,8.3944501502883,2.31669102728982
89,24,1,1,2.32099559365613,2.3215881518554,0,1,89,0,89,8.33474403336513,2.32099559365613
90,24,1,1,2.32524256873005,2.31163278456885,0,1,90,0,90,8.27045315244326,2.32524256873005
91,24,1,1,2.32944030087465,2.32906935130989,0,1,91,0,91,8.20159644947264,2.32944030087465
92,24,1,1,2.333597138453,2.32998901818793,0,1,92,0,92,8.12819286640323,2.333597138453
93,24,1,1,2.33772142982818,2.27864934550031,0,1,93,0,93,8.05026134518499,2.33772142982818
94,24,1,1,2.34182152336325,2.31546928645371,0,1,94,0,94,7.96782082776786,2.34182152336325
95,24,1,1,2.34590576742129,2.29758452662226,0,1,95,0,95,7.88089025610181,2.34590576742129
40,25,1,1,2.14665895719347,2.5512982011844,0,1,40,0,40,10.7491940758201,2.14665895719347
41,25,1,1,2.14822935649391,2.50245883305887,0,1,41,0,41,10.7213008324662,2.14822935649391
42,25,1,1,2.14980860399272,2.4229134842202,0,1,42,0,42,10.693357472358,2.14980860399272
43,25,1,1,2.15140171623627,2.44759842023381,0,1,43,0,43,10.6653375659013,2.15140171623627
44,25,1,1,2.15301370977092,2.36077666599947,0,1,44,0,44,10.6372146835017,2.15301370977092
45,25,1,1,2.15464960114305,2.32503833557731,0,1,45,0,45,10.608962395565,2.15464960114305
46,25,1,1,2.15631440689902,2.15936629355589,0,1,46,0,46,10.5805542724969,2.15631440689902
47,25,1,1,2.1580131435852,2.22026298749994,0,1,47,0,47,10.5519638847032,2.1580131435852
48,25,1,1,2.15975083097082,2.12951268805299,0,1,48,0,48,10.5231646361853,2.15975083097082
49,25,1,1,2.16153412603854,2.09984661363091,0,1,49,0,49,10.4940453975255,2.16153412603854
50,25,1,1,2.16337398184489,2.16071220608098,0,1,50,0,50,10.4642732222842,2.16337398184489
51,25,1,1,2.16528204758436,2.13084876337825,0,1,51,0,51,10.4334792206779,2.16528204758436
52,25,1,1,2.16726997245148,2.1433163309267,0,1,52,0,52,10.4012945029233,2.16726997245148
53,25,1,1,2.16934940564075,2.12371085452136,0,1,53,0,53,10.3673501792372,2.16934940564075
54,25,1,1,2.17153199634668,2.10600964672668,0,1,54,0,54,10.3312773598363,2.17153199634668
55,25,1,1,2.17382939376379,2.14190922988873,0,1,55,0,55,10.2927071549372,2.17382939376379
56,25,1,1,2.17625324261668,2.12925049768678,0,1,56,0,56,10.2512722307128,2.17625324261668
57,25,1,1,2.17881479818976,2.16532524104055,0,1,57,0,57,10.2067408160193,2.17881479818976
58,25,1,1,2.18152462963749,2.16548585330182,0,1,58,0,58,10.1591199789883,2.18152462963749
59,25,1,1,2.18439323627212,2.17185509600428,0,1,59,0,59,10.108441099567,2.18439323627212
60,25,1,1,2.18743111740589,2.19273872257046,0,1,60,0,60,10.0547355577023,2.18743111740589
61,25,1,1,2.19064877235105,2.1765537763653,0,1,61,0,61,9.99803473334162,2.19064877235105
62,25,1,1,2.19405670041984,2.16441423445719,0,1,62,0,62,9.93837000643192,2.19405670041984
63,25,1,1,2.1976654009245,2.19295504357603,0,1,63,0,63,9.87577275692038,2.1976654009245
64,25,1,1,2.2014850252714,2.20389417410365,0,1,64,0,64,9.810286775775,2.2014850252714
65,25,1,1,2.20551423108697,2.20693389262864,0,1,65,0,65,9.74236587732056,2.20551423108697
66,25,1,1,2.2097378241889,2.20456751319977,0,1,66,0,66,9.67295801838007,2.2097378241889
67,25,1,1,2.21413978572908,2.20978410700065,0,1,67,0,67,9.60304057449277,2.21413978572908
68,25,1,1,2.21870409685937,2.21761899656066,0,1,68,0,68,9.53359092119787,2.21870409685937
69,25,1,1,2.22341473873165,2.22969484845566,0,1,69,0,69,9.46558643403459,2.22341473873165
70,25,1,1,2.22825569249779,2.23733693957653,0,1,70,0,70,9.40000448854214,2.22825569249779
71,25,1,1,2.23321093930967,2.22934519934625,0,1,71,0,71,9.33782246025977,2.23321093930967
72,25,1,1,2.23826423201986,2.23623414925707,0,1,72,0,72,9.27997038418801,2.23826423201986
73,25,1,1,2.24339548876612,2.24477127107357,0,1,73,0,73,9.22658312221728,2.24339548876612
74,25,1,1,2.24858144576475,2.24537541254664,0,1,74,0,74,9.17713572748047,2.24858144576475
75,25,1,1,2.25379874291825,2.24966321556023,0,1,75,0,75,9.13108328132079,2.25379874291825
76,25,1,1,2.25902402012913,2.26575048483421,0,1,76,0,76,9.08788086508138,2.25902402012913
77,25,1,1,2.26423391729991,2.27216138272183,0,1,77,0,77,9.04698356010544,2.26423391729991
78,25,1,1,2.26940507433309,2.27759510083782,0,1,78,0,78,9.00784644773615,2.26940507433309
79,25,1,1,2.2745141311312,2.28158044550373,0,1,79,0,79,8.96992460931666,2.2745141311312
80,25,1,1,2.27953929363627,2.26988404870263,0,1,80,0,80,8.93266653139718,2.27953929363627
81,25,1,1,2.28447415256273,2.27204317722192,0,1,81,0,81,8.89545591328149,2.28447415256273
82,25,1,1,2.28932103086143,2.30219880043383,0,1,82,0,82,8.85763968170768,2.28932103086143
83,25,1,1,2.29408235170977,2.30710352127273,0,1,83,0,83,8.81856434134704,2.29408235170977
84,25,1,1,2.29876053828512,2.32386310932722,0,1,84,0,84,8.77757639687091,2.29876053828512
85,25,1,1,2.30335801376487,2.32375385783604,0,1,85,0,85,8.7340223529506,2.30335801376487
86,25,1,1,2.30787720132642,2.31475548510932,0,1,86,0,86,8.68724871425741,2.30787720132642
87,25,1,1,2.31232052414715,2.29880494681109,0,1,87,0,87,8.63660198546267,2.31232052414715
88,25,1,1,2.31669102728982,2.3071237469351,0,1,88,0,88,8.58149924774508,2.31669102728982
89,25,1,1,2.32099559365613,2.3215881518554,0,1,89,0,89,8.52179313082191,2.32099559365613
90,25,1,1,2.32524256873005,2.31163278456885,0,1,90,0,90,8.45750224990004,2.32524256873005
91,25,1,1,2.32944030087465,2.32906935130989,0,1,91,0,91,8.38864554692942,2.32944030087465
92,25,1,1,2.333597138453,2.32998901818793,0,1,92,0,92,8.31524196386001,2.333597138453
93,25,1,1,2.33772142982818,2.27864934550031,0,1,93,0,93,8.23731044264177,2.33772142982818
94,25,1,1,2.34182152336325,2.31546928645371,0,1,94,0,94,8.15486992522464,2.34182152336325
95,25,1,1,2.34590576742129,2.29758452662226,0,1,95,0,95,8.06793935355858,2.34590576742129
