"NACCAGE","EDUC","SEX","RACE","sdpred","sd","EDUCCATsomecollege","EDUCCAThigherthancollege","SEX:NACCAGE","EDUCCATsomecollege:NACCAGE","EDUCCAThigherthancollege:NACCAGE","mean.adj","sd.adj"
40,10,0,0,0.164556033788663,0.172741944183464,0,0,0,0,0,5.14025838280639,0.164556033788663
41,10,0,0,0.166109775343494,0.168580115353519,0,0,0,0,0,5.13753936987524,0.166109775343494
42,10,0,0,0.167664338189428,0.16794303697417,0,0,0,0,0,5.13485336388825,0.167664338189428
43,10,0,0,0.169220378128054,0.172060553031171,0,0,0,0,0,5.13220744933563,0.169220378128054
44,10,0,0,0.170778550960959,0.191791440511282,0,0,0,0,0,5.12960871070763,0.170778550960959
45,10,0,0,0.17233951248973,0.188568381994535,0,0,0,0,0,5.12706423249445,0.17233951248973
46,10,0,0,0.173903918515954,0.192211318192893,0,0,0,0,0,5.12458109918631,0.173903918515954
47,10,0,0,0.175472424841219,0.202903131418003,0,0,0,0,0,5.12216639527345,0.175472424841219
48,10,0,0,0.177045688457441,0.200195390562728,0,0,0,0,0,5.11982718811844,0.177045688457441
49,10,0,0,0.178624971043666,0.200523463574028,0,0,0,0,0,5.11756184423945,0.178624971043666
50,10,0,0,0.180213120987498,0.195404344138941,0,0,0,0,0,5.11534589900191,0.180213120987498
51,10,0,0,0.181813243787601,0.184918405162918,0,0,0,0,0,5.1131511881996,0.181813243787601
52,10,0,0,0.18342844494264,0.187299059137026,0,0,0,0,0,5.11094954762633,0.18342844494264
53,10,0,0,0.185061829951281,0.195583116873529,0,0,0,0,0,5.10871281307589,0.185061829951281
54,10,0,0,0.186716504312189,0.195957040153664,0,0,0,0,0,5.10641282034205,0.186716504312189
55,10,0,0,0.18839557352403,0.188160077257838,0,0,0,0,0,5.10402140521863,0.18839557352403
56,10,0,0,0.1901021580266,0.19096918376812,0,0,0,0,0,5.10151047446907,0.1901021580266
57,10,0,0,0.191840680005886,0.194418202234851,0,0,0,0,0,5.09885811808875,0.191840680005886
58,10,0,0,0.193617855111743,0.19440816687992,0,0,0,0,0,5.09605331991634,0.193617855111743
59,10,0,0,0.195440632449226,0.196172234620827,0,0,0,0,0,5.09308617269152,0.195440632449226
60,10,0,0,0.197315961123389,0.195122019580545,0,0,0,0,0,5.08994676915396,0.197315961123389
61,10,0,0,0.199250790239287,0.198172193812577,0,0,0,0,0,5.08662520204335,0.199250790239287
62,10,0,0,0.201252068901975,0.20089763664494,0,0,0,0,0,5.08311156409934,0.201252068901975
63,10,0,0,0.203326746216506,0.203741158020858,0,0,0,0,0,5.07939594806162,0.203326746216506
64,10,0,0,0.205481810802706,0.204495350121633,0,0,0,0,0,5.07546758777581,0.205481810802706
65,10,0,0,0.207725556731302,0.205075422597661,0,0,0,0,0,5.07128734177322,0.207725556731302
66,10,0,0,0.210067851346257,0.208353729519627,0,0,0,0,0,5.0667818718779,0.210067851346257
67,10,0,0,0.21251865565617,0.209822375428167,0,0,0,0,0,5.06187580401688,0.21251865565617
68,10,0,0,0.215087930669642,0.213565681552778,0,0,0,0,0,5.05649376411722,0.215087930669642
69,10,0,0,0.217785637395273,0.214793979896036,0,0,0,0,0,5.05056037810594,0.217785637395273
70,10,0,0,0.220621736841662,0.218967314721845,0,0,0,0,0,5.0440002719101,0.220621736841662
71,10,0,0,0.223606190017411,0.223056789885023,0,0,0,0,0,5.03673807145674,0.223606190017411
72,10,0,0,0.226748512608376,0.226369456081114,0,0,0,0,0,5.02870528834718,0.226748512608376
73,10,0,0,0.230050740269948,0.227367587988865,0,0,0,0,0,5.01994909199276,0.230050740269948
74,10,0,0,0.233508701971778,0.229559809149161,0,0,0,0,0,5.01061262088999,0.233508701971778
75,10,0,0,0.237118038812981,0.233228873073951,0,0,0,0,0,5.00084191842922,0.237118038812981
76,10,0,0,0.240874391892676,0.239902590118406,0,0,0,0,0,4.99078302800079,0.240874391892676
77,10,0,0,0.244773402309977,0.245261783425815,0,0,0,0,0,4.98058199299504,0.244773402309977
78,10,0,0,0.248810711164004,0.251029132877238,0,0,0,0,0,4.97038485680231,0.248810711164004
79,10,0,0,0.252981959553871,0.254971107263863,0,0,0,0,0,4.96033766281296,0.252981959553871
80,10,0,0,0.257282172746937,0.260863633449374,0,0,0,0,0,4.95057088011941,0.257282172746937
81,10,0,0,0.261700326079359,0.260311748206373,0,0,0,0,0,4.94106197591144,0.261700326079359
82,10,0,0,0.266221961009405,0.263691393741941,0,0,0,0,0,4.93170157509371,0.266221961009405
83,10,0,0,0.270832579582113,0.269115412126044,0,0,0,0,0,4.9223793058158,0.270832579582113
84,10,0,0,0.275517683842517,0.280598828905048,0,0,0,0,0,4.91298479622729,0.275517683842517
85,10,0,0,0.280262775835656,0.28886250936123,0,0,0,0,0,4.90340767447777,0.280262775835656
86,10,0,0,0.285053357606563,0.292197191342973,0,0,0,0,0,4.89353756871681,0.285053357606563
87,10,0,0,0.289874931200277,0.294071229726984,0,0,0,0,0,4.883264107094,0.289874931200277
88,10,0,0,0.294714322139572,0.296972146724734,0,0,0,0,0,4.8723594843473,0.294714322139572
89,10,0,0,0.299566523520499,0.297160269631235,0,0,0,0,0,4.85987117883641,0.299566523520499
90,10,0,0,0.304429641062682,0.300700951442481,0,0,0,0,0,4.84457048293444,0.304429641062682
91,10,0,0,0.309301786612956,0.303210577327178,0,0,0,0,0,4.82522814534129,0.309301786612956
92,10,0,0,0.314181072018156,0.317299298271515,0,0,0,0,0,4.80061491475688,0.314181072018156
93,10,0,0,0.319065609125117,0.329695874121128,0,0,0,0,0,4.76950153988109,0.319065609125117
94,10,0,0,0.323953509780674,0.332876226795835,0,0,0,0,0,4.73065876941383,0.323953509780674
95,10,0,0,0.328842885831664,0.31262274728956,0,0,0,0,0,4.68285735205501,0.328842885831664
40,11,0,0,0.164556033788663,0.172741944183464,0,0,0,0,0,5.16623229002286,0.164556033788663
41,11,0,0,0.166109775343494,0.168580115353519,0,0,0,0,0,5.1635132770917,0.166109775343494
42,11,0,0,0.167664338189428,0.16794303697417,0,0,0,0,0,5.16082727110471,0.167664338189428
43,11,0,0,0.169220378128054,0.172060553031171,0,0,0,0,0,5.1581813565521,0.169220378128054
44,11,0,0,0.170778550960959,0.191791440511282,0,0,0,0,0,5.15558261792409,0.170778550960959
45,11,0,0,0.17233951248973,0.188568381994535,0,0,0,0,0,5.15303813971091,0.17233951248973
46,11,0,0,0.173903918515954,0.192211318192893,0,0,0,0,0,5.15055500640278,0.173903918515954
47,11,0,0,0.175472424841219,0.202903131418003,0,0,0,0,0,5.14814030248992,0.175472424841219
48,11,0,0,0.177045688457441,0.200195390562728,0,0,0,0,0,5.14580109533491,0.177045688457441
49,11,0,0,0.178624971043666,0.200523463574028,0,0,0,0,0,5.14353575145592,0.178624971043666
50,11,0,0,0.180213120987498,0.195404344138941,0,0,0,0,0,5.14131980621837,0.180213120987498
51,11,0,0,0.181813243787601,0.184918405162918,0,0,0,0,0,5.13912509541607,0.181813243787601
52,11,0,0,0.18342844494264,0.187299059137026,0,0,0,0,0,5.1369234548428,0.18342844494264
53,11,0,0,0.185061829951281,0.195583116873529,0,0,0,0,0,5.13468672029235,0.185061829951281
54,11,0,0,0.186716504312189,0.195957040153664,0,0,0,0,0,5.13238672755852,0.186716504312189
55,11,0,0,0.18839557352403,0.188160077257838,0,0,0,0,0,5.1299953124351,0.18839557352403
56,11,0,0,0.1901021580266,0.19096918376812,0,0,0,0,0,5.12748438168554,0.1901021580266
57,11,0,0,0.191840680005886,0.194418202234851,0,0,0,0,0,5.12483202530521,0.191840680005886
58,11,0,0,0.193617855111743,0.19440816687992,0,0,0,0,0,5.1220272271328,0.193617855111743
59,11,0,0,0.195440632449226,0.196172234620827,0,0,0,0,0,5.11906007990799,0.195440632449226
60,11,0,0,0.197315961123389,0.195122019580545,0,0,0,0,0,5.11592067637043,0.197315961123389
61,11,0,0,0.199250790239287,0.198172193812577,0,0,0,0,0,5.11259910925981,0.199250790239287
62,11,0,0,0.201252068901975,0.20089763664494,0,0,0,0,0,5.10908547131581,0.201252068901975
63,11,0,0,0.203326746216506,0.203741158020858,0,0,0,0,0,5.10536985527808,0.203326746216506
64,11,0,0,0.205481810802706,0.204495350121633,0,0,0,0,0,5.10144149499227,0.205481810802706
65,11,0,0,0.207725556731302,0.205075422597661,0,0,0,0,0,5.09726124898969,0.207725556731302
66,11,0,0,0.210067851346257,0.208353729519627,0,0,0,0,0,5.09275577909437,0.210067851346257
67,11,0,0,0.21251865565617,0.209822375428167,0,0,0,0,0,5.08784971123335,0.21251865565617
68,11,0,0,0.215087930669642,0.213565681552778,0,0,0,0,0,5.08246767133368,0.215087930669642
69,11,0,0,0.217785637395273,0.214793979896036,0,0,0,0,0,5.07653428532241,0.217785637395273
70,11,0,0,0.220621736841662,0.218967314721845,0,0,0,0,0,5.06997417912657,0.220621736841662
71,11,0,0,0.223606190017411,0.223056789885023,0,0,0,0,0,5.06271197867321,0.223606190017411
72,11,0,0,0.226748512608376,0.226369456081114,0,0,0,0,0,5.05467919556364,0.226748512608376
73,11,0,0,0.230050740269948,0.227367587988865,0,0,0,0,0,5.04592299920923,0.230050740269948
74,11,0,0,0.233508701971778,0.229559809149161,0,0,0,0,0,5.03658652810646,0.233508701971778
75,11,0,0,0.237118038812981,0.233228873073951,0,0,0,0,0,5.02681582564569,0.237118038812981
76,11,0,0,0.240874391892676,0.239902590118406,0,0,0,0,0,5.01675693521726,0.240874391892676
77,11,0,0,0.244773402309977,0.245261783425815,0,0,0,0,0,5.00655590021151,0.244773402309977
78,11,0,0,0.248810711164004,0.251029132877238,0,0,0,0,0,4.99635876401878,0.248810711164004
79,11,0,0,0.252981959553871,0.254971107263863,0,0,0,0,0,4.98631157002943,0.252981959553871
80,11,0,0,0.257282172746937,0.260863633449374,0,0,0,0,0,4.97654478733587,0.257282172746937
81,11,0,0,0.261700326079359,0.260311748206373,0,0,0,0,0,4.96703588312791,0.261700326079359
82,11,0,0,0.266221961009405,0.263691393741941,0,0,0,0,0,4.95767548231018,0.266221961009405
83,11,0,0,0.270832579582113,0.269115412126044,0,0,0,0,0,4.94835321303227,0.270832579582113
84,11,0,0,0.275517683842517,0.280598828905048,0,0,0,0,0,4.93895870344376,0.275517683842517
85,11,0,0,0.280262775835656,0.28886250936123,0,0,0,0,0,4.92938158169424,0.280262775835656
86,11,0,0,0.285053357606563,0.292197191342973,0,0,0,0,0,4.91951147593328,0.285053357606563
87,11,0,0,0.289874931200277,0.294071229726984,0,0,0,0,0,4.90923801431047,0.289874931200277
88,11,0,0,0.294714322139572,0.296972146724734,0,0,0,0,0,4.89833339156377,0.294714322139572
89,11,0,0,0.299566523520499,0.297160269631235,0,0,0,0,0,4.88584508605288,0.299566523520499
90,11,0,0,0.304429641062682,0.300700951442481,0,0,0,0,0,4.87054439015091,0.304429641062682
91,11,0,0,0.309301786612956,0.303210577327178,0,0,0,0,0,4.85120205255776,0.309301786612956
92,11,0,0,0.314181072018156,0.317299298271515,0,0,0,0,0,4.82658882197334,0.314181072018156
93,11,0,0,0.319065609125117,0.329695874121128,0,0,0,0,0,4.79547544709755,0.319065609125117
94,11,0,0,0.323953509780674,0.332876226795835,0,0,0,0,0,4.7566326766303,0.323953509780674
95,11,0,0,0.328842885831664,0.31262274728956,0,0,0,0,0,4.70883125927147,0.328842885831664
40,12,0,0,0.164556033788663,0.172741944183464,0,0,0,0,0,5.19220619723932,0.164556033788663
41,12,0,0,0.166109775343494,0.168580115353519,0,0,0,0,0,5.18948718430817,0.166109775343494
42,12,0,0,0.167664338189428,0.16794303697417,0,0,0,0,0,5.18680117832118,0.167664338189428
43,12,0,0,0.169220378128054,0.172060553031171,0,0,0,0,0,5.18415526376857,0.169220378128054
44,12,0,0,0.170778550960959,0.191791440511282,0,0,0,0,0,5.18155652514056,0.170778550960959
45,12,0,0,0.17233951248973,0.188568381994535,0,0,0,0,0,5.17901204692738,0.17233951248973
46,12,0,0,0.173903918515954,0.192211318192893,0,0,0,0,0,5.17652891361925,0.173903918515954
47,12,0,0,0.175472424841219,0.202903131418003,0,0,0,0,0,5.17411420970639,0.175472424841219
48,12,0,0,0.177045688457441,0.200195390562728,0,0,0,0,0,5.17177500255138,0.177045688457441
49,12,0,0,0.178624971043666,0.200523463574028,0,0,0,0,0,5.16950965867238,0.178624971043666
50,12,0,0,0.180213120987498,0.195404344138941,0,0,0,0,0,5.16729371343484,0.180213120987498
51,12,0,0,0.181813243787601,0.184918405162918,0,0,0,0,0,5.16509900263254,0.181813243787601
52,12,0,0,0.18342844494264,0.187299059137026,0,0,0,0,0,5.16289736205927,0.18342844494264
53,12,0,0,0.185061829951281,0.195583116873529,0,0,0,0,0,5.16066062750882,0.185061829951281
54,12,0,0,0.186716504312189,0.195957040153664,0,0,0,0,0,5.15836063477499,0.186716504312189
55,12,0,0,0.18839557352403,0.188160077257838,0,0,0,0,0,5.15596921965157,0.18839557352403
56,12,0,0,0.1901021580266,0.19096918376812,0,0,0,0,0,5.15345828890201,0.1901021580266
57,12,0,0,0.191840680005886,0.194418202234851,0,0,0,0,0,5.15080593252168,0.191840680005886
58,12,0,0,0.193617855111743,0.19440816687992,0,0,0,0,0,5.14800113434927,0.193617855111743
59,12,0,0,0.195440632449226,0.196172234620827,0,0,0,0,0,5.14503398712445,0.195440632449226
60,12,0,0,0.197315961123389,0.195122019580545,0,0,0,0,0,5.1418945835869,0.197315961123389
61,12,0,0,0.199250790239287,0.198172193812577,0,0,0,0,0,5.13857301647628,0.199250790239287
62,12,0,0,0.201252068901975,0.20089763664494,0,0,0,0,0,5.13505937853227,0.201252068901975
63,12,0,0,0.203326746216506,0.203741158020858,0,0,0,0,0,5.13134376249455,0.203326746216506
64,12,0,0,0.205481810802706,0.204495350121633,0,0,0,0,0,5.12741540220874,0.205481810802706
65,12,0,0,0.207725556731302,0.205075422597661,0,0,0,0,0,5.12323515620616,0.207725556731302
66,12,0,0,0.210067851346257,0.208353729519627,0,0,0,0,0,5.11872968631083,0.210067851346257
67,12,0,0,0.21251865565617,0.209822375428167,0,0,0,0,0,5.11382361844982,0.21251865565617
68,12,0,0,0.215087930669642,0.213565681552778,0,0,0,0,0,5.10844157855015,0.215087930669642
69,12,0,0,0.217785637395273,0.214793979896036,0,0,0,0,0,5.10250819253887,0.217785637395273
70,12,0,0,0.220621736841662,0.218967314721845,0,0,0,0,0,5.09594808634303,0.220621736841662
71,12,0,0,0.223606190017411,0.223056789885023,0,0,0,0,0,5.08868588588968,0.223606190017411
72,12,0,0,0.226748512608376,0.226369456081114,0,0,0,0,0,5.08065310278011,0.226748512608376
73,12,0,0,0.230050740269948,0.227367587988865,0,0,0,0,0,5.07189690642569,0.230050740269948
74,12,0,0,0.233508701971778,0.229559809149161,0,0,0,0,0,5.06256043532292,0.233508701971778
75,12,0,0,0.237118038812981,0.233228873073951,0,0,0,0,0,5.05278973286215,0.237118038812981
76,12,0,0,0.240874391892676,0.239902590118406,0,0,0,0,0,5.04273084243372,0.240874391892676
77,12,0,0,0.244773402309977,0.245261783425815,0,0,0,0,0,5.03252980742797,0.244773402309977
78,12,0,0,0.248810711164004,0.251029132877238,0,0,0,0,0,5.02233267123525,0.248810711164004
79,12,0,0,0.252981959553871,0.254971107263863,0,0,0,0,0,5.01228547724589,0.252981959553871
80,12,0,0,0.257282172746937,0.260863633449374,0,0,0,0,0,5.00251869455234,0.257282172746937
81,12,0,0,0.261700326079359,0.260311748206373,0,0,0,0,0,4.99300979034437,0.261700326079359
82,12,0,0,0.266221961009405,0.263691393741941,0,0,0,0,0,4.98364938952665,0.266221961009405
83,12,0,0,0.270832579582113,0.269115412126044,0,0,0,0,0,4.97432712024874,0.270832579582113
84,12,0,0,0.275517683842517,0.280598828905048,0,0,0,0,0,4.96493261066023,0.275517683842517
85,12,0,0,0.280262775835656,0.28886250936123,0,0,0,0,0,4.9553554889107,0.280262775835656
86,12,0,0,0.285053357606563,0.292197191342973,0,0,0,0,0,4.94548538314975,0.285053357606563
87,12,0,0,0.289874931200277,0.294071229726984,0,0,0,0,0,4.93521192152694,0.289874931200277
88,12,0,0,0.294714322139572,0.296972146724734,0,0,0,0,0,4.92430729878023,0.294714322139572
89,12,0,0,0.299566523520499,0.297160269631235,0,0,0,0,0,4.91181899326934,0.299566523520499
90,12,0,0,0.304429641062682,0.300700951442481,0,0,0,0,0,4.89651829736737,0.304429641062682
91,12,0,0,0.309301786612956,0.303210577327178,0,0,0,0,0,4.87717595977423,0.309301786612956
92,12,0,0,0.314181072018156,0.317299298271515,0,0,0,0,0,4.85256272918981,0.314181072018156
93,12,0,0,0.319065609125117,0.329695874121128,0,0,0,0,0,4.82144935431402,0.319065609125117
94,12,0,0,0.323953509780674,0.332876226795835,0,0,0,0,0,4.78260658384676,0.323953509780674
95,12,0,0,0.328842885831664,0.31262274728956,0,0,0,0,0,4.73480516648794,0.328842885831664
40,13,0,0,0.164556033788663,0.172741944183464,1,0,0,40,0,5.21818010445579,0.164556033788663
41,13,0,0,0.166109775343494,0.168580115353519,1,0,0,41,0,5.21546109152464,0.166109775343494
42,13,0,0,0.167664338189428,0.16794303697417,1,0,0,42,0,5.21277508553765,0.167664338189428
43,13,0,0,0.169220378128054,0.172060553031171,1,0,0,43,0,5.21012917098503,0.169220378128054
44,13,0,0,0.170778550960959,0.191791440511282,1,0,0,44,0,5.20753043235703,0.170778550960959
45,13,0,0,0.17233951248973,0.188568381994535,1,0,0,45,0,5.20498595414385,0.17233951248973
46,13,0,0,0.173903918515954,0.192211318192893,1,0,0,46,0,5.20250282083571,0.173903918515954
47,13,0,0,0.175472424841219,0.202903131418003,1,0,0,47,0,5.20008811692285,0.175472424841219
48,13,0,0,0.177045688457441,0.200195390562728,1,0,0,48,0,5.19774890976784,0.177045688457441
49,13,0,0,0.178624971043666,0.200523463574028,1,0,0,49,0,5.19548356588885,0.178624971043666
50,13,0,0,0.180213120987498,0.195404344138941,1,0,0,50,0,5.19326762065131,0.180213120987498
51,13,0,0,0.181813243787601,0.184918405162918,1,0,0,51,0,5.191072909849,0.181813243787601
52,13,0,0,0.18342844494264,0.187299059137026,1,0,0,52,0,5.18887126927573,0.18342844494264
53,13,0,0,0.185061829951281,0.195583116873529,1,0,0,53,0,5.18663453472529,0.185061829951281
54,13,0,0,0.186716504312189,0.195957040153664,1,0,0,54,0,5.18433454199145,0.186716504312189
55,13,0,0,0.18839557352403,0.188160077257838,1,0,0,55,0,5.18194312686803,0.18839557352403
56,13,0,0,0.1901021580266,0.19096918376812,1,0,0,56,0,5.17943219611847,0.1901021580266
57,13,0,0,0.191840680005886,0.194418202234851,1,0,0,57,0,5.17677983973815,0.191840680005886
58,13,0,0,0.193617855111743,0.19440816687992,1,0,0,58,0,5.17397504156574,0.193617855111743
59,13,0,0,0.195440632449226,0.196172234620827,1,0,0,59,0,5.17100789434092,0.195440632449226
60,13,0,0,0.197315961123389,0.195122019580545,1,0,0,60,0,5.16786849080336,0.197315961123389
61,13,0,0,0.199250790239287,0.198172193812577,1,0,0,61,0,5.16454692369275,0.199250790239287
62,13,0,0,0.201252068901975,0.20089763664494,1,0,0,62,0,5.16103328574874,0.201252068901975
63,13,0,0,0.203326746216506,0.203741158020858,1,0,0,63,0,5.15731766971102,0.203326746216506
64,13,0,0,0.205481810802706,0.204495350121633,1,0,0,64,0,5.15338930942521,0.205481810802706
65,13,0,0,0.207725556731302,0.205075422597661,1,0,0,65,0,5.14920906342262,0.207725556731302
66,13,0,0,0.210067851346257,0.208353729519627,1,0,0,66,0,5.1447035935273,0.210067851346257
67,13,0,0,0.21251865565617,0.209822375428167,1,0,0,67,0,5.13979752566628,0.21251865565617
68,13,0,0,0.215087930669642,0.213565681552778,1,0,0,68,0,5.13441548576662,0.215087930669642
69,13,0,0,0.217785637395273,0.214793979896036,1,0,0,69,0,5.12848209975534,0.217785637395273
70,13,0,0,0.220621736841662,0.218967314721845,1,0,0,70,0,5.1219219935595,0.220621736841662
71,13,0,0,0.223606190017411,0.223056789885023,1,0,0,71,0,5.11465979310614,0.223606190017411
72,13,0,0,0.226748512608376,0.226369456081114,1,0,0,72,0,5.10662700999658,0.226748512608376
73,13,0,0,0.230050740269948,0.227367587988865,1,0,0,73,0,5.09787081364216,0.230050740269948
74,13,0,0,0.233508701971778,0.229559809149161,1,0,0,74,0,5.08853434253939,0.233508701971778
75,13,0,0,0.237118038812981,0.233228873073951,1,0,0,75,0,5.07876364007862,0.237118038812981
76,13,0,0,0.240874391892676,0.239902590118406,1,0,0,76,0,5.06870474965019,0.240874391892676
77,13,0,0,0.244773402309977,0.245261783425815,1,0,0,77,0,5.05850371464444,0.244773402309977
78,13,0,0,0.248810711164004,0.251029132877238,1,0,0,78,0,5.04830657845171,0.248810711164004
79,13,0,0,0.252981959553871,0.254971107263863,1,0,0,79,0,5.03825938446236,0.252981959553871
80,13,0,0,0.257282172746937,0.260863633449374,1,0,0,80,0,5.02849260176881,0.257282172746937
81,13,0,0,0.261700326079359,0.260311748206373,1,0,0,81,0,5.01898369756084,0.261700326079359
82,13,0,0,0.266221961009405,0.263691393741941,1,0,0,82,0,5.00962329674311,0.266221961009405
83,13,0,0,0.270832579582113,0.269115412126044,1,0,0,83,0,5.0003010274652,0.270832579582113
84,13,0,0,0.275517683842517,0.280598828905048,1,0,0,84,0,4.99090651787669,0.275517683842517
85,13,0,0,0.280262775835656,0.28886250936123,1,0,0,85,0,4.98132939612717,0.280262775835656
86,13,0,0,0.285053357606563,0.292197191342973,1,0,0,86,0,4.97145929036621,0.285053357606563
87,13,0,0,0.289874931200277,0.294071229726984,1,0,0,87,0,4.9611858287434,0.289874931200277
88,13,0,0,0.294714322139572,0.296972146724734,1,0,0,88,0,4.9502812059967,0.294714322139572
89,13,0,0,0.299566523520499,0.297160269631235,1,0,0,89,0,4.93779290048581,0.299566523520499
90,13,0,0,0.304429641062682,0.300700951442481,1,0,0,90,0,4.92249220458384,0.304429641062682
91,13,0,0,0.309301786612956,0.303210577327178,1,0,0,91,0,4.90314986699069,0.309301786612956
92,13,0,0,0.314181072018156,0.317299298271515,1,0,0,92,0,4.87853663640627,0.314181072018156
93,13,0,0,0.319065609125117,0.329695874121128,1,0,0,93,0,4.84742326153049,0.319065609125117
94,13,0,0,0.323953509780674,0.332876226795835,1,0,0,94,0,4.80858049106323,0.323953509780674
95,13,0,0,0.328842885831664,0.31262274728956,1,0,0,95,0,4.76077907370441,0.328842885831664
40,14,0,0,0.164556033788663,0.172741944183464,1,0,0,40,0,5.24415401167226,0.164556033788663
41,14,0,0,0.166109775343494,0.168580115353519,1,0,0,41,0,5.2414349987411,0.166109775343494
42,14,0,0,0.167664338189428,0.16794303697417,1,0,0,42,0,5.23874899275411,0.167664338189428
43,14,0,0,0.169220378128054,0.172060553031171,1,0,0,43,0,5.2361030782015,0.169220378128054
44,14,0,0,0.170778550960959,0.191791440511282,1,0,0,44,0,5.23350433957349,0.170778550960959
45,14,0,0,0.17233951248973,0.188568381994535,1,0,0,45,0,5.23095986136031,0.17233951248973
46,14,0,0,0.173903918515954,0.192211318192893,1,0,0,46,0,5.22847672805218,0.173903918515954
47,14,0,0,0.175472424841219,0.202903131418003,1,0,0,47,0,5.22606202413932,0.175472424841219
48,14,0,0,0.177045688457441,0.200195390562728,1,0,0,48,0,5.22372281698431,0.177045688457441
49,14,0,0,0.178624971043666,0.200523463574028,1,0,0,49,0,5.22145747310532,0.178624971043666
50,14,0,0,0.180213120987498,0.195404344138941,1,0,0,50,0,5.21924152786777,0.180213120987498
51,14,0,0,0.181813243787601,0.184918405162918,1,0,0,51,0,5.21704681706547,0.181813243787601
52,14,0,0,0.18342844494264,0.187299059137026,1,0,0,52,0,5.2148451764922,0.18342844494264
53,14,0,0,0.185061829951281,0.195583116873529,1,0,0,53,0,5.21260844194175,0.185061829951281
54,14,0,0,0.186716504312189,0.195957040153664,1,0,0,54,0,5.21030844920792,0.186716504312189
55,14,0,0,0.18839557352403,0.188160077257838,1,0,0,55,0,5.2079170340845,0.18839557352403
56,14,0,0,0.1901021580266,0.19096918376812,1,0,0,56,0,5.20540610333494,0.1901021580266
57,14,0,0,0.191840680005886,0.194418202234851,1,0,0,57,0,5.20275374695461,0.191840680005886
58,14,0,0,0.193617855111743,0.19440816687992,1,0,0,58,0,5.1999489487822,0.193617855111743
59,14,0,0,0.195440632449226,0.196172234620827,1,0,0,59,0,5.19698180155739,0.195440632449226
60,14,0,0,0.197315961123389,0.195122019580545,1,0,0,60,0,5.19384239801983,0.197315961123389
61,14,0,0,0.199250790239287,0.198172193812577,1,0,0,61,0,5.19052083090921,0.199250790239287
62,14,0,0,0.201252068901975,0.20089763664494,1,0,0,62,0,5.18700719296521,0.201252068901975
63,14,0,0,0.203326746216506,0.203741158020858,1,0,0,63,0,5.18329157692748,0.203326746216506
64,14,0,0,0.205481810802706,0.204495350121633,1,0,0,64,0,5.17936321664167,0.205481810802706
65,14,0,0,0.207725556731302,0.205075422597661,1,0,0,65,0,5.17518297063909,0.207725556731302
66,14,0,0,0.210067851346257,0.208353729519627,1,0,0,66,0,5.17067750074377,0.210067851346257
67,14,0,0,0.21251865565617,0.209822375428167,1,0,0,67,0,5.16577143288275,0.21251865565617
68,14,0,0,0.215087930669642,0.213565681552778,1,0,0,68,0,5.16038939298308,0.215087930669642
69,14,0,0,0.217785637395273,0.214793979896036,1,0,0,69,0,5.15445600697181,0.217785637395273
70,14,0,0,0.220621736841662,0.218967314721845,1,0,0,70,0,5.14789590077597,0.220621736841662
71,14,0,0,0.223606190017411,0.223056789885023,1,0,0,71,0,5.14063370032261,0.223606190017411
72,14,0,0,0.226748512608376,0.226369456081114,1,0,0,72,0,5.13260091721304,0.226748512608376
73,14,0,0,0.230050740269948,0.227367587988865,1,0,0,73,0,5.12384472085863,0.230050740269948
74,14,0,0,0.233508701971778,0.229559809149161,1,0,0,74,0,5.11450824975586,0.233508701971778
75,14,0,0,0.237118038812981,0.233228873073951,1,0,0,75,0,5.10473754729509,0.237118038812981
76,14,0,0,0.240874391892676,0.239902590118406,1,0,0,76,0,5.09467865686666,0.240874391892676
77,14,0,0,0.244773402309977,0.245261783425815,1,0,0,77,0,5.08447762186091,0.244773402309977
78,14,0,0,0.248810711164004,0.251029132877238,1,0,0,78,0,5.07428048566818,0.248810711164004
79,14,0,0,0.252981959553871,0.254971107263863,1,0,0,79,0,5.06423329167882,0.252981959553871
80,14,0,0,0.257282172746937,0.260863633449374,1,0,0,80,0,5.05446650898527,0.257282172746937
81,14,0,0,0.261700326079359,0.260311748206373,1,0,0,81,0,5.04495760477731,0.261700326079359
82,14,0,0,0.266221961009405,0.263691393741941,1,0,0,82,0,5.03559720395958,0.266221961009405
83,14,0,0,0.270832579582113,0.269115412126044,1,0,0,83,0,5.02627493468167,0.270832579582113
84,14,0,0,0.275517683842517,0.280598828905048,1,0,0,84,0,5.01688042509316,0.275517683842517
85,14,0,0,0.280262775835656,0.28886250936123,1,0,0,85,0,5.00730330334364,0.280262775835656
86,14,0,0,0.285053357606563,0.292197191342973,1,0,0,86,0,4.99743319758268,0.285053357606563
87,14,0,0,0.289874931200277,0.294071229726984,1,0,0,87,0,4.98715973595987,0.289874931200277
88,14,0,0,0.294714322139572,0.296972146724734,1,0,0,88,0,4.97625511321317,0.294714322139572
89,14,0,0,0.299566523520499,0.297160269631235,1,0,0,89,0,4.96376680770228,0.299566523520499
90,14,0,0,0.304429641062682,0.300700951442481,1,0,0,90,0,4.94846611180031,0.304429641062682
91,14,0,0,0.309301786612956,0.303210577327178,1,0,0,91,0,4.92912377420716,0.309301786612956
92,14,0,0,0.314181072018156,0.317299298271515,1,0,0,92,0,4.90451054362274,0.314181072018156
93,14,0,0,0.319065609125117,0.329695874121128,1,0,0,93,0,4.87339716874695,0.319065609125117
94,14,0,0,0.323953509780674,0.332876226795835,1,0,0,94,0,4.8345543982797,0.323953509780674
95,14,0,0,0.328842885831664,0.31262274728956,1,0,0,95,0,4.78675298092087,0.328842885831664
40,15,0,0,0.164556033788663,0.172741944183464,1,0,0,40,0,5.27012791888872,0.164556033788663
41,15,0,0,0.166109775343494,0.168580115353519,1,0,0,41,0,5.26740890595757,0.166109775343494
42,15,0,0,0.167664338189428,0.16794303697417,1,0,0,42,0,5.26472289997058,0.167664338189428
43,15,0,0,0.169220378128054,0.172060553031171,1,0,0,43,0,5.26207698541797,0.169220378128054
44,15,0,0,0.170778550960959,0.191791440511282,1,0,0,44,0,5.25947824678996,0.170778550960959
45,15,0,0,0.17233951248973,0.188568381994535,1,0,0,45,0,5.25693376857678,0.17233951248973
46,15,0,0,0.173903918515954,0.192211318192893,1,0,0,46,0,5.25445063526865,0.173903918515954
47,15,0,0,0.175472424841219,0.202903131418003,1,0,0,47,0,5.25203593135579,0.175472424841219
48,15,0,0,0.177045688457441,0.200195390562728,1,0,0,48,0,5.24969672420078,0.177045688457441
49,15,0,0,0.178624971043666,0.200523463574028,1,0,0,49,0,5.24743138032178,0.178624971043666
50,15,0,0,0.180213120987498,0.195404344138941,1,0,0,50,0,5.24521543508424,0.180213120987498
51,15,0,0,0.181813243787601,0.184918405162918,1,0,0,51,0,5.24302072428194,0.181813243787601
52,15,0,0,0.18342844494264,0.187299059137026,1,0,0,52,0,5.24081908370867,0.18342844494264
53,15,0,0,0.185061829951281,0.195583116873529,1,0,0,53,0,5.23858234915822,0.185061829951281
54,15,0,0,0.186716504312189,0.195957040153664,1,0,0,54,0,5.23628235642439,0.186716504312189
55,15,0,0,0.18839557352403,0.188160077257838,1,0,0,55,0,5.23389094130096,0.18839557352403
56,15,0,0,0.1901021580266,0.19096918376812,1,0,0,56,0,5.23138001055141,0.1901021580266
57,15,0,0,0.191840680005886,0.194418202234851,1,0,0,57,0,5.22872765417108,0.191840680005886
58,15,0,0,0.193617855111743,0.19440816687992,1,0,0,58,0,5.22592285599867,0.193617855111743
59,15,0,0,0.195440632449226,0.196172234620827,1,0,0,59,0,5.22295570877385,0.195440632449226
60,15,0,0,0.197315961123389,0.195122019580545,1,0,0,60,0,5.2198163052363,0.197315961123389
61,15,0,0,0.199250790239287,0.198172193812577,1,0,0,61,0,5.21649473812568,0.199250790239287
62,15,0,0,0.201252068901975,0.20089763664494,1,0,0,62,0,5.21298110018167,0.201252068901975
63,15,0,0,0.203326746216506,0.203741158020858,1,0,0,63,0,5.20926548414395,0.203326746216506
64,15,0,0,0.205481810802706,0.204495350121633,1,0,0,64,0,5.20533712385814,0.205481810802706
65,15,0,0,0.207725556731302,0.205075422597661,1,0,0,65,0,5.20115687785556,0.207725556731302
66,15,0,0,0.210067851346257,0.208353729519627,1,0,0,66,0,5.19665140796023,0.210067851346257
67,15,0,0,0.21251865565617,0.209822375428167,1,0,0,67,0,5.19174534009922,0.21251865565617
68,15,0,0,0.215087930669642,0.213565681552778,1,0,0,68,0,5.18636330019955,0.215087930669642
69,15,0,0,0.217785637395273,0.214793979896036,1,0,0,69,0,5.18042991418827,0.217785637395273
70,15,0,0,0.220621736841662,0.218967314721845,1,0,0,70,0,5.17386980799243,0.220621736841662
71,15,0,0,0.223606190017411,0.223056789885023,1,0,0,71,0,5.16660760753907,0.223606190017411
72,15,0,0,0.226748512608376,0.226369456081114,1,0,0,72,0,5.15857482442951,0.226748512608376
73,15,0,0,0.230050740269948,0.227367587988865,1,0,0,73,0,5.14981862807509,0.230050740269948
74,15,0,0,0.233508701971778,0.229559809149161,1,0,0,74,0,5.14048215697232,0.233508701971778
75,15,0,0,0.237118038812981,0.233228873073951,1,0,0,75,0,5.13071145451155,0.237118038812981
76,15,0,0,0.240874391892676,0.239902590118406,1,0,0,76,0,5.12065256408312,0.240874391892676
77,15,0,0,0.244773402309977,0.245261783425815,1,0,0,77,0,5.11045152907737,0.244773402309977
78,15,0,0,0.248810711164004,0.251029132877238,1,0,0,78,0,5.10025439288465,0.248810711164004
79,15,0,0,0.252981959553871,0.254971107263863,1,0,0,79,0,5.09020719889529,0.252981959553871
80,15,0,0,0.257282172746937,0.260863633449374,1,0,0,80,0,5.08044041620174,0.257282172746937
81,15,0,0,0.261700326079359,0.260311748206373,1,0,0,81,0,5.07093151199377,0.261700326079359
82,15,0,0,0.266221961009405,0.263691393741941,1,0,0,82,0,5.06157111117605,0.266221961009405
83,15,0,0,0.270832579582113,0.269115412126044,1,0,0,83,0,5.05224884189814,0.270832579582113
84,15,0,0,0.275517683842517,0.280598828905048,1,0,0,84,0,5.04285433230963,0.275517683842517
85,15,0,0,0.280262775835656,0.28886250936123,1,0,0,85,0,5.0332772105601,0.280262775835656
86,15,0,0,0.285053357606563,0.292197191342973,1,0,0,86,0,5.02340710479915,0.285053357606563
87,15,0,0,0.289874931200277,0.294071229726984,1,0,0,87,0,5.01313364317634,0.289874931200277
88,15,0,0,0.294714322139572,0.296972146724734,1,0,0,88,0,5.00222902042963,0.294714322139572
89,15,0,0,0.299566523520499,0.297160269631235,1,0,0,89,0,4.98974071491874,0.299566523520499
90,15,0,0,0.304429641062682,0.300700951442481,1,0,0,90,0,4.97444001901677,0.304429641062682
91,15,0,0,0.309301786612956,0.303210577327178,1,0,0,91,0,4.95509768142363,0.309301786612956
92,15,0,0,0.314181072018156,0.317299298271515,1,0,0,92,0,4.93048445083921,0.314181072018156
93,15,0,0,0.319065609125117,0.329695874121128,1,0,0,93,0,4.89937107596342,0.319065609125117
94,15,0,0,0.323953509780674,0.332876226795835,1,0,0,94,0,4.86052830549616,0.323953509780674
95,15,0,0,0.328842885831664,0.31262274728956,1,0,0,95,0,4.81272688813734,0.328842885831664
40,16,0,0,0.164556033788663,0.172741944183464,1,0,0,40,0,5.29610182610519,0.164556033788663
41,16,0,0,0.166109775343494,0.168580115353519,1,0,0,41,0,5.29338281317404,0.166109775343494
42,16,0,0,0.167664338189428,0.16794303697417,1,0,0,42,0,5.29069680718704,0.167664338189428
43,16,0,0,0.169220378128054,0.172060553031171,1,0,0,43,0,5.28805089263443,0.169220378128054
44,16,0,0,0.170778550960959,0.191791440511282,1,0,0,44,0,5.28545215400643,0.170778550960959
45,16,0,0,0.17233951248973,0.188568381994535,1,0,0,45,0,5.28290767579325,0.17233951248973
46,16,0,0,0.173903918515954,0.192211318192893,1,0,0,46,0,5.28042454248511,0.173903918515954
47,16,0,0,0.175472424841219,0.202903131418003,1,0,0,47,0,5.27800983857225,0.175472424841219
48,16,0,0,0.177045688457441,0.200195390562728,1,0,0,48,0,5.27567063141724,0.177045688457441
49,16,0,0,0.178624971043666,0.200523463574028,1,0,0,49,0,5.27340528753825,0.178624971043666
50,16,0,0,0.180213120987498,0.195404344138941,1,0,0,50,0,5.27118934230071,0.180213120987498
51,16,0,0,0.181813243787601,0.184918405162918,1,0,0,51,0,5.2689946314984,0.181813243787601
52,16,0,0,0.18342844494264,0.187299059137026,1,0,0,52,0,5.26679299092513,0.18342844494264
53,16,0,0,0.185061829951281,0.195583116873529,1,0,0,53,0,5.26455625637469,0.185061829951281
54,16,0,0,0.186716504312189,0.195957040153664,1,0,0,54,0,5.26225626364085,0.186716504312189
55,16,0,0,0.18839557352403,0.188160077257838,1,0,0,55,0,5.25986484851743,0.18839557352403
56,16,0,0,0.1901021580266,0.19096918376812,1,0,0,56,0,5.25735391776787,0.1901021580266
57,16,0,0,0.191840680005886,0.194418202234851,1,0,0,57,0,5.25470156138755,0.191840680005886
58,16,0,0,0.193617855111743,0.19440816687992,1,0,0,58,0,5.25189676321514,0.193617855111743
59,16,0,0,0.195440632449226,0.196172234620827,1,0,0,59,0,5.24892961599032,0.195440632449226
60,16,0,0,0.197315961123389,0.195122019580545,1,0,0,60,0,5.24579021245276,0.197315961123389
61,16,0,0,0.199250790239287,0.198172193812577,1,0,0,61,0,5.24246864534215,0.199250790239287
62,16,0,0,0.201252068901975,0.20089763664494,1,0,0,62,0,5.23895500739814,0.201252068901975
63,16,0,0,0.203326746216506,0.203741158020858,1,0,0,63,0,5.23523939136042,0.203326746216506
64,16,0,0,0.205481810802706,0.204495350121633,1,0,0,64,0,5.23131103107461,0.205481810802706
65,16,0,0,0.207725556731302,0.205075422597661,1,0,0,65,0,5.22713078507202,0.207725556731302
66,16,0,0,0.210067851346257,0.208353729519627,1,0,0,66,0,5.2226253151767,0.210067851346257
67,16,0,0,0.21251865565617,0.209822375428167,1,0,0,67,0,5.21771924731568,0.21251865565617
68,16,0,0,0.215087930669642,0.213565681552778,1,0,0,68,0,5.21233720741601,0.215087930669642
69,16,0,0,0.217785637395273,0.214793979896036,1,0,0,69,0,5.20640382140474,0.217785637395273
70,16,0,0,0.220621736841662,0.218967314721845,1,0,0,70,0,5.1998437152089,0.220621736841662
71,16,0,0,0.223606190017411,0.223056789885023,1,0,0,71,0,5.19258151475554,0.223606190017411
72,16,0,0,0.226748512608376,0.226369456081114,1,0,0,72,0,5.18454873164598,0.226748512608376
73,16,0,0,0.230050740269948,0.227367587988865,1,0,0,73,0,5.17579253529156,0.230050740269948
74,16,0,0,0.233508701971778,0.229559809149161,1,0,0,74,0,5.16645606418879,0.233508701971778
75,16,0,0,0.237118038812981,0.233228873073951,1,0,0,75,0,5.15668536172802,0.237118038812981
76,16,0,0,0.240874391892676,0.239902590118406,1,0,0,76,0,5.14662647129959,0.240874391892676
77,16,0,0,0.244773402309977,0.245261783425815,1,0,0,77,0,5.13642543629384,0.244773402309977
78,16,0,0,0.248810711164004,0.251029132877238,1,0,0,78,0,5.12622830010111,0.248810711164004
79,16,0,0,0.252981959553871,0.254971107263863,1,0,0,79,0,5.11618110611176,0.252981959553871
80,16,0,0,0.257282172746937,0.260863633449374,1,0,0,80,0,5.1064143234182,0.257282172746937
81,16,0,0,0.261700326079359,0.260311748206373,1,0,0,81,0,5.09690541921024,0.261700326079359
82,16,0,0,0.266221961009405,0.263691393741941,1,0,0,82,0,5.08754501839251,0.266221961009405
83,16,0,0,0.270832579582113,0.269115412126044,1,0,0,83,0,5.0782227491146,0.270832579582113
84,16,0,0,0.275517683842517,0.280598828905048,1,0,0,84,0,5.06882823952609,0.275517683842517
85,16,0,0,0.280262775835656,0.28886250936123,1,0,0,85,0,5.05925111777657,0.280262775835656
86,16,0,0,0.285053357606563,0.292197191342973,1,0,0,86,0,5.04938101201561,0.285053357606563
87,16,0,0,0.289874931200277,0.294071229726984,1,0,0,87,0,5.0391075503928,0.289874931200277
88,16,0,0,0.294714322139572,0.296972146724734,1,0,0,88,0,5.0282029276461,0.294714322139572
89,16,0,0,0.299566523520499,0.297160269631235,1,0,0,89,0,5.01571462213521,0.299566523520499
90,16,0,0,0.304429641062682,0.300700951442481,1,0,0,90,0,5.00041392623324,0.304429641062682
91,16,0,0,0.309301786612956,0.303210577327178,1,0,0,91,0,4.98107158864009,0.309301786612956
92,16,0,0,0.314181072018156,0.317299298271515,1,0,0,92,0,4.95645835805567,0.314181072018156
93,16,0,0,0.319065609125117,0.329695874121128,1,0,0,93,0,4.92534498317989,0.319065609125117
94,16,0,0,0.323953509780674,0.332876226795835,1,0,0,94,0,4.88650221271263,0.323953509780674
95,16,0,0,0.328842885831664,0.31262274728956,1,0,0,95,0,4.83870079535381,0.328842885831664
40,17,0,0,0.164556033788663,0.172741944183464,0,1,0,0,40,5.32207573332165,0.164556033788663
41,17,0,0,0.166109775343494,0.168580115353519,0,1,0,0,41,5.3193567203905,0.166109775343494
42,17,0,0,0.167664338189428,0.16794303697417,0,1,0,0,42,5.31667071440351,0.167664338189428
43,17,0,0,0.169220378128054,0.172060553031171,0,1,0,0,43,5.3140247998509,0.169220378128054
44,17,0,0,0.170778550960959,0.191791440511282,0,1,0,0,44,5.31142606122289,0.170778550960959
45,17,0,0,0.17233951248973,0.188568381994535,0,1,0,0,45,5.30888158300971,0.17233951248973
46,17,0,0,0.173903918515954,0.192211318192893,0,1,0,0,46,5.30639844970158,0.173903918515954
47,17,0,0,0.175472424841219,0.202903131418003,0,1,0,0,47,5.30398374578872,0.175472424841219
48,17,0,0,0.177045688457441,0.200195390562728,0,1,0,0,48,5.30164453863371,0.177045688457441
49,17,0,0,0.178624971043666,0.200523463574028,0,1,0,0,49,5.29937919475472,0.178624971043666
50,17,0,0,0.180213120987498,0.195404344138941,0,1,0,0,50,5.29716324951717,0.180213120987498
51,17,0,0,0.181813243787601,0.184918405162918,0,1,0,0,51,5.29496853871487,0.181813243787601
52,17,0,0,0.18342844494264,0.187299059137026,0,1,0,0,52,5.2927668981416,0.18342844494264
53,17,0,0,0.185061829951281,0.195583116873529,0,1,0,0,53,5.29053016359115,0.185061829951281
54,17,0,0,0.186716504312189,0.195957040153664,0,1,0,0,54,5.28823017085732,0.186716504312189
55,17,0,0,0.18839557352403,0.188160077257838,0,1,0,0,55,5.2858387557339,0.18839557352403
56,17,0,0,0.1901021580266,0.19096918376812,0,1,0,0,56,5.28332782498434,0.1901021580266
57,17,0,0,0.191840680005886,0.194418202234851,0,1,0,0,57,5.28067546860401,0.191840680005886
58,17,0,0,0.193617855111743,0.19440816687992,0,1,0,0,58,5.2778706704316,0.193617855111743
59,17,0,0,0.195440632449226,0.196172234620827,0,1,0,0,59,5.27490352320679,0.195440632449226
60,17,0,0,0.197315961123389,0.195122019580545,0,1,0,0,60,5.27176411966923,0.197315961123389
61,17,0,0,0.199250790239287,0.198172193812577,0,1,0,0,61,5.26844255255861,0.199250790239287
62,17,0,0,0.201252068901975,0.20089763664494,0,1,0,0,62,5.26492891461461,0.201252068901975
63,17,0,0,0.203326746216506,0.203741158020858,0,1,0,0,63,5.26121329857688,0.203326746216506
64,17,0,0,0.205481810802706,0.204495350121633,0,1,0,0,64,5.25728493829107,0.205481810802706
65,17,0,0,0.207725556731302,0.205075422597661,0,1,0,0,65,5.25310469228849,0.207725556731302
66,17,0,0,0.210067851346257,0.208353729519627,0,1,0,0,66,5.24859922239317,0.210067851346257
67,17,0,0,0.21251865565617,0.209822375428167,0,1,0,0,67,5.24369315453215,0.21251865565617
68,17,0,0,0.215087930669642,0.213565681552778,0,1,0,0,68,5.23831111463248,0.215087930669642
69,17,0,0,0.217785637395273,0.214793979896036,0,1,0,0,69,5.23237772862121,0.217785637395273
70,17,0,0,0.220621736841662,0.218967314721845,0,1,0,0,70,5.22581762242537,0.220621736841662
71,17,0,0,0.223606190017411,0.223056789885023,0,1,0,0,71,5.21855542197201,0.223606190017411
72,17,0,0,0.226748512608376,0.226369456081114,0,1,0,0,72,5.21052263886244,0.226748512608376
73,17,0,0,0.230050740269948,0.227367587988865,0,1,0,0,73,5.20176644250803,0.230050740269948
74,17,0,0,0.233508701971778,0.229559809149161,0,1,0,0,74,5.19242997140526,0.233508701971778
75,17,0,0,0.237118038812981,0.233228873073951,0,1,0,0,75,5.18265926894449,0.237118038812981
76,17,0,0,0.240874391892676,0.239902590118406,0,1,0,0,76,5.17260037851606,0.240874391892676
77,17,0,0,0.244773402309977,0.245261783425815,0,1,0,0,77,5.1623993435103,0.244773402309977
78,17,0,0,0.248810711164004,0.251029132877238,0,1,0,0,78,5.15220220731758,0.248810711164004
79,17,0,0,0.252981959553871,0.254971107263863,0,1,0,0,79,5.14215501332822,0.252981959553871
80,17,0,0,0.257282172746937,0.260863633449374,0,1,0,0,80,5.13238823063467,0.257282172746937
81,17,0,0,0.261700326079359,0.260311748206373,0,1,0,0,81,5.12287932642671,0.261700326079359
82,17,0,0,0.266221961009405,0.263691393741941,0,1,0,0,82,5.11351892560898,0.266221961009405
83,17,0,0,0.270832579582113,0.269115412126044,0,1,0,0,83,5.10419665633107,0.270832579582113
84,17,0,0,0.275517683842517,0.280598828905048,0,1,0,0,84,5.09480214674256,0.275517683842517
85,17,0,0,0.280262775835656,0.28886250936123,0,1,0,0,85,5.08522502499304,0.280262775835656
86,17,0,0,0.285053357606563,0.292197191342973,0,1,0,0,86,5.07535491923208,0.285053357606563
87,17,0,0,0.289874931200277,0.294071229726984,0,1,0,0,87,5.06508145760927,0.289874931200277
88,17,0,0,0.294714322139572,0.296972146724734,0,1,0,0,88,5.05417683486256,0.294714322139572
89,17,0,0,0.299566523520499,0.297160269631235,0,1,0,0,89,5.04168852935168,0.299566523520499
90,17,0,0,0.304429641062682,0.300700951442481,0,1,0,0,90,5.02638783344971,0.304429641062682
91,17,0,0,0.309301786612956,0.303210577327178,0,1,0,0,91,5.00704549585656,0.309301786612956
92,17,0,0,0.314181072018156,0.317299298271515,0,1,0,0,92,4.98243226527214,0.314181072018156
93,17,0,0,0.319065609125117,0.329695874121128,0,1,0,0,93,4.95131889039635,0.319065609125117
94,17,0,0,0.323953509780674,0.332876226795835,0,1,0,0,94,4.9124761199291,0.323953509780674
95,17,0,0,0.328842885831664,0.31262274728956,0,1,0,0,95,4.86467470257027,0.328842885831664
40,18,0,0,0.164556033788663,0.172741944183464,0,1,0,0,40,5.34804964053812,0.164556033788663
41,18,0,0,0.166109775343494,0.168580115353519,0,1,0,0,41,5.34533062760697,0.166109775343494
42,18,0,0,0.167664338189428,0.16794303697417,0,1,0,0,42,5.34264462161998,0.167664338189428
43,18,0,0,0.169220378128054,0.172060553031171,0,1,0,0,43,5.33999870706737,0.169220378128054
44,18,0,0,0.170778550960959,0.191791440511282,0,1,0,0,44,5.33739996843936,0.170778550960959
45,18,0,0,0.17233951248973,0.188568381994535,0,1,0,0,45,5.33485549022618,0.17233951248973
46,18,0,0,0.173903918515954,0.192211318192893,0,1,0,0,46,5.33237235691805,0.173903918515954
47,18,0,0,0.175472424841219,0.202903131418003,0,1,0,0,47,5.32995765300519,0.175472424841219
48,18,0,0,0.177045688457441,0.200195390562728,0,1,0,0,48,5.32761844585018,0.177045688457441
49,18,0,0,0.178624971043666,0.200523463574028,0,1,0,0,49,5.32535310197118,0.178624971043666
50,18,0,0,0.180213120987498,0.195404344138941,0,1,0,0,50,5.32313715673364,0.180213120987498
51,18,0,0,0.181813243787601,0.184918405162918,0,1,0,0,51,5.32094244593134,0.181813243787601
52,18,0,0,0.18342844494264,0.187299059137026,0,1,0,0,52,5.31874080535807,0.18342844494264
53,18,0,0,0.185061829951281,0.195583116873529,0,1,0,0,53,5.31650407080762,0.185061829951281
54,18,0,0,0.186716504312189,0.195957040153664,0,1,0,0,54,5.31420407807379,0.186716504312189
55,18,0,0,0.18839557352403,0.188160077257838,0,1,0,0,55,5.31181266295036,0.18839557352403
56,18,0,0,0.1901021580266,0.19096918376812,0,1,0,0,56,5.30930173220081,0.1901021580266
57,18,0,0,0.191840680005886,0.194418202234851,0,1,0,0,57,5.30664937582048,0.191840680005886
58,18,0,0,0.193617855111743,0.19440816687992,0,1,0,0,58,5.30384457764807,0.193617855111743
59,18,0,0,0.195440632449226,0.196172234620827,0,1,0,0,59,5.30087743042325,0.195440632449226
60,18,0,0,0.197315961123389,0.195122019580545,0,1,0,0,60,5.2977380268857,0.197315961123389
61,18,0,0,0.199250790239287,0.198172193812577,0,1,0,0,61,5.29441645977508,0.199250790239287
62,18,0,0,0.201252068901975,0.20089763664494,0,1,0,0,62,5.29090282183107,0.201252068901975
63,18,0,0,0.203326746216506,0.203741158020858,0,1,0,0,63,5.28718720579335,0.203326746216506
64,18,0,0,0.205481810802706,0.204495350121633,0,1,0,0,64,5.28325884550754,0.205481810802706
65,18,0,0,0.207725556731302,0.205075422597661,0,1,0,0,65,5.27907859950496,0.207725556731302
66,18,0,0,0.210067851346257,0.208353729519627,0,1,0,0,66,5.27457312960963,0.210067851346257
67,18,0,0,0.21251865565617,0.209822375428167,0,1,0,0,67,5.26966706174862,0.21251865565617
68,18,0,0,0.215087930669642,0.213565681552778,0,1,0,0,68,5.26428502184895,0.215087930669642
69,18,0,0,0.217785637395273,0.214793979896036,0,1,0,0,69,5.25835163583767,0.217785637395273
70,18,0,0,0.220621736841662,0.218967314721845,0,1,0,0,70,5.25179152964183,0.220621736841662
71,18,0,0,0.223606190017411,0.223056789885023,0,1,0,0,71,5.24452932918847,0.223606190017411
72,18,0,0,0.226748512608376,0.226369456081114,0,1,0,0,72,5.23649654607891,0.226748512608376
73,18,0,0,0.230050740269948,0.227367587988865,0,1,0,0,73,5.22774034972449,0.230050740269948
74,18,0,0,0.233508701971778,0.229559809149161,0,1,0,0,74,5.21840387862172,0.233508701971778
75,18,0,0,0.237118038812981,0.233228873073951,0,1,0,0,75,5.20863317616095,0.237118038812981
76,18,0,0,0.240874391892676,0.239902590118406,0,1,0,0,76,5.19857428573252,0.240874391892676
77,18,0,0,0.244773402309977,0.245261783425815,0,1,0,0,77,5.18837325072677,0.244773402309977
78,18,0,0,0.248810711164004,0.251029132877238,0,1,0,0,78,5.17817611453405,0.248810711164004
79,18,0,0,0.252981959553871,0.254971107263863,0,1,0,0,79,5.16812892054469,0.252981959553871
80,18,0,0,0.257282172746937,0.260863633449374,0,1,0,0,80,5.15836213785114,0.257282172746937
81,18,0,0,0.261700326079359,0.260311748206373,0,1,0,0,81,5.14885323364317,0.261700326079359
82,18,0,0,0.266221961009405,0.263691393741941,0,1,0,0,82,5.13949283282544,0.266221961009405
83,18,0,0,0.270832579582113,0.269115412126044,0,1,0,0,83,5.13017056354754,0.270832579582113
84,18,0,0,0.275517683842517,0.280598828905048,0,1,0,0,84,5.12077605395903,0.275517683842517
85,18,0,0,0.280262775835656,0.28886250936123,0,1,0,0,85,5.1111989322095,0.280262775835656
86,18,0,0,0.285053357606563,0.292197191342973,0,1,0,0,86,5.10132882644855,0.285053357606563
87,18,0,0,0.289874931200277,0.294071229726984,0,1,0,0,87,5.09105536482574,0.289874931200277
88,18,0,0,0.294714322139572,0.296972146724734,0,1,0,0,88,5.08015074207903,0.294714322139572
89,18,0,0,0.299566523520499,0.297160269631235,0,1,0,0,89,5.06766243656814,0.299566523520499
90,18,0,0,0.304429641062682,0.300700951442481,0,1,0,0,90,5.05236174066617,0.304429641062682
91,18,0,0,0.309301786612956,0.303210577327178,0,1,0,0,91,5.03301940307303,0.309301786612956
92,18,0,0,0.314181072018156,0.317299298271515,0,1,0,0,92,5.00840617248861,0.314181072018156
93,18,0,0,0.319065609125117,0.329695874121128,0,1,0,0,93,4.97729279761282,0.319065609125117
94,18,0,0,0.323953509780674,0.332876226795835,0,1,0,0,94,4.93845002714556,0.323953509780674
95,18,0,0,0.328842885831664,0.31262274728956,0,1,0,0,95,4.89064860978674,0.328842885831664
40,19,0,0,0.164556033788663,0.172741944183464,0,1,0,0,40,5.37402354775459,0.164556033788663
41,19,0,0,0.166109775343494,0.168580115353519,0,1,0,0,41,5.37130453482344,0.166109775343494
42,19,0,0,0.167664338189428,0.16794303697417,0,1,0,0,42,5.36861852883644,0.167664338189428
43,19,0,0,0.169220378128054,0.172060553031171,0,1,0,0,43,5.36597261428383,0.169220378128054
44,19,0,0,0.170778550960959,0.191791440511282,0,1,0,0,44,5.36337387565583,0.170778550960959
45,19,0,0,0.17233951248973,0.188568381994535,0,1,0,0,45,5.36082939744264,0.17233951248973
46,19,0,0,0.173903918515954,0.192211318192893,0,1,0,0,46,5.35834626413451,0.173903918515954
47,19,0,0,0.175472424841219,0.202903131418003,0,1,0,0,47,5.35593156022165,0.175472424841219
48,19,0,0,0.177045688457441,0.200195390562728,0,1,0,0,48,5.35359235306664,0.177045688457441
49,19,0,0,0.178624971043666,0.200523463574028,0,1,0,0,49,5.35132700918765,0.178624971043666
50,19,0,0,0.180213120987498,0.195404344138941,0,1,0,0,50,5.34911106395011,0.180213120987498
51,19,0,0,0.181813243787601,0.184918405162918,0,1,0,0,51,5.3469163531478,0.181813243787601
52,19,0,0,0.18342844494264,0.187299059137026,0,1,0,0,52,5.34471471257453,0.18342844494264
53,19,0,0,0.185061829951281,0.195583116873529,0,1,0,0,53,5.34247797802409,0.185061829951281
54,19,0,0,0.186716504312189,0.195957040153664,0,1,0,0,54,5.34017798529025,0.186716504312189
55,19,0,0,0.18839557352403,0.188160077257838,0,1,0,0,55,5.33778657016683,0.18839557352403
56,19,0,0,0.1901021580266,0.19096918376812,0,1,0,0,56,5.33527563941727,0.1901021580266
57,19,0,0,0.191840680005886,0.194418202234851,0,1,0,0,57,5.33262328303695,0.191840680005886
58,19,0,0,0.193617855111743,0.19440816687992,0,1,0,0,58,5.32981848486454,0.193617855111743
59,19,0,0,0.195440632449226,0.196172234620827,0,1,0,0,59,5.32685133763972,0.195440632449226
60,19,0,0,0.197315961123389,0.195122019580545,0,1,0,0,60,5.32371193410216,0.197315961123389
61,19,0,0,0.199250790239287,0.198172193812577,0,1,0,0,61,5.32039036699155,0.199250790239287
62,19,0,0,0.201252068901975,0.20089763664494,0,1,0,0,62,5.31687672904754,0.201252068901975
63,19,0,0,0.203326746216506,0.203741158020858,0,1,0,0,63,5.31316111300981,0.203326746216506
64,19,0,0,0.205481810802706,0.204495350121633,0,1,0,0,64,5.30923275272401,0.205481810802706
65,19,0,0,0.207725556731302,0.205075422597661,0,1,0,0,65,5.30505250672142,0.207725556731302
66,19,0,0,0.210067851346257,0.208353729519627,0,1,0,0,66,5.3005470368261,0.210067851346257
67,19,0,0,0.21251865565617,0.209822375428167,0,1,0,0,67,5.29564096896508,0.21251865565617
68,19,0,0,0.215087930669642,0.213565681552778,0,1,0,0,68,5.29025892906541,0.215087930669642
69,19,0,0,0.217785637395273,0.214793979896036,0,1,0,0,69,5.28432554305414,0.217785637395273
70,19,0,0,0.220621736841662,0.218967314721845,0,1,0,0,70,5.2777654368583,0.220621736841662
71,19,0,0,0.223606190017411,0.223056789885023,0,1,0,0,71,5.27050323640494,0.223606190017411
72,19,0,0,0.226748512608376,0.226369456081114,0,1,0,0,72,5.26247045329538,0.226748512608376
73,19,0,0,0.230050740269948,0.227367587988865,0,1,0,0,73,5.25371425694096,0.230050740269948
74,19,0,0,0.233508701971778,0.229559809149161,0,1,0,0,74,5.24437778583819,0.233508701971778
75,19,0,0,0.237118038812981,0.233228873073951,0,1,0,0,75,5.23460708337742,0.237118038812981
76,19,0,0,0.240874391892676,0.239902590118406,0,1,0,0,76,5.22454819294899,0.240874391892676
77,19,0,0,0.244773402309977,0.245261783425815,0,1,0,0,77,5.21434715794324,0.244773402309977
78,19,0,0,0.248810711164004,0.251029132877238,0,1,0,0,78,5.20415002175051,0.248810711164004
79,19,0,0,0.252981959553871,0.254971107263863,0,1,0,0,79,5.19410282776116,0.252981959553871
80,19,0,0,0.257282172746937,0.260863633449374,0,1,0,0,80,5.1843360450676,0.257282172746937
81,19,0,0,0.261700326079359,0.260311748206373,0,1,0,0,81,5.17482714085964,0.261700326079359
82,19,0,0,0.266221961009405,0.263691393741941,0,1,0,0,82,5.16546674004191,0.266221961009405
83,19,0,0,0.270832579582113,0.269115412126044,0,1,0,0,83,5.156144470764,0.270832579582113
84,19,0,0,0.275517683842517,0.280598828905048,0,1,0,0,84,5.14674996117549,0.275517683842517
85,19,0,0,0.280262775835656,0.28886250936123,0,1,0,0,85,5.13717283942597,0.280262775835656
86,19,0,0,0.285053357606563,0.292197191342973,0,1,0,0,86,5.12730273366501,0.285053357606563
87,19,0,0,0.289874931200277,0.294071229726984,0,1,0,0,87,5.1170292720422,0.289874931200277
88,19,0,0,0.294714322139572,0.296972146724734,0,1,0,0,88,5.1061246492955,0.294714322139572
89,19,0,0,0.299566523520499,0.297160269631235,0,1,0,0,89,5.09363634378461,0.299566523520499
90,19,0,0,0.304429641062682,0.300700951442481,0,1,0,0,90,5.07833564788264,0.304429641062682
91,19,0,0,0.309301786612956,0.303210577327178,0,1,0,0,91,5.05899331028949,0.309301786612956
92,19,0,0,0.314181072018156,0.317299298271515,0,1,0,0,92,5.03438007970507,0.314181072018156
93,19,0,0,0.319065609125117,0.329695874121128,0,1,0,0,93,5.00326670482928,0.319065609125117
94,19,0,0,0.323953509780674,0.332876226795835,0,1,0,0,94,4.96442393436203,0.323953509780674
95,19,0,0,0.328842885831664,0.31262274728956,0,1,0,0,95,4.91662251700321,0.328842885831664
40,20,0,0,0.164556033788663,0.172741944183464,0,1,0,0,40,5.39999745497105,0.164556033788663
41,20,0,0,0.166109775343494,0.168580115353519,0,1,0,0,41,5.3972784420399,0.166109775343494
42,20,0,0,0.167664338189428,0.16794303697417,0,1,0,0,42,5.39459243605291,0.167664338189428
43,20,0,0,0.169220378128054,0.172060553031171,0,1,0,0,43,5.3919465215003,0.169220378128054
44,20,0,0,0.170778550960959,0.191791440511282,0,1,0,0,44,5.38934778287229,0.170778550960959
45,20,0,0,0.17233951248973,0.188568381994535,0,1,0,0,45,5.38680330465911,0.17233951248973
46,20,0,0,0.173903918515954,0.192211318192893,0,1,0,0,46,5.38432017135098,0.173903918515954
47,20,0,0,0.175472424841219,0.202903131418003,0,1,0,0,47,5.38190546743812,0.175472424841219
48,20,0,0,0.177045688457441,0.200195390562728,0,1,0,0,48,5.37956626028311,0.177045688457441
49,20,0,0,0.178624971043666,0.200523463574028,0,1,0,0,49,5.37730091640412,0.178624971043666
50,20,0,0,0.180213120987498,0.195404344138941,0,1,0,0,50,5.37508497116657,0.180213120987498
51,20,0,0,0.181813243787601,0.184918405162918,0,1,0,0,51,5.37289026036427,0.181813243787601
52,20,0,0,0.18342844494264,0.187299059137026,0,1,0,0,52,5.370688619791,0.18342844494264
53,20,0,0,0.185061829951281,0.195583116873529,0,1,0,0,53,5.36845188524055,0.185061829951281
54,20,0,0,0.186716504312189,0.195957040153664,0,1,0,0,54,5.36615189250672,0.186716504312189
55,20,0,0,0.18839557352403,0.188160077257838,0,1,0,0,55,5.3637604773833,0.18839557352403
56,20,0,0,0.1901021580266,0.19096918376812,0,1,0,0,56,5.36124954663374,0.1901021580266
57,20,0,0,0.191840680005886,0.194418202234851,0,1,0,0,57,5.35859719025341,0.191840680005886
58,20,0,0,0.193617855111743,0.19440816687992,0,1,0,0,58,5.355792392081,0.193617855111743
59,20,0,0,0.195440632449226,0.196172234620827,0,1,0,0,59,5.35282524485619,0.195440632449226
60,20,0,0,0.197315961123389,0.195122019580545,0,1,0,0,60,5.34968584131863,0.197315961123389
61,20,0,0,0.199250790239287,0.198172193812577,0,1,0,0,61,5.34636427420801,0.199250790239287
62,20,0,0,0.201252068901975,0.20089763664494,0,1,0,0,62,5.34285063626401,0.201252068901975
63,20,0,0,0.203326746216506,0.203741158020858,0,1,0,0,63,5.33913502022628,0.203326746216506
64,20,0,0,0.205481810802706,0.204495350121633,0,1,0,0,64,5.33520665994047,0.205481810802706
65,20,0,0,0.207725556731302,0.205075422597661,0,1,0,0,65,5.33102641393789,0.207725556731302
66,20,0,0,0.210067851346257,0.208353729519627,0,1,0,0,66,5.32652094404257,0.210067851346257
67,20,0,0,0.21251865565617,0.209822375428167,0,1,0,0,67,5.32161487618155,0.21251865565617
68,20,0,0,0.215087930669642,0.213565681552778,0,1,0,0,68,5.31623283628188,0.215087930669642
69,20,0,0,0.217785637395273,0.214793979896036,0,1,0,0,69,5.31029945027061,0.217785637395273
70,20,0,0,0.220621736841662,0.218967314721845,0,1,0,0,70,5.30373934407477,0.220621736841662
71,20,0,0,0.223606190017411,0.223056789885023,0,1,0,0,71,5.29647714362141,0.223606190017411
72,20,0,0,0.226748512608376,0.226369456081114,0,1,0,0,72,5.28844436051184,0.226748512608376
73,20,0,0,0.230050740269948,0.227367587988865,0,1,0,0,73,5.27968816415742,0.230050740269948
74,20,0,0,0.233508701971778,0.229559809149161,0,1,0,0,74,5.27035169305466,0.233508701971778
75,20,0,0,0.237118038812981,0.233228873073951,0,1,0,0,75,5.26058099059389,0.237118038812981
76,20,0,0,0.240874391892676,0.239902590118406,0,1,0,0,76,5.25052210016545,0.240874391892676
77,20,0,0,0.244773402309977,0.245261783425815,0,1,0,0,77,5.2403210651597,0.244773402309977
78,20,0,0,0.248810711164004,0.251029132877238,0,1,0,0,78,5.23012392896698,0.248810711164004
79,20,0,0,0.252981959553871,0.254971107263863,0,1,0,0,79,5.22007673497762,0.252981959553871
80,20,0,0,0.257282172746937,0.260863633449374,0,1,0,0,80,5.21030995228407,0.257282172746937
81,20,0,0,0.261700326079359,0.260311748206373,0,1,0,0,81,5.20080104807611,0.261700326079359
82,20,0,0,0.266221961009405,0.263691393741941,0,1,0,0,82,5.19144064725838,0.266221961009405
83,20,0,0,0.270832579582113,0.269115412126044,0,1,0,0,83,5.18211837798047,0.270832579582113
84,20,0,0,0.275517683842517,0.280598828905048,0,1,0,0,84,5.17272386839196,0.275517683842517
85,20,0,0,0.280262775835656,0.28886250936123,0,1,0,0,85,5.16314674664244,0.280262775835656
86,20,0,0,0.285053357606563,0.292197191342973,0,1,0,0,86,5.15327664088148,0.285053357606563
87,20,0,0,0.289874931200277,0.294071229726984,0,1,0,0,87,5.14300317925867,0.289874931200277
88,20,0,0,0.294714322139572,0.296972146724734,0,1,0,0,88,5.13209855651196,0.294714322139572
89,20,0,0,0.299566523520499,0.297160269631235,0,1,0,0,89,5.11961025100107,0.299566523520499
90,20,0,0,0.304429641062682,0.300700951442481,0,1,0,0,90,5.1043095550991,0.304429641062682
91,20,0,0,0.309301786612956,0.303210577327178,0,1,0,0,91,5.08496721750596,0.309301786612956
92,20,0,0,0.314181072018156,0.317299298271515,0,1,0,0,92,5.06035398692154,0.314181072018156
93,20,0,0,0.319065609125117,0.329695874121128,0,1,0,0,93,5.02924061204575,0.319065609125117
94,20,0,0,0.323953509780674,0.332876226795835,0,1,0,0,94,4.99039784157849,0.323953509780674
95,20,0,0,0.328842885831664,0.31262274728956,0,1,0,0,95,4.94259642421967,0.328842885831664
40,21,0,0,0.164556033788663,0.172741944183464,0,1,0,0,40,5.42597136218752,0.164556033788663
41,21,0,0,0.166109775343494,0.168580115353519,0,1,0,0,41,5.42325234925637,0.166109775343494
42,21,0,0,0.167664338189428,0.16794303697417,0,1,0,0,42,5.42056634326938,0.167664338189428
43,21,0,0,0.169220378128054,0.172060553031171,0,1,0,0,43,5.41792042871677,0.169220378128054
44,21,0,0,0.170778550960959,0.191791440511282,0,1,0,0,44,5.41532169008876,0.170778550960959
45,21,0,0,0.17233951248973,0.188568381994535,0,1,0,0,45,5.41277721187558,0.17233951248973
46,21,0,0,0.173903918515954,0.192211318192893,0,1,0,0,46,5.41029407856745,0.173903918515954
47,21,0,0,0.175472424841219,0.202903131418003,0,1,0,0,47,5.40787937465459,0.175472424841219
48,21,0,0,0.177045688457441,0.200195390562728,0,1,0,0,48,5.40554016749958,0.177045688457441
49,21,0,0,0.178624971043666,0.200523463574028,0,1,0,0,49,5.40327482362058,0.178624971043666
50,21,0,0,0.180213120987498,0.195404344138941,0,1,0,0,50,5.40105887838304,0.180213120987498
51,21,0,0,0.181813243787601,0.184918405162918,0,1,0,0,51,5.39886416758074,0.181813243787601
52,21,0,0,0.18342844494264,0.187299059137026,0,1,0,0,52,5.39666252700747,0.18342844494264
53,21,0,0,0.185061829951281,0.195583116873529,0,1,0,0,53,5.39442579245702,0.185061829951281
54,21,0,0,0.186716504312189,0.195957040153664,0,1,0,0,54,5.39212579972319,0.186716504312189
55,21,0,0,0.18839557352403,0.188160077257838,0,1,0,0,55,5.38973438459976,0.18839557352403
56,21,0,0,0.1901021580266,0.19096918376812,0,1,0,0,56,5.38722345385021,0.1901021580266
57,21,0,0,0.191840680005886,0.194418202234851,0,1,0,0,57,5.38457109746988,0.191840680005886
58,21,0,0,0.193617855111743,0.19440816687992,0,1,0,0,58,5.38176629929747,0.193617855111743
59,21,0,0,0.195440632449226,0.196172234620827,0,1,0,0,59,5.37879915207265,0.195440632449226
60,21,0,0,0.197315961123389,0.195122019580545,0,1,0,0,60,5.3756597485351,0.197315961123389
61,21,0,0,0.199250790239287,0.198172193812577,0,1,0,0,61,5.37233818142448,0.199250790239287
62,21,0,0,0.201252068901975,0.20089763664494,0,1,0,0,62,5.36882454348047,0.201252068901975
63,21,0,0,0.203326746216506,0.203741158020858,0,1,0,0,63,5.36510892744275,0.203326746216506
64,21,0,0,0.205481810802706,0.204495350121633,0,1,0,0,64,5.36118056715694,0.205481810802706
65,21,0,0,0.207725556731302,0.205075422597661,0,1,0,0,65,5.35700032115435,0.207725556731302
66,21,0,0,0.210067851346257,0.208353729519627,0,1,0,0,66,5.35249485125903,0.210067851346257
67,21,0,0,0.21251865565617,0.209822375428167,0,1,0,0,67,5.34758878339802,0.21251865565617
68,21,0,0,0.215087930669642,0.213565681552778,0,1,0,0,68,5.34220674349835,0.215087930669642
69,21,0,0,0.217785637395273,0.214793979896036,0,1,0,0,69,5.33627335748707,0.217785637395273
70,21,0,0,0.220621736841662,0.218967314721845,0,1,0,0,70,5.32971325129123,0.220621736841662
71,21,0,0,0.223606190017411,0.223056789885023,0,1,0,0,71,5.32245105083787,0.223606190017411
72,21,0,0,0.226748512608376,0.226369456081114,0,1,0,0,72,5.31441826772831,0.226748512608376
73,21,0,0,0.230050740269948,0.227367587988865,0,1,0,0,73,5.30566207137389,0.230050740269948
74,21,0,0,0.233508701971778,0.229559809149161,0,1,0,0,74,5.29632560027112,0.233508701971778
75,21,0,0,0.237118038812981,0.233228873073951,0,1,0,0,75,5.28655489781035,0.237118038812981
76,21,0,0,0.240874391892676,0.239902590118406,0,1,0,0,76,5.27649600738192,0.240874391892676
77,21,0,0,0.244773402309977,0.245261783425815,0,1,0,0,77,5.26629497237617,0.244773402309977
78,21,0,0,0.248810711164004,0.251029132877238,0,1,0,0,78,5.25609783618345,0.248810711164004
79,21,0,0,0.252981959553871,0.254971107263863,0,1,0,0,79,5.24605064219409,0.252981959553871
80,21,0,0,0.257282172746937,0.260863633449374,0,1,0,0,80,5.23628385950054,0.257282172746937
81,21,0,0,0.261700326079359,0.260311748206373,0,1,0,0,81,5.22677495529257,0.261700326079359
82,21,0,0,0.266221961009405,0.263691393741941,0,1,0,0,82,5.21741455447484,0.266221961009405
83,21,0,0,0.270832579582113,0.269115412126044,0,1,0,0,83,5.20809228519694,0.270832579582113
84,21,0,0,0.275517683842517,0.280598828905048,0,1,0,0,84,5.19869777560843,0.275517683842517
85,21,0,0,0.280262775835656,0.28886250936123,0,1,0,0,85,5.1891206538589,0.280262775835656
86,21,0,0,0.285053357606563,0.292197191342973,0,1,0,0,86,5.17925054809795,0.285053357606563
87,21,0,0,0.289874931200277,0.294071229726984,0,1,0,0,87,5.16897708647514,0.289874931200277
88,21,0,0,0.294714322139572,0.296972146724734,0,1,0,0,88,5.15807246372843,0.294714322139572
89,21,0,0,0.299566523520499,0.297160269631235,0,1,0,0,89,5.14558415821754,0.299566523520499
90,21,0,0,0.304429641062682,0.300700951442481,0,1,0,0,90,5.13028346231557,0.304429641062682
91,21,0,0,0.309301786612956,0.303210577327178,0,1,0,0,91,5.11094112472243,0.309301786612956
92,21,0,0,0.314181072018156,0.317299298271515,0,1,0,0,92,5.08632789413801,0.314181072018156
93,21,0,0,0.319065609125117,0.329695874121128,0,1,0,0,93,5.05521451926222,0.319065609125117
94,21,0,0,0.323953509780674,0.332876226795835,0,1,0,0,94,5.01637174879496,0.323953509780674
95,21,0,0,0.328842885831664,0.31262274728956,0,1,0,0,95,4.96857033143614,0.328842885831664
40,22,0,0,0.164556033788663,0.172741944183464,0,1,0,0,40,5.45194526940399,0.164556033788663
41,22,0,0,0.166109775343494,0.168580115353519,0,1,0,0,41,5.44922625647284,0.166109775343494
42,22,0,0,0.167664338189428,0.16794303697417,0,1,0,0,42,5.44654025048584,0.167664338189428
43,22,0,0,0.169220378128054,0.172060553031171,0,1,0,0,43,5.44389433593323,0.169220378128054
44,22,0,0,0.170778550960959,0.191791440511282,0,1,0,0,44,5.44129559730523,0.170778550960959
45,22,0,0,0.17233951248973,0.188568381994535,0,1,0,0,45,5.43875111909204,0.17233951248973
46,22,0,0,0.173903918515954,0.192211318192893,0,1,0,0,46,5.43626798578391,0.173903918515954
47,22,0,0,0.175472424841219,0.202903131418003,0,1,0,0,47,5.43385328187105,0.175472424841219
48,22,0,0,0.177045688457441,0.200195390562728,0,1,0,0,48,5.43151407471604,0.177045688457441
49,22,0,0,0.178624971043666,0.200523463574028,0,1,0,0,49,5.42924873083705,0.178624971043666
50,22,0,0,0.180213120987498,0.195404344138941,0,1,0,0,50,5.42703278559951,0.180213120987498
51,22,0,0,0.181813243787601,0.184918405162918,0,1,0,0,51,5.4248380747972,0.181813243787601
52,22,0,0,0.18342844494264,0.187299059137026,0,1,0,0,52,5.42263643422393,0.18342844494264
53,22,0,0,0.185061829951281,0.195583116873529,0,1,0,0,53,5.42039969967349,0.185061829951281
54,22,0,0,0.186716504312189,0.195957040153664,0,1,0,0,54,5.41809970693965,0.186716504312189
55,22,0,0,0.18839557352403,0.188160077257838,0,1,0,0,55,5.41570829181623,0.18839557352403
56,22,0,0,0.1901021580266,0.19096918376812,0,1,0,0,56,5.41319736106667,0.1901021580266
57,22,0,0,0.191840680005886,0.194418202234851,0,1,0,0,57,5.41054500468635,0.191840680005886
58,22,0,0,0.193617855111743,0.19440816687992,0,1,0,0,58,5.40774020651394,0.193617855111743
59,22,0,0,0.195440632449226,0.196172234620827,0,1,0,0,59,5.40477305928912,0.195440632449226
60,22,0,0,0.197315961123389,0.195122019580545,0,1,0,0,60,5.40163365575156,0.197315961123389
61,22,0,0,0.199250790239287,0.198172193812577,0,1,0,0,61,5.39831208864095,0.199250790239287
62,22,0,0,0.201252068901975,0.20089763664494,0,1,0,0,62,5.39479845069694,0.201252068901975
63,22,0,0,0.203326746216506,0.203741158020858,0,1,0,0,63,5.39108283465921,0.203326746216506
64,22,0,0,0.205481810802706,0.204495350121633,0,1,0,0,64,5.3871544743734,0.205481810802706
65,22,0,0,0.207725556731302,0.205075422597661,0,1,0,0,65,5.38297422837082,0.207725556731302
66,22,0,0,0.210067851346257,0.208353729519627,0,1,0,0,66,5.3784687584755,0.210067851346257
67,22,0,0,0.21251865565617,0.209822375428167,0,1,0,0,67,5.37356269061448,0.21251865565617
68,22,0,0,0.215087930669642,0.213565681552778,0,1,0,0,68,5.36818065071481,0.215087930669642
69,22,0,0,0.217785637395273,0.214793979896036,0,1,0,0,69,5.36224726470354,0.217785637395273
70,22,0,0,0.220621736841662,0.218967314721845,0,1,0,0,70,5.3556871585077,0.220621736841662
71,22,0,0,0.223606190017411,0.223056789885023,0,1,0,0,71,5.34842495805434,0.223606190017411
72,22,0,0,0.226748512608376,0.226369456081114,0,1,0,0,72,5.34039217494478,0.226748512608376
73,22,0,0,0.230050740269948,0.227367587988865,0,1,0,0,73,5.33163597859036,0.230050740269948
74,22,0,0,0.233508701971778,0.229559809149161,0,1,0,0,74,5.32229950748759,0.233508701971778
75,22,0,0,0.237118038812981,0.233228873073951,0,1,0,0,75,5.31252880502682,0.237118038812981
76,22,0,0,0.240874391892676,0.239902590118406,0,1,0,0,76,5.30246991459839,0.240874391892676
77,22,0,0,0.244773402309977,0.245261783425815,0,1,0,0,77,5.29226887959264,0.244773402309977
78,22,0,0,0.248810711164004,0.251029132877238,0,1,0,0,78,5.28207174339991,0.248810711164004
79,22,0,0,0.252981959553871,0.254971107263863,0,1,0,0,79,5.27202454941056,0.252981959553871
80,22,0,0,0.257282172746937,0.260863633449374,0,1,0,0,80,5.262257766717,0.257282172746937
81,22,0,0,0.261700326079359,0.260311748206373,0,1,0,0,81,5.25274886250904,0.261700326079359
82,22,0,0,0.266221961009405,0.263691393741941,0,1,0,0,82,5.24338846169131,0.266221961009405
83,22,0,0,0.270832579582113,0.269115412126044,0,1,0,0,83,5.2340661924134,0.270832579582113
84,22,0,0,0.275517683842517,0.280598828905048,0,1,0,0,84,5.22467168282489,0.275517683842517
85,22,0,0,0.280262775835656,0.28886250936123,0,1,0,0,85,5.21509456107537,0.280262775835656
86,22,0,0,0.285053357606563,0.292197191342973,0,1,0,0,86,5.20522445531441,0.285053357606563
87,22,0,0,0.289874931200277,0.294071229726984,0,1,0,0,87,5.1949509936916,0.289874931200277
88,22,0,0,0.294714322139572,0.296972146724734,0,1,0,0,88,5.1840463709449,0.294714322139572
89,22,0,0,0.299566523520499,0.297160269631235,0,1,0,0,89,5.17155806543401,0.299566523520499
90,22,0,0,0.304429641062682,0.300700951442481,0,1,0,0,90,5.15625736953204,0.304429641062682
91,22,0,0,0.309301786612956,0.303210577327178,0,1,0,0,91,5.13691503193889,0.309301786612956
92,22,0,0,0.314181072018156,0.317299298271515,0,1,0,0,92,5.11230180135447,0.314181072018156
93,22,0,0,0.319065609125117,0.329695874121128,0,1,0,0,93,5.08118842647868,0.319065609125117
94,22,0,0,0.323953509780674,0.332876226795835,0,1,0,0,94,5.04234565601143,0.323953509780674
95,22,0,0,0.328842885831664,0.31262274728956,0,1,0,0,95,4.99454423865261,0.328842885831664
40,23,0,0,0.164556033788663,0.172741944183464,0,1,0,0,40,5.47791917662045,0.164556033788663
41,23,0,0,0.166109775343494,0.168580115353519,0,1,0,0,41,5.4752001636893,0.166109775343494
42,23,0,0,0.167664338189428,0.16794303697417,0,1,0,0,42,5.47251415770231,0.167664338189428
43,23,0,0,0.169220378128054,0.172060553031171,0,1,0,0,43,5.4698682431497,0.169220378128054
44,23,0,0,0.170778550960959,0.191791440511282,0,1,0,0,44,5.46726950452169,0.170778550960959
45,23,0,0,0.17233951248973,0.188568381994535,0,1,0,0,45,5.46472502630851,0.17233951248973
46,23,0,0,0.173903918515954,0.192211318192893,0,1,0,0,46,5.46224189300038,0.173903918515954
47,23,0,0,0.175472424841219,0.202903131418003,0,1,0,0,47,5.45982718908752,0.175472424841219
48,23,0,0,0.177045688457441,0.200195390562728,0,1,0,0,48,5.45748798193251,0.177045688457441
49,23,0,0,0.178624971043666,0.200523463574028,0,1,0,0,49,5.45522263805352,0.178624971043666
50,23,0,0,0.180213120987498,0.195404344138941,0,1,0,0,50,5.45300669281597,0.180213120987498
51,23,0,0,0.181813243787601,0.184918405162918,0,1,0,0,51,5.45081198201367,0.181813243787601
52,23,0,0,0.18342844494264,0.187299059137026,0,1,0,0,52,5.4486103414404,0.18342844494264
53,23,0,0,0.185061829951281,0.195583116873529,0,1,0,0,53,5.44637360688995,0.185061829951281
54,23,0,0,0.186716504312189,0.195957040153664,0,1,0,0,54,5.44407361415612,0.186716504312189
55,23,0,0,0.18839557352403,0.188160077257838,0,1,0,0,55,5.4416821990327,0.18839557352403
56,23,0,0,0.1901021580266,0.19096918376812,0,1,0,0,56,5.43917126828314,0.1901021580266
57,23,0,0,0.191840680005886,0.194418202234851,0,1,0,0,57,5.43651891190281,0.191840680005886
58,23,0,0,0.193617855111743,0.19440816687992,0,1,0,0,58,5.4337141137304,0.193617855111743
59,23,0,0,0.195440632449226,0.196172234620827,0,1,0,0,59,5.43074696650559,0.195440632449226
60,23,0,0,0.197315961123389,0.195122019580545,0,1,0,0,60,5.42760756296803,0.197315961123389
61,23,0,0,0.199250790239287,0.198172193812577,0,1,0,0,61,5.42428599585741,0.199250790239287
62,23,0,0,0.201252068901975,0.20089763664494,0,1,0,0,62,5.42077235791341,0.201252068901975
63,23,0,0,0.203326746216506,0.203741158020858,0,1,0,0,63,5.41705674187568,0.203326746216506
64,23,0,0,0.205481810802706,0.204495350121633,0,1,0,0,64,5.41312838158987,0.205481810802706
65,23,0,0,0.207725556731302,0.205075422597661,0,1,0,0,65,5.40894813558729,0.207725556731302
66,23,0,0,0.210067851346257,0.208353729519627,0,1,0,0,66,5.40444266569197,0.210067851346257
67,23,0,0,0.21251865565617,0.209822375428167,0,1,0,0,67,5.39953659783095,0.21251865565617
68,23,0,0,0.215087930669642,0.213565681552778,0,1,0,0,68,5.39415455793128,0.215087930669642
69,23,0,0,0.217785637395273,0.214793979896036,0,1,0,0,69,5.38822117192001,0.217785637395273
70,23,0,0,0.220621736841662,0.218967314721845,0,1,0,0,70,5.38166106572417,0.220621736841662
71,23,0,0,0.223606190017411,0.223056789885023,0,1,0,0,71,5.37439886527081,0.223606190017411
72,23,0,0,0.226748512608376,0.226369456081114,0,1,0,0,72,5.36636608216124,0.226748512608376
73,23,0,0,0.230050740269948,0.227367587988865,0,1,0,0,73,5.35760988580682,0.230050740269948
74,23,0,0,0.233508701971778,0.229559809149161,0,1,0,0,74,5.34827341470406,0.233508701971778
75,23,0,0,0.237118038812981,0.233228873073951,0,1,0,0,75,5.33850271224329,0.237118038812981
76,23,0,0,0.240874391892676,0.239902590118406,0,1,0,0,76,5.32844382181485,0.240874391892676
77,23,0,0,0.244773402309977,0.245261783425815,0,1,0,0,77,5.3182427868091,0.244773402309977
78,23,0,0,0.248810711164004,0.251029132877238,0,1,0,0,78,5.30804565061638,0.248810711164004
79,23,0,0,0.252981959553871,0.254971107263863,0,1,0,0,79,5.29799845662702,0.252981959553871
80,23,0,0,0.257282172746937,0.260863633449374,0,1,0,0,80,5.28823167393347,0.257282172746937
81,23,0,0,0.261700326079359,0.260311748206373,0,1,0,0,81,5.27872276972551,0.261700326079359
82,23,0,0,0.266221961009405,0.263691393741941,0,1,0,0,82,5.26936236890778,0.266221961009405
83,23,0,0,0.270832579582113,0.269115412126044,0,1,0,0,83,5.26004009962987,0.270832579582113
84,23,0,0,0.275517683842517,0.280598828905048,0,1,0,0,84,5.25064559004136,0.275517683842517
85,23,0,0,0.280262775835656,0.28886250936123,0,1,0,0,85,5.24106846829184,0.280262775835656
86,23,0,0,0.285053357606563,0.292197191342973,0,1,0,0,86,5.23119836253088,0.285053357606563
87,23,0,0,0.289874931200277,0.294071229726984,0,1,0,0,87,5.22092490090807,0.289874931200277
88,23,0,0,0.294714322139572,0.296972146724734,0,1,0,0,88,5.21002027816136,0.294714322139572
89,23,0,0,0.299566523520499,0.297160269631235,0,1,0,0,89,5.19753197265047,0.299566523520499
90,23,0,0,0.304429641062682,0.300700951442481,0,1,0,0,90,5.1822312767485,0.304429641062682
91,23,0,0,0.309301786612956,0.303210577327178,0,1,0,0,91,5.16288893915536,0.309301786612956
92,23,0,0,0.314181072018156,0.317299298271515,0,1,0,0,92,5.13827570857094,0.314181072018156
93,23,0,0,0.319065609125117,0.329695874121128,0,1,0,0,93,5.10716233369515,0.319065609125117
94,23,0,0,0.323953509780674,0.332876226795835,0,1,0,0,94,5.06831956322789,0.323953509780674
95,23,0,0,0.328842885831664,0.31262274728956,0,1,0,0,95,5.02051814586907,0.328842885831664
40,24,0,0,0.164556033788663,0.172741944183464,0,1,0,0,40,5.50389308383692,0.164556033788663
41,24,0,0,0.166109775343494,0.168580115353519,0,1,0,0,41,5.50117407090577,0.166109775343494
42,24,0,0,0.167664338189428,0.16794303697417,0,1,0,0,42,5.49848806491878,0.167664338189428
43,24,0,0,0.169220378128054,0.172060553031171,0,1,0,0,43,5.49584215036617,0.169220378128054
44,24,0,0,0.170778550960959,0.191791440511282,0,1,0,0,44,5.49324341173816,0.170778550960959
45,24,0,0,0.17233951248973,0.188568381994535,0,1,0,0,45,5.49069893352498,0.17233951248973
46,24,0,0,0.173903918515954,0.192211318192893,0,1,0,0,46,5.48821580021685,0.173903918515954
47,24,0,0,0.175472424841219,0.202903131418003,0,1,0,0,47,5.48580109630399,0.175472424841219
48,24,0,0,0.177045688457441,0.200195390562728,0,1,0,0,48,5.48346188914897,0.177045688457441
49,24,0,0,0.178624971043666,0.200523463574028,0,1,0,0,49,5.48119654526998,0.178624971043666
50,24,0,0,0.180213120987498,0.195404344138941,0,1,0,0,50,5.47898060003244,0.180213120987498
51,24,0,0,0.181813243787601,0.184918405162918,0,1,0,0,51,5.47678588923014,0.181813243787601
52,24,0,0,0.18342844494264,0.187299059137026,0,1,0,0,52,5.47458424865686,0.18342844494264
53,24,0,0,0.185061829951281,0.195583116873529,0,1,0,0,53,5.47234751410642,0.185061829951281
54,24,0,0,0.186716504312189,0.195957040153664,0,1,0,0,54,5.47004752137259,0.186716504312189
55,24,0,0,0.18839557352403,0.188160077257838,0,1,0,0,55,5.46765610624916,0.18839557352403
56,24,0,0,0.1901021580266,0.19096918376812,0,1,0,0,56,5.4651451754996,0.1901021580266
57,24,0,0,0.191840680005886,0.194418202234851,0,1,0,0,57,5.46249281911928,0.191840680005886
58,24,0,0,0.193617855111743,0.19440816687992,0,1,0,0,58,5.45968802094687,0.193617855111743
59,24,0,0,0.195440632449226,0.196172234620827,0,1,0,0,59,5.45672087372205,0.195440632449226
60,24,0,0,0.197315961123389,0.195122019580545,0,1,0,0,60,5.4535814701845,0.197315961123389
61,24,0,0,0.199250790239287,0.198172193812577,0,1,0,0,61,5.45025990307388,0.199250790239287
62,24,0,0,0.201252068901975,0.20089763664494,0,1,0,0,62,5.44674626512987,0.201252068901975
63,24,0,0,0.203326746216506,0.203741158020858,0,1,0,0,63,5.44303064909215,0.203326746216506
64,24,0,0,0.205481810802706,0.204495350121633,0,1,0,0,64,5.43910228880634,0.205481810802706
65,24,0,0,0.207725556731302,0.205075422597661,0,1,0,0,65,5.43492204280375,0.207725556731302
66,24,0,0,0.210067851346257,0.208353729519627,0,1,0,0,66,5.43041657290843,0.210067851346257
67,24,0,0,0.21251865565617,0.209822375428167,0,1,0,0,67,5.42551050504741,0.21251865565617
68,24,0,0,0.215087930669642,0.213565681552778,0,1,0,0,68,5.42012846514775,0.215087930669642
69,24,0,0,0.217785637395273,0.214793979896036,0,1,0,0,69,5.41419507913647,0.217785637395273
70,24,0,0,0.220621736841662,0.218967314721845,0,1,0,0,70,5.40763497294063,0.220621736841662
71,24,0,0,0.223606190017411,0.223056789885023,0,1,0,0,71,5.40037277248727,0.223606190017411
72,24,0,0,0.226748512608376,0.226369456081114,0,1,0,0,72,5.39233998937771,0.226748512608376
73,24,0,0,0.230050740269948,0.227367587988865,0,1,0,0,73,5.38358379302329,0.230050740269948
74,24,0,0,0.233508701971778,0.229559809149161,0,1,0,0,74,5.37424732192052,0.233508701971778
75,24,0,0,0.237118038812981,0.233228873073951,0,1,0,0,75,5.36447661945975,0.237118038812981
76,24,0,0,0.240874391892676,0.239902590118406,0,1,0,0,76,5.35441772903132,0.240874391892676
77,24,0,0,0.244773402309977,0.245261783425815,0,1,0,0,77,5.34421669402557,0.244773402309977
78,24,0,0,0.248810711164004,0.251029132877238,0,1,0,0,78,5.33401955783285,0.248810711164004
79,24,0,0,0.252981959553871,0.254971107263863,0,1,0,0,79,5.32397236384349,0.252981959553871
80,24,0,0,0.257282172746937,0.260863633449374,0,1,0,0,80,5.31420558114994,0.257282172746937
81,24,0,0,0.261700326079359,0.260311748206373,0,1,0,0,81,5.30469667694197,0.261700326079359
82,24,0,0,0.266221961009405,0.263691393741941,0,1,0,0,82,5.29533627612424,0.266221961009405
83,24,0,0,0.270832579582113,0.269115412126044,0,1,0,0,83,5.28601400684633,0.270832579582113
84,24,0,0,0.275517683842517,0.280598828905048,0,1,0,0,84,5.27661949725783,0.275517683842517
85,24,0,0,0.280262775835656,0.28886250936123,0,1,0,0,85,5.2670423755083,0.280262775835656
86,24,0,0,0.285053357606563,0.292197191342973,0,1,0,0,86,5.25717226974734,0.285053357606563
87,24,0,0,0.289874931200277,0.294071229726984,0,1,0,0,87,5.24689880812454,0.289874931200277
88,24,0,0,0.294714322139572,0.296972146724734,0,1,0,0,88,5.23599418537783,0.294714322139572
89,24,0,0,0.299566523520499,0.297160269631235,0,1,0,0,89,5.22350587986694,0.299566523520499
90,24,0,0,0.304429641062682,0.300700951442481,0,1,0,0,90,5.20820518396497,0.304429641062682
91,24,0,0,0.309301786612956,0.303210577327178,0,1,0,0,91,5.18886284637183,0.309301786612956
92,24,0,0,0.314181072018156,0.317299298271515,0,1,0,0,92,5.16424961578741,0.314181072018156
93,24,0,0,0.319065609125117,0.329695874121128,0,1,0,0,93,5.13313624091162,0.319065609125117
94,24,0,0,0.323953509780674,0.332876226795835,0,1,0,0,94,5.09429347044436,0.323953509780674
95,24,0,0,0.328842885831664,0.31262274728956,0,1,0,0,95,5.04649205308554,0.328842885831664
40,25,0,0,0.164556033788663,0.172741944183464,0,1,0,0,40,5.52986699105339,0.164556033788663
41,25,0,0,0.166109775343494,0.168580115353519,0,1,0,0,41,5.52714797812224,0.166109775343494
42,25,0,0,0.167664338189428,0.16794303697417,0,1,0,0,42,5.52446197213524,0.167664338189428
43,25,0,0,0.169220378128054,0.172060553031171,0,1,0,0,43,5.52181605758263,0.169220378128054
44,25,0,0,0.170778550960959,0.191791440511282,0,1,0,0,44,5.51921731895463,0.170778550960959
45,25,0,0,0.17233951248973,0.188568381994535,0,1,0,0,45,5.51667284074144,0.17233951248973
46,25,0,0,0.173903918515954,0.192211318192893,0,1,0,0,46,5.51418970743331,0.173903918515954
47,25,0,0,0.175472424841219,0.202903131418003,0,1,0,0,47,5.51177500352045,0.175472424841219
48,25,0,0,0.177045688457441,0.200195390562728,0,1,0,0,48,5.50943579636544,0.177045688457441
49,25,0,0,0.178624971043666,0.200523463574028,0,1,0,0,49,5.50717045248645,0.178624971043666
50,25,0,0,0.180213120987498,0.195404344138941,0,1,0,0,50,5.50495450724891,0.180213120987498
51,25,0,0,0.181813243787601,0.184918405162918,0,1,0,0,51,5.5027597964466,0.181813243787601
52,25,0,0,0.18342844494264,0.187299059137026,0,1,0,0,52,5.50055815587333,0.18342844494264
53,25,0,0,0.185061829951281,0.195583116873529,0,1,0,0,53,5.49832142132288,0.185061829951281
54,25,0,0,0.186716504312189,0.195957040153664,0,1,0,0,54,5.49602142858905,0.186716504312189
55,25,0,0,0.18839557352403,0.188160077257838,0,1,0,0,55,5.49363001346563,0.18839557352403
56,25,0,0,0.1901021580266,0.19096918376812,0,1,0,0,56,5.49111908271607,0.1901021580266
57,25,0,0,0.191840680005886,0.194418202234851,0,1,0,0,57,5.48846672633575,0.191840680005886
58,25,0,0,0.193617855111743,0.19440816687992,0,1,0,0,58,5.48566192816334,0.193617855111743
59,25,0,0,0.195440632449226,0.196172234620827,0,1,0,0,59,5.48269478093852,0.195440632449226
60,25,0,0,0.197315961123389,0.195122019580545,0,1,0,0,60,5.47955537740096,0.197315961123389
61,25,0,0,0.199250790239287,0.198172193812577,0,1,0,0,61,5.47623381029034,0.199250790239287
62,25,0,0,0.201252068901975,0.20089763664494,0,1,0,0,62,5.47272017234634,0.201252068901975
63,25,0,0,0.203326746216506,0.203741158020858,0,1,0,0,63,5.46900455630861,0.203326746216506
64,25,0,0,0.205481810802706,0.204495350121633,0,1,0,0,64,5.4650761960228,0.205481810802706
65,25,0,0,0.207725556731302,0.205075422597661,0,1,0,0,65,5.46089595002022,0.207725556731302
66,25,0,0,0.210067851346257,0.208353729519627,0,1,0,0,66,5.4563904801249,0.210067851346257
67,25,0,0,0.21251865565617,0.209822375428167,0,1,0,0,67,5.45148441226388,0.21251865565617
68,25,0,0,0.215087930669642,0.213565681552778,0,1,0,0,68,5.44610237236421,0.215087930669642
69,25,0,0,0.217785637395273,0.214793979896036,0,1,0,0,69,5.44016898635294,0.217785637395273
70,25,0,0,0.220621736841662,0.218967314721845,0,1,0,0,70,5.4336088801571,0.220621736841662
71,25,0,0,0.223606190017411,0.223056789885023,0,1,0,0,71,5.42634667970374,0.223606190017411
72,25,0,0,0.226748512608376,0.226369456081114,0,1,0,0,72,5.41831389659418,0.226748512608376
73,25,0,0,0.230050740269948,0.227367587988865,0,1,0,0,73,5.40955770023976,0.230050740269948
74,25,0,0,0.233508701971778,0.229559809149161,0,1,0,0,74,5.40022122913699,0.233508701971778
75,25,0,0,0.237118038812981,0.233228873073951,0,1,0,0,75,5.39045052667622,0.237118038812981
76,25,0,0,0.240874391892676,0.239902590118406,0,1,0,0,76,5.38039163624779,0.240874391892676
77,25,0,0,0.244773402309977,0.245261783425815,0,1,0,0,77,5.37019060124204,0.244773402309977
78,25,0,0,0.248810711164004,0.251029132877238,0,1,0,0,78,5.35999346504931,0.248810711164004
79,25,0,0,0.252981959553871,0.254971107263863,0,1,0,0,79,5.34994627105996,0.252981959553871
80,25,0,0,0.257282172746937,0.260863633449374,0,1,0,0,80,5.3401794883664,0.257282172746937
81,25,0,0,0.261700326079359,0.260311748206373,0,1,0,0,81,5.33067058415844,0.261700326079359
82,25,0,0,0.266221961009405,0.263691393741941,0,1,0,0,82,5.32131018334071,0.266221961009405
83,25,0,0,0.270832579582113,0.269115412126044,0,1,0,0,83,5.3119879140628,0.270832579582113
84,25,0,0,0.275517683842517,0.280598828905048,0,1,0,0,84,5.30259340447429,0.275517683842517
85,25,0,0,0.280262775835656,0.28886250936123,0,1,0,0,85,5.29301628272477,0.280262775835656
86,25,0,0,0.285053357606563,0.292197191342973,0,1,0,0,86,5.28314617696381,0.285053357606563
87,25,0,0,0.289874931200277,0.294071229726984,0,1,0,0,87,5.272872715341,0.289874931200277
88,25,0,0,0.294714322139572,0.296972146724734,0,1,0,0,88,5.2619680925943,0.294714322139572
89,25,0,0,0.299566523520499,0.297160269631235,0,1,0,0,89,5.24947978708341,0.299566523520499
90,25,0,0,0.304429641062682,0.300700951442481,0,1,0,0,90,5.23417909118144,0.304429641062682
91,25,0,0,0.309301786612956,0.303210577327178,0,1,0,0,91,5.21483675358829,0.309301786612956
92,25,0,0,0.314181072018156,0.317299298271515,0,1,0,0,92,5.19022352300387,0.314181072018156
93,25,0,0,0.319065609125117,0.329695874121128,0,1,0,0,93,5.15911014812808,0.319065609125117
94,25,0,0,0.323953509780674,0.332876226795835,0,1,0,0,94,5.12026737766083,0.323953509780674
95,25,0,0,0.328842885831664,0.31262274728956,0,1,0,0,95,5.07246596030201,0.328842885831664
40,10,1,0,0.164556033788663,0.172741944183464,0,0,40,0,0,5.08100307102497,0.164556033788663
41,10,1,0,0.166109775343494,0.168580115353519,0,0,41,0,0,5.07828405809382,0.166109775343494
42,10,1,0,0.167664338189428,0.16794303697417,0,0,42,0,0,5.07559805210683,0.167664338189428
43,10,1,0,0.169220378128054,0.172060553031171,0,0,43,0,0,5.07295213755422,0.169220378128054
44,10,1,0,0.170778550960959,0.191791440511282,0,0,44,0,0,5.07035339892621,0.170778550960959
45,10,1,0,0.17233951248973,0.188568381994535,0,0,45,0,0,5.06780892071303,0.17233951248973
46,10,1,0,0.173903918515954,0.192211318192893,0,0,46,0,0,5.06532578740489,0.173903918515954
47,10,1,0,0.175472424841219,0.202903131418003,0,0,47,0,0,5.06291108349204,0.175472424841219
48,10,1,0,0.177045688457441,0.200195390562728,0,0,48,0,0,5.06057187633702,0.177045688457441
49,10,1,0,0.178624971043666,0.200523463574028,0,0,49,0,0,5.05830653245803,0.178624971043666
50,10,1,0,0.180213120987498,0.195404344138941,0,0,50,0,0,5.05609058722049,0.180213120987498
51,10,1,0,0.181813243787601,0.184918405162918,0,0,51,0,0,5.05389587641818,0.181813243787601
52,10,1,0,0.18342844494264,0.187299059137026,0,0,52,0,0,5.05169423584491,0.18342844494264
53,10,1,0,0.185061829951281,0.195583116873529,0,0,53,0,0,5.04945750129447,0.185061829951281
54,10,1,0,0.186716504312189,0.195957040153664,0,0,54,0,0,5.04715750856063,0.186716504312189
55,10,1,0,0.18839557352403,0.188160077257838,0,0,55,0,0,5.04476609343721,0.18839557352403
56,10,1,0,0.1901021580266,0.19096918376812,0,0,56,0,0,5.04225516268765,0.1901021580266
57,10,1,0,0.191840680005886,0.194418202234851,0,0,57,0,0,5.03960280630733,0.191840680005886
58,10,1,0,0.193617855111743,0.19440816687992,0,0,58,0,0,5.03679800813492,0.193617855111743
59,10,1,0,0.195440632449226,0.196172234620827,0,0,59,0,0,5.0338308609101,0.195440632449226
60,10,1,0,0.197315961123389,0.195122019580545,0,0,60,0,0,5.03069145737254,0.197315961123389
61,10,1,0,0.199250790239287,0.198172193812577,0,0,61,0,0,5.02736989026193,0.199250790239287
62,10,1,0,0.201252068901975,0.20089763664494,0,0,62,0,0,5.02385625231792,0.201252068901975
63,10,1,0,0.203326746216506,0.203741158020858,0,0,63,0,0,5.0201406362802,0.203326746216506
64,10,1,0,0.205481810802706,0.204495350121633,0,0,64,0,0,5.01621227599439,0.205481810802706
65,10,1,0,0.207725556731302,0.205075422597661,0,0,65,0,0,5.0120320299918,0.207725556731302
66,10,1,0,0.210067851346257,0.208353729519627,0,0,66,0,0,5.00752656009648,0.210067851346257
67,10,1,0,0.21251865565617,0.209822375428167,0,0,67,0,0,5.00262049223546,0.21251865565617
68,10,1,0,0.215087930669642,0.213565681552778,0,0,68,0,0,4.9972384523358,0.215087930669642
69,10,1,0,0.217785637395273,0.214793979896036,0,0,69,0,0,4.99130506632452,0.217785637395273
70,10,1,0,0.220621736841662,0.218967314721845,0,0,70,0,0,4.98474496012868,0.220621736841662
71,10,1,0,0.223606190017411,0.223056789885023,0,0,71,0,0,4.97748275967532,0.223606190017411
72,10,1,0,0.226748512608376,0.226369456081114,0,0,72,0,0,4.96944997656576,0.226748512608376
73,10,1,0,0.230050740269948,0.227367587988865,0,0,73,0,0,4.96069378021134,0.230050740269948
74,10,1,0,0.233508701971778,0.229559809149161,0,0,74,0,0,4.95135730910857,0.233508701971778
75,10,1,0,0.237118038812981,0.233228873073951,0,0,75,0,0,4.9415866066478,0.237118038812981
76,10,1,0,0.240874391892676,0.239902590118406,0,0,76,0,0,4.93152771621937,0.240874391892676
77,10,1,0,0.244773402309977,0.245261783425815,0,0,77,0,0,4.92132668121362,0.244773402309977
78,10,1,0,0.248810711164004,0.251029132877238,0,0,78,0,0,4.9111295450209,0.248810711164004
79,10,1,0,0.252981959553871,0.254971107263863,0,0,79,0,0,4.90108235103154,0.252981959553871
80,10,1,0,0.257282172746937,0.260863633449374,0,0,80,0,0,4.89131556833799,0.257282172746937
81,10,1,0,0.261700326079359,0.260311748206373,0,0,81,0,0,4.88180666413002,0.261700326079359
82,10,1,0,0.266221961009405,0.263691393741941,0,0,82,0,0,4.87244626331229,0.266221961009405
83,10,1,0,0.270832579582113,0.269115412126044,0,0,83,0,0,4.86312399403438,0.270832579582113
84,10,1,0,0.275517683842517,0.280598828905048,0,0,84,0,0,4.85372948444587,0.275517683842517
85,10,1,0,0.280262775835656,0.28886250936123,0,0,85,0,0,4.84415236269635,0.280262775835656
86,10,1,0,0.285053357606563,0.292197191342973,0,0,86,0,0,4.83428225693539,0.285053357606563
87,10,1,0,0.289874931200277,0.294071229726984,0,0,87,0,0,4.82400879531258,0.289874931200277
88,10,1,0,0.294714322139572,0.296972146724734,0,0,88,0,0,4.81310417256588,0.294714322139572
89,10,1,0,0.299566523520499,0.297160269631235,0,0,89,0,0,4.80061586705499,0.299566523520499
90,10,1,0,0.304429641062682,0.300700951442481,0,0,90,0,0,4.78531517115302,0.304429641062682
91,10,1,0,0.309301786612956,0.303210577327178,0,0,91,0,0,4.76597283355987,0.309301786612956
92,10,1,0,0.314181072018156,0.317299298271515,0,0,92,0,0,4.74135960297546,0.314181072018156
93,10,1,0,0.319065609125117,0.329695874121128,0,0,93,0,0,4.71024622809967,0.319065609125117
94,10,1,0,0.323953509780674,0.332876226795835,0,0,94,0,0,4.67140345763241,0.323953509780674
95,10,1,0,0.328842885831664,0.31262274728956,0,0,95,0,0,4.62360204027359,0.328842885831664
40,11,1,0,0.164556033788663,0.172741944183464,0,0,40,0,0,5.10697697824144,0.164556033788663
41,11,1,0,0.166109775343494,0.168580115353519,0,0,41,0,0,5.10425796531028,0.166109775343494
42,11,1,0,0.167664338189428,0.16794303697417,0,0,42,0,0,5.10157195932329,0.167664338189428
43,11,1,0,0.169220378128054,0.172060553031171,0,0,43,0,0,5.09892604477068,0.169220378128054
44,11,1,0,0.170778550960959,0.191791440511282,0,0,44,0,0,5.09632730614267,0.170778550960959
45,11,1,0,0.17233951248973,0.188568381994535,0,0,45,0,0,5.09378282792949,0.17233951248973
46,11,1,0,0.173903918515954,0.192211318192893,0,0,46,0,0,5.09129969462136,0.173903918515954
47,11,1,0,0.175472424841219,0.202903131418003,0,0,47,0,0,5.0888849907085,0.175472424841219
48,11,1,0,0.177045688457441,0.200195390562728,0,0,48,0,0,5.08654578355349,0.177045688457441
49,11,1,0,0.178624971043666,0.200523463574028,0,0,49,0,0,5.0842804396745,0.178624971043666
50,11,1,0,0.180213120987498,0.195404344138941,0,0,50,0,0,5.08206449443695,0.180213120987498
51,11,1,0,0.181813243787601,0.184918405162918,0,0,51,0,0,5.07986978363465,0.181813243787601
52,11,1,0,0.18342844494264,0.187299059137026,0,0,52,0,0,5.07766814306138,0.18342844494264
53,11,1,0,0.185061829951281,0.195583116873529,0,0,53,0,0,5.07543140851093,0.185061829951281
54,11,1,0,0.186716504312189,0.195957040153664,0,0,54,0,0,5.0731314157771,0.186716504312189
55,11,1,0,0.18839557352403,0.188160077257838,0,0,55,0,0,5.07074000065368,0.18839557352403
56,11,1,0,0.1901021580266,0.19096918376812,0,0,56,0,0,5.06822906990412,0.1901021580266
57,11,1,0,0.191840680005886,0.194418202234851,0,0,57,0,0,5.06557671352379,0.191840680005886
58,11,1,0,0.193617855111743,0.19440816687992,0,0,58,0,0,5.06277191535139,0.193617855111743
59,11,1,0,0.195440632449226,0.196172234620827,0,0,59,0,0,5.05980476812657,0.195440632449226
60,11,1,0,0.197315961123389,0.195122019580545,0,0,60,0,0,5.05666536458901,0.197315961123389
61,11,1,0,0.199250790239287,0.198172193812577,0,0,61,0,0,5.05334379747839,0.199250790239287
62,11,1,0,0.201252068901975,0.20089763664494,0,0,62,0,0,5.04983015953439,0.201252068901975
63,11,1,0,0.203326746216506,0.203741158020858,0,0,63,0,0,5.04611454349666,0.203326746216506
64,11,1,0,0.205481810802706,0.204495350121633,0,0,64,0,0,5.04218618321085,0.205481810802706
65,11,1,0,0.207725556731302,0.205075422597661,0,0,65,0,0,5.03800593720827,0.207725556731302
66,11,1,0,0.210067851346257,0.208353729519627,0,0,66,0,0,5.03350046731295,0.210067851346257
67,11,1,0,0.21251865565617,0.209822375428167,0,0,67,0,0,5.02859439945193,0.21251865565617
68,11,1,0,0.215087930669642,0.213565681552778,0,0,68,0,0,5.02321235955226,0.215087930669642
69,11,1,0,0.217785637395273,0.214793979896036,0,0,69,0,0,5.01727897354099,0.217785637395273
70,11,1,0,0.220621736841662,0.218967314721845,0,0,70,0,0,5.01071886734515,0.220621736841662
71,11,1,0,0.223606190017411,0.223056789885023,0,0,71,0,0,5.00345666689179,0.223606190017411
72,11,1,0,0.226748512608376,0.226369456081114,0,0,72,0,0,4.99542388378222,0.226748512608376
73,11,1,0,0.230050740269948,0.227367587988865,0,0,73,0,0,4.98666768742781,0.230050740269948
74,11,1,0,0.233508701971778,0.229559809149161,0,0,74,0,0,4.97733121632504,0.233508701971778
75,11,1,0,0.237118038812981,0.233228873073951,0,0,75,0,0,4.96756051386427,0.237118038812981
76,11,1,0,0.240874391892676,0.239902590118406,0,0,76,0,0,4.95750162343584,0.240874391892676
77,11,1,0,0.244773402309977,0.245261783425815,0,0,77,0,0,4.94730058843009,0.244773402309977
78,11,1,0,0.248810711164004,0.251029132877238,0,0,78,0,0,4.93710345223736,0.248810711164004
79,11,1,0,0.252981959553871,0.254971107263863,0,0,79,0,0,4.92705625824801,0.252981959553871
80,11,1,0,0.257282172746937,0.260863633449374,0,0,80,0,0,4.91728947555445,0.257282172746937
81,11,1,0,0.261700326079359,0.260311748206373,0,0,81,0,0,4.90778057134649,0.261700326079359
82,11,1,0,0.266221961009405,0.263691393741941,0,0,82,0,0,4.89842017052876,0.266221961009405
83,11,1,0,0.270832579582113,0.269115412126044,0,0,83,0,0,4.88909790125085,0.270832579582113
84,11,1,0,0.275517683842517,0.280598828905048,0,0,84,0,0,4.87970339166234,0.275517683842517
85,11,1,0,0.280262775835656,0.28886250936123,0,0,85,0,0,4.87012626991282,0.280262775835656
86,11,1,0,0.285053357606563,0.292197191342973,0,0,86,0,0,4.86025616415186,0.285053357606563
87,11,1,0,0.289874931200277,0.294071229726984,0,0,87,0,0,4.84998270252905,0.289874931200277
88,11,1,0,0.294714322139572,0.296972146724734,0,0,88,0,0,4.83907807978235,0.294714322139572
89,11,1,0,0.299566523520499,0.297160269631235,0,0,89,0,0,4.82658977427146,0.299566523520499
90,11,1,0,0.304429641062682,0.300700951442481,0,0,90,0,0,4.81128907836949,0.304429641062682
91,11,1,0,0.309301786612956,0.303210577327178,0,0,91,0,0,4.79194674077634,0.309301786612956
92,11,1,0,0.314181072018156,0.317299298271515,0,0,92,0,0,4.76733351019192,0.314181072018156
93,11,1,0,0.319065609125117,0.329695874121128,0,0,93,0,0,4.73622013531613,0.319065609125117
94,11,1,0,0.323953509780674,0.332876226795835,0,0,94,0,0,4.69737736484888,0.323953509780674
95,11,1,0,0.328842885831664,0.31262274728956,0,0,95,0,0,4.64957594749005,0.328842885831664
40,12,1,0,0.164556033788663,0.172741944183464,0,0,40,0,0,5.1329508854579,0.164556033788663
41,12,1,0,0.166109775343494,0.168580115353519,0,0,41,0,0,5.13023187252675,0.166109775343494
42,12,1,0,0.167664338189428,0.16794303697417,0,0,42,0,0,5.12754586653976,0.167664338189428
43,12,1,0,0.169220378128054,0.172060553031171,0,0,43,0,0,5.12489995198715,0.169220378128054
44,12,1,0,0.170778550960959,0.191791440511282,0,0,44,0,0,5.12230121335914,0.170778550960959
45,12,1,0,0.17233951248973,0.188568381994535,0,0,45,0,0,5.11975673514596,0.17233951248973
46,12,1,0,0.173903918515954,0.192211318192893,0,0,46,0,0,5.11727360183783,0.173903918515954
47,12,1,0,0.175472424841219,0.202903131418003,0,0,47,0,0,5.11485889792497,0.175472424841219
48,12,1,0,0.177045688457441,0.200195390562728,0,0,48,0,0,5.11251969076996,0.177045688457441
49,12,1,0,0.178624971043666,0.200523463574028,0,0,49,0,0,5.11025434689097,0.178624971043666
50,12,1,0,0.180213120987498,0.195404344138941,0,0,50,0,0,5.10803840165342,0.180213120987498
51,12,1,0,0.181813243787601,0.184918405162918,0,0,51,0,0,5.10584369085112,0.181813243787601
52,12,1,0,0.18342844494264,0.187299059137026,0,0,52,0,0,5.10364205027785,0.18342844494264
53,12,1,0,0.185061829951281,0.195583116873529,0,0,53,0,0,5.1014053157274,0.185061829951281
54,12,1,0,0.186716504312189,0.195957040153664,0,0,54,0,0,5.09910532299357,0.186716504312189
55,12,1,0,0.18839557352403,0.188160077257838,0,0,55,0,0,5.09671390787015,0.18839557352403
56,12,1,0,0.1901021580266,0.19096918376812,0,0,56,0,0,5.09420297712059,0.1901021580266
57,12,1,0,0.191840680005886,0.194418202234851,0,0,57,0,0,5.09155062074026,0.191840680005886
58,12,1,0,0.193617855111743,0.19440816687992,0,0,58,0,0,5.08874582256785,0.193617855111743
59,12,1,0,0.195440632449226,0.196172234620827,0,0,59,0,0,5.08577867534303,0.195440632449226
60,12,1,0,0.197315961123389,0.195122019580545,0,0,60,0,0,5.08263927180548,0.197315961123389
61,12,1,0,0.199250790239287,0.198172193812577,0,0,61,0,0,5.07931770469486,0.199250790239287
62,12,1,0,0.201252068901975,0.20089763664494,0,0,62,0,0,5.07580406675085,0.201252068901975
63,12,1,0,0.203326746216506,0.203741158020858,0,0,63,0,0,5.07208845071313,0.203326746216506
64,12,1,0,0.205481810802706,0.204495350121633,0,0,64,0,0,5.06816009042732,0.205481810802706
65,12,1,0,0.207725556731302,0.205075422597661,0,0,65,0,0,5.06397984442474,0.207725556731302
66,12,1,0,0.210067851346257,0.208353729519627,0,0,66,0,0,5.05947437452941,0.210067851346257
67,12,1,0,0.21251865565617,0.209822375428167,0,0,67,0,0,5.0545683066684,0.21251865565617
68,12,1,0,0.215087930669642,0.213565681552778,0,0,68,0,0,5.04918626676873,0.215087930669642
69,12,1,0,0.217785637395273,0.214793979896036,0,0,69,0,0,5.04325288075745,0.217785637395273
70,12,1,0,0.220621736841662,0.218967314721845,0,0,70,0,0,5.03669277456162,0.220621736841662
71,12,1,0,0.223606190017411,0.223056789885023,0,0,71,0,0,5.02943057410826,0.223606190017411
72,12,1,0,0.226748512608376,0.226369456081114,0,0,72,0,0,5.02139779099869,0.226748512608376
73,12,1,0,0.230050740269948,0.227367587988865,0,0,73,0,0,5.01264159464427,0.230050740269948
74,12,1,0,0.233508701971778,0.229559809149161,0,0,74,0,0,5.0033051235415,0.233508701971778
75,12,1,0,0.237118038812981,0.233228873073951,0,0,75,0,0,4.99353442108073,0.237118038812981
76,12,1,0,0.240874391892676,0.239902590118406,0,0,76,0,0,4.9834755306523,0.240874391892676
77,12,1,0,0.244773402309977,0.245261783425815,0,0,77,0,0,4.97327449564655,0.244773402309977
78,12,1,0,0.248810711164004,0.251029132877238,0,0,78,0,0,4.96307735945383,0.248810711164004
79,12,1,0,0.252981959553871,0.254971107263863,0,0,79,0,0,4.95303016546447,0.252981959553871
80,12,1,0,0.257282172746937,0.260863633449374,0,0,80,0,0,4.94326338277092,0.257282172746937
81,12,1,0,0.261700326079359,0.260311748206373,0,0,81,0,0,4.93375447856295,0.261700326079359
82,12,1,0,0.266221961009405,0.263691393741941,0,0,82,0,0,4.92439407774523,0.266221961009405
83,12,1,0,0.270832579582113,0.269115412126044,0,0,83,0,0,4.91507180846732,0.270832579582113
84,12,1,0,0.275517683842517,0.280598828905048,0,0,84,0,0,4.90567729887881,0.275517683842517
85,12,1,0,0.280262775835656,0.28886250936123,0,0,85,0,0,4.89610017712928,0.280262775835656
86,12,1,0,0.285053357606563,0.292197191342973,0,0,86,0,0,4.88623007136833,0.285053357606563
87,12,1,0,0.289874931200277,0.294071229726984,0,0,87,0,0,4.87595660974552,0.289874931200277
88,12,1,0,0.294714322139572,0.296972146724734,0,0,88,0,0,4.86505198699881,0.294714322139572
89,12,1,0,0.299566523520499,0.297160269631235,0,0,89,0,0,4.85256368148792,0.299566523520499
90,12,1,0,0.304429641062682,0.300700951442481,0,0,90,0,0,4.83726298558595,0.304429641062682
91,12,1,0,0.309301786612956,0.303210577327178,0,0,91,0,0,4.81792064799281,0.309301786612956
92,12,1,0,0.314181072018156,0.317299298271515,0,0,92,0,0,4.79330741740839,0.314181072018156
93,12,1,0,0.319065609125117,0.329695874121128,0,0,93,0,0,4.7621940425326,0.319065609125117
94,12,1,0,0.323953509780674,0.332876226795835,0,0,94,0,0,4.72335127206534,0.323953509780674
95,12,1,0,0.328842885831664,0.31262274728956,0,0,95,0,0,4.67554985470652,0.328842885831664
40,13,1,0,0.164556033788663,0.172741944183464,1,0,40,40,0,5.15892479267437,0.164556033788663
41,13,1,0,0.166109775343494,0.168580115353519,1,0,41,41,0,5.15620577974322,0.166109775343494
42,13,1,0,0.167664338189428,0.16794303697417,1,0,42,42,0,5.15351977375623,0.167664338189428
43,13,1,0,0.169220378128054,0.172060553031171,1,0,43,43,0,5.15087385920361,0.169220378128054
44,13,1,0,0.170778550960959,0.191791440511282,1,0,44,44,0,5.14827512057561,0.170778550960959
45,13,1,0,0.17233951248973,0.188568381994535,1,0,45,45,0,5.14573064236243,0.17233951248973
46,13,1,0,0.173903918515954,0.192211318192893,1,0,46,46,0,5.14324750905429,0.173903918515954
47,13,1,0,0.175472424841219,0.202903131418003,1,0,47,47,0,5.14083280514143,0.175472424841219
48,13,1,0,0.177045688457441,0.200195390562728,1,0,48,48,0,5.13849359798642,0.177045688457441
49,13,1,0,0.178624971043666,0.200523463574028,1,0,49,49,0,5.13622825410743,0.178624971043666
50,13,1,0,0.180213120987498,0.195404344138941,1,0,50,50,0,5.13401230886989,0.180213120987498
51,13,1,0,0.181813243787601,0.184918405162918,1,0,51,51,0,5.13181759806758,0.181813243787601
52,13,1,0,0.18342844494264,0.187299059137026,1,0,52,52,0,5.12961595749431,0.18342844494264
53,13,1,0,0.185061829951281,0.195583116873529,1,0,53,53,0,5.12737922294387,0.185061829951281
54,13,1,0,0.186716504312189,0.195957040153664,1,0,54,54,0,5.12507923021003,0.186716504312189
55,13,1,0,0.18839557352403,0.188160077257838,1,0,55,55,0,5.12268781508661,0.18839557352403
56,13,1,0,0.1901021580266,0.19096918376812,1,0,56,56,0,5.12017688433705,0.1901021580266
57,13,1,0,0.191840680005886,0.194418202234851,1,0,57,57,0,5.11752452795673,0.191840680005886
58,13,1,0,0.193617855111743,0.19440816687992,1,0,58,58,0,5.11471972978432,0.193617855111743
59,13,1,0,0.195440632449226,0.196172234620827,1,0,59,59,0,5.1117525825595,0.195440632449226
60,13,1,0,0.197315961123389,0.195122019580545,1,0,60,60,0,5.10861317902194,0.197315961123389
61,13,1,0,0.199250790239287,0.198172193812577,1,0,61,61,0,5.10529161191133,0.199250790239287
62,13,1,0,0.201252068901975,0.20089763664494,1,0,62,62,0,5.10177797396732,0.201252068901975
63,13,1,0,0.203326746216506,0.203741158020858,1,0,63,63,0,5.0980623579296,0.203326746216506
64,13,1,0,0.205481810802706,0.204495350121633,1,0,64,64,0,5.09413399764379,0.205481810802706
65,13,1,0,0.207725556731302,0.205075422597661,1,0,65,65,0,5.0899537516412,0.207725556731302
66,13,1,0,0.210067851346257,0.208353729519627,1,0,66,66,0,5.08544828174588,0.210067851346257
67,13,1,0,0.21251865565617,0.209822375428167,1,0,67,67,0,5.08054221388486,0.21251865565617
68,13,1,0,0.215087930669642,0.213565681552778,1,0,68,68,0,5.0751601739852,0.215087930669642
69,13,1,0,0.217785637395273,0.214793979896036,1,0,69,69,0,5.06922678797392,0.217785637395273
70,13,1,0,0.220621736841662,0.218967314721845,1,0,70,70,0,5.06266668177808,0.220621736841662
71,13,1,0,0.223606190017411,0.223056789885023,1,0,71,71,0,5.05540448132472,0.223606190017411
72,13,1,0,0.226748512608376,0.226369456081114,1,0,72,72,0,5.04737169821516,0.226748512608376
73,13,1,0,0.230050740269948,0.227367587988865,1,0,73,73,0,5.03861550186074,0.230050740269948
74,13,1,0,0.233508701971778,0.229559809149161,1,0,74,74,0,5.02927903075797,0.233508701971778
75,13,1,0,0.237118038812981,0.233228873073951,1,0,75,75,0,5.0195083282972,0.237118038812981
76,13,1,0,0.240874391892676,0.239902590118406,1,0,76,76,0,5.00944943786877,0.240874391892676
77,13,1,0,0.244773402309977,0.245261783425815,1,0,77,77,0,4.99924840286302,0.244773402309977
78,13,1,0,0.248810711164004,0.251029132877238,1,0,78,78,0,4.98905126667029,0.248810711164004
79,13,1,0,0.252981959553871,0.254971107263863,1,0,79,79,0,4.97900407268094,0.252981959553871
80,13,1,0,0.257282172746937,0.260863633449374,1,0,80,80,0,4.96923728998739,0.257282172746937
81,13,1,0,0.261700326079359,0.260311748206373,1,0,81,81,0,4.95972838577942,0.261700326079359
82,13,1,0,0.266221961009405,0.263691393741941,1,0,82,82,0,4.95036798496169,0.266221961009405
83,13,1,0,0.270832579582113,0.269115412126044,1,0,83,83,0,4.94104571568378,0.270832579582113
84,13,1,0,0.275517683842517,0.280598828905048,1,0,84,84,0,4.93165120609527,0.275517683842517
85,13,1,0,0.280262775835656,0.28886250936123,1,0,85,85,0,4.92207408434575,0.280262775835656
86,13,1,0,0.285053357606563,0.292197191342973,1,0,86,86,0,4.91220397858479,0.285053357606563
87,13,1,0,0.289874931200277,0.294071229726984,1,0,87,87,0,4.90193051696198,0.289874931200277
88,13,1,0,0.294714322139572,0.296972146724734,1,0,88,88,0,4.89102589421528,0.294714322139572
89,13,1,0,0.299566523520499,0.297160269631235,1,0,89,89,0,4.87853758870439,0.299566523520499
90,13,1,0,0.304429641062682,0.300700951442481,1,0,90,90,0,4.86323689280242,0.304429641062682
91,13,1,0,0.309301786612956,0.303210577327178,1,0,91,91,0,4.84389455520927,0.309301786612956
92,13,1,0,0.314181072018156,0.317299298271515,1,0,92,92,0,4.81928132462486,0.314181072018156
93,13,1,0,0.319065609125117,0.329695874121128,1,0,93,93,0,4.78816794974907,0.319065609125117
94,13,1,0,0.323953509780674,0.332876226795835,1,0,94,94,0,4.74932517928181,0.323953509780674
95,13,1,0,0.328842885831664,0.31262274728956,1,0,95,95,0,4.70152376192299,0.328842885831664
40,14,1,0,0.164556033788663,0.172741944183464,1,0,40,40,0,5.18489869989084,0.164556033788663
41,14,1,0,0.166109775343494,0.168580115353519,1,0,41,41,0,5.18217968695968,0.166109775343494
42,14,1,0,0.167664338189428,0.16794303697417,1,0,42,42,0,5.17949368097269,0.167664338189428
43,14,1,0,0.169220378128054,0.172060553031171,1,0,43,43,0,5.17684776642008,0.169220378128054
44,14,1,0,0.170778550960959,0.191791440511282,1,0,44,44,0,5.17424902779207,0.170778550960959
45,14,1,0,0.17233951248973,0.188568381994535,1,0,45,45,0,5.17170454957889,0.17233951248973
46,14,1,0,0.173903918515954,0.192211318192893,1,0,46,46,0,5.16922141627076,0.173903918515954
47,14,1,0,0.175472424841219,0.202903131418003,1,0,47,47,0,5.1668067123579,0.175472424841219
48,14,1,0,0.177045688457441,0.200195390562728,1,0,48,48,0,5.16446750520289,0.177045688457441
49,14,1,0,0.178624971043666,0.200523463574028,1,0,49,49,0,5.1622021613239,0.178624971043666
50,14,1,0,0.180213120987498,0.195404344138941,1,0,50,50,0,5.15998621608635,0.180213120987498
51,14,1,0,0.181813243787601,0.184918405162918,1,0,51,51,0,5.15779150528405,0.181813243787601
52,14,1,0,0.18342844494264,0.187299059137026,1,0,52,52,0,5.15558986471078,0.18342844494264
53,14,1,0,0.185061829951281,0.195583116873529,1,0,53,53,0,5.15335313016033,0.185061829951281
54,14,1,0,0.186716504312189,0.195957040153664,1,0,54,54,0,5.1510531374265,0.186716504312189
55,14,1,0,0.18839557352403,0.188160077257838,1,0,55,55,0,5.14866172230308,0.18839557352403
56,14,1,0,0.1901021580266,0.19096918376812,1,0,56,56,0,5.14615079155352,0.1901021580266
57,14,1,0,0.191840680005886,0.194418202234851,1,0,57,57,0,5.14349843517319,0.191840680005886
58,14,1,0,0.193617855111743,0.19440816687992,1,0,58,58,0,5.14069363700079,0.193617855111743
59,14,1,0,0.195440632449226,0.196172234620827,1,0,59,59,0,5.13772648977597,0.195440632449226
60,14,1,0,0.197315961123389,0.195122019580545,1,0,60,60,0,5.13458708623841,0.197315961123389
61,14,1,0,0.199250790239287,0.198172193812577,1,0,61,61,0,5.13126551912779,0.199250790239287
62,14,1,0,0.201252068901975,0.20089763664494,1,0,62,62,0,5.12775188118379,0.201252068901975
63,14,1,0,0.203326746216506,0.203741158020858,1,0,63,63,0,5.12403626514606,0.203326746216506
64,14,1,0,0.205481810802706,0.204495350121633,1,0,64,64,0,5.12010790486025,0.205481810802706
65,14,1,0,0.207725556731302,0.205075422597661,1,0,65,65,0,5.11592765885767,0.207725556731302
66,14,1,0,0.210067851346257,0.208353729519627,1,0,66,66,0,5.11142218896235,0.210067851346257
67,14,1,0,0.21251865565617,0.209822375428167,1,0,67,67,0,5.10651612110133,0.21251865565617
68,14,1,0,0.215087930669642,0.213565681552778,1,0,68,68,0,5.10113408120166,0.215087930669642
69,14,1,0,0.217785637395273,0.214793979896036,1,0,69,69,0,5.09520069519039,0.217785637395273
70,14,1,0,0.220621736841662,0.218967314721845,1,0,70,70,0,5.08864058899455,0.220621736841662
71,14,1,0,0.223606190017411,0.223056789885023,1,0,71,71,0,5.08137838854119,0.223606190017411
72,14,1,0,0.226748512608376,0.226369456081114,1,0,72,72,0,5.07334560543162,0.226748512608376
73,14,1,0,0.230050740269948,0.227367587988865,1,0,73,73,0,5.06458940907721,0.230050740269948
74,14,1,0,0.233508701971778,0.229559809149161,1,0,74,74,0,5.05525293797444,0.233508701971778
75,14,1,0,0.237118038812981,0.233228873073951,1,0,75,75,0,5.04548223551367,0.237118038812981
76,14,1,0,0.240874391892676,0.239902590118406,1,0,76,76,0,5.03542334508524,0.240874391892676
77,14,1,0,0.244773402309977,0.245261783425815,1,0,77,77,0,5.02522231007949,0.244773402309977
78,14,1,0,0.248810711164004,0.251029132877238,1,0,78,78,0,5.01502517388676,0.248810711164004
79,14,1,0,0.252981959553871,0.254971107263863,1,0,79,79,0,5.0049779798974,0.252981959553871
80,14,1,0,0.257282172746937,0.260863633449374,1,0,80,80,0,4.99521119720385,0.257282172746937
81,14,1,0,0.261700326079359,0.260311748206373,1,0,81,81,0,4.98570229299589,0.261700326079359
82,14,1,0,0.266221961009405,0.263691393741941,1,0,82,82,0,4.97634189217816,0.266221961009405
83,14,1,0,0.270832579582113,0.269115412126044,1,0,83,83,0,4.96701962290025,0.270832579582113
84,14,1,0,0.275517683842517,0.280598828905048,1,0,84,84,0,4.95762511331174,0.275517683842517
85,14,1,0,0.280262775835656,0.28886250936123,1,0,85,85,0,4.94804799156222,0.280262775835656
86,14,1,0,0.285053357606563,0.292197191342973,1,0,86,86,0,4.93817788580126,0.285053357606563
87,14,1,0,0.289874931200277,0.294071229726984,1,0,87,87,0,4.92790442417845,0.289874931200277
88,14,1,0,0.294714322139572,0.296972146724734,1,0,88,88,0,4.91699980143175,0.294714322139572
89,14,1,0,0.299566523520499,0.297160269631235,1,0,89,89,0,4.90451149592086,0.299566523520499
90,14,1,0,0.304429641062682,0.300700951442481,1,0,90,90,0,4.88921080001889,0.304429641062682
91,14,1,0,0.309301786612956,0.303210577327178,1,0,91,91,0,4.86986846242574,0.309301786612956
92,14,1,0,0.314181072018156,0.317299298271515,1,0,92,92,0,4.84525523184132,0.314181072018156
93,14,1,0,0.319065609125117,0.329695874121128,1,0,93,93,0,4.81414185696553,0.319065609125117
94,14,1,0,0.323953509780674,0.332876226795835,1,0,94,94,0,4.77529908649828,0.323953509780674
95,14,1,0,0.328842885831664,0.31262274728956,1,0,95,95,0,4.72749766913945,0.328842885831664
40,15,1,0,0.164556033788663,0.172741944183464,1,0,40,40,0,5.2108726071073,0.164556033788663
41,15,1,0,0.166109775343494,0.168580115353519,1,0,41,41,0,5.20815359417615,0.166109775343494
42,15,1,0,0.167664338189428,0.16794303697417,1,0,42,42,0,5.20546758818916,0.167664338189428
43,15,1,0,0.169220378128054,0.172060553031171,1,0,43,43,0,5.20282167363655,0.169220378128054
44,15,1,0,0.170778550960959,0.191791440511282,1,0,44,44,0,5.20022293500854,0.170778550960959
45,15,1,0,0.17233951248973,0.188568381994535,1,0,45,45,0,5.19767845679536,0.17233951248973
46,15,1,0,0.173903918515954,0.192211318192893,1,0,46,46,0,5.19519532348723,0.173903918515954
47,15,1,0,0.175472424841219,0.202903131418003,1,0,47,47,0,5.19278061957437,0.175472424841219
48,15,1,0,0.177045688457441,0.200195390562728,1,0,48,48,0,5.19044141241936,0.177045688457441
49,15,1,0,0.178624971043666,0.200523463574028,1,0,49,49,0,5.18817606854036,0.178624971043666
50,15,1,0,0.180213120987498,0.195404344138941,1,0,50,50,0,5.18596012330282,0.180213120987498
51,15,1,0,0.181813243787601,0.184918405162918,1,0,51,51,0,5.18376541250052,0.181813243787601
52,15,1,0,0.18342844494264,0.187299059137026,1,0,52,52,0,5.18156377192725,0.18342844494264
53,15,1,0,0.185061829951281,0.195583116873529,1,0,53,53,0,5.1793270373768,0.185061829951281
54,15,1,0,0.186716504312189,0.195957040153664,1,0,54,54,0,5.17702704464297,0.186716504312189
55,15,1,0,0.18839557352403,0.188160077257838,1,0,55,55,0,5.17463562951955,0.18839557352403
56,15,1,0,0.1901021580266,0.19096918376812,1,0,56,56,0,5.17212469876999,0.1901021580266
57,15,1,0,0.191840680005886,0.194418202234851,1,0,57,57,0,5.16947234238966,0.191840680005886
58,15,1,0,0.193617855111743,0.19440816687992,1,0,58,58,0,5.16666754421725,0.193617855111743
59,15,1,0,0.195440632449226,0.196172234620827,1,0,59,59,0,5.16370039699243,0.195440632449226
60,15,1,0,0.197315961123389,0.195122019580545,1,0,60,60,0,5.16056099345488,0.197315961123389
61,15,1,0,0.199250790239287,0.198172193812577,1,0,61,61,0,5.15723942634426,0.199250790239287
62,15,1,0,0.201252068901975,0.20089763664494,1,0,62,62,0,5.15372578840025,0.201252068901975
63,15,1,0,0.203326746216506,0.203741158020858,1,0,63,63,0,5.15001017236253,0.203326746216506
64,15,1,0,0.205481810802706,0.204495350121633,1,0,64,64,0,5.14608181207672,0.205481810802706
65,15,1,0,0.207725556731302,0.205075422597661,1,0,65,65,0,5.14190156607414,0.207725556731302
66,15,1,0,0.210067851346257,0.208353729519627,1,0,66,66,0,5.13739609617881,0.210067851346257
67,15,1,0,0.21251865565617,0.209822375428167,1,0,67,67,0,5.1324900283178,0.21251865565617
68,15,1,0,0.215087930669642,0.213565681552778,1,0,68,68,0,5.12710798841813,0.215087930669642
69,15,1,0,0.217785637395273,0.214793979896036,1,0,69,69,0,5.12117460240685,0.217785637395273
70,15,1,0,0.220621736841662,0.218967314721845,1,0,70,70,0,5.11461449621101,0.220621736841662
71,15,1,0,0.223606190017411,0.223056789885023,1,0,71,71,0,5.10735229575766,0.223606190017411
72,15,1,0,0.226748512608376,0.226369456081114,1,0,72,72,0,5.09931951264809,0.226748512608376
73,15,1,0,0.230050740269948,0.227367587988865,1,0,73,73,0,5.09056331629367,0.230050740269948
74,15,1,0,0.233508701971778,0.229559809149161,1,0,74,74,0,5.0812268451909,0.233508701971778
75,15,1,0,0.237118038812981,0.233228873073951,1,0,75,75,0,5.07145614273013,0.237118038812981
76,15,1,0,0.240874391892676,0.239902590118406,1,0,76,76,0,5.0613972523017,0.240874391892676
77,15,1,0,0.244773402309977,0.245261783425815,1,0,77,77,0,5.05119621729595,0.244773402309977
78,15,1,0,0.248810711164004,0.251029132877238,1,0,78,78,0,5.04099908110323,0.248810711164004
79,15,1,0,0.252981959553871,0.254971107263863,1,0,79,79,0,5.03095188711387,0.252981959553871
80,15,1,0,0.257282172746937,0.260863633449374,1,0,80,80,0,5.02118510442032,0.257282172746937
81,15,1,0,0.261700326079359,0.260311748206373,1,0,81,81,0,5.01167620021235,0.261700326079359
82,15,1,0,0.266221961009405,0.263691393741941,1,0,82,82,0,5.00231579939463,0.266221961009405
83,15,1,0,0.270832579582113,0.269115412126044,1,0,83,83,0,4.99299353011672,0.270832579582113
84,15,1,0,0.275517683842517,0.280598828905048,1,0,84,84,0,4.98359902052821,0.275517683842517
85,15,1,0,0.280262775835656,0.28886250936123,1,0,85,85,0,4.97402189877868,0.280262775835656
86,15,1,0,0.285053357606563,0.292197191342973,1,0,86,86,0,4.96415179301773,0.285053357606563
87,15,1,0,0.289874931200277,0.294071229726984,1,0,87,87,0,4.95387833139492,0.289874931200277
88,15,1,0,0.294714322139572,0.296972146724734,1,0,88,88,0,4.94297370864821,0.294714322139572
89,15,1,0,0.299566523520499,0.297160269631235,1,0,89,89,0,4.93048540313732,0.299566523520499
90,15,1,0,0.304429641062682,0.300700951442481,1,0,90,90,0,4.91518470723535,0.304429641062682
91,15,1,0,0.309301786612956,0.303210577327178,1,0,91,91,0,4.89584236964221,0.309301786612956
92,15,1,0,0.314181072018156,0.317299298271515,1,0,92,92,0,4.87122913905779,0.314181072018156
93,15,1,0,0.319065609125117,0.329695874121128,1,0,93,93,0,4.840115764182,0.319065609125117
94,15,1,0,0.323953509780674,0.332876226795835,1,0,94,94,0,4.80127299371474,0.323953509780674
95,15,1,0,0.328842885831664,0.31262274728956,1,0,95,95,0,4.75347157635592,0.328842885831664
40,16,1,0,0.164556033788663,0.172741944183464,1,0,40,40,0,5.23684651432377,0.164556033788663
41,16,1,0,0.166109775343494,0.168580115353519,1,0,41,41,0,5.23412750139262,0.166109775343494
42,16,1,0,0.167664338189428,0.16794303697417,1,0,42,42,0,5.23144149540563,0.167664338189428
43,16,1,0,0.169220378128054,0.172060553031171,1,0,43,43,0,5.22879558085301,0.169220378128054
44,16,1,0,0.170778550960959,0.191791440511282,1,0,44,44,0,5.22619684222501,0.170778550960959
45,16,1,0,0.17233951248973,0.188568381994535,1,0,45,45,0,5.22365236401183,0.17233951248973
46,16,1,0,0.173903918515954,0.192211318192893,1,0,46,46,0,5.22116923070369,0.173903918515954
47,16,1,0,0.175472424841219,0.202903131418003,1,0,47,47,0,5.21875452679083,0.175472424841219
48,16,1,0,0.177045688457441,0.200195390562728,1,0,48,48,0,5.21641531963582,0.177045688457441
49,16,1,0,0.178624971043666,0.200523463574028,1,0,49,49,0,5.21414997575683,0.178624971043666
50,16,1,0,0.180213120987498,0.195404344138941,1,0,50,50,0,5.21193403051929,0.180213120987498
51,16,1,0,0.181813243787601,0.184918405162918,1,0,51,51,0,5.20973931971698,0.181813243787601
52,16,1,0,0.18342844494264,0.187299059137026,1,0,52,52,0,5.20753767914371,0.18342844494264
53,16,1,0,0.185061829951281,0.195583116873529,1,0,53,53,0,5.20530094459327,0.185061829951281
54,16,1,0,0.186716504312189,0.195957040153664,1,0,54,54,0,5.20300095185943,0.186716504312189
55,16,1,0,0.18839557352403,0.188160077257838,1,0,55,55,0,5.20060953673601,0.18839557352403
56,16,1,0,0.1901021580266,0.19096918376812,1,0,56,56,0,5.19809860598645,0.1901021580266
57,16,1,0,0.191840680005886,0.194418202234851,1,0,57,57,0,5.19544624960613,0.191840680005886
58,16,1,0,0.193617855111743,0.19440816687992,1,0,58,58,0,5.19264145143372,0.193617855111743
59,16,1,0,0.195440632449226,0.196172234620827,1,0,59,59,0,5.1896743042089,0.195440632449226
60,16,1,0,0.197315961123389,0.195122019580545,1,0,60,60,0,5.18653490067134,0.197315961123389
61,16,1,0,0.199250790239287,0.198172193812577,1,0,61,61,0,5.18321333356073,0.199250790239287
62,16,1,0,0.201252068901975,0.20089763664494,1,0,62,62,0,5.17969969561672,0.201252068901975
63,16,1,0,0.203326746216506,0.203741158020858,1,0,63,63,0,5.175984079579,0.203326746216506
64,16,1,0,0.205481810802706,0.204495350121633,1,0,64,64,0,5.17205571929319,0.205481810802706
65,16,1,0,0.207725556731302,0.205075422597661,1,0,65,65,0,5.1678754732906,0.207725556731302
66,16,1,0,0.210067851346257,0.208353729519627,1,0,66,66,0,5.16337000339528,0.210067851346257
67,16,1,0,0.21251865565617,0.209822375428167,1,0,67,67,0,5.15846393553426,0.21251865565617
68,16,1,0,0.215087930669642,0.213565681552778,1,0,68,68,0,5.1530818956346,0.215087930669642
69,16,1,0,0.217785637395273,0.214793979896036,1,0,69,69,0,5.14714850962332,0.217785637395273
70,16,1,0,0.220621736841662,0.218967314721845,1,0,70,70,0,5.14058840342748,0.220621736841662
71,16,1,0,0.223606190017411,0.223056789885023,1,0,71,71,0,5.13332620297412,0.223606190017411
72,16,1,0,0.226748512608376,0.226369456081114,1,0,72,72,0,5.12529341986456,0.226748512608376
73,16,1,0,0.230050740269948,0.227367587988865,1,0,73,73,0,5.11653722351014,0.230050740269948
74,16,1,0,0.233508701971778,0.229559809149161,1,0,74,74,0,5.10720075240737,0.233508701971778
75,16,1,0,0.237118038812981,0.233228873073951,1,0,75,75,0,5.0974300499466,0.237118038812981
76,16,1,0,0.240874391892676,0.239902590118406,1,0,76,76,0,5.08737115951817,0.240874391892676
77,16,1,0,0.244773402309977,0.245261783425815,1,0,77,77,0,5.07717012451242,0.244773402309977
78,16,1,0,0.248810711164004,0.251029132877238,1,0,78,78,0,5.06697298831969,0.248810711164004
79,16,1,0,0.252981959553871,0.254971107263863,1,0,79,79,0,5.05692579433034,0.252981959553871
80,16,1,0,0.257282172746937,0.260863633449374,1,0,80,80,0,5.04715901163679,0.257282172746937
81,16,1,0,0.261700326079359,0.260311748206373,1,0,81,81,0,5.03765010742882,0.261700326079359
82,16,1,0,0.266221961009405,0.263691393741941,1,0,82,82,0,5.02828970661109,0.266221961009405
83,16,1,0,0.270832579582113,0.269115412126044,1,0,83,83,0,5.01896743733318,0.270832579582113
84,16,1,0,0.275517683842517,0.280598828905048,1,0,84,84,0,5.00957292774467,0.275517683842517
85,16,1,0,0.280262775835656,0.28886250936123,1,0,85,85,0,4.99999580599515,0.280262775835656
86,16,1,0,0.285053357606563,0.292197191342973,1,0,86,86,0,4.99012570023419,0.285053357606563
87,16,1,0,0.289874931200277,0.294071229726984,1,0,87,87,0,4.97985223861138,0.289874931200277
88,16,1,0,0.294714322139572,0.296972146724734,1,0,88,88,0,4.96894761586468,0.294714322139572
89,16,1,0,0.299566523520499,0.297160269631235,1,0,89,89,0,4.95645931035379,0.299566523520499
90,16,1,0,0.304429641062682,0.300700951442481,1,0,90,90,0,4.94115861445182,0.304429641062682
91,16,1,0,0.309301786612956,0.303210577327178,1,0,91,91,0,4.92181627685867,0.309301786612956
92,16,1,0,0.314181072018156,0.317299298271515,1,0,92,92,0,4.89720304627425,0.314181072018156
93,16,1,0,0.319065609125117,0.329695874121128,1,0,93,93,0,4.86608967139847,0.319065609125117
94,16,1,0,0.323953509780674,0.332876226795835,1,0,94,94,0,4.82724690093121,0.323953509780674
95,16,1,0,0.328842885831664,0.31262274728956,1,0,95,95,0,4.77944548357239,0.328842885831664
40,17,1,0,0.164556033788663,0.172741944183464,0,1,40,0,40,5.26282042154024,0.164556033788663
41,17,1,0,0.166109775343494,0.168580115353519,0,1,41,0,41,5.26010140860908,0.166109775343494
42,17,1,0,0.167664338189428,0.16794303697417,0,1,42,0,42,5.25741540262209,0.167664338189428
43,17,1,0,0.169220378128054,0.172060553031171,0,1,43,0,43,5.25476948806948,0.169220378128054
44,17,1,0,0.170778550960959,0.191791440511282,0,1,44,0,44,5.25217074944147,0.170778550960959
45,17,1,0,0.17233951248973,0.188568381994535,0,1,45,0,45,5.24962627122829,0.17233951248973
46,17,1,0,0.173903918515954,0.192211318192893,0,1,46,0,46,5.24714313792016,0.173903918515954
47,17,1,0,0.175472424841219,0.202903131418003,0,1,47,0,47,5.2447284340073,0.175472424841219
48,17,1,0,0.177045688457441,0.200195390562728,0,1,48,0,48,5.24238922685229,0.177045688457441
49,17,1,0,0.178624971043666,0.200523463574028,0,1,49,0,49,5.2401238829733,0.178624971043666
50,17,1,0,0.180213120987498,0.195404344138941,0,1,50,0,50,5.23790793773575,0.180213120987498
51,17,1,0,0.181813243787601,0.184918405162918,0,1,51,0,51,5.23571322693345,0.181813243787601
52,17,1,0,0.18342844494264,0.187299059137026,0,1,52,0,52,5.23351158636018,0.18342844494264
53,17,1,0,0.185061829951281,0.195583116873529,0,1,53,0,53,5.23127485180973,0.185061829951281
54,17,1,0,0.186716504312189,0.195957040153664,0,1,54,0,54,5.2289748590759,0.186716504312189
55,17,1,0,0.18839557352403,0.188160077257838,0,1,55,0,55,5.22658344395248,0.18839557352403
56,17,1,0,0.1901021580266,0.19096918376812,0,1,56,0,56,5.22407251320292,0.1901021580266
57,17,1,0,0.191840680005886,0.194418202234851,0,1,57,0,57,5.22142015682259,0.191840680005886
58,17,1,0,0.193617855111743,0.19440816687992,0,1,58,0,58,5.21861535865018,0.193617855111743
59,17,1,0,0.195440632449226,0.196172234620827,0,1,59,0,59,5.21564821142537,0.195440632449226
60,17,1,0,0.197315961123389,0.195122019580545,0,1,60,0,60,5.21250880788781,0.197315961123389
61,17,1,0,0.199250790239287,0.198172193812577,0,1,61,0,61,5.20918724077719,0.199250790239287
62,17,1,0,0.201252068901975,0.20089763664494,0,1,62,0,62,5.20567360283319,0.201252068901975
63,17,1,0,0.203326746216506,0.203741158020858,0,1,63,0,63,5.20195798679546,0.203326746216506
64,17,1,0,0.205481810802706,0.204495350121633,0,1,64,0,64,5.19802962650965,0.205481810802706
65,17,1,0,0.207725556731302,0.205075422597661,0,1,65,0,65,5.19384938050707,0.207725556731302
66,17,1,0,0.210067851346257,0.208353729519627,0,1,66,0,66,5.18934391061175,0.210067851346257
67,17,1,0,0.21251865565617,0.209822375428167,0,1,67,0,67,5.18443784275073,0.21251865565617
68,17,1,0,0.215087930669642,0.213565681552778,0,1,68,0,68,5.17905580285106,0.215087930669642
69,17,1,0,0.217785637395273,0.214793979896036,0,1,69,0,69,5.17312241683979,0.217785637395273
70,17,1,0,0.220621736841662,0.218967314721845,0,1,70,0,70,5.16656231064395,0.220621736841662
71,17,1,0,0.223606190017411,0.223056789885023,0,1,71,0,71,5.15930011019059,0.223606190017411
72,17,1,0,0.226748512608376,0.226369456081114,0,1,72,0,72,5.15126732708102,0.226748512608376
73,17,1,0,0.230050740269948,0.227367587988865,0,1,73,0,73,5.14251113072661,0.230050740269948
74,17,1,0,0.233508701971778,0.229559809149161,0,1,74,0,74,5.13317465962384,0.233508701971778
75,17,1,0,0.237118038812981,0.233228873073951,0,1,75,0,75,5.12340395716307,0.237118038812981
76,17,1,0,0.240874391892676,0.239902590118406,0,1,76,0,76,5.11334506673464,0.240874391892676
77,17,1,0,0.244773402309977,0.245261783425815,0,1,77,0,77,5.10314403172889,0.244773402309977
78,17,1,0,0.248810711164004,0.251029132877238,0,1,78,0,78,5.09294689553616,0.248810711164004
79,17,1,0,0.252981959553871,0.254971107263863,0,1,79,0,79,5.0828997015468,0.252981959553871
80,17,1,0,0.257282172746937,0.260863633449374,0,1,80,0,80,5.07313291885325,0.257282172746937
81,17,1,0,0.261700326079359,0.260311748206373,0,1,81,0,81,5.06362401464529,0.261700326079359
82,17,1,0,0.266221961009405,0.263691393741941,0,1,82,0,82,5.05426361382756,0.266221961009405
83,17,1,0,0.270832579582113,0.269115412126044,0,1,83,0,83,5.04494134454965,0.270832579582113
84,17,1,0,0.275517683842517,0.280598828905048,0,1,84,0,84,5.03554683496114,0.275517683842517
85,17,1,0,0.280262775835656,0.28886250936123,0,1,85,0,85,5.02596971321162,0.280262775835656
86,17,1,0,0.285053357606563,0.292197191342973,0,1,86,0,86,5.01609960745066,0.285053357606563
87,17,1,0,0.289874931200277,0.294071229726984,0,1,87,0,87,5.00582614582785,0.289874931200277
88,17,1,0,0.294714322139572,0.296972146724734,0,1,88,0,88,4.99492152308115,0.294714322139572
89,17,1,0,0.299566523520499,0.297160269631235,0,1,89,0,89,4.98243321757026,0.299566523520499
90,17,1,0,0.304429641062682,0.300700951442481,0,1,90,0,90,4.96713252166829,0.304429641062682
91,17,1,0,0.309301786612956,0.303210577327178,0,1,91,0,91,4.94779018407514,0.309301786612956
92,17,1,0,0.314181072018156,0.317299298271515,0,1,92,0,92,4.92317695349072,0.314181072018156
93,17,1,0,0.319065609125117,0.329695874121128,0,1,93,0,93,4.89206357861493,0.319065609125117
94,17,1,0,0.323953509780674,0.332876226795835,0,1,94,0,94,4.85322080814768,0.323953509780674
95,17,1,0,0.328842885831664,0.31262274728956,0,1,95,0,95,4.80541939078885,0.328842885831664
40,18,1,0,0.164556033788663,0.172741944183464,0,1,40,0,40,5.2887943287567,0.164556033788663
41,18,1,0,0.166109775343494,0.168580115353519,0,1,41,0,41,5.28607531582555,0.166109775343494
42,18,1,0,0.167664338189428,0.16794303697417,0,1,42,0,42,5.28338930983856,0.167664338189428
43,18,1,0,0.169220378128054,0.172060553031171,0,1,43,0,43,5.28074339528595,0.169220378128054
44,18,1,0,0.170778550960959,0.191791440511282,0,1,44,0,44,5.27814465665794,0.170778550960959
45,18,1,0,0.17233951248973,0.188568381994535,0,1,45,0,45,5.27560017844476,0.17233951248973
46,18,1,0,0.173903918515954,0.192211318192893,0,1,46,0,46,5.27311704513663,0.173903918515954
47,18,1,0,0.175472424841219,0.202903131418003,0,1,47,0,47,5.27070234122377,0.175472424841219
48,18,1,0,0.177045688457441,0.200195390562728,0,1,48,0,48,5.26836313406876,0.177045688457441
49,18,1,0,0.178624971043666,0.200523463574028,0,1,49,0,49,5.26609779018976,0.178624971043666
50,18,1,0,0.180213120987498,0.195404344138941,0,1,50,0,50,5.26388184495222,0.180213120987498
51,18,1,0,0.181813243787601,0.184918405162918,0,1,51,0,51,5.26168713414992,0.181813243787601
52,18,1,0,0.18342844494264,0.187299059137026,0,1,52,0,52,5.25948549357665,0.18342844494264
53,18,1,0,0.185061829951281,0.195583116873529,0,1,53,0,53,5.2572487590262,0.185061829951281
54,18,1,0,0.186716504312189,0.195957040153664,0,1,54,0,54,5.25494876629237,0.186716504312189
55,18,1,0,0.18839557352403,0.188160077257838,0,1,55,0,55,5.25255735116894,0.18839557352403
56,18,1,0,0.1901021580266,0.19096918376812,0,1,56,0,56,5.25004642041939,0.1901021580266
57,18,1,0,0.191840680005886,0.194418202234851,0,1,57,0,57,5.24739406403906,0.191840680005886
58,18,1,0,0.193617855111743,0.19440816687992,0,1,58,0,58,5.24458926586665,0.193617855111743
59,18,1,0,0.195440632449226,0.196172234620827,0,1,59,0,59,5.24162211864183,0.195440632449226
60,18,1,0,0.197315961123389,0.195122019580545,0,1,60,0,60,5.23848271510428,0.197315961123389
61,18,1,0,0.199250790239287,0.198172193812577,0,1,61,0,61,5.23516114799366,0.199250790239287
62,18,1,0,0.201252068901975,0.20089763664494,0,1,62,0,62,5.23164751004965,0.201252068901975
63,18,1,0,0.203326746216506,0.203741158020858,0,1,63,0,63,5.22793189401193,0.203326746216506
64,18,1,0,0.205481810802706,0.204495350121633,0,1,64,0,64,5.22400353372612,0.205481810802706
65,18,1,0,0.207725556731302,0.205075422597661,0,1,65,0,65,5.21982328772354,0.207725556731302
66,18,1,0,0.210067851346257,0.208353729519627,0,1,66,0,66,5.21531781782821,0.210067851346257
67,18,1,0,0.21251865565617,0.209822375428167,0,1,67,0,67,5.2104117499672,0.21251865565617
68,18,1,0,0.215087930669642,0.213565681552778,0,1,68,0,68,5.20502971006753,0.215087930669642
69,18,1,0,0.217785637395273,0.214793979896036,0,1,69,0,69,5.19909632405625,0.217785637395273
70,18,1,0,0.220621736841662,0.218967314721845,0,1,70,0,70,5.19253621786041,0.220621736841662
71,18,1,0,0.223606190017411,0.223056789885023,0,1,71,0,71,5.18527401740706,0.223606190017411
72,18,1,0,0.226748512608376,0.226369456081114,0,1,72,0,72,5.17724123429749,0.226748512608376
73,18,1,0,0.230050740269948,0.227367587988865,0,1,73,0,73,5.16848503794307,0.230050740269948
74,18,1,0,0.233508701971778,0.229559809149161,0,1,74,0,74,5.1591485668403,0.233508701971778
75,18,1,0,0.237118038812981,0.233228873073951,0,1,75,0,75,5.14937786437953,0.237118038812981
76,18,1,0,0.240874391892676,0.239902590118406,0,1,76,0,76,5.1393189739511,0.240874391892676
77,18,1,0,0.244773402309977,0.245261783425815,0,1,77,0,77,5.12911793894535,0.244773402309977
78,18,1,0,0.248810711164004,0.251029132877238,0,1,78,0,78,5.11892080275263,0.248810711164004
79,18,1,0,0.252981959553871,0.254971107263863,0,1,79,0,79,5.10887360876327,0.252981959553871
80,18,1,0,0.257282172746937,0.260863633449374,0,1,80,0,80,5.09910682606972,0.257282172746937
81,18,1,0,0.261700326079359,0.260311748206373,0,1,81,0,81,5.08959792186175,0.261700326079359
82,18,1,0,0.266221961009405,0.263691393741941,0,1,82,0,82,5.08023752104403,0.266221961009405
83,18,1,0,0.270832579582113,0.269115412126044,0,1,83,0,83,5.07091525176612,0.270832579582113
84,18,1,0,0.275517683842517,0.280598828905048,0,1,84,0,84,5.06152074217761,0.275517683842517
85,18,1,0,0.280262775835656,0.28886250936123,0,1,85,0,85,5.05194362042808,0.280262775835656
86,18,1,0,0.285053357606563,0.292197191342973,0,1,86,0,86,5.04207351466713,0.285053357606563
87,18,1,0,0.289874931200277,0.294071229726984,0,1,87,0,87,5.03180005304432,0.289874931200277
88,18,1,0,0.294714322139572,0.296972146724734,0,1,88,0,88,5.02089543029761,0.294714322139572
89,18,1,0,0.299566523520499,0.297160269631235,0,1,89,0,89,5.00840712478672,0.299566523520499
90,18,1,0,0.304429641062682,0.300700951442481,0,1,90,0,90,4.99310642888475,0.304429641062682
91,18,1,0,0.309301786612956,0.303210577327178,0,1,91,0,91,4.97376409129161,0.309301786612956
92,18,1,0,0.314181072018156,0.317299298271515,0,1,92,0,92,4.94915086070719,0.314181072018156
93,18,1,0,0.319065609125117,0.329695874121128,0,1,93,0,93,4.9180374858314,0.319065609125117
94,18,1,0,0.323953509780674,0.332876226795835,0,1,94,0,94,4.87919471536414,0.323953509780674
95,18,1,0,0.328842885831664,0.31262274728956,0,1,95,0,95,4.83139329800532,0.328842885831664
40,19,1,0,0.164556033788663,0.172741944183464,0,1,40,0,40,5.31476823597317,0.164556033788663
41,19,1,0,0.166109775343494,0.168580115353519,0,1,41,0,41,5.31204922304202,0.166109775343494
42,19,1,0,0.167664338189428,0.16794303697417,0,1,42,0,42,5.30936321705502,0.167664338189428
43,19,1,0,0.169220378128054,0.172060553031171,0,1,43,0,43,5.30671730250241,0.169220378128054
44,19,1,0,0.170778550960959,0.191791440511282,0,1,44,0,44,5.30411856387441,0.170778550960959
45,19,1,0,0.17233951248973,0.188568381994535,0,1,45,0,45,5.30157408566123,0.17233951248973
46,19,1,0,0.173903918515954,0.192211318192893,0,1,46,0,46,5.29909095235309,0.173903918515954
47,19,1,0,0.175472424841219,0.202903131418003,0,1,47,0,47,5.29667624844023,0.175472424841219
48,19,1,0,0.177045688457441,0.200195390562728,0,1,48,0,48,5.29433704128522,0.177045688457441
49,19,1,0,0.178624971043666,0.200523463574028,0,1,49,0,49,5.29207169740623,0.178624971043666
50,19,1,0,0.180213120987498,0.195404344138941,0,1,50,0,50,5.28985575216869,0.180213120987498
51,19,1,0,0.181813243787601,0.184918405162918,0,1,51,0,51,5.28766104136638,0.181813243787601
52,19,1,0,0.18342844494264,0.187299059137026,0,1,52,0,52,5.28545940079311,0.18342844494264
53,19,1,0,0.185061829951281,0.195583116873529,0,1,53,0,53,5.28322266624267,0.185061829951281
54,19,1,0,0.186716504312189,0.195957040153664,0,1,54,0,54,5.28092267350883,0.186716504312189
55,19,1,0,0.18839557352403,0.188160077257838,0,1,55,0,55,5.27853125838541,0.18839557352403
56,19,1,0,0.1901021580266,0.19096918376812,0,1,56,0,56,5.27602032763585,0.1901021580266
57,19,1,0,0.191840680005886,0.194418202234851,0,1,57,0,57,5.27336797125553,0.191840680005886
58,19,1,0,0.193617855111743,0.19440816687992,0,1,58,0,58,5.27056317308312,0.193617855111743
59,19,1,0,0.195440632449226,0.196172234620827,0,1,59,0,59,5.2675960258583,0.195440632449226
60,19,1,0,0.197315961123389,0.195122019580545,0,1,60,0,60,5.26445662232074,0.197315961123389
61,19,1,0,0.199250790239287,0.198172193812577,0,1,61,0,61,5.26113505521013,0.199250790239287
62,19,1,0,0.201252068901975,0.20089763664494,0,1,62,0,62,5.25762141726612,0.201252068901975
63,19,1,0,0.203326746216506,0.203741158020858,0,1,63,0,63,5.2539058012284,0.203326746216506
64,19,1,0,0.205481810802706,0.204495350121633,0,1,64,0,64,5.24997744094259,0.205481810802706
65,19,1,0,0.207725556731302,0.205075422597661,0,1,65,0,65,5.24579719494,0.207725556731302
66,19,1,0,0.210067851346257,0.208353729519627,0,1,66,0,66,5.24129172504468,0.210067851346257
67,19,1,0,0.21251865565617,0.209822375428167,0,1,67,0,67,5.23638565718366,0.21251865565617
68,19,1,0,0.215087930669642,0.213565681552778,0,1,68,0,68,5.231003617284,0.215087930669642
69,19,1,0,0.217785637395273,0.214793979896036,0,1,69,0,69,5.22507023127272,0.217785637395273
70,19,1,0,0.220621736841662,0.218967314721845,0,1,70,0,70,5.21851012507688,0.220621736841662
71,19,1,0,0.223606190017411,0.223056789885023,0,1,71,0,71,5.21124792462352,0.223606190017411
72,19,1,0,0.226748512608376,0.226369456081114,0,1,72,0,72,5.20321514151396,0.226748512608376
73,19,1,0,0.230050740269948,0.227367587988865,0,1,73,0,73,5.19445894515954,0.230050740269948
74,19,1,0,0.233508701971778,0.229559809149161,0,1,74,0,74,5.18512247405677,0.233508701971778
75,19,1,0,0.237118038812981,0.233228873073951,0,1,75,0,75,5.175351771596,0.237118038812981
76,19,1,0,0.240874391892676,0.239902590118406,0,1,76,0,76,5.16529288116757,0.240874391892676
77,19,1,0,0.244773402309977,0.245261783425815,0,1,77,0,77,5.15509184616182,0.244773402309977
78,19,1,0,0.248810711164004,0.251029132877238,0,1,78,0,78,5.14489470996909,0.248810711164004
79,19,1,0,0.252981959553871,0.254971107263863,0,1,79,0,79,5.13484751597974,0.252981959553871
80,19,1,0,0.257282172746937,0.260863633449374,0,1,80,0,80,5.12508073328619,0.257282172746937
81,19,1,0,0.261700326079359,0.260311748206373,0,1,81,0,81,5.11557182907822,0.261700326079359
82,19,1,0,0.266221961009405,0.263691393741941,0,1,82,0,82,5.10621142826049,0.266221961009405
83,19,1,0,0.270832579582113,0.269115412126044,0,1,83,0,83,5.09688915898258,0.270832579582113
84,19,1,0,0.275517683842517,0.280598828905048,0,1,84,0,84,5.08749464939407,0.275517683842517
85,19,1,0,0.280262775835656,0.28886250936123,0,1,85,0,85,5.07791752764455,0.280262775835656
86,19,1,0,0.285053357606563,0.292197191342973,0,1,86,0,86,5.06804742188359,0.285053357606563
87,19,1,0,0.289874931200277,0.294071229726984,0,1,87,0,87,5.05777396026078,0.289874931200277
88,19,1,0,0.294714322139572,0.296972146724734,0,1,88,0,88,5.04686933751408,0.294714322139572
89,19,1,0,0.299566523520499,0.297160269631235,0,1,89,0,89,5.03438103200319,0.299566523520499
90,19,1,0,0.304429641062682,0.300700951442481,0,1,90,0,90,5.01908033610122,0.304429641062682
91,19,1,0,0.309301786612956,0.303210577327178,0,1,91,0,91,4.99973799850807,0.309301786612956
92,19,1,0,0.314181072018156,0.317299298271515,0,1,92,0,92,4.97512476792365,0.314181072018156
93,19,1,0,0.319065609125117,0.329695874121128,0,1,93,0,93,4.94401139304787,0.319065609125117
94,19,1,0,0.323953509780674,0.332876226795835,0,1,94,0,94,4.90516862258061,0.323953509780674
95,19,1,0,0.328842885831664,0.31262274728956,0,1,95,0,95,4.85736720522179,0.328842885831664
40,20,1,0,0.164556033788663,0.172741944183464,0,1,40,0,40,5.34074214318963,0.164556033788663
41,20,1,0,0.166109775343494,0.168580115353519,0,1,41,0,41,5.33802313025848,0.166109775343494
42,20,1,0,0.167664338189428,0.16794303697417,0,1,42,0,42,5.33533712427149,0.167664338189428
43,20,1,0,0.169220378128054,0.172060553031171,0,1,43,0,43,5.33269120971888,0.169220378128054
44,20,1,0,0.170778550960959,0.191791440511282,0,1,44,0,44,5.33009247109087,0.170778550960959
45,20,1,0,0.17233951248973,0.188568381994535,0,1,45,0,45,5.32754799287769,0.17233951248973
46,20,1,0,0.173903918515954,0.192211318192893,0,1,46,0,46,5.32506485956956,0.173903918515954
47,20,1,0,0.175472424841219,0.202903131418003,0,1,47,0,47,5.3226501556567,0.175472424841219
48,20,1,0,0.177045688457441,0.200195390562728,0,1,48,0,48,5.32031094850169,0.177045688457441
49,20,1,0,0.178624971043666,0.200523463574028,0,1,49,0,49,5.3180456046227,0.178624971043666
50,20,1,0,0.180213120987498,0.195404344138941,0,1,50,0,50,5.31582965938515,0.180213120987498
51,20,1,0,0.181813243787601,0.184918405162918,0,1,51,0,51,5.31363494858285,0.181813243787601
52,20,1,0,0.18342844494264,0.187299059137026,0,1,52,0,52,5.31143330800958,0.18342844494264
53,20,1,0,0.185061829951281,0.195583116873529,0,1,53,0,53,5.30919657345913,0.185061829951281
54,20,1,0,0.186716504312189,0.195957040153664,0,1,54,0,54,5.3068965807253,0.186716504312189
55,20,1,0,0.18839557352403,0.188160077257838,0,1,55,0,55,5.30450516560188,0.18839557352403
56,20,1,0,0.1901021580266,0.19096918376812,0,1,56,0,56,5.30199423485232,0.1901021580266
57,20,1,0,0.191840680005886,0.194418202234851,0,1,57,0,57,5.29934187847199,0.191840680005886
58,20,1,0,0.193617855111743,0.19440816687992,0,1,58,0,58,5.29653708029958,0.193617855111743
59,20,1,0,0.195440632449226,0.196172234620827,0,1,59,0,59,5.29356993307477,0.195440632449226
60,20,1,0,0.197315961123389,0.195122019580545,0,1,60,0,60,5.29043052953721,0.197315961123389
61,20,1,0,0.199250790239287,0.198172193812577,0,1,61,0,61,5.28710896242659,0.199250790239287
62,20,1,0,0.201252068901975,0.20089763664494,0,1,62,0,62,5.28359532448259,0.201252068901975
63,20,1,0,0.203326746216506,0.203741158020858,0,1,63,0,63,5.27987970844486,0.203326746216506
64,20,1,0,0.205481810802706,0.204495350121633,0,1,64,0,64,5.27595134815905,0.205481810802706
65,20,1,0,0.207725556731302,0.205075422597661,0,1,65,0,65,5.27177110215647,0.207725556731302
66,20,1,0,0.210067851346257,0.208353729519627,0,1,66,0,66,5.26726563226115,0.210067851346257
67,20,1,0,0.21251865565617,0.209822375428167,0,1,67,0,67,5.26235956440013,0.21251865565617
68,20,1,0,0.215087930669642,0.213565681552778,0,1,68,0,68,5.25697752450046,0.215087930669642
69,20,1,0,0.217785637395273,0.214793979896036,0,1,69,0,69,5.25104413848919,0.217785637395273
70,20,1,0,0.220621736841662,0.218967314721845,0,1,70,0,70,5.24448403229335,0.220621736841662
71,20,1,0,0.223606190017411,0.223056789885023,0,1,71,0,71,5.23722183183999,0.223606190017411
72,20,1,0,0.226748512608376,0.226369456081114,0,1,72,0,72,5.22918904873042,0.226748512608376
73,20,1,0,0.230050740269948,0.227367587988865,0,1,73,0,73,5.220432852376,0.230050740269948
74,20,1,0,0.233508701971778,0.229559809149161,0,1,74,0,74,5.21109638127324,0.233508701971778
75,20,1,0,0.237118038812981,0.233228873073951,0,1,75,0,75,5.20132567881247,0.237118038812981
76,20,1,0,0.240874391892676,0.239902590118406,0,1,76,0,76,5.19126678838404,0.240874391892676
77,20,1,0,0.244773402309977,0.245261783425815,0,1,77,0,77,5.18106575337829,0.244773402309977
78,20,1,0,0.248810711164004,0.251029132877238,0,1,78,0,78,5.17086861718556,0.248810711164004
79,20,1,0,0.252981959553871,0.254971107263863,0,1,79,0,79,5.1608214231962,0.252981959553871
80,20,1,0,0.257282172746937,0.260863633449374,0,1,80,0,80,5.15105464050265,0.257282172746937
81,20,1,0,0.261700326079359,0.260311748206373,0,1,81,0,81,5.14154573629469,0.261700326079359
82,20,1,0,0.266221961009405,0.263691393741941,0,1,82,0,82,5.13218533547696,0.266221961009405
83,20,1,0,0.270832579582113,0.269115412126044,0,1,83,0,83,5.12286306619905,0.270832579582113
84,20,1,0,0.275517683842517,0.280598828905048,0,1,84,0,84,5.11346855661054,0.275517683842517
85,20,1,0,0.280262775835656,0.28886250936123,0,1,85,0,85,5.10389143486102,0.280262775835656
86,20,1,0,0.285053357606563,0.292197191342973,0,1,86,0,86,5.09402132910006,0.285053357606563
87,20,1,0,0.289874931200277,0.294071229726984,0,1,87,0,87,5.08374786747725,0.289874931200277
88,20,1,0,0.294714322139572,0.296972146724734,0,1,88,0,88,5.07284324473054,0.294714322139572
89,20,1,0,0.299566523520499,0.297160269631235,0,1,89,0,89,5.06035493921966,0.299566523520499
90,20,1,0,0.304429641062682,0.300700951442481,0,1,90,0,90,5.04505424331769,0.304429641062682
91,20,1,0,0.309301786612956,0.303210577327178,0,1,91,0,91,5.02571190572454,0.309301786612956
92,20,1,0,0.314181072018156,0.317299298271515,0,1,92,0,92,5.00109867514012,0.314181072018156
93,20,1,0,0.319065609125117,0.329695874121128,0,1,93,0,93,4.96998530026433,0.319065609125117
94,20,1,0,0.323953509780674,0.332876226795835,0,1,94,0,94,4.93114252979708,0.323953509780674
95,20,1,0,0.328842885831664,0.31262274728956,0,1,95,0,95,4.88334111243825,0.328842885831664
40,21,1,0,0.164556033788663,0.172741944183464,0,1,40,0,40,5.3667160504061,0.164556033788663
41,21,1,0,0.166109775343494,0.168580115353519,0,1,41,0,41,5.36399703747495,0.166109775343494
42,21,1,0,0.167664338189428,0.16794303697417,0,1,42,0,42,5.36131103148796,0.167664338189428
43,21,1,0,0.169220378128054,0.172060553031171,0,1,43,0,43,5.35866511693535,0.169220378128054
44,21,1,0,0.170778550960959,0.191791440511282,0,1,44,0,44,5.35606637830734,0.170778550960959
45,21,1,0,0.17233951248973,0.188568381994535,0,1,45,0,45,5.35352190009416,0.17233951248973
46,21,1,0,0.173903918515954,0.192211318192893,0,1,46,0,46,5.35103876678603,0.173903918515954
47,21,1,0,0.175472424841219,0.202903131418003,0,1,47,0,47,5.34862406287317,0.175472424841219
48,21,1,0,0.177045688457441,0.200195390562728,0,1,48,0,48,5.34628485571816,0.177045688457441
49,21,1,0,0.178624971043666,0.200523463574028,0,1,49,0,49,5.34401951183916,0.178624971043666
50,21,1,0,0.180213120987498,0.195404344138941,0,1,50,0,50,5.34180356660162,0.180213120987498
51,21,1,0,0.181813243787601,0.184918405162918,0,1,51,0,51,5.33960885579932,0.181813243787601
52,21,1,0,0.18342844494264,0.187299059137026,0,1,52,0,52,5.33740721522605,0.18342844494264
53,21,1,0,0.185061829951281,0.195583116873529,0,1,53,0,53,5.3351704806756,0.185061829951281
54,21,1,0,0.186716504312189,0.195957040153664,0,1,54,0,54,5.33287048794177,0.186716504312189
55,21,1,0,0.18839557352403,0.188160077257838,0,1,55,0,55,5.33047907281834,0.18839557352403
56,21,1,0,0.1901021580266,0.19096918376812,0,1,56,0,56,5.32796814206879,0.1901021580266
57,21,1,0,0.191840680005886,0.194418202234851,0,1,57,0,57,5.32531578568846,0.191840680005886
58,21,1,0,0.193617855111743,0.19440816687992,0,1,58,0,58,5.32251098751605,0.193617855111743
59,21,1,0,0.195440632449226,0.196172234620827,0,1,59,0,59,5.31954384029123,0.195440632449226
60,21,1,0,0.197315961123389,0.195122019580545,0,1,60,0,60,5.31640443675368,0.197315961123389
61,21,1,0,0.199250790239287,0.198172193812577,0,1,61,0,61,5.31308286964306,0.199250790239287
62,21,1,0,0.201252068901975,0.20089763664494,0,1,62,0,62,5.30956923169905,0.201252068901975
63,21,1,0,0.203326746216506,0.203741158020858,0,1,63,0,63,5.30585361566133,0.203326746216506
64,21,1,0,0.205481810802706,0.204495350121633,0,1,64,0,64,5.30192525537552,0.205481810802706
65,21,1,0,0.207725556731302,0.205075422597661,0,1,65,0,65,5.29774500937294,0.207725556731302
66,21,1,0,0.210067851346257,0.208353729519627,0,1,66,0,66,5.29323953947761,0.210067851346257
67,21,1,0,0.21251865565617,0.209822375428167,0,1,67,0,67,5.2883334716166,0.21251865565617
68,21,1,0,0.215087930669642,0.213565681552778,0,1,68,0,68,5.28295143171693,0.215087930669642
69,21,1,0,0.217785637395273,0.214793979896036,0,1,69,0,69,5.27701804570565,0.217785637395273
70,21,1,0,0.220621736841662,0.218967314721845,0,1,70,0,70,5.27045793950981,0.220621736841662
71,21,1,0,0.223606190017411,0.223056789885023,0,1,71,0,71,5.26319573905645,0.223606190017411
72,21,1,0,0.226748512608376,0.226369456081114,0,1,72,0,72,5.25516295594689,0.226748512608376
73,21,1,0,0.230050740269948,0.227367587988865,0,1,73,0,73,5.24640675959247,0.230050740269948
74,21,1,0,0.233508701971778,0.229559809149161,0,1,74,0,74,5.2370702884897,0.233508701971778
75,21,1,0,0.237118038812981,0.233228873073951,0,1,75,0,75,5.22729958602893,0.237118038812981
76,21,1,0,0.240874391892676,0.239902590118406,0,1,76,0,76,5.2172406956005,0.240874391892676
77,21,1,0,0.244773402309977,0.245261783425815,0,1,77,0,77,5.20703966059475,0.244773402309977
78,21,1,0,0.248810711164004,0.251029132877238,0,1,78,0,78,5.19684252440203,0.248810711164004
79,21,1,0,0.252981959553871,0.254971107263863,0,1,79,0,79,5.18679533041267,0.252981959553871
80,21,1,0,0.257282172746937,0.260863633449374,0,1,80,0,80,5.17702854771912,0.257282172746937
81,21,1,0,0.261700326079359,0.260311748206373,0,1,81,0,81,5.16751964351115,0.261700326079359
82,21,1,0,0.266221961009405,0.263691393741941,0,1,82,0,82,5.15815924269342,0.266221961009405
83,21,1,0,0.270832579582113,0.269115412126044,0,1,83,0,83,5.14883697341552,0.270832579582113
84,21,1,0,0.275517683842517,0.280598828905048,0,1,84,0,84,5.13944246382701,0.275517683842517
85,21,1,0,0.280262775835656,0.28886250936123,0,1,85,0,85,5.12986534207748,0.280262775835656
86,21,1,0,0.285053357606563,0.292197191342973,0,1,86,0,86,5.11999523631653,0.285053357606563
87,21,1,0,0.289874931200277,0.294071229726984,0,1,87,0,87,5.10972177469372,0.289874931200277
88,21,1,0,0.294714322139572,0.296972146724734,0,1,88,0,88,5.09881715194701,0.294714322139572
89,21,1,0,0.299566523520499,0.297160269631235,0,1,89,0,89,5.08632884643612,0.299566523520499
90,21,1,0,0.304429641062682,0.300700951442481,0,1,90,0,90,5.07102815053415,0.304429641062682
91,21,1,0,0.309301786612956,0.303210577327178,0,1,91,0,91,5.05168581294101,0.309301786612956
92,21,1,0,0.314181072018156,0.317299298271515,0,1,92,0,92,5.02707258235659,0.314181072018156
93,21,1,0,0.319065609125117,0.329695874121128,0,1,93,0,93,4.9959592074808,0.319065609125117
94,21,1,0,0.323953509780674,0.332876226795835,0,1,94,0,94,4.95711643701354,0.323953509780674
95,21,1,0,0.328842885831664,0.31262274728956,0,1,95,0,95,4.90931501965472,0.328842885831664
40,22,1,0,0.164556033788663,0.172741944183464,0,1,40,0,40,5.39268995762257,0.164556033788663
41,22,1,0,0.166109775343494,0.168580115353519,0,1,41,0,41,5.38997094469142,0.166109775343494
42,22,1,0,0.167664338189428,0.16794303697417,0,1,42,0,42,5.38728493870442,0.167664338189428
43,22,1,0,0.169220378128054,0.172060553031171,0,1,43,0,43,5.38463902415181,0.169220378128054
44,22,1,0,0.170778550960959,0.191791440511282,0,1,44,0,44,5.38204028552381,0.170778550960959
45,22,1,0,0.17233951248973,0.188568381994535,0,1,45,0,45,5.37949580731062,0.17233951248973
46,22,1,0,0.173903918515954,0.192211318192893,0,1,46,0,46,5.37701267400249,0.173903918515954
47,22,1,0,0.175472424841219,0.202903131418003,0,1,47,0,47,5.37459797008963,0.175472424841219
48,22,1,0,0.177045688457441,0.200195390562728,0,1,48,0,48,5.37225876293462,0.177045688457441
49,22,1,0,0.178624971043666,0.200523463574028,0,1,49,0,49,5.36999341905563,0.178624971043666
50,22,1,0,0.180213120987498,0.195404344138941,0,1,50,0,50,5.36777747381809,0.180213120987498
51,22,1,0,0.181813243787601,0.184918405162918,0,1,51,0,51,5.36558276301578,0.181813243787601
52,22,1,0,0.18342844494264,0.187299059137026,0,1,52,0,52,5.36338112244251,0.18342844494264
53,22,1,0,0.185061829951281,0.195583116873529,0,1,53,0,53,5.36114438789207,0.185061829951281
54,22,1,0,0.186716504312189,0.195957040153664,0,1,54,0,54,5.35884439515823,0.186716504312189
55,22,1,0,0.18839557352403,0.188160077257838,0,1,55,0,55,5.35645298003481,0.18839557352403
56,22,1,0,0.1901021580266,0.19096918376812,0,1,56,0,56,5.35394204928525,0.1901021580266
57,22,1,0,0.191840680005886,0.194418202234851,0,1,57,0,57,5.35128969290493,0.191840680005886
58,22,1,0,0.193617855111743,0.19440816687992,0,1,58,0,58,5.34848489473252,0.193617855111743
59,22,1,0,0.195440632449226,0.196172234620827,0,1,59,0,59,5.3455177475077,0.195440632449226
60,22,1,0,0.197315961123389,0.195122019580545,0,1,60,0,60,5.34237834397014,0.197315961123389
61,22,1,0,0.199250790239287,0.198172193812577,0,1,61,0,61,5.33905677685953,0.199250790239287
62,22,1,0,0.201252068901975,0.20089763664494,0,1,62,0,62,5.33554313891552,0.201252068901975
63,22,1,0,0.203326746216506,0.203741158020858,0,1,63,0,63,5.3318275228778,0.203326746216506
64,22,1,0,0.205481810802706,0.204495350121633,0,1,64,0,64,5.32789916259199,0.205481810802706
65,22,1,0,0.207725556731302,0.205075422597661,0,1,65,0,65,5.3237189165894,0.207725556731302
66,22,1,0,0.210067851346257,0.208353729519627,0,1,66,0,66,5.31921344669408,0.210067851346257
67,22,1,0,0.21251865565617,0.209822375428167,0,1,67,0,67,5.31430737883306,0.21251865565617
68,22,1,0,0.215087930669642,0.213565681552778,0,1,68,0,68,5.30892533893339,0.215087930669642
69,22,1,0,0.217785637395273,0.214793979896036,0,1,69,0,69,5.30299195292212,0.217785637395273
70,22,1,0,0.220621736841662,0.218967314721845,0,1,70,0,70,5.29643184672628,0.220621736841662
71,22,1,0,0.223606190017411,0.223056789885023,0,1,71,0,71,5.28916964627292,0.223606190017411
72,22,1,0,0.226748512608376,0.226369456081114,0,1,72,0,72,5.28113686316336,0.226748512608376
73,22,1,0,0.230050740269948,0.227367587988865,0,1,73,0,73,5.27238066680894,0.230050740269948
74,22,1,0,0.233508701971778,0.229559809149161,0,1,74,0,74,5.26304419570617,0.233508701971778
75,22,1,0,0.237118038812981,0.233228873073951,0,1,75,0,75,5.2532734932454,0.237118038812981
76,22,1,0,0.240874391892676,0.239902590118406,0,1,76,0,76,5.24321460281697,0.240874391892676
77,22,1,0,0.244773402309977,0.245261783425815,0,1,77,0,77,5.23301356781122,0.244773402309977
78,22,1,0,0.248810711164004,0.251029132877238,0,1,78,0,78,5.22281643161849,0.248810711164004
79,22,1,0,0.252981959553871,0.254971107263863,0,1,79,0,79,5.21276923762914,0.252981959553871
80,22,1,0,0.257282172746937,0.260863633449374,0,1,80,0,80,5.20300245493558,0.257282172746937
81,22,1,0,0.261700326079359,0.260311748206373,0,1,81,0,81,5.19349355072762,0.261700326079359
82,22,1,0,0.266221961009405,0.263691393741941,0,1,82,0,82,5.18413314990989,0.266221961009405
83,22,1,0,0.270832579582113,0.269115412126044,0,1,83,0,83,5.17481088063198,0.270832579582113
84,22,1,0,0.275517683842517,0.280598828905048,0,1,84,0,84,5.16541637104347,0.275517683842517
85,22,1,0,0.280262775835656,0.28886250936123,0,1,85,0,85,5.15583924929395,0.280262775835656
86,22,1,0,0.285053357606563,0.292197191342973,0,1,86,0,86,5.14596914353299,0.285053357606563
87,22,1,0,0.289874931200277,0.294071229726984,0,1,87,0,87,5.13569568191018,0.289874931200277
88,22,1,0,0.294714322139572,0.296972146724734,0,1,88,0,88,5.12479105916348,0.294714322139572
89,22,1,0,0.299566523520499,0.297160269631235,0,1,89,0,89,5.11230275365259,0.299566523520499
90,22,1,0,0.304429641062682,0.300700951442481,0,1,90,0,90,5.09700205775062,0.304429641062682
91,22,1,0,0.309301786612956,0.303210577327178,0,1,91,0,91,5.07765972015747,0.309301786612956
92,22,1,0,0.314181072018156,0.317299298271515,0,1,92,0,92,5.05304648957305,0.314181072018156
93,22,1,0,0.319065609125117,0.329695874121128,0,1,93,0,93,5.02193311469726,0.319065609125117
94,22,1,0,0.323953509780674,0.332876226795835,0,1,94,0,94,4.98309034423001,0.323953509780674
95,22,1,0,0.328842885831664,0.31262274728956,0,1,95,0,95,4.93528892687119,0.328842885831664
40,23,1,0,0.164556033788663,0.172741944183464,0,1,40,0,40,5.41866386483903,0.164556033788663
41,23,1,0,0.166109775343494,0.168580115353519,0,1,41,0,41,5.41594485190788,0.166109775343494
42,23,1,0,0.167664338189428,0.16794303697417,0,1,42,0,42,5.41325884592089,0.167664338189428
43,23,1,0,0.169220378128054,0.172060553031171,0,1,43,0,43,5.41061293136828,0.169220378128054
44,23,1,0,0.170778550960959,0.191791440511282,0,1,44,0,44,5.40801419274027,0.170778550960959
45,23,1,0,0.17233951248973,0.188568381994535,0,1,45,0,45,5.40546971452709,0.17233951248973
46,23,1,0,0.173903918515954,0.192211318192893,0,1,46,0,46,5.40298658121896,0.173903918515954
47,23,1,0,0.175472424841219,0.202903131418003,0,1,47,0,47,5.4005718773061,0.175472424841219
48,23,1,0,0.177045688457441,0.200195390562728,0,1,48,0,48,5.39823267015109,0.177045688457441
49,23,1,0,0.178624971043666,0.200523463574028,0,1,49,0,49,5.3959673262721,0.178624971043666
50,23,1,0,0.180213120987498,0.195404344138941,0,1,50,0,50,5.39375138103455,0.180213120987498
51,23,1,0,0.181813243787601,0.184918405162918,0,1,51,0,51,5.39155667023225,0.181813243787601
52,23,1,0,0.18342844494264,0.187299059137026,0,1,52,0,52,5.38935502965898,0.18342844494264
53,23,1,0,0.185061829951281,0.195583116873529,0,1,53,0,53,5.38711829510853,0.185061829951281
54,23,1,0,0.186716504312189,0.195957040153664,0,1,54,0,54,5.3848183023747,0.186716504312189
55,23,1,0,0.18839557352403,0.188160077257838,0,1,55,0,55,5.38242688725128,0.18839557352403
56,23,1,0,0.1901021580266,0.19096918376812,0,1,56,0,56,5.37991595650172,0.1901021580266
57,23,1,0,0.191840680005886,0.194418202234851,0,1,57,0,57,5.37726360012139,0.191840680005886
58,23,1,0,0.193617855111743,0.19440816687992,0,1,58,0,58,5.37445880194898,0.193617855111743
59,23,1,0,0.195440632449226,0.196172234620827,0,1,59,0,59,5.37149165472417,0.195440632449226
60,23,1,0,0.197315961123389,0.195122019580545,0,1,60,0,60,5.36835225118661,0.197315961123389
61,23,1,0,0.199250790239287,0.198172193812577,0,1,61,0,61,5.36503068407599,0.199250790239287
62,23,1,0,0.201252068901975,0.20089763664494,0,1,62,0,62,5.36151704613199,0.201252068901975
63,23,1,0,0.203326746216506,0.203741158020858,0,1,63,0,63,5.35780143009426,0.203326746216506
64,23,1,0,0.205481810802706,0.204495350121633,0,1,64,0,64,5.35387306980845,0.205481810802706
65,23,1,0,0.207725556731302,0.205075422597661,0,1,65,0,65,5.34969282380587,0.207725556731302
66,23,1,0,0.210067851346257,0.208353729519627,0,1,66,0,66,5.34518735391055,0.210067851346257
67,23,1,0,0.21251865565617,0.209822375428167,0,1,67,0,67,5.34028128604953,0.21251865565617
68,23,1,0,0.215087930669642,0.213565681552778,0,1,68,0,68,5.33489924614986,0.215087930669642
69,23,1,0,0.217785637395273,0.214793979896036,0,1,69,0,69,5.32896586013859,0.217785637395273
70,23,1,0,0.220621736841662,0.218967314721845,0,1,70,0,70,5.32240575394275,0.220621736841662
71,23,1,0,0.223606190017411,0.223056789885023,0,1,71,0,71,5.31514355348939,0.223606190017411
72,23,1,0,0.226748512608376,0.226369456081114,0,1,72,0,72,5.30711077037982,0.226748512608376
73,23,1,0,0.230050740269948,0.227367587988865,0,1,73,0,73,5.2983545740254,0.230050740269948
74,23,1,0,0.233508701971778,0.229559809149161,0,1,74,0,74,5.28901810292264,0.233508701971778
75,23,1,0,0.237118038812981,0.233228873073951,0,1,75,0,75,5.27924740046187,0.237118038812981
76,23,1,0,0.240874391892676,0.239902590118406,0,1,76,0,76,5.26918851003343,0.240874391892676
77,23,1,0,0.244773402309977,0.245261783425815,0,1,77,0,77,5.25898747502769,0.244773402309977
78,23,1,0,0.248810711164004,0.251029132877238,0,1,78,0,78,5.24879033883496,0.248810711164004
79,23,1,0,0.252981959553871,0.254971107263863,0,1,79,0,79,5.2387431448456,0.252981959553871
80,23,1,0,0.257282172746937,0.260863633449374,0,1,80,0,80,5.22897636215205,0.257282172746937
81,23,1,0,0.261700326079359,0.260311748206373,0,1,81,0,81,5.21946745794409,0.261700326079359
82,23,1,0,0.266221961009405,0.263691393741941,0,1,82,0,82,5.21010705712636,0.266221961009405
83,23,1,0,0.270832579582113,0.269115412126044,0,1,83,0,83,5.20078478784845,0.270832579582113
84,23,1,0,0.275517683842517,0.280598828905048,0,1,84,0,84,5.19139027825994,0.275517683842517
85,23,1,0,0.280262775835656,0.28886250936123,0,1,85,0,85,5.18181315651042,0.280262775835656
86,23,1,0,0.285053357606563,0.292197191342973,0,1,86,0,86,5.17194305074946,0.285053357606563
87,23,1,0,0.289874931200277,0.294071229726984,0,1,87,0,87,5.16166958912665,0.289874931200277
88,23,1,0,0.294714322139572,0.296972146724734,0,1,88,0,88,5.15076496637994,0.294714322139572
89,23,1,0,0.299566523520499,0.297160269631235,0,1,89,0,89,5.13827666086905,0.299566523520499
90,23,1,0,0.304429641062682,0.300700951442481,0,1,90,0,90,5.12297596496709,0.304429641062682
91,23,1,0,0.309301786612956,0.303210577327178,0,1,91,0,91,5.10363362737394,0.309301786612956
92,23,1,0,0.314181072018156,0.317299298271515,0,1,92,0,92,5.07902039678952,0.314181072018156
93,23,1,0,0.319065609125117,0.329695874121128,0,1,93,0,93,5.04790702191373,0.319065609125117
94,23,1,0,0.323953509780674,0.332876226795835,0,1,94,0,94,5.00906425144647,0.323953509780674
95,23,1,0,0.328842885831664,0.31262274728956,0,1,95,0,95,4.96126283408765,0.328842885831664
40,24,1,0,0.164556033788663,0.172741944183464,0,1,40,0,40,5.4446377720555,0.164556033788663
41,24,1,0,0.166109775343494,0.168580115353519,0,1,41,0,41,5.44191875912435,0.166109775343494
42,24,1,0,0.167664338189428,0.16794303697417,0,1,42,0,42,5.43923275313736,0.167664338189428
43,24,1,0,0.169220378128054,0.172060553031171,0,1,43,0,43,5.43658683858475,0.169220378128054
44,24,1,0,0.170778550960959,0.191791440511282,0,1,44,0,44,5.43398809995674,0.170778550960959
45,24,1,0,0.17233951248973,0.188568381994535,0,1,45,0,45,5.43144362174356,0.17233951248973
46,24,1,0,0.173903918515954,0.192211318192893,0,1,46,0,46,5.42896048843543,0.173903918515954
47,24,1,0,0.175472424841219,0.202903131418003,0,1,47,0,47,5.42654578452257,0.175472424841219
48,24,1,0,0.177045688457441,0.200195390562728,0,1,48,0,48,5.42420657736755,0.177045688457441
49,24,1,0,0.178624971043666,0.200523463574028,0,1,49,0,49,5.42194123348856,0.178624971043666
50,24,1,0,0.180213120987498,0.195404344138941,0,1,50,0,50,5.41972528825102,0.180213120987498
51,24,1,0,0.181813243787601,0.184918405162918,0,1,51,0,51,5.41753057744872,0.181813243787601
52,24,1,0,0.18342844494264,0.187299059137026,0,1,52,0,52,5.41532893687544,0.18342844494264
53,24,1,0,0.185061829951281,0.195583116873529,0,1,53,0,53,5.413092202325,0.185061829951281
54,24,1,0,0.186716504312189,0.195957040153664,0,1,54,0,54,5.41079220959117,0.186716504312189
55,24,1,0,0.18839557352403,0.188160077257838,0,1,55,0,55,5.40840079446774,0.18839557352403
56,24,1,0,0.1901021580266,0.19096918376812,0,1,56,0,56,5.40588986371819,0.1901021580266
57,24,1,0,0.191840680005886,0.194418202234851,0,1,57,0,57,5.40323750733786,0.191840680005886
58,24,1,0,0.193617855111743,0.19440816687992,0,1,58,0,58,5.40043270916545,0.193617855111743
59,24,1,0,0.195440632449226,0.196172234620827,0,1,59,0,59,5.39746556194063,0.195440632449226
60,24,1,0,0.197315961123389,0.195122019580545,0,1,60,0,60,5.39432615840308,0.197315961123389
61,24,1,0,0.199250790239287,0.198172193812577,0,1,61,0,61,5.39100459129246,0.199250790239287
62,24,1,0,0.201252068901975,0.20089763664494,0,1,62,0,62,5.38749095334845,0.201252068901975
63,24,1,0,0.203326746216506,0.203741158020858,0,1,63,0,63,5.38377533731073,0.203326746216506
64,24,1,0,0.205481810802706,0.204495350121633,0,1,64,0,64,5.37984697702492,0.205481810802706
65,24,1,0,0.207725556731302,0.205075422597661,0,1,65,0,65,5.37566673102233,0.207725556731302
66,24,1,0,0.210067851346257,0.208353729519627,0,1,66,0,66,5.37116126112701,0.210067851346257
67,24,1,0,0.21251865565617,0.209822375428167,0,1,67,0,67,5.366255193266,0.21251865565617
68,24,1,0,0.215087930669642,0.213565681552778,0,1,68,0,68,5.36087315336633,0.215087930669642
69,24,1,0,0.217785637395273,0.214793979896036,0,1,69,0,69,5.35493976735505,0.217785637395273
70,24,1,0,0.220621736841662,0.218967314721845,0,1,70,0,70,5.34837966115921,0.220621736841662
71,24,1,0,0.223606190017411,0.223056789885023,0,1,71,0,71,5.34111746070585,0.223606190017411
72,24,1,0,0.226748512608376,0.226369456081114,0,1,72,0,72,5.33308467759629,0.226748512608376
73,24,1,0,0.230050740269948,0.227367587988865,0,1,73,0,73,5.32432848124187,0.230050740269948
74,24,1,0,0.233508701971778,0.229559809149161,0,1,74,0,74,5.3149920101391,0.233508701971778
75,24,1,0,0.237118038812981,0.233228873073951,0,1,75,0,75,5.30522130767833,0.237118038812981
76,24,1,0,0.240874391892676,0.239902590118406,0,1,76,0,76,5.2951624172499,0.240874391892676
77,24,1,0,0.244773402309977,0.245261783425815,0,1,77,0,77,5.28496138224415,0.244773402309977
78,24,1,0,0.248810711164004,0.251029132877238,0,1,78,0,78,5.27476424605143,0.248810711164004
79,24,1,0,0.252981959553871,0.254971107263863,0,1,79,0,79,5.26471705206207,0.252981959553871
80,24,1,0,0.257282172746937,0.260863633449374,0,1,80,0,80,5.25495026936852,0.257282172746937
81,24,1,0,0.261700326079359,0.260311748206373,0,1,81,0,81,5.24544136516055,0.261700326079359
82,24,1,0,0.266221961009405,0.263691393741941,0,1,82,0,82,5.23608096434282,0.266221961009405
83,24,1,0,0.270832579582113,0.269115412126044,0,1,83,0,83,5.22675869506491,0.270832579582113
84,24,1,0,0.275517683842517,0.280598828905048,0,1,84,0,84,5.21736418547641,0.275517683842517
85,24,1,0,0.280262775835656,0.28886250936123,0,1,85,0,85,5.20778706372688,0.280262775835656
86,24,1,0,0.285053357606563,0.292197191342973,0,1,86,0,86,5.19791695796592,0.285053357606563
87,24,1,0,0.289874931200277,0.294071229726984,0,1,87,0,87,5.18764349634312,0.289874931200277
88,24,1,0,0.294714322139572,0.296972146724734,0,1,88,0,88,5.17673887359641,0.294714322139572
89,24,1,0,0.299566523520499,0.297160269631235,0,1,89,0,89,5.16425056808552,0.299566523520499
90,24,1,0,0.304429641062682,0.300700951442481,0,1,90,0,90,5.14894987218355,0.304429641062682
91,24,1,0,0.309301786612956,0.303210577327178,0,1,91,0,91,5.12960753459041,0.309301786612956
92,24,1,0,0.314181072018156,0.317299298271515,0,1,92,0,92,5.10499430400599,0.314181072018156
93,24,1,0,0.319065609125117,0.329695874121128,0,1,93,0,93,5.0738809291302,0.319065609125117
94,24,1,0,0.323953509780674,0.332876226795835,0,1,94,0,94,5.03503815866294,0.323953509780674
95,24,1,0,0.328842885831664,0.31262274728956,0,1,95,0,95,4.98723674130412,0.328842885831664
40,25,1,0,0.164556033788663,0.172741944183464,0,1,40,0,40,5.47061167927197,0.164556033788663
41,25,1,0,0.166109775343494,0.168580115353519,0,1,41,0,41,5.46789266634082,0.166109775343494
42,25,1,0,0.167664338189428,0.16794303697417,0,1,42,0,42,5.46520666035382,0.167664338189428
43,25,1,0,0.169220378128054,0.172060553031171,0,1,43,0,43,5.46256074580121,0.169220378128054
44,25,1,0,0.170778550960959,0.191791440511282,0,1,44,0,44,5.45996200717321,0.170778550960959
45,25,1,0,0.17233951248973,0.188568381994535,0,1,45,0,45,5.45741752896002,0.17233951248973
46,25,1,0,0.173903918515954,0.192211318192893,0,1,46,0,46,5.45493439565189,0.173903918515954
47,25,1,0,0.175472424841219,0.202903131418003,0,1,47,0,47,5.45251969173903,0.175472424841219
48,25,1,0,0.177045688457441,0.200195390562728,0,1,48,0,48,5.45018048458402,0.177045688457441
49,25,1,0,0.178624971043666,0.200523463574028,0,1,49,0,49,5.44791514070503,0.178624971043666
50,25,1,0,0.180213120987498,0.195404344138941,0,1,50,0,50,5.44569919546749,0.180213120987498
51,25,1,0,0.181813243787601,0.184918405162918,0,1,51,0,51,5.44350448466518,0.181813243787601
52,25,1,0,0.18342844494264,0.187299059137026,0,1,52,0,52,5.44130284409191,0.18342844494264
53,25,1,0,0.185061829951281,0.195583116873529,0,1,53,0,53,5.43906610954147,0.185061829951281
54,25,1,0,0.186716504312189,0.195957040153664,0,1,54,0,54,5.43676611680763,0.186716504312189
55,25,1,0,0.18839557352403,0.188160077257838,0,1,55,0,55,5.43437470168421,0.18839557352403
56,25,1,0,0.1901021580266,0.19096918376812,0,1,56,0,56,5.43186377093465,0.1901021580266
57,25,1,0,0.191840680005886,0.194418202234851,0,1,57,0,57,5.42921141455433,0.191840680005886
58,25,1,0,0.193617855111743,0.19440816687992,0,1,58,0,58,5.42640661638192,0.193617855111743
59,25,1,0,0.195440632449226,0.196172234620827,0,1,59,0,59,5.4234394691571,0.195440632449226
60,25,1,0,0.197315961123389,0.195122019580545,0,1,60,0,60,5.42030006561954,0.197315961123389
61,25,1,0,0.199250790239287,0.198172193812577,0,1,61,0,61,5.41697849850893,0.199250790239287
62,25,1,0,0.201252068901975,0.20089763664494,0,1,62,0,62,5.41346486056492,0.201252068901975
63,25,1,0,0.203326746216506,0.203741158020858,0,1,63,0,63,5.40974924452719,0.203326746216506
64,25,1,0,0.205481810802706,0.204495350121633,0,1,64,0,64,5.40582088424139,0.205481810802706
65,25,1,0,0.207725556731302,0.205075422597661,0,1,65,0,65,5.4016406382388,0.207725556731302
66,25,1,0,0.210067851346257,0.208353729519627,0,1,66,0,66,5.39713516834348,0.210067851346257
67,25,1,0,0.21251865565617,0.209822375428167,0,1,67,0,67,5.39222910048246,0.21251865565617
68,25,1,0,0.215087930669642,0.213565681552778,0,1,68,0,68,5.38684706058279,0.215087930669642
69,25,1,0,0.217785637395273,0.214793979896036,0,1,69,0,69,5.38091367457152,0.217785637395273
70,25,1,0,0.220621736841662,0.218967314721845,0,1,70,0,70,5.37435356837568,0.220621736841662
71,25,1,0,0.223606190017411,0.223056789885023,0,1,71,0,71,5.36709136792232,0.223606190017411
72,25,1,0,0.226748512608376,0.226369456081114,0,1,72,0,72,5.35905858481276,0.226748512608376
73,25,1,0,0.230050740269948,0.227367587988865,0,1,73,0,73,5.35030238845834,0.230050740269948
74,25,1,0,0.233508701971778,0.229559809149161,0,1,74,0,74,5.34096591735557,0.233508701971778
75,25,1,0,0.237118038812981,0.233228873073951,0,1,75,0,75,5.3311952148948,0.237118038812981
76,25,1,0,0.240874391892676,0.239902590118406,0,1,76,0,76,5.32113632446637,0.240874391892676
77,25,1,0,0.244773402309977,0.245261783425815,0,1,77,0,77,5.31093528946062,0.244773402309977
78,25,1,0,0.248810711164004,0.251029132877238,0,1,78,0,78,5.30073815326789,0.248810711164004
79,25,1,0,0.252981959553871,0.254971107263863,0,1,79,0,79,5.29069095927854,0.252981959553871
80,25,1,0,0.257282172746937,0.260863633449374,0,1,80,0,80,5.28092417658498,0.257282172746937
81,25,1,0,0.261700326079359,0.260311748206373,0,1,81,0,81,5.27141527237702,0.261700326079359
82,25,1,0,0.266221961009405,0.263691393741941,0,1,82,0,82,5.26205487155929,0.266221961009405
83,25,1,0,0.270832579582113,0.269115412126044,0,1,83,0,83,5.25273260228138,0.270832579582113
84,25,1,0,0.275517683842517,0.280598828905048,0,1,84,0,84,5.24333809269287,0.275517683842517
85,25,1,0,0.280262775835656,0.28886250936123,0,1,85,0,85,5.23376097094335,0.280262775835656
86,25,1,0,0.285053357606563,0.292197191342973,0,1,86,0,86,5.22389086518239,0.285053357606563
87,25,1,0,0.289874931200277,0.294071229726984,0,1,87,0,87,5.21361740355958,0.289874931200277
88,25,1,0,0.294714322139572,0.296972146724734,0,1,88,0,88,5.20271278081288,0.294714322139572
89,25,1,0,0.299566523520499,0.297160269631235,0,1,89,0,89,5.19022447530199,0.299566523520499
90,25,1,0,0.304429641062682,0.300700951442481,0,1,90,0,90,5.17492377940002,0.304429641062682
91,25,1,0,0.309301786612956,0.303210577327178,0,1,91,0,91,5.15558144180687,0.309301786612956
92,25,1,0,0.314181072018156,0.317299298271515,0,1,92,0,92,5.13096821122245,0.314181072018156
93,25,1,0,0.319065609125117,0.329695874121128,0,1,93,0,93,5.09985483634666,0.319065609125117
94,25,1,0,0.323953509780674,0.332876226795835,0,1,94,0,94,5.06101206587941,0.323953509780674
95,25,1,0,0.328842885831664,0.31262274728956,0,1,95,0,95,5.01321064852059,0.328842885831664
40,10,0,1,0.164556033788663,0.172741944183464,0,0,0,0,0,5.12116083235581,0.164556033788663
41,10,0,1,0.166109775343494,0.168580115353519,0,0,0,0,0,5.11211098692954,0.166109775343494
42,10,0,1,0.167664338189428,0.16794303697417,0,0,0,0,0,5.10309414844744,0.167664338189428
43,10,0,1,0.169220378128054,0.172060553031171,0,0,0,0,0,5.09411740139972,0.169220378128054
44,10,0,1,0.170778550960959,0.191791440511282,0,0,0,0,0,5.0851878302766,0.170778550960959
45,10,0,1,0.17233951248973,0.188568381994535,0,0,0,0,0,5.07631251956831,0.17233951248973
46,10,0,1,0.173903918515954,0.192211318192893,0,0,0,0,0,5.06749855376507,0.173903918515954
47,10,0,1,0.175472424841219,0.202903131418003,0,0,0,0,0,5.0587530173571,0.175472424841219
48,10,0,1,0.177045688457441,0.200195390562728,0,0,0,0,0,5.05008297770698,0.177045688457441
49,10,0,1,0.178624971043666,0.200523463574028,0,0,0,0,0,5.04148680133288,0.178624971043666
50,10,0,1,0.180213120987498,0.195404344138941,0,0,0,0,0,5.03294002360022,0.180213120987498
51,10,0,1,0.181813243787601,0.184918405162918,0,0,0,0,0,5.02441448030281,0.181813243787601
52,10,0,1,0.18342844494264,0.187299059137026,0,0,0,0,0,5.01588200723443,0.18342844494264
53,10,0,1,0.185061829951281,0.195583116873529,0,0,0,0,0,5.00731444018887,0.185061829951281
54,10,0,1,0.186716504312189,0.195957040153664,0,0,0,0,0,4.99868361495993,0.186716504312189
55,10,0,1,0.18839557352403,0.188160077257838,0,0,0,0,0,4.9899613673414,0.18839557352403
56,10,0,1,0.1901021580266,0.19096918376812,0,0,0,0,0,4.98111960409673,0.1901021580266
57,10,0,1,0.191840680005886,0.194418202234851,0,0,0,0,0,4.97213641522129,0.191840680005886
58,10,0,1,0.193617855111743,0.19440816687992,0,0,0,0,0,4.96300078455377,0.193617855111743
59,10,0,1,0.195440632449226,0.196172234620827,0,0,0,0,0,4.95370280483385,0.195440632449226
60,10,0,1,0.197315961123389,0.195122019580545,0,0,0,0,0,4.94423256880118,0.197315961123389
61,10,0,1,0.199250790239287,0.198172193812577,0,0,0,0,0,4.93458016919545,0.199250790239287
62,10,0,1,0.201252068901975,0.20089763664494,0,0,0,0,0,4.92473569875634,0.201252068901975
63,10,0,1,0.203326746216506,0.203741158020858,0,0,0,0,0,4.9146892502235,0.203326746216506
64,10,0,1,0.205481810802706,0.204495350121633,0,0,0,0,0,4.90443005744258,0.205481810802706
65,10,0,1,0.207725556731302,0.205075422597661,0,0,0,0,0,4.89391897894489,0.207725556731302
66,10,0,1,0.210067851346257,0.208353729519627,0,0,0,0,0,4.88308267655446,0.210067851346257
67,10,0,1,0.21251865565617,0.209822375428167,0,0,0,0,0,4.87184577619833,0.21251865565617
68,10,0,1,0.215087930669642,0.213565681552778,0,0,0,0,0,4.86013290380355,0.215087930669642
69,10,0,1,0.217785637395273,0.214793979896036,0,0,0,0,0,4.84786868529716,0.217785637395273
70,10,0,1,0.220621736841662,0.218967314721845,0,0,0,0,0,4.83497774660622,0.220621736841662
71,10,0,1,0.223606190017411,0.223056789885023,0,0,0,0,0,4.82138471365775,0.223606190017411
72,10,0,1,0.226748512608376,0.226369456081114,0,0,0,0,0,4.80702109805307,0.226748512608376
73,10,0,1,0.230050740269948,0.227367587988865,0,0,0,0,0,4.79193406920354,0.230050740269948
74,10,0,1,0.233508701971778,0.229559809149161,0,0,0,0,0,4.77626676560566,0.233508701971778
75,10,0,1,0.237118038812981,0.233228873073951,0,0,0,0,0,4.76016523064978,0.237118038812981
76,10,0,1,0.240874391892676,0.239902590118406,0,0,0,0,0,4.74377550772624,0.240874391892676
77,10,0,1,0.244773402309977,0.245261783425815,0,0,0,0,0,4.72724364022538,0.244773402309977
78,10,0,1,0.248810711164004,0.251029132877238,0,0,0,0,0,4.71071567153755,0.248810711164004
79,10,0,1,0.252981959553871,0.254971107263863,0,0,0,0,0,4.69433764505308,0.252981959553871
80,10,0,1,0.257282172746937,0.260863633449374,0,0,0,0,0,4.67824002986442,0.257282172746937
81,10,0,1,0.261700326079359,0.260311748206373,0,0,0,0,0,4.66240029316134,0.261700326079359
82,10,0,1,0.266221961009405,0.263691393741941,0,0,0,0,0,4.6467090598485,0.266221961009405
83,10,0,1,0.270832579582113,0.269115412126044,0,0,0,0,0,4.63105595807549,0.270832579582113
84,10,0,1,0.275517683842517,0.280598828905048,0,0,0,0,0,4.61533061599187,0.275517683842517
85,10,0,1,0.280262775835656,0.28886250936123,0,0,0,0,0,4.59942266174723,0.280262775835656
86,10,0,1,0.285053357606563,0.292197191342973,0,0,0,0,0,4.58322172349117,0.285053357606563
87,10,0,1,0.289874931200277,0.294071229726984,0,0,0,0,0,4.56661742937325,0.289874931200277
88,10,0,1,0.294714322139572,0.296972146724734,0,0,0,0,0,4.54938197413143,0.294714322139572
89,10,0,1,0.299566523520499,0.297160269631235,0,0,0,0,0,4.53056283612543,0.299566523520499
90,10,0,1,0.304429641062682,0.300700951442481,0,0,0,0,0,4.50893130772835,0.304429641062682
91,10,0,1,0.309301786612956,0.303210577327178,0,0,0,0,0,4.4832581376401,0.309301786612956
92,10,0,1,0.314181072018156,0.317299298271515,0,0,0,0,0,4.45231407456057,0.314181072018156
93,10,0,1,0.319065609125117,0.329695874121128,0,0,0,0,0,4.41486986718967,0.319065609125117
94,10,0,1,0.323953509780674,0.332876226795835,0,0,0,0,0,4.3696962642273,0.323953509780674
95,10,0,1,0.328842885831664,0.31262274728956,0,0,0,0,0,4.31556401437337,0.328842885831664
40,11,0,1,0.164556033788663,0.172741944183464,0,0,0,0,0,5.14713473957227,0.164556033788663
41,11,0,1,0.166109775343494,0.168580115353519,0,0,0,0,0,5.13808489414601,0.166109775343494
42,11,0,1,0.167664338189428,0.16794303697417,0,0,0,0,0,5.12906805566391,0.167664338189428
43,11,0,1,0.169220378128054,0.172060553031171,0,0,0,0,0,5.12009130861619,0.169220378128054
44,11,0,1,0.170778550960959,0.191791440511282,0,0,0,0,0,5.11116173749307,0.170778550960959
45,11,0,1,0.17233951248973,0.188568381994535,0,0,0,0,0,5.10228642678478,0.17233951248973
46,11,0,1,0.173903918515954,0.192211318192893,0,0,0,0,0,5.09347246098154,0.173903918515954
47,11,0,1,0.175472424841219,0.202903131418003,0,0,0,0,0,5.08472692457357,0.175472424841219
48,11,0,1,0.177045688457441,0.200195390562728,0,0,0,0,0,5.07605688492345,0.177045688457441
49,11,0,1,0.178624971043666,0.200523463574028,0,0,0,0,0,5.06746070854934,0.178624971043666
50,11,0,1,0.180213120987498,0.195404344138941,0,0,0,0,0,5.05891393081669,0.180213120987498
51,11,0,1,0.181813243787601,0.184918405162918,0,0,0,0,0,5.05038838751928,0.181813243787601
52,11,0,1,0.18342844494264,0.187299059137026,0,0,0,0,0,5.0418559144509,0.18342844494264
53,11,0,1,0.185061829951281,0.195583116873529,0,0,0,0,0,5.03328834740534,0.185061829951281
54,11,0,1,0.186716504312189,0.195957040153664,0,0,0,0,0,5.0246575221764,0.186716504312189
55,11,0,1,0.18839557352403,0.188160077257838,0,0,0,0,0,5.01593527455786,0.18839557352403
56,11,0,1,0.1901021580266,0.19096918376812,0,0,0,0,0,5.0070935113132,0.1901021580266
57,11,0,1,0.191840680005886,0.194418202234851,0,0,0,0,0,4.99811032243776,0.191840680005886
58,11,0,1,0.193617855111743,0.19440816687992,0,0,0,0,0,4.98897469177024,0.193617855111743
59,11,0,1,0.195440632449226,0.196172234620827,0,0,0,0,0,4.97967671205031,0.195440632449226
60,11,0,1,0.197315961123389,0.195122019580545,0,0,0,0,0,4.97020647601765,0.197315961123389
61,11,0,1,0.199250790239287,0.198172193812577,0,0,0,0,0,4.96055407641192,0.199250790239287
62,11,0,1,0.201252068901975,0.20089763664494,0,0,0,0,0,4.9507096059728,0.201252068901975
63,11,0,1,0.203326746216506,0.203741158020858,0,0,0,0,0,4.94066315743997,0.203326746216506
64,11,0,1,0.205481810802706,0.204495350121633,0,0,0,0,0,4.93040396465905,0.205481810802706
65,11,0,1,0.207725556731302,0.205075422597661,0,0,0,0,0,4.91989288616135,0.207725556731302
66,11,0,1,0.210067851346257,0.208353729519627,0,0,0,0,0,4.90905658377092,0.210067851346257
67,11,0,1,0.21251865565617,0.209822375428167,0,0,0,0,0,4.89781968341479,0.21251865565617
68,11,0,1,0.215087930669642,0.213565681552778,0,0,0,0,0,4.88610681102002,0.215087930669642
69,11,0,1,0.217785637395273,0.214793979896036,0,0,0,0,0,4.87384259251363,0.217785637395273
70,11,0,1,0.220621736841662,0.218967314721845,0,0,0,0,0,4.86095165382268,0.220621736841662
71,11,0,1,0.223606190017411,0.223056789885023,0,0,0,0,0,4.84735862087421,0.223606190017411
72,11,0,1,0.226748512608376,0.226369456081114,0,0,0,0,0,4.83299500526954,0.226748512608376
73,11,0,1,0.230050740269948,0.227367587988865,0,0,0,0,0,4.81790797642001,0.230050740269948
74,11,0,1,0.233508701971778,0.229559809149161,0,0,0,0,0,4.80224067282213,0.233508701971778
75,11,0,1,0.237118038812981,0.233228873073951,0,0,0,0,0,4.78613913786625,0.237118038812981
76,11,0,1,0.240874391892676,0.239902590118406,0,0,0,0,0,4.76974941494271,0.240874391892676
77,11,0,1,0.244773402309977,0.245261783425815,0,0,0,0,0,4.75321754744185,0.244773402309977
78,11,0,1,0.248810711164004,0.251029132877238,0,0,0,0,0,4.73668957875401,0.248810711164004
79,11,0,1,0.252981959553871,0.254971107263863,0,0,0,0,0,4.72031155226955,0.252981959553871
80,11,0,1,0.257282172746937,0.260863633449374,0,0,0,0,0,4.70421393708089,0.257282172746937
81,11,0,1,0.261700326079359,0.260311748206373,0,0,0,0,0,4.68837420037781,0.261700326079359
82,11,0,1,0.266221961009405,0.263691393741941,0,0,0,0,0,4.67268296706497,0.266221961009405
83,11,0,1,0.270832579582113,0.269115412126044,0,0,0,0,0,4.65702986529195,0.270832579582113
84,11,0,1,0.275517683842517,0.280598828905048,0,0,0,0,0,4.64130452320833,0.275517683842517
85,11,0,1,0.280262775835656,0.28886250936123,0,0,0,0,0,4.6253965689637,0.280262775835656
86,11,0,1,0.285053357606563,0.292197191342973,0,0,0,0,0,4.60919563070763,0.285053357606563
87,11,0,1,0.289874931200277,0.294071229726984,0,0,0,0,0,4.59259133658971,0.289874931200277
88,11,0,1,0.294714322139572,0.296972146724734,0,0,0,0,0,4.5753558813479,0.294714322139572
89,11,0,1,0.299566523520499,0.297160269631235,0,0,0,0,0,4.5565367433419,0.299566523520499
90,11,0,1,0.304429641062682,0.300700951442481,0,0,0,0,0,4.53490521494482,0.304429641062682
91,11,0,1,0.309301786612956,0.303210577327178,0,0,0,0,0,4.50923204485656,0.309301786612956
92,11,0,1,0.314181072018156,0.317299298271515,0,0,0,0,0,4.47828798177703,0.314181072018156
93,11,0,1,0.319065609125117,0.329695874121128,0,0,0,0,0,4.44084377440613,0.319065609125117
94,11,0,1,0.323953509780674,0.332876226795835,0,0,0,0,0,4.39567017144377,0.323953509780674
95,11,0,1,0.328842885831664,0.31262274728956,0,0,0,0,0,4.34153792158984,0.328842885831664
40,12,0,1,0.164556033788663,0.172741944183464,0,0,0,0,0,5.17310864678874,0.164556033788663
41,12,0,1,0.166109775343494,0.168580115353519,0,0,0,0,0,5.16405880136248,0.166109775343494
42,12,0,1,0.167664338189428,0.16794303697417,0,0,0,0,0,5.15504196288038,0.167664338189428
43,12,0,1,0.169220378128054,0.172060553031171,0,0,0,0,0,5.14606521583266,0.169220378128054
44,12,0,1,0.170778550960959,0.191791440511282,0,0,0,0,0,5.13713564470954,0.170778550960959
45,12,0,1,0.17233951248973,0.188568381994535,0,0,0,0,0,5.12826033400125,0.17233951248973
46,12,0,1,0.173903918515954,0.192211318192893,0,0,0,0,0,5.119446368198,0.173903918515954
47,12,0,1,0.175472424841219,0.202903131418003,0,0,0,0,0,5.11070083179004,0.175472424841219
48,12,0,1,0.177045688457441,0.200195390562728,0,0,0,0,0,5.10203079213991,0.177045688457441
49,12,0,1,0.178624971043666,0.200523463574028,0,0,0,0,0,5.09343461576581,0.178624971043666
50,12,0,1,0.180213120987498,0.195404344138941,0,0,0,0,0,5.08488783803316,0.180213120987498
51,12,0,1,0.181813243787601,0.184918405162918,0,0,0,0,0,5.07636229473574,0.181813243787601
52,12,0,1,0.18342844494264,0.187299059137026,0,0,0,0,0,5.06782982166736,0.18342844494264
53,12,0,1,0.185061829951281,0.195583116873529,0,0,0,0,0,5.05926225462181,0.185061829951281
54,12,0,1,0.186716504312189,0.195957040153664,0,0,0,0,0,5.05063142939286,0.186716504312189
55,12,0,1,0.18839557352403,0.188160077257838,0,0,0,0,0,5.04190918177433,0.18839557352403
56,12,0,1,0.1901021580266,0.19096918376812,0,0,0,0,0,5.03306741852966,0.1901021580266
57,12,0,1,0.191840680005886,0.194418202234851,0,0,0,0,0,5.02408422965423,0.191840680005886
58,12,0,1,0.193617855111743,0.19440816687992,0,0,0,0,0,5.01494859898671,0.193617855111743
59,12,0,1,0.195440632449226,0.196172234620827,0,0,0,0,0,5.00565061926678,0.195440632449226
60,12,0,1,0.197315961123389,0.195122019580545,0,0,0,0,0,4.99618038323411,0.197315961123389
61,12,0,1,0.199250790239287,0.198172193812577,0,0,0,0,0,4.98652798362839,0.199250790239287
62,12,0,1,0.201252068901975,0.20089763664494,0,0,0,0,0,4.97668351318927,0.201252068901975
63,12,0,1,0.203326746216506,0.203741158020858,0,0,0,0,0,4.96663706465643,0.203326746216506
64,12,0,1,0.205481810802706,0.204495350121633,0,0,0,0,0,4.95637787187552,0.205481810802706
65,12,0,1,0.207725556731302,0.205075422597661,0,0,0,0,0,4.94586679337782,0.207725556731302
66,12,0,1,0.210067851346257,0.208353729519627,0,0,0,0,0,4.93503049098739,0.210067851346257
67,12,0,1,0.21251865565617,0.209822375428167,0,0,0,0,0,4.92379359063126,0.21251865565617
68,12,0,1,0.215087930669642,0.213565681552778,0,0,0,0,0,4.91208071823648,0.215087930669642
69,12,0,1,0.217785637395273,0.214793979896036,0,0,0,0,0,4.8998164997301,0.217785637395273
70,12,0,1,0.220621736841662,0.218967314721845,0,0,0,0,0,4.88692556103915,0.220621736841662
71,12,0,1,0.223606190017411,0.223056789885023,0,0,0,0,0,4.87333252809068,0.223606190017411
72,12,0,1,0.226748512608376,0.226369456081114,0,0,0,0,0,4.85896891248601,0.226748512608376
73,12,0,1,0.230050740269948,0.227367587988865,0,0,0,0,0,4.84388188363648,0.230050740269948
74,12,0,1,0.233508701971778,0.229559809149161,0,0,0,0,0,4.8282145800386,0.233508701971778
75,12,0,1,0.237118038812981,0.233228873073951,0,0,0,0,0,4.81211304508272,0.237118038812981
76,12,0,1,0.240874391892676,0.239902590118406,0,0,0,0,0,4.79572332215918,0.240874391892676
77,12,0,1,0.244773402309977,0.245261783425815,0,0,0,0,0,4.77919145465832,0.244773402309977
78,12,0,1,0.248810711164004,0.251029132877238,0,0,0,0,0,4.76266348597048,0.248810711164004
79,12,0,1,0.252981959553871,0.254971107263863,0,0,0,0,0,4.74628545948602,0.252981959553871
80,12,0,1,0.257282172746937,0.260863633449374,0,0,0,0,0,4.73018784429735,0.257282172746937
81,12,0,1,0.261700326079359,0.260311748206373,0,0,0,0,0,4.71434810759428,0.261700326079359
82,12,0,1,0.266221961009405,0.263691393741941,0,0,0,0,0,4.69865687428144,0.266221961009405
83,12,0,1,0.270832579582113,0.269115412126044,0,0,0,0,0,4.68300377250842,0.270832579582113
84,12,0,1,0.275517683842517,0.280598828905048,0,0,0,0,0,4.6672784304248,0.275517683842517
85,12,0,1,0.280262775835656,0.28886250936123,0,0,0,0,0,4.65137047618017,0.280262775835656
86,12,0,1,0.285053357606563,0.292197191342973,0,0,0,0,0,4.6351695379241,0.285053357606563
87,12,0,1,0.289874931200277,0.294071229726984,0,0,0,0,0,4.61856524380618,0.289874931200277
88,12,0,1,0.294714322139572,0.296972146724734,0,0,0,0,0,4.60132978856436,0.294714322139572
89,12,0,1,0.299566523520499,0.297160269631235,0,0,0,0,0,4.58251065055837,0.299566523520499
90,12,0,1,0.304429641062682,0.300700951442481,0,0,0,0,0,4.56087912216129,0.304429641062682
91,12,0,1,0.309301786612956,0.303210577327178,0,0,0,0,0,4.53520595207303,0.309301786612956
92,12,0,1,0.314181072018156,0.317299298271515,0,0,0,0,0,4.5042618889935,0.314181072018156
93,12,0,1,0.319065609125117,0.329695874121128,0,0,0,0,0,4.4668176816226,0.319065609125117
94,12,0,1,0.323953509780674,0.332876226795835,0,0,0,0,0,4.42164407866023,0.323953509780674
95,12,0,1,0.328842885831664,0.31262274728956,0,0,0,0,0,4.3675118288063,0.328842885831664
40,13,0,1,0.164556033788663,0.172741944183464,1,0,0,40,0,5.19908255400521,0.164556033788663
41,13,0,1,0.166109775343494,0.168580115353519,1,0,0,41,0,5.19003270857894,0.166109775343494
42,13,0,1,0.167664338189428,0.16794303697417,1,0,0,42,0,5.18101587009684,0.167664338189428
43,13,0,1,0.169220378128054,0.172060553031171,1,0,0,43,0,5.17203912304912,0.169220378128054
44,13,0,1,0.170778550960959,0.191791440511282,1,0,0,44,0,5.163109551926,0.170778550960959
45,13,0,1,0.17233951248973,0.188568381994535,1,0,0,45,0,5.15423424121771,0.17233951248973
46,13,0,1,0.173903918515954,0.192211318192893,1,0,0,46,0,5.14542027541447,0.173903918515954
47,13,0,1,0.175472424841219,0.202903131418003,1,0,0,47,0,5.1366747390065,0.175472424841219
48,13,0,1,0.177045688457441,0.200195390562728,1,0,0,48,0,5.12800469935638,0.177045688457441
49,13,0,1,0.178624971043666,0.200523463574028,1,0,0,49,0,5.11940852298228,0.178624971043666
50,13,0,1,0.180213120987498,0.195404344138941,1,0,0,50,0,5.11086174524962,0.180213120987498
51,13,0,1,0.181813243787601,0.184918405162918,1,0,0,51,0,5.10233620195221,0.181813243787601
52,13,0,1,0.18342844494264,0.187299059137026,1,0,0,52,0,5.09380372888383,0.18342844494264
53,13,0,1,0.185061829951281,0.195583116873529,1,0,0,53,0,5.08523616183827,0.185061829951281
54,13,0,1,0.186716504312189,0.195957040153664,1,0,0,54,0,5.07660533660933,0.186716504312189
55,13,0,1,0.18839557352403,0.188160077257838,1,0,0,55,0,5.0678830889908,0.18839557352403
56,13,0,1,0.1901021580266,0.19096918376812,1,0,0,56,0,5.05904132574613,0.1901021580266
57,13,0,1,0.191840680005886,0.194418202234851,1,0,0,57,0,5.05005813687069,0.191840680005886
58,13,0,1,0.193617855111743,0.19440816687992,1,0,0,58,0,5.04092250620317,0.193617855111743
59,13,0,1,0.195440632449226,0.196172234620827,1,0,0,59,0,5.03162452648325,0.195440632449226
60,13,0,1,0.197315961123389,0.195122019580545,1,0,0,60,0,5.02215429045058,0.197315961123389
61,13,0,1,0.199250790239287,0.198172193812577,1,0,0,61,0,5.01250189084485,0.199250790239287
62,13,0,1,0.201252068901975,0.20089763664494,1,0,0,62,0,5.00265742040574,0.201252068901975
63,13,0,1,0.203326746216506,0.203741158020858,1,0,0,63,0,4.9926109718729,0.203326746216506
64,13,0,1,0.205481810802706,0.204495350121633,1,0,0,64,0,4.98235177909198,0.205481810802706
65,13,0,1,0.207725556731302,0.205075422597661,1,0,0,65,0,4.97184070059429,0.207725556731302
66,13,0,1,0.210067851346257,0.208353729519627,1,0,0,66,0,4.96100439820385,0.210067851346257
67,13,0,1,0.21251865565617,0.209822375428167,1,0,0,67,0,4.94976749784773,0.21251865565617
68,13,0,1,0.215087930669642,0.213565681552778,1,0,0,68,0,4.93805462545295,0.215087930669642
69,13,0,1,0.217785637395273,0.214793979896036,1,0,0,69,0,4.92579040694656,0.217785637395273
70,13,0,1,0.220621736841662,0.218967314721845,1,0,0,70,0,4.91289946825562,0.220621736841662
71,13,0,1,0.223606190017411,0.223056789885023,1,0,0,71,0,4.89930643530715,0.223606190017411
72,13,0,1,0.226748512608376,0.226369456081114,1,0,0,72,0,4.88494281970247,0.226748512608376
73,13,0,1,0.230050740269948,0.227367587988865,1,0,0,73,0,4.86985579085294,0.230050740269948
74,13,0,1,0.233508701971778,0.229559809149161,1,0,0,74,0,4.85418848725506,0.233508701971778
75,13,0,1,0.237118038812981,0.233228873073951,1,0,0,75,0,4.83808695229918,0.237118038812981
76,13,0,1,0.240874391892676,0.239902590118406,1,0,0,76,0,4.82169722937564,0.240874391892676
77,13,0,1,0.244773402309977,0.245261783425815,1,0,0,77,0,4.80516536187478,0.244773402309977
78,13,0,1,0.248810711164004,0.251029132877238,1,0,0,78,0,4.78863739318695,0.248810711164004
79,13,0,1,0.252981959553871,0.254971107263863,1,0,0,79,0,4.77225936670248,0.252981959553871
80,13,0,1,0.257282172746937,0.260863633449374,1,0,0,80,0,4.75616175151382,0.257282172746937
81,13,0,1,0.261700326079359,0.260311748206373,1,0,0,81,0,4.74032201481074,0.261700326079359
82,13,0,1,0.266221961009405,0.263691393741941,1,0,0,82,0,4.7246307814979,0.266221961009405
83,13,0,1,0.270832579582113,0.269115412126044,1,0,0,83,0,4.70897767972489,0.270832579582113
84,13,0,1,0.275517683842517,0.280598828905048,1,0,0,84,0,4.69325233764127,0.275517683842517
85,13,0,1,0.280262775835656,0.28886250936123,1,0,0,85,0,4.67734438339663,0.280262775835656
86,13,0,1,0.285053357606563,0.292197191342973,1,0,0,86,0,4.66114344514057,0.285053357606563
87,13,0,1,0.289874931200277,0.294071229726984,1,0,0,87,0,4.64453915102265,0.289874931200277
88,13,0,1,0.294714322139572,0.296972146724734,1,0,0,88,0,4.62730369578083,0.294714322139572
89,13,0,1,0.299566523520499,0.297160269631235,1,0,0,89,0,4.60848455777483,0.299566523520499
90,13,0,1,0.304429641062682,0.300700951442481,1,0,0,90,0,4.58685302937775,0.304429641062682
91,13,0,1,0.309301786612956,0.303210577327178,1,0,0,91,0,4.5611798592895,0.309301786612956
92,13,0,1,0.314181072018156,0.317299298271515,1,0,0,92,0,4.53023579620997,0.314181072018156
93,13,0,1,0.319065609125117,0.329695874121128,1,0,0,93,0,4.49279158883907,0.319065609125117
94,13,0,1,0.323953509780674,0.332876226795835,1,0,0,94,0,4.4476179858767,0.323953509780674
95,13,0,1,0.328842885831664,0.31262274728956,1,0,0,95,0,4.39348573602277,0.328842885831664
40,14,0,1,0.164556033788663,0.172741944183464,1,0,0,40,0,5.22505646122167,0.164556033788663
41,14,0,1,0.166109775343494,0.168580115353519,1,0,0,41,0,5.21600661579541,0.166109775343494
42,14,0,1,0.167664338189428,0.16794303697417,1,0,0,42,0,5.20698977731331,0.167664338189428
43,14,0,1,0.169220378128054,0.172060553031171,1,0,0,43,0,5.19801303026559,0.169220378128054
44,14,0,1,0.170778550960959,0.191791440511282,1,0,0,44,0,5.18908345914247,0.170778550960959
45,14,0,1,0.17233951248973,0.188568381994535,1,0,0,45,0,5.18020814843418,0.17233951248973
46,14,0,1,0.173903918515954,0.192211318192893,1,0,0,46,0,5.17139418263094,0.173903918515954
47,14,0,1,0.175472424841219,0.202903131418003,1,0,0,47,0,5.16264864622297,0.175472424841219
48,14,0,1,0.177045688457441,0.200195390562728,1,0,0,48,0,5.15397860657285,0.177045688457441
49,14,0,1,0.178624971043666,0.200523463574028,1,0,0,49,0,5.14538243019874,0.178624971043666
50,14,0,1,0.180213120987498,0.195404344138941,1,0,0,50,0,5.13683565246609,0.180213120987498
51,14,0,1,0.181813243787601,0.184918405162918,1,0,0,51,0,5.12831010916868,0.181813243787601
52,14,0,1,0.18342844494264,0.187299059137026,1,0,0,52,0,5.1197776361003,0.18342844494264
53,14,0,1,0.185061829951281,0.195583116873529,1,0,0,53,0,5.11121006905474,0.185061829951281
54,14,0,1,0.186716504312189,0.195957040153664,1,0,0,54,0,5.1025792438258,0.186716504312189
55,14,0,1,0.18839557352403,0.188160077257838,1,0,0,55,0,5.09385699620726,0.18839557352403
56,14,0,1,0.1901021580266,0.19096918376812,1,0,0,56,0,5.0850152329626,0.1901021580266
57,14,0,1,0.191840680005886,0.194418202234851,1,0,0,57,0,5.07603204408716,0.191840680005886
58,14,0,1,0.193617855111743,0.19440816687992,1,0,0,58,0,5.06689641341964,0.193617855111743
59,14,0,1,0.195440632449226,0.196172234620827,1,0,0,59,0,5.05759843369971,0.195440632449226
60,14,0,1,0.197315961123389,0.195122019580545,1,0,0,60,0,5.04812819766705,0.197315961123389
61,14,0,1,0.199250790239287,0.198172193812577,1,0,0,61,0,5.03847579806132,0.199250790239287
62,14,0,1,0.201252068901975,0.20089763664494,1,0,0,62,0,5.0286313276222,0.201252068901975
63,14,0,1,0.203326746216506,0.203741158020858,1,0,0,63,0,5.01858487908937,0.203326746216506
64,14,0,1,0.205481810802706,0.204495350121633,1,0,0,64,0,5.00832568630845,0.205481810802706
65,14,0,1,0.207725556731302,0.205075422597661,1,0,0,65,0,4.99781460781075,0.207725556731302
66,14,0,1,0.210067851346257,0.208353729519627,1,0,0,66,0,4.98697830542032,0.210067851346257
67,14,0,1,0.21251865565617,0.209822375428167,1,0,0,67,0,4.97574140506419,0.21251865565617
68,14,0,1,0.215087930669642,0.213565681552778,1,0,0,68,0,4.96402853266942,0.215087930669642
69,14,0,1,0.217785637395273,0.214793979896036,1,0,0,69,0,4.95176431416303,0.217785637395273
70,14,0,1,0.220621736841662,0.218967314721845,1,0,0,70,0,4.93887337547208,0.220621736841662
71,14,0,1,0.223606190017411,0.223056789885023,1,0,0,71,0,4.92528034252361,0.223606190017411
72,14,0,1,0.226748512608376,0.226369456081114,1,0,0,72,0,4.91091672691894,0.226748512608376
73,14,0,1,0.230050740269948,0.227367587988865,1,0,0,73,0,4.89582969806941,0.230050740269948
74,14,0,1,0.233508701971778,0.229559809149161,1,0,0,74,0,4.88016239447153,0.233508701971778
75,14,0,1,0.237118038812981,0.233228873073951,1,0,0,75,0,4.86406085951565,0.237118038812981
76,14,0,1,0.240874391892676,0.239902590118406,1,0,0,76,0,4.84767113659211,0.240874391892676
77,14,0,1,0.244773402309977,0.245261783425815,1,0,0,77,0,4.83113926909125,0.244773402309977
78,14,0,1,0.248810711164004,0.251029132877238,1,0,0,78,0,4.81461130040341,0.248810711164004
79,14,0,1,0.252981959553871,0.254971107263863,1,0,0,79,0,4.79823327391895,0.252981959553871
80,14,0,1,0.257282172746937,0.260863633449374,1,0,0,80,0,4.78213565873029,0.257282172746937
81,14,0,1,0.261700326079359,0.260311748206373,1,0,0,81,0,4.76629592202721,0.261700326079359
82,14,0,1,0.266221961009405,0.263691393741941,1,0,0,82,0,4.75060468871437,0.266221961009405
83,14,0,1,0.270832579582113,0.269115412126044,1,0,0,83,0,4.73495158694135,0.270832579582113
84,14,0,1,0.275517683842517,0.280598828905048,1,0,0,84,0,4.71922624485773,0.275517683842517
85,14,0,1,0.280262775835656,0.28886250936123,1,0,0,85,0,4.7033182906131,0.280262775835656
86,14,0,1,0.285053357606563,0.292197191342973,1,0,0,86,0,4.68711735235703,0.285053357606563
87,14,0,1,0.289874931200277,0.294071229726984,1,0,0,87,0,4.67051305823911,0.289874931200277
88,14,0,1,0.294714322139572,0.296972146724734,1,0,0,88,0,4.6532776029973,0.294714322139572
89,14,0,1,0.299566523520499,0.297160269631235,1,0,0,89,0,4.6344584649913,0.299566523520499
90,14,0,1,0.304429641062682,0.300700951442481,1,0,0,90,0,4.61282693659422,0.304429641062682
91,14,0,1,0.309301786612956,0.303210577327178,1,0,0,91,0,4.58715376650596,0.309301786612956
92,14,0,1,0.314181072018156,0.317299298271515,1,0,0,92,0,4.55620970342643,0.314181072018156
93,14,0,1,0.319065609125117,0.329695874121128,1,0,0,93,0,4.51876549605553,0.319065609125117
94,14,0,1,0.323953509780674,0.332876226795835,1,0,0,94,0,4.47359189309317,0.323953509780674
95,14,0,1,0.328842885831664,0.31262274728956,1,0,0,95,0,4.41945964323924,0.328842885831664
40,15,0,1,0.164556033788663,0.172741944183464,1,0,0,40,0,5.25103036843814,0.164556033788663
41,15,0,1,0.166109775343494,0.168580115353519,1,0,0,41,0,5.24198052301188,0.166109775343494
42,15,0,1,0.167664338189428,0.16794303697417,1,0,0,42,0,5.23296368452978,0.167664338189428
43,15,0,1,0.169220378128054,0.172060553031171,1,0,0,43,0,5.22398693748206,0.169220378128054
44,15,0,1,0.170778550960959,0.191791440511282,1,0,0,44,0,5.21505736635894,0.170778550960959
45,15,0,1,0.17233951248973,0.188568381994535,1,0,0,45,0,5.20618205565065,0.17233951248973
46,15,0,1,0.173903918515954,0.192211318192893,1,0,0,46,0,5.1973680898474,0.173903918515954
47,15,0,1,0.175472424841219,0.202903131418003,1,0,0,47,0,5.18862255343944,0.175472424841219
48,15,0,1,0.177045688457441,0.200195390562728,1,0,0,48,0,5.17995251378931,0.177045688457441
49,15,0,1,0.178624971043666,0.200523463574028,1,0,0,49,0,5.17135633741521,0.178624971043666
50,15,0,1,0.180213120987498,0.195404344138941,1,0,0,50,0,5.16280955968256,0.180213120987498
51,15,0,1,0.181813243787601,0.184918405162918,1,0,0,51,0,5.15428401638514,0.181813243787601
52,15,0,1,0.18342844494264,0.187299059137026,1,0,0,52,0,5.14575154331676,0.18342844494264
53,15,0,1,0.185061829951281,0.195583116873529,1,0,0,53,0,5.13718397627121,0.185061829951281
54,15,0,1,0.186716504312189,0.195957040153664,1,0,0,54,0,5.12855315104226,0.186716504312189
55,15,0,1,0.18839557352403,0.188160077257838,1,0,0,55,0,5.11983090342373,0.18839557352403
56,15,0,1,0.1901021580266,0.19096918376812,1,0,0,56,0,5.11098914017906,0.1901021580266
57,15,0,1,0.191840680005886,0.194418202234851,1,0,0,57,0,5.10200595130363,0.191840680005886
58,15,0,1,0.193617855111743,0.19440816687992,1,0,0,58,0,5.09287032063611,0.193617855111743
59,15,0,1,0.195440632449226,0.196172234620827,1,0,0,59,0,5.08357234091618,0.195440632449226
60,15,0,1,0.197315961123389,0.195122019580545,1,0,0,60,0,5.07410210488351,0.197315961123389
61,15,0,1,0.199250790239287,0.198172193812577,1,0,0,61,0,5.06444970527779,0.199250790239287
62,15,0,1,0.201252068901975,0.20089763664494,1,0,0,62,0,5.05460523483867,0.201252068901975
63,15,0,1,0.203326746216506,0.203741158020858,1,0,0,63,0,5.04455878630583,0.203326746216506
64,15,0,1,0.205481810802706,0.204495350121633,1,0,0,64,0,5.03429959352492,0.205481810802706
65,15,0,1,0.207725556731302,0.205075422597661,1,0,0,65,0,5.02378851502722,0.207725556731302
66,15,0,1,0.210067851346257,0.208353729519627,1,0,0,66,0,5.01295221263679,0.210067851346257
67,15,0,1,0.21251865565617,0.209822375428167,1,0,0,67,0,5.00171531228066,0.21251865565617
68,15,0,1,0.215087930669642,0.213565681552778,1,0,0,68,0,4.99000243988588,0.215087930669642
69,15,0,1,0.217785637395273,0.214793979896036,1,0,0,69,0,4.9777382213795,0.217785637395273
70,15,0,1,0.220621736841662,0.218967314721845,1,0,0,70,0,4.96484728268855,0.220621736841662
71,15,0,1,0.223606190017411,0.223056789885023,1,0,0,71,0,4.95125424974008,0.223606190017411
72,15,0,1,0.226748512608376,0.226369456081114,1,0,0,72,0,4.93689063413541,0.226748512608376
73,15,0,1,0.230050740269948,0.227367587988865,1,0,0,73,0,4.92180360528588,0.230050740269948
74,15,0,1,0.233508701971778,0.229559809149161,1,0,0,74,0,4.906136301688,0.233508701971778
75,15,0,1,0.237118038812981,0.233228873073951,1,0,0,75,0,4.89003476673212,0.237118038812981
76,15,0,1,0.240874391892676,0.239902590118406,1,0,0,76,0,4.87364504380858,0.240874391892676
77,15,0,1,0.244773402309977,0.245261783425815,1,0,0,77,0,4.85711317630772,0.244773402309977
78,15,0,1,0.248810711164004,0.251029132877238,1,0,0,78,0,4.84058520761988,0.248810711164004
79,15,0,1,0.252981959553871,0.254971107263863,1,0,0,79,0,4.82420718113542,0.252981959553871
80,15,0,1,0.257282172746937,0.260863633449374,1,0,0,80,0,4.80810956594675,0.257282172746937
81,15,0,1,0.261700326079359,0.260311748206373,1,0,0,81,0,4.79226982924368,0.261700326079359
82,15,0,1,0.266221961009405,0.263691393741941,1,0,0,82,0,4.77657859593084,0.266221961009405
83,15,0,1,0.270832579582113,0.269115412126044,1,0,0,83,0,4.76092549415782,0.270832579582113
84,15,0,1,0.275517683842517,0.280598828905048,1,0,0,84,0,4.7452001520742,0.275517683842517
85,15,0,1,0.280262775835656,0.28886250936123,1,0,0,85,0,4.72929219782957,0.280262775835656
86,15,0,1,0.285053357606563,0.292197191342973,1,0,0,86,0,4.7130912595735,0.285053357606563
87,15,0,1,0.289874931200277,0.294071229726984,1,0,0,87,0,4.69648696545558,0.289874931200277
88,15,0,1,0.294714322139572,0.296972146724734,1,0,0,88,0,4.67925151021376,0.294714322139572
89,15,0,1,0.299566523520499,0.297160269631235,1,0,0,89,0,4.66043237220777,0.299566523520499
90,15,0,1,0.304429641062682,0.300700951442481,1,0,0,90,0,4.63880084381069,0.304429641062682
91,15,0,1,0.309301786612956,0.303210577327178,1,0,0,91,0,4.61312767372243,0.309301786612956
92,15,0,1,0.314181072018156,0.317299298271515,1,0,0,92,0,4.5821836106429,0.314181072018156
93,15,0,1,0.319065609125117,0.329695874121128,1,0,0,93,0,4.544739403272,0.319065609125117
94,15,0,1,0.323953509780674,0.332876226795835,1,0,0,94,0,4.49956580030963,0.323953509780674
95,15,0,1,0.328842885831664,0.31262274728956,1,0,0,95,0,4.4454335504557,0.328842885831664
40,16,0,1,0.164556033788663,0.172741944183464,1,0,0,40,0,5.27700427565461,0.164556033788663
41,16,0,1,0.166109775343494,0.168580115353519,1,0,0,41,0,5.26795443022834,0.166109775343494
42,16,0,1,0.167664338189428,0.16794303697417,1,0,0,42,0,5.25893759174624,0.167664338189428
43,16,0,1,0.169220378128054,0.172060553031171,1,0,0,43,0,5.24996084469852,0.169220378128054
44,16,0,1,0.170778550960959,0.191791440511282,1,0,0,44,0,5.2410312735754,0.170778550960959
45,16,0,1,0.17233951248973,0.188568381994535,1,0,0,45,0,5.23215596286711,0.17233951248973
46,16,0,1,0.173903918515954,0.192211318192893,1,0,0,46,0,5.22334199706387,0.173903918515954
47,16,0,1,0.175472424841219,0.202903131418003,1,0,0,47,0,5.2145964606559,0.175472424841219
48,16,0,1,0.177045688457441,0.200195390562728,1,0,0,48,0,5.20592642100578,0.177045688457441
49,16,0,1,0.178624971043666,0.200523463574028,1,0,0,49,0,5.19733024463168,0.178624971043666
50,16,0,1,0.180213120987498,0.195404344138941,1,0,0,50,0,5.18878346689902,0.180213120987498
51,16,0,1,0.181813243787601,0.184918405162918,1,0,0,51,0,5.18025792360161,0.181813243787601
52,16,0,1,0.18342844494264,0.187299059137026,1,0,0,52,0,5.17172545053323,0.18342844494264
53,16,0,1,0.185061829951281,0.195583116873529,1,0,0,53,0,5.16315788348767,0.185061829951281
54,16,0,1,0.186716504312189,0.195957040153664,1,0,0,54,0,5.15452705825873,0.186716504312189
55,16,0,1,0.18839557352403,0.188160077257838,1,0,0,55,0,5.1458048106402,0.18839557352403
56,16,0,1,0.1901021580266,0.19096918376812,1,0,0,56,0,5.13696304739553,0.1901021580266
57,16,0,1,0.191840680005886,0.194418202234851,1,0,0,57,0,5.12797985852009,0.191840680005886
58,16,0,1,0.193617855111743,0.19440816687992,1,0,0,58,0,5.11884422785257,0.193617855111743
59,16,0,1,0.195440632449226,0.196172234620827,1,0,0,59,0,5.10954624813265,0.195440632449226
60,16,0,1,0.197315961123389,0.195122019580545,1,0,0,60,0,5.10007601209998,0.197315961123389
61,16,0,1,0.199250790239287,0.198172193812577,1,0,0,61,0,5.09042361249425,0.199250790239287
62,16,0,1,0.201252068901975,0.20089763664494,1,0,0,62,0,5.08057914205513,0.201252068901975
63,16,0,1,0.203326746216506,0.203741158020858,1,0,0,63,0,5.0705326935223,0.203326746216506
64,16,0,1,0.205481810802706,0.204495350121633,1,0,0,64,0,5.06027350074138,0.205481810802706
65,16,0,1,0.207725556731302,0.205075422597661,1,0,0,65,0,5.04976242224369,0.207725556731302
66,16,0,1,0.210067851346257,0.208353729519627,1,0,0,66,0,5.03892611985325,0.210067851346257
67,16,0,1,0.21251865565617,0.209822375428167,1,0,0,67,0,5.02768921949713,0.21251865565617
68,16,0,1,0.215087930669642,0.213565681552778,1,0,0,68,0,5.01597634710235,0.215087930669642
69,16,0,1,0.217785637395273,0.214793979896036,1,0,0,69,0,5.00371212859596,0.217785637395273
70,16,0,1,0.220621736841662,0.218967314721845,1,0,0,70,0,4.99082118990501,0.220621736841662
71,16,0,1,0.223606190017411,0.223056789885023,1,0,0,71,0,4.97722815695655,0.223606190017411
72,16,0,1,0.226748512608376,0.226369456081114,1,0,0,72,0,4.96286454135187,0.226748512608376
73,16,0,1,0.230050740269948,0.227367587988865,1,0,0,73,0,4.94777751250234,0.230050740269948
74,16,0,1,0.233508701971778,0.229559809149161,1,0,0,74,0,4.93211020890446,0.233508701971778
75,16,0,1,0.237118038812981,0.233228873073951,1,0,0,75,0,4.91600867394858,0.237118038812981
76,16,0,1,0.240874391892676,0.239902590118406,1,0,0,76,0,4.89961895102504,0.240874391892676
77,16,0,1,0.244773402309977,0.245261783425815,1,0,0,77,0,4.88308708352418,0.244773402309977
78,16,0,1,0.248810711164004,0.251029132877238,1,0,0,78,0,4.86655911483635,0.248810711164004
79,16,0,1,0.252981959553871,0.254971107263863,1,0,0,79,0,4.85018108835188,0.252981959553871
80,16,0,1,0.257282172746937,0.260863633449374,1,0,0,80,0,4.83408347316322,0.257282172746937
81,16,0,1,0.261700326079359,0.260311748206373,1,0,0,81,0,4.81824373646014,0.261700326079359
82,16,0,1,0.266221961009405,0.263691393741941,1,0,0,82,0,4.8025525031473,0.266221961009405
83,16,0,1,0.270832579582113,0.269115412126044,1,0,0,83,0,4.78689940137428,0.270832579582113
84,16,0,1,0.275517683842517,0.280598828905048,1,0,0,84,0,4.77117405929067,0.275517683842517
85,16,0,1,0.280262775835656,0.28886250936123,1,0,0,85,0,4.75526610504603,0.280262775835656
86,16,0,1,0.285053357606563,0.292197191342973,1,0,0,86,0,4.73906516678997,0.285053357606563
87,16,0,1,0.289874931200277,0.294071229726984,1,0,0,87,0,4.72246087267205,0.289874931200277
88,16,0,1,0.294714322139572,0.296972146724734,1,0,0,88,0,4.70522541743023,0.294714322139572
89,16,0,1,0.299566523520499,0.297160269631235,1,0,0,89,0,4.68640627942423,0.299566523520499
90,16,0,1,0.304429641062682,0.300700951442481,1,0,0,90,0,4.66477475102715,0.304429641062682
91,16,0,1,0.309301786612956,0.303210577327178,1,0,0,91,0,4.6391015809389,0.309301786612956
92,16,0,1,0.314181072018156,0.317299298271515,1,0,0,92,0,4.60815751785937,0.314181072018156
93,16,0,1,0.319065609125117,0.329695874121128,1,0,0,93,0,4.57071331048847,0.319065609125117
94,16,0,1,0.323953509780674,0.332876226795835,1,0,0,94,0,4.5255397075261,0.323953509780674
95,16,0,1,0.328842885831664,0.31262274728956,1,0,0,95,0,4.47140745767217,0.328842885831664
40,17,0,1,0.164556033788663,0.172741944183464,0,1,0,0,40,5.30297818287107,0.164556033788663
41,17,0,1,0.166109775343494,0.168580115353519,0,1,0,0,41,5.29392833744481,0.166109775343494
42,17,0,1,0.167664338189428,0.16794303697417,0,1,0,0,42,5.28491149896271,0.167664338189428
43,17,0,1,0.169220378128054,0.172060553031171,0,1,0,0,43,5.27593475191499,0.169220378128054
44,17,0,1,0.170778550960959,0.191791440511282,0,1,0,0,44,5.26700518079187,0.170778550960959
45,17,0,1,0.17233951248973,0.188568381994535,0,1,0,0,45,5.25812987008358,0.17233951248973
46,17,0,1,0.173903918515954,0.192211318192893,0,1,0,0,46,5.24931590428034,0.173903918515954
47,17,0,1,0.175472424841219,0.202903131418003,0,1,0,0,47,5.24057036787237,0.175472424841219
48,17,0,1,0.177045688457441,0.200195390562728,0,1,0,0,48,5.23190032822225,0.177045688457441
49,17,0,1,0.178624971043666,0.200523463574028,0,1,0,0,49,5.22330415184814,0.178624971043666
50,17,0,1,0.180213120987498,0.195404344138941,0,1,0,0,50,5.21475737411549,0.180213120987498
51,17,0,1,0.181813243787601,0.184918405162918,0,1,0,0,51,5.20623183081808,0.181813243787601
52,17,0,1,0.18342844494264,0.187299059137026,0,1,0,0,52,5.1976993577497,0.18342844494264
53,17,0,1,0.185061829951281,0.195583116873529,0,1,0,0,53,5.18913179070414,0.185061829951281
54,17,0,1,0.186716504312189,0.195957040153664,0,1,0,0,54,5.1805009654752,0.186716504312189
55,17,0,1,0.18839557352403,0.188160077257838,0,1,0,0,55,5.17177871785666,0.18839557352403
56,17,0,1,0.1901021580266,0.19096918376812,0,1,0,0,56,5.162936954612,0.1901021580266
57,17,0,1,0.191840680005886,0.194418202234851,0,1,0,0,57,5.15395376573656,0.191840680005886
58,17,0,1,0.193617855111743,0.19440816687992,0,1,0,0,58,5.14481813506904,0.193617855111743
59,17,0,1,0.195440632449226,0.196172234620827,0,1,0,0,59,5.13552015534911,0.195440632449226
60,17,0,1,0.197315961123389,0.195122019580545,0,1,0,0,60,5.12604991931645,0.197315961123389
61,17,0,1,0.199250790239287,0.198172193812577,0,1,0,0,61,5.11639751971072,0.199250790239287
62,17,0,1,0.201252068901975,0.20089763664494,0,1,0,0,62,5.1065530492716,0.201252068901975
63,17,0,1,0.203326746216506,0.203741158020858,0,1,0,0,63,5.09650660073877,0.203326746216506
64,17,0,1,0.205481810802706,0.204495350121633,0,1,0,0,64,5.08624740795785,0.205481810802706
65,17,0,1,0.207725556731302,0.205075422597661,0,1,0,0,65,5.07573632946015,0.207725556731302
66,17,0,1,0.210067851346257,0.208353729519627,0,1,0,0,66,5.06490002706972,0.210067851346257
67,17,0,1,0.21251865565617,0.209822375428167,0,1,0,0,67,5.05366312671359,0.21251865565617
68,17,0,1,0.215087930669642,0.213565681552778,0,1,0,0,68,5.04195025431882,0.215087930669642
69,17,0,1,0.217785637395273,0.214793979896036,0,1,0,0,69,5.02968603581243,0.217785637395273
70,17,0,1,0.220621736841662,0.218967314721845,0,1,0,0,70,5.01679509712148,0.220621736841662
71,17,0,1,0.223606190017411,0.223056789885023,0,1,0,0,71,5.00320206417301,0.223606190017411
72,17,0,1,0.226748512608376,0.226369456081114,0,1,0,0,72,4.98883844856834,0.226748512608376
73,17,0,1,0.230050740269948,0.227367587988865,0,1,0,0,73,4.97375141971881,0.230050740269948
74,17,0,1,0.233508701971778,0.229559809149161,0,1,0,0,74,4.95808411612093,0.233508701971778
75,17,0,1,0.237118038812981,0.233228873073951,0,1,0,0,75,4.94198258116505,0.237118038812981
76,17,0,1,0.240874391892676,0.239902590118406,0,1,0,0,76,4.92559285824151,0.240874391892676
77,17,0,1,0.244773402309977,0.245261783425815,0,1,0,0,77,4.90906099074065,0.244773402309977
78,17,0,1,0.248810711164004,0.251029132877238,0,1,0,0,78,4.89253302205281,0.248810711164004
79,17,0,1,0.252981959553871,0.254971107263863,0,1,0,0,79,4.87615499556835,0.252981959553871
80,17,0,1,0.257282172746937,0.260863633449374,0,1,0,0,80,4.86005738037969,0.257282172746937
81,17,0,1,0.261700326079359,0.260311748206373,0,1,0,0,81,4.84421764367661,0.261700326079359
82,17,0,1,0.266221961009405,0.263691393741941,0,1,0,0,82,4.82852641036377,0.266221961009405
83,17,0,1,0.270832579582113,0.269115412126044,0,1,0,0,83,4.81287330859075,0.270832579582113
84,17,0,1,0.275517683842517,0.280598828905048,0,1,0,0,84,4.79714796650713,0.275517683842517
85,17,0,1,0.280262775835656,0.28886250936123,0,1,0,0,85,4.7812400122625,0.280262775835656
86,17,0,1,0.285053357606563,0.292197191342973,0,1,0,0,86,4.76503907400643,0.285053357606563
87,17,0,1,0.289874931200277,0.294071229726984,0,1,0,0,87,4.74843477988851,0.289874931200277
88,17,0,1,0.294714322139572,0.296972146724734,0,1,0,0,88,4.7311993246467,0.294714322139572
89,17,0,1,0.299566523520499,0.297160269631235,0,1,0,0,89,4.7123801866407,0.299566523520499
90,17,0,1,0.304429641062682,0.300700951442481,0,1,0,0,90,4.69074865824362,0.304429641062682
91,17,0,1,0.309301786612956,0.303210577327178,0,1,0,0,91,4.66507548815536,0.309301786612956
92,17,0,1,0.314181072018156,0.317299298271515,0,1,0,0,92,4.63413142507583,0.314181072018156
93,17,0,1,0.319065609125117,0.329695874121128,0,1,0,0,93,4.59668721770493,0.319065609125117
94,17,0,1,0.323953509780674,0.332876226795835,0,1,0,0,94,4.55151361474257,0.323953509780674
95,17,0,1,0.328842885831664,0.31262274728956,0,1,0,0,95,4.49738136488864,0.328842885831664
40,18,0,1,0.164556033788663,0.172741944183464,0,1,0,0,40,5.32895209008754,0.164556033788663
41,18,0,1,0.166109775343494,0.168580115353519,0,1,0,0,41,5.31990224466128,0.166109775343494
42,18,0,1,0.167664338189428,0.16794303697417,0,1,0,0,42,5.31088540617918,0.167664338189428
43,18,0,1,0.169220378128054,0.172060553031171,0,1,0,0,43,5.30190865913146,0.169220378128054
44,18,0,1,0.170778550960959,0.191791440511282,0,1,0,0,44,5.29297908800834,0.170778550960959
45,18,0,1,0.17233951248973,0.188568381994535,0,1,0,0,45,5.28410377730005,0.17233951248973
46,18,0,1,0.173903918515954,0.192211318192893,0,1,0,0,46,5.2752898114968,0.173903918515954
47,18,0,1,0.175472424841219,0.202903131418003,0,1,0,0,47,5.26654427508883,0.175472424841219
48,18,0,1,0.177045688457441,0.200195390562728,0,1,0,0,48,5.25787423543871,0.177045688457441
49,18,0,1,0.178624971043666,0.200523463574028,0,1,0,0,49,5.24927805906461,0.178624971043666
50,18,0,1,0.180213120987498,0.195404344138941,0,1,0,0,50,5.24073128133196,0.180213120987498
51,18,0,1,0.181813243787601,0.184918405162918,0,1,0,0,51,5.23220573803454,0.181813243787601
52,18,0,1,0.18342844494264,0.187299059137026,0,1,0,0,52,5.22367326496616,0.18342844494264
53,18,0,1,0.185061829951281,0.195583116873529,0,1,0,0,53,5.21510569792061,0.185061829951281
54,18,0,1,0.186716504312189,0.195957040153664,0,1,0,0,54,5.20647487269166,0.186716504312189
55,18,0,1,0.18839557352403,0.188160077257838,0,1,0,0,55,5.19775262507313,0.18839557352403
56,18,0,1,0.1901021580266,0.19096918376812,0,1,0,0,56,5.18891086182846,0.1901021580266
57,18,0,1,0.191840680005886,0.194418202234851,0,1,0,0,57,5.17992767295303,0.191840680005886
58,18,0,1,0.193617855111743,0.19440816687992,0,1,0,0,58,5.17079204228551,0.193617855111743
59,18,0,1,0.195440632449226,0.196172234620827,0,1,0,0,59,5.16149406256558,0.195440632449226
60,18,0,1,0.197315961123389,0.195122019580545,0,1,0,0,60,5.15202382653291,0.197315961123389
61,18,0,1,0.199250790239287,0.198172193812577,0,1,0,0,61,5.14237142692718,0.199250790239287
62,18,0,1,0.201252068901975,0.20089763664494,0,1,0,0,62,5.13252695648807,0.201252068901975
63,18,0,1,0.203326746216506,0.203741158020858,0,1,0,0,63,5.12248050795523,0.203326746216506
64,18,0,1,0.205481810802706,0.204495350121633,0,1,0,0,64,5.11222131517431,0.205481810802706
65,18,0,1,0.207725556731302,0.205075422597661,0,1,0,0,65,5.10171023667662,0.207725556731302
66,18,0,1,0.210067851346257,0.208353729519627,0,1,0,0,66,5.09087393428619,0.210067851346257
67,18,0,1,0.21251865565617,0.209822375428167,0,1,0,0,67,5.07963703393006,0.21251865565617
68,18,0,1,0.215087930669642,0.213565681552778,0,1,0,0,68,5.06792416153528,0.215087930669642
69,18,0,1,0.217785637395273,0.214793979896036,0,1,0,0,69,5.0556599430289,0.217785637395273
70,18,0,1,0.220621736841662,0.218967314721845,0,1,0,0,70,5.04276900433795,0.220621736841662
71,18,0,1,0.223606190017411,0.223056789885023,0,1,0,0,71,5.02917597138948,0.223606190017411
72,18,0,1,0.226748512608376,0.226369456081114,0,1,0,0,72,5.0148123557848,0.226748512608376
73,18,0,1,0.230050740269948,0.227367587988865,0,1,0,0,73,4.99972532693528,0.230050740269948
74,18,0,1,0.233508701971778,0.229559809149161,0,1,0,0,74,4.9840580233374,0.233508701971778
75,18,0,1,0.237118038812981,0.233228873073951,0,1,0,0,75,4.96795648838152,0.237118038812981
76,18,0,1,0.240874391892676,0.239902590118406,0,1,0,0,76,4.95156676545798,0.240874391892676
77,18,0,1,0.244773402309977,0.245261783425815,0,1,0,0,77,4.93503489795712,0.244773402309977
78,18,0,1,0.248810711164004,0.251029132877238,0,1,0,0,78,4.91850692926928,0.248810711164004
79,18,0,1,0.252981959553871,0.254971107263863,0,1,0,0,79,4.90212890278482,0.252981959553871
80,18,0,1,0.257282172746937,0.260863633449374,0,1,0,0,80,4.88603128759615,0.257282172746937
81,18,0,1,0.261700326079359,0.260311748206373,0,1,0,0,81,4.87019155089308,0.261700326079359
82,18,0,1,0.266221961009405,0.263691393741941,0,1,0,0,82,4.85450031758024,0.266221961009405
83,18,0,1,0.270832579582113,0.269115412126044,0,1,0,0,83,4.83884721580722,0.270832579582113
84,18,0,1,0.275517683842517,0.280598828905048,0,1,0,0,84,4.8231218737236,0.275517683842517
85,18,0,1,0.280262775835656,0.28886250936123,0,1,0,0,85,4.80721391947897,0.280262775835656
86,18,0,1,0.285053357606563,0.292197191342973,0,1,0,0,86,4.7910129812229,0.285053357606563
87,18,0,1,0.289874931200277,0.294071229726984,0,1,0,0,87,4.77440868710498,0.289874931200277
88,18,0,1,0.294714322139572,0.296972146724734,0,1,0,0,88,4.75717323186316,0.294714322139572
89,18,0,1,0.299566523520499,0.297160269631235,0,1,0,0,89,4.73835409385716,0.299566523520499
90,18,0,1,0.304429641062682,0.300700951442481,0,1,0,0,90,4.71672256546008,0.304429641062682
91,18,0,1,0.309301786612956,0.303210577327178,0,1,0,0,91,4.69104939537183,0.309301786612956
92,18,0,1,0.314181072018156,0.317299298271515,0,1,0,0,92,4.6601053322923,0.314181072018156
93,18,0,1,0.319065609125117,0.329695874121128,0,1,0,0,93,4.6226611249214,0.319065609125117
94,18,0,1,0.323953509780674,0.332876226795835,0,1,0,0,94,4.57748752195903,0.323953509780674
95,18,0,1,0.328842885831664,0.31262274728956,0,1,0,0,95,4.5233552721051,0.328842885831664
40,19,0,1,0.164556033788663,0.172741944183464,0,1,0,0,40,5.35492599730401,0.164556033788663
41,19,0,1,0.166109775343494,0.168580115353519,0,1,0,0,41,5.34587615187774,0.166109775343494
42,19,0,1,0.167664338189428,0.16794303697417,0,1,0,0,42,5.33685931339564,0.167664338189428
43,19,0,1,0.169220378128054,0.172060553031171,0,1,0,0,43,5.32788256634792,0.169220378128054
44,19,0,1,0.170778550960959,0.191791440511282,0,1,0,0,44,5.3189529952248,0.170778550960959
45,19,0,1,0.17233951248973,0.188568381994535,0,1,0,0,45,5.31007768451651,0.17233951248973
46,19,0,1,0.173903918515954,0.192211318192893,0,1,0,0,46,5.30126371871327,0.173903918515954
47,19,0,1,0.175472424841219,0.202903131418003,0,1,0,0,47,5.2925181823053,0.175472424841219
48,19,0,1,0.177045688457441,0.200195390562728,0,1,0,0,48,5.28384814265518,0.177045688457441
49,19,0,1,0.178624971043666,0.200523463574028,0,1,0,0,49,5.27525196628108,0.178624971043666
50,19,0,1,0.180213120987498,0.195404344138941,0,1,0,0,50,5.26670518854842,0.180213120987498
51,19,0,1,0.181813243787601,0.184918405162918,0,1,0,0,51,5.25817964525101,0.181813243787601
52,19,0,1,0.18342844494264,0.187299059137026,0,1,0,0,52,5.24964717218263,0.18342844494264
53,19,0,1,0.185061829951281,0.195583116873529,0,1,0,0,53,5.24107960513707,0.185061829951281
54,19,0,1,0.186716504312189,0.195957040153664,0,1,0,0,54,5.23244877990813,0.186716504312189
55,19,0,1,0.18839557352403,0.188160077257838,0,1,0,0,55,5.2237265322896,0.18839557352403
56,19,0,1,0.1901021580266,0.19096918376812,0,1,0,0,56,5.21488476904493,0.1901021580266
57,19,0,1,0.191840680005886,0.194418202234851,0,1,0,0,57,5.20590158016949,0.191840680005886
58,19,0,1,0.193617855111743,0.19440816687992,0,1,0,0,58,5.19676594950197,0.193617855111743
59,19,0,1,0.195440632449226,0.196172234620827,0,1,0,0,59,5.18746796978204,0.195440632449226
60,19,0,1,0.197315961123389,0.195122019580545,0,1,0,0,60,5.17799773374938,0.197315961123389
61,19,0,1,0.199250790239287,0.198172193812577,0,1,0,0,61,5.16834533414365,0.199250790239287
62,19,0,1,0.201252068901975,0.20089763664494,0,1,0,0,62,5.15850086370453,0.201252068901975
63,19,0,1,0.203326746216506,0.203741158020858,0,1,0,0,63,5.1484544151717,0.203326746216506
64,19,0,1,0.205481810802706,0.204495350121633,0,1,0,0,64,5.13819522239078,0.205481810802706
65,19,0,1,0.207725556731302,0.205075422597661,0,1,0,0,65,5.12768414389309,0.207725556731302
66,19,0,1,0.210067851346257,0.208353729519627,0,1,0,0,66,5.11684784150265,0.210067851346257
67,19,0,1,0.21251865565617,0.209822375428167,0,1,0,0,67,5.10561094114653,0.21251865565617
68,19,0,1,0.215087930669642,0.213565681552778,0,1,0,0,68,5.09389806875175,0.215087930669642
69,19,0,1,0.217785637395273,0.214793979896036,0,1,0,0,69,5.08163385024536,0.217785637395273
70,19,0,1,0.220621736841662,0.218967314721845,0,1,0,0,70,5.06874291155441,0.220621736841662
71,19,0,1,0.223606190017411,0.223056789885023,0,1,0,0,71,5.05514987860595,0.223606190017411
72,19,0,1,0.226748512608376,0.226369456081114,0,1,0,0,72,5.04078626300127,0.226748512608376
73,19,0,1,0.230050740269948,0.227367587988865,0,1,0,0,73,5.02569923415174,0.230050740269948
74,19,0,1,0.233508701971778,0.229559809149161,0,1,0,0,74,5.01003193055386,0.233508701971778
75,19,0,1,0.237118038812981,0.233228873073951,0,1,0,0,75,4.99393039559798,0.237118038812981
76,19,0,1,0.240874391892676,0.239902590118406,0,1,0,0,76,4.97754067267444,0.240874391892676
77,19,0,1,0.244773402309977,0.245261783425815,0,1,0,0,77,4.96100880517358,0.244773402309977
78,19,0,1,0.248810711164004,0.251029132877238,0,1,0,0,78,4.94448083648575,0.248810711164004
79,19,0,1,0.252981959553871,0.254971107263863,0,1,0,0,79,4.92810281000128,0.252981959553871
80,19,0,1,0.257282172746937,0.260863633449374,0,1,0,0,80,4.91200519481262,0.257282172746937
81,19,0,1,0.261700326079359,0.260311748206373,0,1,0,0,81,4.89616545810954,0.261700326079359
82,19,0,1,0.266221961009405,0.263691393741941,0,1,0,0,82,4.8804742247967,0.266221961009405
83,19,0,1,0.270832579582113,0.269115412126044,0,1,0,0,83,4.86482112302368,0.270832579582113
84,19,0,1,0.275517683842517,0.280598828905048,0,1,0,0,84,4.84909578094007,0.275517683842517
85,19,0,1,0.280262775835656,0.28886250936123,0,1,0,0,85,4.83318782669543,0.280262775835656
86,19,0,1,0.285053357606563,0.292197191342973,0,1,0,0,86,4.81698688843936,0.285053357606563
87,19,0,1,0.289874931200277,0.294071229726984,0,1,0,0,87,4.80038259432145,0.289874931200277
88,19,0,1,0.294714322139572,0.296972146724734,0,1,0,0,88,4.78314713907963,0.294714322139572
89,19,0,1,0.299566523520499,0.297160269631235,0,1,0,0,89,4.76432800107363,0.299566523520499
90,19,0,1,0.304429641062682,0.300700951442481,0,1,0,0,90,4.74269647267655,0.304429641062682
91,19,0,1,0.309301786612956,0.303210577327178,0,1,0,0,91,4.7170233025883,0.309301786612956
92,19,0,1,0.314181072018156,0.317299298271515,0,1,0,0,92,4.68607923950877,0.314181072018156
93,19,0,1,0.319065609125117,0.329695874121128,0,1,0,0,93,4.64863503213787,0.319065609125117
94,19,0,1,0.323953509780674,0.332876226795835,0,1,0,0,94,4.6034614291755,0.323953509780674
95,19,0,1,0.328842885831664,0.31262274728956,0,1,0,0,95,4.54932917932157,0.328842885831664
40,20,0,1,0.164556033788663,0.172741944183464,0,1,0,0,40,5.38089990452047,0.164556033788663
41,20,0,1,0.166109775343494,0.168580115353519,0,1,0,0,41,5.37185005909421,0.166109775343494
42,20,0,1,0.167664338189428,0.16794303697417,0,1,0,0,42,5.36283322061211,0.167664338189428
43,20,0,1,0.169220378128054,0.172060553031171,0,1,0,0,43,5.35385647356439,0.169220378128054
44,20,0,1,0.170778550960959,0.191791440511282,0,1,0,0,44,5.34492690244127,0.170778550960959
45,20,0,1,0.17233951248973,0.188568381994535,0,1,0,0,45,5.33605159173298,0.17233951248973
46,20,0,1,0.173903918515954,0.192211318192893,0,1,0,0,46,5.32723762592974,0.173903918515954
47,20,0,1,0.175472424841219,0.202903131418003,0,1,0,0,47,5.31849208952177,0.175472424841219
48,20,0,1,0.177045688457441,0.200195390562728,0,1,0,0,48,5.30982204987165,0.177045688457441
49,20,0,1,0.178624971043666,0.200523463574028,0,1,0,0,49,5.30122587349754,0.178624971043666
50,20,0,1,0.180213120987498,0.195404344138941,0,1,0,0,50,5.29267909576489,0.180213120987498
51,20,0,1,0.181813243787601,0.184918405162918,0,1,0,0,51,5.28415355246748,0.181813243787601
52,20,0,1,0.18342844494264,0.187299059137026,0,1,0,0,52,5.27562107939909,0.18342844494264
53,20,0,1,0.185061829951281,0.195583116873529,0,1,0,0,53,5.26705351235354,0.185061829951281
54,20,0,1,0.186716504312189,0.195957040153664,0,1,0,0,54,5.2584226871246,0.186716504312189
55,20,0,1,0.18839557352403,0.188160077257838,0,1,0,0,55,5.24970043950606,0.18839557352403
56,20,0,1,0.1901021580266,0.19096918376812,0,1,0,0,56,5.24085867626139,0.1901021580266
57,20,0,1,0.191840680005886,0.194418202234851,0,1,0,0,57,5.23187548738596,0.191840680005886
58,20,0,1,0.193617855111743,0.19440816687992,0,1,0,0,58,5.22273985671844,0.193617855111743
59,20,0,1,0.195440632449226,0.196172234620827,0,1,0,0,59,5.21344187699851,0.195440632449226
60,20,0,1,0.197315961123389,0.195122019580545,0,1,0,0,60,5.20397164096585,0.197315961123389
61,20,0,1,0.199250790239287,0.198172193812577,0,1,0,0,61,5.19431924136012,0.199250790239287
62,20,0,1,0.201252068901975,0.20089763664494,0,1,0,0,62,5.184474770921,0.201252068901975
63,20,0,1,0.203326746216506,0.203741158020858,0,1,0,0,63,5.17442832238817,0.203326746216506
64,20,0,1,0.205481810802706,0.204495350121633,0,1,0,0,64,5.16416912960725,0.205481810802706
65,20,0,1,0.207725556731302,0.205075422597661,0,1,0,0,65,5.15365805110955,0.207725556731302
66,20,0,1,0.210067851346257,0.208353729519627,0,1,0,0,66,5.14282174871912,0.210067851346257
67,20,0,1,0.21251865565617,0.209822375428167,0,1,0,0,67,5.13158484836299,0.21251865565617
68,20,0,1,0.215087930669642,0.213565681552778,0,1,0,0,68,5.11987197596822,0.215087930669642
69,20,0,1,0.217785637395273,0.214793979896036,0,1,0,0,69,5.10760775746183,0.217785637395273
70,20,0,1,0.220621736841662,0.218967314721845,0,1,0,0,70,5.09471681877088,0.220621736841662
71,20,0,1,0.223606190017411,0.223056789885023,0,1,0,0,71,5.08112378582241,0.223606190017411
72,20,0,1,0.226748512608376,0.226369456081114,0,1,0,0,72,5.06676017021774,0.226748512608376
73,20,0,1,0.230050740269948,0.227367587988865,0,1,0,0,73,5.05167314136821,0.230050740269948
74,20,0,1,0.233508701971778,0.229559809149161,0,1,0,0,74,5.03600583777033,0.233508701971778
75,20,0,1,0.237118038812981,0.233228873073951,0,1,0,0,75,5.01990430281445,0.237118038812981
76,20,0,1,0.240874391892676,0.239902590118406,0,1,0,0,76,5.00351457989091,0.240874391892676
77,20,0,1,0.244773402309977,0.245261783425815,0,1,0,0,77,4.98698271239005,0.244773402309977
78,20,0,1,0.248810711164004,0.251029132877238,0,1,0,0,78,4.97045474370221,0.248810711164004
79,20,0,1,0.252981959553871,0.254971107263863,0,1,0,0,79,4.95407671721775,0.252981959553871
80,20,0,1,0.257282172746937,0.260863633449374,0,1,0,0,80,4.93797910202909,0.257282172746937
81,20,0,1,0.261700326079359,0.260311748206373,0,1,0,0,81,4.92213936532601,0.261700326079359
82,20,0,1,0.266221961009405,0.263691393741941,0,1,0,0,82,4.90644813201317,0.266221961009405
83,20,0,1,0.270832579582113,0.269115412126044,0,1,0,0,83,4.89079503024015,0.270832579582113
84,20,0,1,0.275517683842517,0.280598828905048,0,1,0,0,84,4.87506968815653,0.275517683842517
85,20,0,1,0.280262775835656,0.28886250936123,0,1,0,0,85,4.8591617339119,0.280262775835656
86,20,0,1,0.285053357606563,0.292197191342973,0,1,0,0,86,4.84296079565583,0.285053357606563
87,20,0,1,0.289874931200277,0.294071229726984,0,1,0,0,87,4.82635650153791,0.289874931200277
88,20,0,1,0.294714322139572,0.296972146724734,0,1,0,0,88,4.8091210462961,0.294714322139572
89,20,0,1,0.299566523520499,0.297160269631235,0,1,0,0,89,4.7903019082901,0.299566523520499
90,20,0,1,0.304429641062682,0.300700951442481,0,1,0,0,90,4.76867037989302,0.304429641062682
91,20,0,1,0.309301786612956,0.303210577327178,0,1,0,0,91,4.74299720980476,0.309301786612956
92,20,0,1,0.314181072018156,0.317299298271515,0,1,0,0,92,4.71205314672523,0.314181072018156
93,20,0,1,0.319065609125117,0.329695874121128,0,1,0,0,93,4.67460893935433,0.319065609125117
94,20,0,1,0.323953509780674,0.332876226795835,0,1,0,0,94,4.62943533639197,0.323953509780674
95,20,0,1,0.328842885831664,0.31262274728956,0,1,0,0,95,4.57530308653804,0.328842885831664
40,21,0,1,0.164556033788663,0.172741944183464,0,1,0,0,40,5.40687381173694,0.164556033788663
41,21,0,1,0.166109775343494,0.168580115353519,0,1,0,0,41,5.39782396631068,0.166109775343494
42,21,0,1,0.167664338189428,0.16794303697417,0,1,0,0,42,5.38880712782858,0.167664338189428
43,21,0,1,0.169220378128054,0.172060553031171,0,1,0,0,43,5.37983038078085,0.169220378128054
44,21,0,1,0.170778550960959,0.191791440511282,0,1,0,0,44,5.37090080965774,0.170778550960959
45,21,0,1,0.17233951248973,0.188568381994535,0,1,0,0,45,5.36202549894945,0.17233951248973
46,21,0,1,0.173903918515954,0.192211318192893,0,1,0,0,46,5.3532115331462,0.173903918515954
47,21,0,1,0.175472424841219,0.202903131418003,0,1,0,0,47,5.34446599673823,0.175472424841219
48,21,0,1,0.177045688457441,0.200195390562728,0,1,0,0,48,5.33579595708811,0.177045688457441
49,21,0,1,0.178624971043666,0.200523463574028,0,1,0,0,49,5.32719978071401,0.178624971043666
50,21,0,1,0.180213120987498,0.195404344138941,0,1,0,0,50,5.31865300298136,0.180213120987498
51,21,0,1,0.181813243787601,0.184918405162918,0,1,0,0,51,5.31012745968394,0.181813243787601
52,21,0,1,0.18342844494264,0.187299059137026,0,1,0,0,52,5.30159498661556,0.18342844494264
53,21,0,1,0.185061829951281,0.195583116873529,0,1,0,0,53,5.29302741957001,0.185061829951281
54,21,0,1,0.186716504312189,0.195957040153664,0,1,0,0,54,5.28439659434106,0.186716504312189
55,21,0,1,0.18839557352403,0.188160077257838,0,1,0,0,55,5.27567434672253,0.18839557352403
56,21,0,1,0.1901021580266,0.19096918376812,0,1,0,0,56,5.26683258347786,0.1901021580266
57,21,0,1,0.191840680005886,0.194418202234851,0,1,0,0,57,5.25784939460243,0.191840680005886
58,21,0,1,0.193617855111743,0.19440816687992,0,1,0,0,58,5.24871376393491,0.193617855111743
59,21,0,1,0.195440632449226,0.196172234620827,0,1,0,0,59,5.23941578421498,0.195440632449226
60,21,0,1,0.197315961123389,0.195122019580545,0,1,0,0,60,5.22994554818231,0.197315961123389
61,21,0,1,0.199250790239287,0.198172193812577,0,1,0,0,61,5.22029314857658,0.199250790239287
62,21,0,1,0.201252068901975,0.20089763664494,0,1,0,0,62,5.21044867813747,0.201252068901975
63,21,0,1,0.203326746216506,0.203741158020858,0,1,0,0,63,5.20040222960463,0.203326746216506
64,21,0,1,0.205481810802706,0.204495350121633,0,1,0,0,64,5.19014303682371,0.205481810802706
65,21,0,1,0.207725556731302,0.205075422597661,0,1,0,0,65,5.17963195832602,0.207725556731302
66,21,0,1,0.210067851346257,0.208353729519627,0,1,0,0,66,5.16879565593559,0.210067851346257
67,21,0,1,0.21251865565617,0.209822375428167,0,1,0,0,67,5.15755875557946,0.21251865565617
68,21,0,1,0.215087930669642,0.213565681552778,0,1,0,0,68,5.14584588318468,0.215087930669642
69,21,0,1,0.217785637395273,0.214793979896036,0,1,0,0,69,5.1335816646783,0.217785637395273
70,21,0,1,0.220621736841662,0.218967314721845,0,1,0,0,70,5.12069072598735,0.220621736841662
71,21,0,1,0.223606190017411,0.223056789885023,0,1,0,0,71,5.10709769303888,0.223606190017411
72,21,0,1,0.226748512608376,0.226369456081114,0,1,0,0,72,5.0927340774342,0.226748512608376
73,21,0,1,0.230050740269948,0.227367587988865,0,1,0,0,73,5.07764704858468,0.230050740269948
74,21,0,1,0.233508701971778,0.229559809149161,0,1,0,0,74,5.0619797449868,0.233508701971778
75,21,0,1,0.237118038812981,0.233228873073951,0,1,0,0,75,5.04587821003092,0.237118038812981
76,21,0,1,0.240874391892676,0.239902590118406,0,1,0,0,76,5.02948848710738,0.240874391892676
77,21,0,1,0.244773402309977,0.245261783425815,0,1,0,0,77,5.01295661960652,0.244773402309977
78,21,0,1,0.248810711164004,0.251029132877238,0,1,0,0,78,4.99642865091868,0.248810711164004
79,21,0,1,0.252981959553871,0.254971107263863,0,1,0,0,79,4.98005062443421,0.252981959553871
80,21,0,1,0.257282172746937,0.260863633449374,0,1,0,0,80,4.96395300924555,0.257282172746937
81,21,0,1,0.261700326079359,0.260311748206373,0,1,0,0,81,4.94811327254248,0.261700326079359
82,21,0,1,0.266221961009405,0.263691393741941,0,1,0,0,82,4.93242203922964,0.266221961009405
83,21,0,1,0.270832579582113,0.269115412126044,0,1,0,0,83,4.91676893745662,0.270832579582113
84,21,0,1,0.275517683842517,0.280598828905048,0,1,0,0,84,4.901043595373,0.275517683842517
85,21,0,1,0.280262775835656,0.28886250936123,0,1,0,0,85,4.88513564112837,0.280262775835656
86,21,0,1,0.285053357606563,0.292197191342973,0,1,0,0,86,4.8689347028723,0.285053357606563
87,21,0,1,0.289874931200277,0.294071229726984,0,1,0,0,87,4.85233040875438,0.289874931200277
88,21,0,1,0.294714322139572,0.296972146724734,0,1,0,0,88,4.83509495351256,0.294714322139572
89,21,0,1,0.299566523520499,0.297160269631235,0,1,0,0,89,4.81627581550656,0.299566523520499
90,21,0,1,0.304429641062682,0.300700951442481,0,1,0,0,90,4.79464428710948,0.304429641062682
91,21,0,1,0.309301786612956,0.303210577327178,0,1,0,0,91,4.76897111702123,0.309301786612956
92,21,0,1,0.314181072018156,0.317299298271515,0,1,0,0,92,4.7380270539417,0.314181072018156
93,21,0,1,0.319065609125117,0.329695874121128,0,1,0,0,93,4.7005828465708,0.319065609125117
94,21,0,1,0.323953509780674,0.332876226795835,0,1,0,0,94,4.65540924360843,0.323953509780674
95,21,0,1,0.328842885831664,0.31262274728956,0,1,0,0,95,4.6012769937545,0.328842885831664
40,22,0,1,0.164556033788663,0.172741944183464,0,1,0,0,40,5.4328477189534,0.164556033788663
41,22,0,1,0.166109775343494,0.168580115353519,0,1,0,0,41,5.42379787352714,0.166109775343494
42,22,0,1,0.167664338189428,0.16794303697417,0,1,0,0,42,5.41478103504504,0.167664338189428
43,22,0,1,0.169220378128054,0.172060553031171,0,1,0,0,43,5.40580428799732,0.169220378128054
44,22,0,1,0.170778550960959,0.191791440511282,0,1,0,0,44,5.3968747168742,0.170778550960959
45,22,0,1,0.17233951248973,0.188568381994535,0,1,0,0,45,5.38799940616591,0.17233951248973
46,22,0,1,0.173903918515954,0.192211318192893,0,1,0,0,46,5.37918544036267,0.173903918515954
47,22,0,1,0.175472424841219,0.202903131418003,0,1,0,0,47,5.3704399039547,0.175472424841219
48,22,0,1,0.177045688457441,0.200195390562728,0,1,0,0,48,5.36176986430458,0.177045688457441
49,22,0,1,0.178624971043666,0.200523463574028,0,1,0,0,49,5.35317368793048,0.178624971043666
50,22,0,1,0.180213120987498,0.195404344138941,0,1,0,0,50,5.34462691019782,0.180213120987498
51,22,0,1,0.181813243787601,0.184918405162918,0,1,0,0,51,5.33610136690041,0.181813243787601
52,22,0,1,0.18342844494264,0.187299059137026,0,1,0,0,52,5.32756889383203,0.18342844494264
53,22,0,1,0.185061829951281,0.195583116873529,0,1,0,0,53,5.31900132678647,0.185061829951281
54,22,0,1,0.186716504312189,0.195957040153664,0,1,0,0,54,5.31037050155753,0.186716504312189
55,22,0,1,0.18839557352403,0.188160077257838,0,1,0,0,55,5.301648253939,0.18839557352403
56,22,0,1,0.1901021580266,0.19096918376812,0,1,0,0,56,5.29280649069433,0.1901021580266
57,22,0,1,0.191840680005886,0.194418202234851,0,1,0,0,57,5.28382330181889,0.191840680005886
58,22,0,1,0.193617855111743,0.19440816687992,0,1,0,0,58,5.27468767115137,0.193617855111743
59,22,0,1,0.195440632449226,0.196172234620827,0,1,0,0,59,5.26538969143144,0.195440632449226
60,22,0,1,0.197315961123389,0.195122019580545,0,1,0,0,60,5.25591945539878,0.197315961123389
61,22,0,1,0.199250790239287,0.198172193812577,0,1,0,0,61,5.24626705579305,0.199250790239287
62,22,0,1,0.201252068901975,0.20089763664494,0,1,0,0,62,5.23642258535393,0.201252068901975
63,22,0,1,0.203326746216506,0.203741158020858,0,1,0,0,63,5.2263761368211,0.203326746216506
64,22,0,1,0.205481810802706,0.204495350121633,0,1,0,0,64,5.21611694404018,0.205481810802706
65,22,0,1,0.207725556731302,0.205075422597661,0,1,0,0,65,5.20560586554249,0.207725556731302
66,22,0,1,0.210067851346257,0.208353729519627,0,1,0,0,66,5.19476956315205,0.210067851346257
67,22,0,1,0.21251865565617,0.209822375428167,0,1,0,0,67,5.18353266279593,0.21251865565617
68,22,0,1,0.215087930669642,0.213565681552778,0,1,0,0,68,5.17181979040115,0.215087930669642
69,22,0,1,0.217785637395273,0.214793979896036,0,1,0,0,69,5.15955557189476,0.217785637395273
70,22,0,1,0.220621736841662,0.218967314721845,0,1,0,0,70,5.14666463320381,0.220621736841662
71,22,0,1,0.223606190017411,0.223056789885023,0,1,0,0,71,5.13307160025535,0.223606190017411
72,22,0,1,0.226748512608376,0.226369456081114,0,1,0,0,72,5.11870798465067,0.226748512608376
73,22,0,1,0.230050740269948,0.227367587988865,0,1,0,0,73,5.10362095580114,0.230050740269948
74,22,0,1,0.233508701971778,0.229559809149161,0,1,0,0,74,5.08795365220326,0.233508701971778
75,22,0,1,0.237118038812981,0.233228873073951,0,1,0,0,75,5.07185211724738,0.237118038812981
76,22,0,1,0.240874391892676,0.239902590118406,0,1,0,0,76,5.05546239432384,0.240874391892676
77,22,0,1,0.244773402309977,0.245261783425815,0,1,0,0,77,5.03893052682298,0.244773402309977
78,22,0,1,0.248810711164004,0.251029132877238,0,1,0,0,78,5.02240255813515,0.248810711164004
79,22,0,1,0.252981959553871,0.254971107263863,0,1,0,0,79,5.00602453165068,0.252981959553871
80,22,0,1,0.257282172746937,0.260863633449374,0,1,0,0,80,4.98992691646202,0.257282172746937
81,22,0,1,0.261700326079359,0.260311748206373,0,1,0,0,81,4.97408717975894,0.261700326079359
82,22,0,1,0.266221961009405,0.263691393741941,0,1,0,0,82,4.9583959464461,0.266221961009405
83,22,0,1,0.270832579582113,0.269115412126044,0,1,0,0,83,4.94274284467308,0.270832579582113
84,22,0,1,0.275517683842517,0.280598828905048,0,1,0,0,84,4.92701750258947,0.275517683842517
85,22,0,1,0.280262775835656,0.28886250936123,0,1,0,0,85,4.91110954834483,0.280262775835656
86,22,0,1,0.285053357606563,0.292197191342973,0,1,0,0,86,4.89490861008876,0.285053357606563
87,22,0,1,0.289874931200277,0.294071229726984,0,1,0,0,87,4.87830431597085,0.289874931200277
88,22,0,1,0.294714322139572,0.296972146724734,0,1,0,0,88,4.86106886072903,0.294714322139572
89,22,0,1,0.299566523520499,0.297160269631235,0,1,0,0,89,4.84224972272303,0.299566523520499
90,22,0,1,0.304429641062682,0.300700951442481,0,1,0,0,90,4.82061819432595,0.304429641062682
91,22,0,1,0.309301786612956,0.303210577327178,0,1,0,0,91,4.7949450242377,0.309301786612956
92,22,0,1,0.314181072018156,0.317299298271515,0,1,0,0,92,4.76400096115817,0.314181072018156
93,22,0,1,0.319065609125117,0.329695874121128,0,1,0,0,93,4.72655675378727,0.319065609125117
94,22,0,1,0.323953509780674,0.332876226795835,0,1,0,0,94,4.6813831508249,0.323953509780674
95,22,0,1,0.328842885831664,0.31262274728956,0,1,0,0,95,4.62725090097097,0.328842885831664
40,23,0,1,0.164556033788663,0.172741944183464,0,1,0,0,40,5.45882162616987,0.164556033788663
41,23,0,1,0.166109775343494,0.168580115353519,0,1,0,0,41,5.44977178074361,0.166109775343494
42,23,0,1,0.167664338189428,0.16794303697417,0,1,0,0,42,5.44075494226151,0.167664338189428
43,23,0,1,0.169220378128054,0.172060553031171,0,1,0,0,43,5.43177819521379,0.169220378128054
44,23,0,1,0.170778550960959,0.191791440511282,0,1,0,0,44,5.42284862409067,0.170778550960959
45,23,0,1,0.17233951248973,0.188568381994535,0,1,0,0,45,5.41397331338238,0.17233951248973
46,23,0,1,0.173903918515954,0.192211318192893,0,1,0,0,46,5.40515934757914,0.173903918515954
47,23,0,1,0.175472424841219,0.202903131418003,0,1,0,0,47,5.39641381117117,0.175472424841219
48,23,0,1,0.177045688457441,0.200195390562728,0,1,0,0,48,5.38774377152104,0.177045688457441
49,23,0,1,0.178624971043666,0.200523463574028,0,1,0,0,49,5.37914759514694,0.178624971043666
50,23,0,1,0.180213120987498,0.195404344138941,0,1,0,0,50,5.37060081741429,0.180213120987498
51,23,0,1,0.181813243787601,0.184918405162918,0,1,0,0,51,5.36207527411688,0.181813243787601
52,23,0,1,0.18342844494264,0.187299059137026,0,1,0,0,52,5.35354280104849,0.18342844494264
53,23,0,1,0.185061829951281,0.195583116873529,0,1,0,0,53,5.34497523400294,0.185061829951281
54,23,0,1,0.186716504312189,0.195957040153664,0,1,0,0,54,5.336344408774,0.186716504312189
55,23,0,1,0.18839557352403,0.188160077257838,0,1,0,0,55,5.32762216115546,0.18839557352403
56,23,0,1,0.1901021580266,0.19096918376812,0,1,0,0,56,5.31878039791079,0.1901021580266
57,23,0,1,0.191840680005886,0.194418202234851,0,1,0,0,57,5.30979720903536,0.191840680005886
58,23,0,1,0.193617855111743,0.19440816687992,0,1,0,0,58,5.30066157836784,0.193617855111743
59,23,0,1,0.195440632449226,0.196172234620827,0,1,0,0,59,5.29136359864791,0.195440632449226
60,23,0,1,0.197315961123389,0.195122019580545,0,1,0,0,60,5.28189336261525,0.197315961123389
61,23,0,1,0.199250790239287,0.198172193812577,0,1,0,0,61,5.27224096300952,0.199250790239287
62,23,0,1,0.201252068901975,0.20089763664494,0,1,0,0,62,5.2623964925704,0.201252068901975
63,23,0,1,0.203326746216506,0.203741158020858,0,1,0,0,63,5.25235004403757,0.203326746216506
64,23,0,1,0.205481810802706,0.204495350121633,0,1,0,0,64,5.24209085125665,0.205481810802706
65,23,0,1,0.207725556731302,0.205075422597661,0,1,0,0,65,5.23157977275895,0.207725556731302
66,23,0,1,0.210067851346257,0.208353729519627,0,1,0,0,66,5.22074347036852,0.210067851346257
67,23,0,1,0.21251865565617,0.209822375428167,0,1,0,0,67,5.20950657001239,0.21251865565617
68,23,0,1,0.215087930669642,0.213565681552778,0,1,0,0,68,5.19779369761762,0.215087930669642
69,23,0,1,0.217785637395273,0.214793979896036,0,1,0,0,69,5.18552947911123,0.217785637395273
70,23,0,1,0.220621736841662,0.218967314721845,0,1,0,0,70,5.17263854042028,0.220621736841662
71,23,0,1,0.223606190017411,0.223056789885023,0,1,0,0,71,5.15904550747181,0.223606190017411
72,23,0,1,0.226748512608376,0.226369456081114,0,1,0,0,72,5.14468189186714,0.226748512608376
73,23,0,1,0.230050740269948,0.227367587988865,0,1,0,0,73,5.12959486301761,0.230050740269948
74,23,0,1,0.233508701971778,0.229559809149161,0,1,0,0,74,5.11392755941973,0.233508701971778
75,23,0,1,0.237118038812981,0.233228873073951,0,1,0,0,75,5.09782602446385,0.237118038812981
76,23,0,1,0.240874391892676,0.239902590118406,0,1,0,0,76,5.08143630154031,0.240874391892676
77,23,0,1,0.244773402309977,0.245261783425815,0,1,0,0,77,5.06490443403945,0.244773402309977
78,23,0,1,0.248810711164004,0.251029132877238,0,1,0,0,78,5.04837646535161,0.248810711164004
79,23,0,1,0.252981959553871,0.254971107263863,0,1,0,0,79,5.03199843886715,0.252981959553871
80,23,0,1,0.257282172746937,0.260863633449374,0,1,0,0,80,5.01590082367848,0.257282172746937
81,23,0,1,0.261700326079359,0.260311748206373,0,1,0,0,81,5.00006108697541,0.261700326079359
82,23,0,1,0.266221961009405,0.263691393741941,0,1,0,0,82,4.98436985366257,0.266221961009405
83,23,0,1,0.270832579582113,0.269115412126044,0,1,0,0,83,4.96871675188955,0.270832579582113
84,23,0,1,0.275517683842517,0.280598828905048,0,1,0,0,84,4.95299140980593,0.275517683842517
85,23,0,1,0.280262775835656,0.28886250936123,0,1,0,0,85,4.9370834555613,0.280262775835656
86,23,0,1,0.285053357606563,0.292197191342973,0,1,0,0,86,4.92088251730523,0.285053357606563
87,23,0,1,0.289874931200277,0.294071229726984,0,1,0,0,87,4.90427822318731,0.289874931200277
88,23,0,1,0.294714322139572,0.296972146724734,0,1,0,0,88,4.8870427679455,0.294714322139572
89,23,0,1,0.299566523520499,0.297160269631235,0,1,0,0,89,4.8682236299395,0.299566523520499
90,23,0,1,0.304429641062682,0.300700951442481,0,1,0,0,90,4.84659210154242,0.304429641062682
91,23,0,1,0.309301786612956,0.303210577327178,0,1,0,0,91,4.82091893145416,0.309301786612956
92,23,0,1,0.314181072018156,0.317299298271515,0,1,0,0,92,4.78997486837463,0.314181072018156
93,23,0,1,0.319065609125117,0.329695874121128,0,1,0,0,93,4.75253066100373,0.319065609125117
94,23,0,1,0.323953509780674,0.332876226795835,0,1,0,0,94,4.70735705804137,0.323953509780674
95,23,0,1,0.328842885831664,0.31262274728956,0,1,0,0,95,4.65322480818744,0.328842885831664
40,24,0,1,0.164556033788663,0.172741944183464,0,1,0,0,40,5.48479553338634,0.164556033788663
41,24,0,1,0.166109775343494,0.168580115353519,0,1,0,0,41,5.47574568796008,0.166109775343494
42,24,0,1,0.167664338189428,0.16794303697417,0,1,0,0,42,5.46672884947797,0.167664338189428
43,24,0,1,0.169220378128054,0.172060553031171,0,1,0,0,43,5.45775210243025,0.169220378128054
44,24,0,1,0.170778550960959,0.191791440511282,0,1,0,0,44,5.44882253130714,0.170778550960959
45,24,0,1,0.17233951248973,0.188568381994535,0,1,0,0,45,5.43994722059884,0.17233951248973
46,24,0,1,0.173903918515954,0.192211318192893,0,1,0,0,46,5.4311332547956,0.173903918515954
47,24,0,1,0.175472424841219,0.202903131418003,0,1,0,0,47,5.42238771838763,0.175472424841219
48,24,0,1,0.177045688457441,0.200195390562728,0,1,0,0,48,5.41371767873751,0.177045688457441
49,24,0,1,0.178624971043666,0.200523463574028,0,1,0,0,49,5.40512150236341,0.178624971043666
50,24,0,1,0.180213120987498,0.195404344138941,0,1,0,0,50,5.39657472463076,0.180213120987498
51,24,0,1,0.181813243787601,0.184918405162918,0,1,0,0,51,5.38804918133334,0.181813243787601
52,24,0,1,0.18342844494264,0.187299059137026,0,1,0,0,52,5.37951670826496,0.18342844494264
53,24,0,1,0.185061829951281,0.195583116873529,0,1,0,0,53,5.3709491412194,0.185061829951281
54,24,0,1,0.186716504312189,0.195957040153664,0,1,0,0,54,5.36231831599046,0.186716504312189
55,24,0,1,0.18839557352403,0.188160077257838,0,1,0,0,55,5.35359606837193,0.18839557352403
56,24,0,1,0.1901021580266,0.19096918376812,0,1,0,0,56,5.34475430512726,0.1901021580266
57,24,0,1,0.191840680005886,0.194418202234851,0,1,0,0,57,5.33577111625182,0.191840680005886
58,24,0,1,0.193617855111743,0.19440816687992,0,1,0,0,58,5.32663548558431,0.193617855111743
59,24,0,1,0.195440632449226,0.196172234620827,0,1,0,0,59,5.31733750586438,0.195440632449226
60,24,0,1,0.197315961123389,0.195122019580545,0,1,0,0,60,5.30786726983171,0.197315961123389
61,24,0,1,0.199250790239287,0.198172193812577,0,1,0,0,61,5.29821487022598,0.199250790239287
62,24,0,1,0.201252068901975,0.20089763664494,0,1,0,0,62,5.28837039978687,0.201252068901975
63,24,0,1,0.203326746216506,0.203741158020858,0,1,0,0,63,5.27832395125403,0.203326746216506
64,24,0,1,0.205481810802706,0.204495350121633,0,1,0,0,64,5.26806475847311,0.205481810802706
65,24,0,1,0.207725556731302,0.205075422597661,0,1,0,0,65,5.25755367997542,0.207725556731302
66,24,0,1,0.210067851346257,0.208353729519627,0,1,0,0,66,5.24671737758499,0.210067851346257
67,24,0,1,0.21251865565617,0.209822375428167,0,1,0,0,67,5.23548047722886,0.21251865565617
68,24,0,1,0.215087930669642,0.213565681552778,0,1,0,0,68,5.22376760483408,0.215087930669642
69,24,0,1,0.217785637395273,0.214793979896036,0,1,0,0,69,5.2115033863277,0.217785637395273
70,24,0,1,0.220621736841662,0.218967314721845,0,1,0,0,70,5.19861244763675,0.220621736841662
71,24,0,1,0.223606190017411,0.223056789885023,0,1,0,0,71,5.18501941468828,0.223606190017411
72,24,0,1,0.226748512608376,0.226369456081114,0,1,0,0,72,5.1706557990836,0.226748512608376
73,24,0,1,0.230050740269948,0.227367587988865,0,1,0,0,73,5.15556877023407,0.230050740269948
74,24,0,1,0.233508701971778,0.229559809149161,0,1,0,0,74,5.1399014666362,0.233508701971778
75,24,0,1,0.237118038812981,0.233228873073951,0,1,0,0,75,5.12379993168032,0.237118038812981
76,24,0,1,0.240874391892676,0.239902590118406,0,1,0,0,76,5.10741020875677,0.240874391892676
77,24,0,1,0.244773402309977,0.245261783425815,0,1,0,0,77,5.09087834125591,0.244773402309977
78,24,0,1,0.248810711164004,0.251029132877238,0,1,0,0,78,5.07435037256808,0.248810711164004
79,24,0,1,0.252981959553871,0.254971107263863,0,1,0,0,79,5.05797234608361,0.252981959553871
80,24,0,1,0.257282172746937,0.260863633449374,0,1,0,0,80,5.04187473089495,0.257282172746937
81,24,0,1,0.261700326079359,0.260311748206373,0,1,0,0,81,5.02603499419187,0.261700326079359
82,24,0,1,0.266221961009405,0.263691393741941,0,1,0,0,82,5.01034376087904,0.266221961009405
83,24,0,1,0.270832579582113,0.269115412126044,0,1,0,0,83,4.99469065910602,0.270832579582113
84,24,0,1,0.275517683842517,0.280598828905048,0,1,0,0,84,4.9789653170224,0.275517683842517
85,24,0,1,0.280262775835656,0.28886250936123,0,1,0,0,85,4.96305736277776,0.280262775835656
86,24,0,1,0.285053357606563,0.292197191342973,0,1,0,0,86,4.9468564245217,0.285053357606563
87,24,0,1,0.289874931200277,0.294071229726984,0,1,0,0,87,4.93025213040378,0.289874931200277
88,24,0,1,0.294714322139572,0.296972146724734,0,1,0,0,88,4.91301667516196,0.294714322139572
89,24,0,1,0.299566523520499,0.297160269631235,0,1,0,0,89,4.89419753715596,0.299566523520499
90,24,0,1,0.304429641062682,0.300700951442481,0,1,0,0,90,4.87256600875888,0.304429641062682
91,24,0,1,0.309301786612956,0.303210577327178,0,1,0,0,91,4.84689283867063,0.309301786612956
92,24,0,1,0.314181072018156,0.317299298271515,0,1,0,0,92,4.8159487755911,0.314181072018156
93,24,0,1,0.319065609125117,0.329695874121128,0,1,0,0,93,4.7785045682202,0.319065609125117
94,24,0,1,0.323953509780674,0.332876226795835,0,1,0,0,94,4.73333096525783,0.323953509780674
95,24,0,1,0.328842885831664,0.31262274728956,0,1,0,0,95,4.6791987154039,0.328842885831664
40,25,0,1,0.164556033788663,0.172741944183464,0,1,0,0,40,5.5107694406028,0.164556033788663
41,25,0,1,0.166109775343494,0.168580115353519,0,1,0,0,41,5.50171959517654,0.166109775343494
42,25,0,1,0.167664338189428,0.16794303697417,0,1,0,0,42,5.49270275669444,0.167664338189428
43,25,0,1,0.169220378128054,0.172060553031171,0,1,0,0,43,5.48372600964672,0.169220378128054
44,25,0,1,0.170778550960959,0.191791440511282,0,1,0,0,44,5.4747964385236,0.170778550960959
45,25,0,1,0.17233951248973,0.188568381994535,0,1,0,0,45,5.46592112781531,0.17233951248973
46,25,0,1,0.173903918515954,0.192211318192893,0,1,0,0,46,5.45710716201207,0.173903918515954
47,25,0,1,0.175472424841219,0.202903131418003,0,1,0,0,47,5.4483616256041,0.175472424841219
48,25,0,1,0.177045688457441,0.200195390562728,0,1,0,0,48,5.43969158595398,0.177045688457441
49,25,0,1,0.178624971043666,0.200523463574028,0,1,0,0,49,5.43109540957988,0.178624971043666
50,25,0,1,0.180213120987498,0.195404344138941,0,1,0,0,50,5.42254863184722,0.180213120987498
51,25,0,1,0.181813243787601,0.184918405162918,0,1,0,0,51,5.41402308854981,0.181813243787601
52,25,0,1,0.18342844494264,0.187299059137026,0,1,0,0,52,5.40549061548143,0.18342844494264
53,25,0,1,0.185061829951281,0.195583116873529,0,1,0,0,53,5.39692304843587,0.185061829951281
54,25,0,1,0.186716504312189,0.195957040153664,0,1,0,0,54,5.38829222320693,0.186716504312189
55,25,0,1,0.18839557352403,0.188160077257838,0,1,0,0,55,5.3795699755884,0.18839557352403
56,25,0,1,0.1901021580266,0.19096918376812,0,1,0,0,56,5.37072821234373,0.1901021580266
57,25,0,1,0.191840680005886,0.194418202234851,0,1,0,0,57,5.36174502346829,0.191840680005886
58,25,0,1,0.193617855111743,0.19440816687992,0,1,0,0,58,5.35260939280077,0.193617855111743
59,25,0,1,0.195440632449226,0.196172234620827,0,1,0,0,59,5.34331141308084,0.195440632449226
60,25,0,1,0.197315961123389,0.195122019580545,0,1,0,0,60,5.33384117704818,0.197315961123389
61,25,0,1,0.199250790239287,0.198172193812577,0,1,0,0,61,5.32418877744245,0.199250790239287
62,25,0,1,0.201252068901975,0.20089763664494,0,1,0,0,62,5.31434430700333,0.201252068901975
63,25,0,1,0.203326746216506,0.203741158020858,0,1,0,0,63,5.3042978584705,0.203326746216506
64,25,0,1,0.205481810802706,0.204495350121633,0,1,0,0,64,5.29403866568958,0.205481810802706
65,25,0,1,0.207725556731302,0.205075422597661,0,1,0,0,65,5.28352758719189,0.207725556731302
66,25,0,1,0.210067851346257,0.208353729519627,0,1,0,0,66,5.27269128480145,0.210067851346257
67,25,0,1,0.21251865565617,0.209822375428167,0,1,0,0,67,5.26145438444533,0.21251865565617
68,25,0,1,0.215087930669642,0.213565681552778,0,1,0,0,68,5.24974151205055,0.215087930669642
69,25,0,1,0.217785637395273,0.214793979896036,0,1,0,0,69,5.23747729354416,0.217785637395273
70,25,0,1,0.220621736841662,0.218967314721845,0,1,0,0,70,5.22458635485321,0.220621736841662
71,25,0,1,0.223606190017411,0.223056789885023,0,1,0,0,71,5.21099332190474,0.223606190017411
72,25,0,1,0.226748512608376,0.226369456081114,0,1,0,0,72,5.19662970630007,0.226748512608376
73,25,0,1,0.230050740269948,0.227367587988865,0,1,0,0,73,5.18154267745054,0.230050740269948
74,25,0,1,0.233508701971778,0.229559809149161,0,1,0,0,74,5.16587537385266,0.233508701971778
75,25,0,1,0.237118038812981,0.233228873073951,0,1,0,0,75,5.14977383889678,0.237118038812981
76,25,0,1,0.240874391892676,0.239902590118406,0,1,0,0,76,5.13338411597324,0.240874391892676
77,25,0,1,0.244773402309977,0.245261783425815,0,1,0,0,77,5.11685224847238,0.244773402309977
78,25,0,1,0.248810711164004,0.251029132877238,0,1,0,0,78,5.10032427978455,0.248810711164004
79,25,0,1,0.252981959553871,0.254971107263863,0,1,0,0,79,5.08394625330008,0.252981959553871
80,25,0,1,0.257282172746937,0.260863633449374,0,1,0,0,80,5.06784863811142,0.257282172746937
81,25,0,1,0.261700326079359,0.260311748206373,0,1,0,0,81,5.05200890140834,0.261700326079359
82,25,0,1,0.266221961009405,0.263691393741941,0,1,0,0,82,5.0363176680955,0.266221961009405
83,25,0,1,0.270832579582113,0.269115412126044,0,1,0,0,83,5.02066456632248,0.270832579582113
84,25,0,1,0.275517683842517,0.280598828905048,0,1,0,0,84,5.00493922423887,0.275517683842517
85,25,0,1,0.280262775835656,0.28886250936123,0,1,0,0,85,4.98903126999423,0.280262775835656
86,25,0,1,0.285053357606563,0.292197191342973,0,1,0,0,86,4.97283033173816,0.285053357606563
87,25,0,1,0.289874931200277,0.294071229726984,0,1,0,0,87,4.95622603762024,0.289874931200277
88,25,0,1,0.294714322139572,0.296972146724734,0,1,0,0,88,4.93899058237843,0.294714322139572
89,25,0,1,0.299566523520499,0.297160269631235,0,1,0,0,89,4.92017144437243,0.299566523520499
90,25,0,1,0.304429641062682,0.300700951442481,0,1,0,0,90,4.89853991597535,0.304429641062682
91,25,0,1,0.309301786612956,0.303210577327178,0,1,0,0,91,4.87286674588709,0.309301786612956
92,25,0,1,0.314181072018156,0.317299298271515,0,1,0,0,92,4.84192268280757,0.314181072018156
93,25,0,1,0.319065609125117,0.329695874121128,0,1,0,0,93,4.80447847543667,0.319065609125117
94,25,0,1,0.323953509780674,0.332876226795835,0,1,0,0,94,4.7593048724743,0.323953509780674
95,25,0,1,0.328842885831664,0.31262274728956,0,1,0,0,95,4.70517262262037,0.328842885831664
40,10,1,1,0.164556033788663,0.172741944183464,0,0,40,0,0,5.06190552057439,0.164556033788663
41,10,1,1,0.166109775343494,0.168580115353519,0,0,41,0,0,5.05285567514813,0.166109775343494
42,10,1,1,0.167664338189428,0.16794303697417,0,0,42,0,0,5.04383883666602,0.167664338189428
43,10,1,1,0.169220378128054,0.172060553031171,0,0,43,0,0,5.0348620896183,0.169220378128054
44,10,1,1,0.170778550960959,0.191791440511282,0,0,44,0,0,5.02593251849518,0.170778550960959
45,10,1,1,0.17233951248973,0.188568381994535,0,0,45,0,0,5.01705720778689,0.17233951248973
46,10,1,1,0.173903918515954,0.192211318192893,0,0,46,0,0,5.00824324198365,0.173903918515954
47,10,1,1,0.175472424841219,0.202903131418003,0,0,47,0,0,4.99949770557568,0.175472424841219
48,10,1,1,0.177045688457441,0.200195390562728,0,0,48,0,0,4.99082766592556,0.177045688457441
49,10,1,1,0.178624971043666,0.200523463574028,0,0,49,0,0,4.98223148955146,0.178624971043666
50,10,1,1,0.180213120987498,0.195404344138941,0,0,50,0,0,4.9736847118188,0.180213120987498
51,10,1,1,0.181813243787601,0.184918405162918,0,0,51,0,0,4.96515916852139,0.181813243787601
52,10,1,1,0.18342844494264,0.187299059137026,0,0,52,0,0,4.95662669545301,0.18342844494264
53,10,1,1,0.185061829951281,0.195583116873529,0,0,53,0,0,4.94805912840745,0.185061829951281
54,10,1,1,0.186716504312189,0.195957040153664,0,0,54,0,0,4.93942830317851,0.186716504312189
55,10,1,1,0.18839557352403,0.188160077257838,0,0,55,0,0,4.93070605555998,0.18839557352403
56,10,1,1,0.1901021580266,0.19096918376812,0,0,56,0,0,4.92186429231531,0.1901021580266
57,10,1,1,0.191840680005886,0.194418202234851,0,0,57,0,0,4.91288110343987,0.191840680005886
58,10,1,1,0.193617855111743,0.19440816687992,0,0,58,0,0,4.90374547277235,0.193617855111743
59,10,1,1,0.195440632449226,0.196172234620827,0,0,59,0,0,4.89444749305243,0.195440632449226
60,10,1,1,0.197315961123389,0.195122019580545,0,0,60,0,0,4.88497725701976,0.197315961123389
61,10,1,1,0.199250790239287,0.198172193812577,0,0,61,0,0,4.87532485741403,0.199250790239287
62,10,1,1,0.201252068901975,0.20089763664494,0,0,62,0,0,4.86548038697492,0.201252068901975
63,10,1,1,0.203326746216506,0.203741158020858,0,0,63,0,0,4.85543393844208,0.203326746216506
64,10,1,1,0.205481810802706,0.204495350121633,0,0,64,0,0,4.84517474566116,0.205481810802706
65,10,1,1,0.207725556731302,0.205075422597661,0,0,65,0,0,4.83466366716347,0.207725556731302
66,10,1,1,0.210067851346257,0.208353729519627,0,0,66,0,0,4.82382736477304,0.210067851346257
67,10,1,1,0.21251865565617,0.209822375428167,0,0,67,0,0,4.81259046441691,0.21251865565617
68,10,1,1,0.215087930669642,0.213565681552778,0,0,68,0,0,4.80087759202213,0.215087930669642
69,10,1,1,0.217785637395273,0.214793979896036,0,0,69,0,0,4.78861337351575,0.217785637395273
70,10,1,1,0.220621736841662,0.218967314721845,0,0,70,0,0,4.7757224348248,0.220621736841662
71,10,1,1,0.223606190017411,0.223056789885023,0,0,71,0,0,4.76212940187633,0.223606190017411
72,10,1,1,0.226748512608376,0.226369456081114,0,0,72,0,0,4.74776578627165,0.226748512608376
73,10,1,1,0.230050740269948,0.227367587988865,0,0,73,0,0,4.73267875742212,0.230050740269948
74,10,1,1,0.233508701971778,0.229559809149161,0,0,74,0,0,4.71701145382425,0.233508701971778
75,10,1,1,0.237118038812981,0.233228873073951,0,0,75,0,0,4.70090991886836,0.237118038812981
76,10,1,1,0.240874391892676,0.239902590118406,0,0,76,0,0,4.68452019594482,0.240874391892676
77,10,1,1,0.244773402309977,0.245261783425815,0,0,77,0,0,4.66798832844396,0.244773402309977
78,10,1,1,0.248810711164004,0.251029132877238,0,0,78,0,0,4.65146035975613,0.248810711164004
79,10,1,1,0.252981959553871,0.254971107263863,0,0,79,0,0,4.63508233327166,0.252981959553871
80,10,1,1,0.257282172746937,0.260863633449374,0,0,80,0,0,4.618984718083,0.257282172746937
81,10,1,1,0.261700326079359,0.260311748206373,0,0,81,0,0,4.60314498137992,0.261700326079359
82,10,1,1,0.266221961009405,0.263691393741941,0,0,82,0,0,4.58745374806709,0.266221961009405
83,10,1,1,0.270832579582113,0.269115412126044,0,0,83,0,0,4.57180064629407,0.270832579582113
84,10,1,1,0.275517683842517,0.280598828905048,0,0,84,0,0,4.55607530421045,0.275517683842517
85,10,1,1,0.280262775835656,0.28886250936123,0,0,85,0,0,4.54016734996581,0.280262775835656
86,10,1,1,0.285053357606563,0.292197191342973,0,0,86,0,0,4.52396641170975,0.285053357606563
87,10,1,1,0.289874931200277,0.294071229726984,0,0,87,0,0,4.50736211759183,0.289874931200277
88,10,1,1,0.294714322139572,0.296972146724734,0,0,88,0,0,4.49012666235001,0.294714322139572
89,10,1,1,0.299566523520499,0.297160269631235,0,0,89,0,0,4.47130752434401,0.299566523520499
90,10,1,1,0.304429641062682,0.300700951442481,0,0,90,0,0,4.44967599594693,0.304429641062682
91,10,1,1,0.309301786612956,0.303210577327178,0,0,91,0,0,4.42400282585868,0.309301786612956
92,10,1,1,0.314181072018156,0.317299298271515,0,0,92,0,0,4.39305876277915,0.314181072018156
93,10,1,1,0.319065609125117,0.329695874121128,0,0,93,0,0,4.35561455540825,0.319065609125117
94,10,1,1,0.323953509780674,0.332876226795835,0,0,94,0,0,4.31044095244588,0.323953509780674
95,10,1,1,0.328842885831664,0.31262274728956,0,0,95,0,0,4.25630870259195,0.328842885831664
40,11,1,1,0.164556033788663,0.172741944183464,0,0,40,0,0,5.08787942779085,0.164556033788663
41,11,1,1,0.166109775343494,0.168580115353519,0,0,41,0,0,5.07882958236459,0.166109775343494
42,11,1,1,0.167664338189428,0.16794303697417,0,0,42,0,0,5.06981274388249,0.167664338189428
43,11,1,1,0.169220378128054,0.172060553031171,0,0,43,0,0,5.06083599683477,0.169220378128054
44,11,1,1,0.170778550960959,0.191791440511282,0,0,44,0,0,5.05190642571165,0.170778550960959
45,11,1,1,0.17233951248973,0.188568381994535,0,0,45,0,0,5.04303111500336,0.17233951248973
46,11,1,1,0.173903918515954,0.192211318192893,0,0,46,0,0,5.03421714920012,0.173903918515954
47,11,1,1,0.175472424841219,0.202903131418003,0,0,47,0,0,5.02547161279215,0.175472424841219
48,11,1,1,0.177045688457441,0.200195390562728,0,0,48,0,0,5.01680157314203,0.177045688457441
49,11,1,1,0.178624971043666,0.200523463574028,0,0,49,0,0,5.00820539676792,0.178624971043666
50,11,1,1,0.180213120987498,0.195404344138941,0,0,50,0,0,4.99965861903527,0.180213120987498
51,11,1,1,0.181813243787601,0.184918405162918,0,0,51,0,0,4.99113307573786,0.181813243787601
52,11,1,1,0.18342844494264,0.187299059137026,0,0,52,0,0,4.98260060266948,0.18342844494264
53,11,1,1,0.185061829951281,0.195583116873529,0,0,53,0,0,4.97403303562392,0.185061829951281
54,11,1,1,0.186716504312189,0.195957040153664,0,0,54,0,0,4.96540221039498,0.186716504312189
55,11,1,1,0.18839557352403,0.188160077257838,0,0,55,0,0,4.95667996277644,0.18839557352403
56,11,1,1,0.1901021580266,0.19096918376812,0,0,56,0,0,4.94783819953178,0.1901021580266
57,11,1,1,0.191840680005886,0.194418202234851,0,0,57,0,0,4.93885501065634,0.191840680005886
58,11,1,1,0.193617855111743,0.19440816687992,0,0,58,0,0,4.92971937998882,0.193617855111743
59,11,1,1,0.195440632449226,0.196172234620827,0,0,59,0,0,4.92042140026889,0.195440632449226
60,11,1,1,0.197315961123389,0.195122019580545,0,0,60,0,0,4.91095116423623,0.197315961123389
61,11,1,1,0.199250790239287,0.198172193812577,0,0,61,0,0,4.9012987646305,0.199250790239287
62,11,1,1,0.201252068901975,0.20089763664494,0,0,62,0,0,4.89145429419138,0.201252068901975
63,11,1,1,0.203326746216506,0.203741158020858,0,0,63,0,0,4.88140784565855,0.203326746216506
64,11,1,1,0.205481810802706,0.204495350121633,0,0,64,0,0,4.87114865287763,0.205481810802706
65,11,1,1,0.207725556731302,0.205075422597661,0,0,65,0,0,4.86063757437993,0.207725556731302
66,11,1,1,0.210067851346257,0.208353729519627,0,0,66,0,0,4.8498012719895,0.210067851346257
67,11,1,1,0.21251865565617,0.209822375428167,0,0,67,0,0,4.83856437163337,0.21251865565617
68,11,1,1,0.215087930669642,0.213565681552778,0,0,68,0,0,4.8268514992386,0.215087930669642
69,11,1,1,0.217785637395273,0.214793979896036,0,0,69,0,0,4.81458728073221,0.217785637395273
70,11,1,1,0.220621736841662,0.218967314721845,0,0,70,0,0,4.80169634204126,0.220621736841662
71,11,1,1,0.223606190017411,0.223056789885023,0,0,71,0,0,4.78810330909279,0.223606190017411
72,11,1,1,0.226748512608376,0.226369456081114,0,0,72,0,0,4.77373969348812,0.226748512608376
73,11,1,1,0.230050740269948,0.227367587988865,0,0,73,0,0,4.75865266463859,0.230050740269948
74,11,1,1,0.233508701971778,0.229559809149161,0,0,74,0,0,4.74298536104071,0.233508701971778
75,11,1,1,0.237118038812981,0.233228873073951,0,0,75,0,0,4.72688382608483,0.237118038812981
76,11,1,1,0.240874391892676,0.239902590118406,0,0,76,0,0,4.71049410316129,0.240874391892676
77,11,1,1,0.244773402309977,0.245261783425815,0,0,77,0,0,4.69396223566043,0.244773402309977
78,11,1,1,0.248810711164004,0.251029132877238,0,0,78,0,0,4.6774342669726,0.248810711164004
79,11,1,1,0.252981959553871,0.254971107263863,0,0,79,0,0,4.66105624048813,0.252981959553871
80,11,1,1,0.257282172746937,0.260863633449374,0,0,80,0,0,4.64495862529947,0.257282172746937
81,11,1,1,0.261700326079359,0.260311748206373,0,0,81,0,0,4.62911888859639,0.261700326079359
82,11,1,1,0.266221961009405,0.263691393741941,0,0,82,0,0,4.61342765528355,0.266221961009405
83,11,1,1,0.270832579582113,0.269115412126044,0,0,83,0,0,4.59777455351053,0.270832579582113
84,11,1,1,0.275517683842517,0.280598828905048,0,0,84,0,0,4.58204921142691,0.275517683842517
85,11,1,1,0.280262775835656,0.28886250936123,0,0,85,0,0,4.56614125718228,0.280262775835656
86,11,1,1,0.285053357606563,0.292197191342973,0,0,86,0,0,4.54994031892621,0.285053357606563
87,11,1,1,0.289874931200277,0.294071229726984,0,0,87,0,0,4.53333602480829,0.289874931200277
88,11,1,1,0.294714322139572,0.296972146724734,0,0,88,0,0,4.51610056956648,0.294714322139572
89,11,1,1,0.299566523520499,0.297160269631235,0,0,89,0,0,4.49728143156048,0.299566523520499
90,11,1,1,0.304429641062682,0.300700951442481,0,0,90,0,0,4.4756499031634,0.304429641062682
91,11,1,1,0.309301786612956,0.303210577327178,0,0,91,0,0,4.44997673307514,0.309301786612956
92,11,1,1,0.314181072018156,0.317299298271515,0,0,92,0,0,4.41903266999561,0.314181072018156
93,11,1,1,0.319065609125117,0.329695874121128,0,0,93,0,0,4.38158846262472,0.319065609125117
94,11,1,1,0.323953509780674,0.332876226795835,0,0,94,0,0,4.33641485966235,0.323953509780674
95,11,1,1,0.328842885831664,0.31262274728956,0,0,95,0,0,4.28228260980842,0.328842885831664
40,12,1,1,0.164556033788663,0.172741944183464,0,0,40,0,0,5.11385333500732,0.164556033788663
41,12,1,1,0.166109775343494,0.168580115353519,0,0,41,0,0,5.10480348958106,0.166109775343494
42,12,1,1,0.167664338189428,0.16794303697417,0,0,42,0,0,5.09578665109896,0.167664338189428
43,12,1,1,0.169220378128054,0.172060553031171,0,0,43,0,0,5.08680990405124,0.169220378128054
44,12,1,1,0.170778550960959,0.191791440511282,0,0,44,0,0,5.07788033292812,0.170778550960959
45,12,1,1,0.17233951248973,0.188568381994535,0,0,45,0,0,5.06900502221983,0.17233951248973
46,12,1,1,0.173903918515954,0.192211318192893,0,0,46,0,0,5.06019105641658,0.173903918515954
47,12,1,1,0.175472424841219,0.202903131418003,0,0,47,0,0,5.05144552000862,0.175472424841219
48,12,1,1,0.177045688457441,0.200195390562728,0,0,48,0,0,5.04277548035849,0.177045688457441
49,12,1,1,0.178624971043666,0.200523463574028,0,0,49,0,0,5.03417930398439,0.178624971043666
50,12,1,1,0.180213120987498,0.195404344138941,0,0,50,0,0,5.02563252625174,0.180213120987498
51,12,1,1,0.181813243787601,0.184918405162918,0,0,51,0,0,5.01710698295432,0.181813243787601
52,12,1,1,0.18342844494264,0.187299059137026,0,0,52,0,0,5.00857450988594,0.18342844494264
53,12,1,1,0.185061829951281,0.195583116873529,0,0,53,0,0,5.00000694284039,0.185061829951281
54,12,1,1,0.186716504312189,0.195957040153664,0,0,54,0,0,4.99137611761144,0.186716504312189
55,12,1,1,0.18839557352403,0.188160077257838,0,0,55,0,0,4.98265386999291,0.18839557352403
56,12,1,1,0.1901021580266,0.19096918376812,0,0,56,0,0,4.97381210674824,0.1901021580266
57,12,1,1,0.191840680005886,0.194418202234851,0,0,57,0,0,4.96482891787281,0.191840680005886
58,12,1,1,0.193617855111743,0.19440816687992,0,0,58,0,0,4.95569328720529,0.193617855111743
59,12,1,1,0.195440632449226,0.196172234620827,0,0,59,0,0,4.94639530748536,0.195440632449226
60,12,1,1,0.197315961123389,0.195122019580545,0,0,60,0,0,4.93692507145269,0.197315961123389
61,12,1,1,0.199250790239287,0.198172193812577,0,0,61,0,0,4.92727267184697,0.199250790239287
62,12,1,1,0.201252068901975,0.20089763664494,0,0,62,0,0,4.91742820140785,0.201252068901975
63,12,1,1,0.203326746216506,0.203741158020858,0,0,63,0,0,4.90738175287501,0.203326746216506
64,12,1,1,0.205481810802706,0.204495350121633,0,0,64,0,0,4.8971225600941,0.205481810802706
65,12,1,1,0.207725556731302,0.205075422597661,0,0,65,0,0,4.8866114815964,0.207725556731302
66,12,1,1,0.210067851346257,0.208353729519627,0,0,66,0,0,4.87577517920597,0.210067851346257
67,12,1,1,0.21251865565617,0.209822375428167,0,0,67,0,0,4.86453827884984,0.21251865565617
68,12,1,1,0.215087930669642,0.213565681552778,0,0,68,0,0,4.85282540645506,0.215087930669642
69,12,1,1,0.217785637395273,0.214793979896036,0,0,69,0,0,4.84056118794868,0.217785637395273
70,12,1,1,0.220621736841662,0.218967314721845,0,0,70,0,0,4.82767024925773,0.220621736841662
71,12,1,1,0.223606190017411,0.223056789885023,0,0,71,0,0,4.81407721630926,0.223606190017411
72,12,1,1,0.226748512608376,0.226369456081114,0,0,72,0,0,4.79971360070459,0.226748512608376
73,12,1,1,0.230050740269948,0.227367587988865,0,0,73,0,0,4.78462657185506,0.230050740269948
74,12,1,1,0.233508701971778,0.229559809149161,0,0,74,0,0,4.76895926825718,0.233508701971778
75,12,1,1,0.237118038812981,0.233228873073951,0,0,75,0,0,4.7528577333013,0.237118038812981
76,12,1,1,0.240874391892676,0.239902590118406,0,0,76,0,0,4.73646801037776,0.240874391892676
77,12,1,1,0.244773402309977,0.245261783425815,0,0,77,0,0,4.7199361428769,0.244773402309977
78,12,1,1,0.248810711164004,0.251029132877238,0,0,78,0,0,4.70340817418906,0.248810711164004
79,12,1,1,0.252981959553871,0.254971107263863,0,0,79,0,0,4.6870301477046,0.252981959553871
80,12,1,1,0.257282172746937,0.260863633449374,0,0,80,0,0,4.67093253251593,0.257282172746937
81,12,1,1,0.261700326079359,0.260311748206373,0,0,81,0,0,4.65509279581286,0.261700326079359
82,12,1,1,0.266221961009405,0.263691393741941,0,0,82,0,0,4.63940156250002,0.266221961009405
83,12,1,1,0.270832579582113,0.269115412126044,0,0,83,0,0,4.623748460727,0.270832579582113
84,12,1,1,0.275517683842517,0.280598828905048,0,0,84,0,0,4.60802311864338,0.275517683842517
85,12,1,1,0.280262775835656,0.28886250936123,0,0,85,0,0,4.59211516439875,0.280262775835656
86,12,1,1,0.285053357606563,0.292197191342973,0,0,86,0,0,4.57591422614268,0.285053357606563
87,12,1,1,0.289874931200277,0.294071229726984,0,0,87,0,0,4.55930993202476,0.289874931200277
88,12,1,1,0.294714322139572,0.296972146724734,0,0,88,0,0,4.54207447678295,0.294714322139572
89,12,1,1,0.299566523520499,0.297160269631235,0,0,89,0,0,4.52325533877695,0.299566523520499
90,12,1,1,0.304429641062682,0.300700951442481,0,0,90,0,0,4.50162381037987,0.304429641062682
91,12,1,1,0.309301786612956,0.303210577327178,0,0,91,0,0,4.47595064029161,0.309301786612956
92,12,1,1,0.314181072018156,0.317299298271515,0,0,92,0,0,4.44500657721208,0.314181072018156
93,12,1,1,0.319065609125117,0.329695874121128,0,0,93,0,0,4.40756236984118,0.319065609125117
94,12,1,1,0.323953509780674,0.332876226795835,0,0,94,0,0,4.36238876687881,0.323953509780674
95,12,1,1,0.328842885831664,0.31262274728956,0,0,95,0,0,4.30825651702488,0.328842885831664
40,13,1,1,0.164556033788663,0.172741944183464,1,0,40,40,0,5.13982724222379,0.164556033788663
41,13,1,1,0.166109775343494,0.168580115353519,1,0,41,41,0,5.13077739679752,0.166109775343494
42,13,1,1,0.167664338189428,0.16794303697417,1,0,42,42,0,5.12176055831542,0.167664338189428
43,13,1,1,0.169220378128054,0.172060553031171,1,0,43,43,0,5.1127838112677,0.169220378128054
44,13,1,1,0.170778550960959,0.191791440511282,1,0,44,44,0,5.10385424014458,0.170778550960959
45,13,1,1,0.17233951248973,0.188568381994535,1,0,45,45,0,5.09497892943629,0.17233951248973
46,13,1,1,0.173903918515954,0.192211318192893,1,0,46,46,0,5.08616496363305,0.173903918515954
47,13,1,1,0.175472424841219,0.202903131418003,1,0,47,47,0,5.07741942722508,0.175472424841219
48,13,1,1,0.177045688457441,0.200195390562728,1,0,48,48,0,5.06874938757496,0.177045688457441
49,13,1,1,0.178624971043666,0.200523463574028,1,0,49,49,0,5.06015321120086,0.178624971043666
50,13,1,1,0.180213120987498,0.195404344138941,1,0,50,50,0,5.0516064334682,0.180213120987498
51,13,1,1,0.181813243787601,0.184918405162918,1,0,51,51,0,5.04308089017079,0.181813243787601
52,13,1,1,0.18342844494264,0.187299059137026,1,0,52,52,0,5.03454841710241,0.18342844494264
53,13,1,1,0.185061829951281,0.195583116873529,1,0,53,53,0,5.02598085005685,0.185061829951281
54,13,1,1,0.186716504312189,0.195957040153664,1,0,54,54,0,5.01735002482791,0.186716504312189
55,13,1,1,0.18839557352403,0.188160077257838,1,0,55,55,0,5.00862777720938,0.18839557352403
56,13,1,1,0.1901021580266,0.19096918376812,1,0,56,56,0,4.99978601396471,0.1901021580266
57,13,1,1,0.191840680005886,0.194418202234851,1,0,57,57,0,4.99080282508927,0.191840680005886
58,13,1,1,0.193617855111743,0.19440816687992,1,0,58,58,0,4.98166719442175,0.193617855111743
59,13,1,1,0.195440632449226,0.196172234620827,1,0,59,59,0,4.97236921470183,0.195440632449226
60,13,1,1,0.197315961123389,0.195122019580545,1,0,60,60,0,4.96289897866916,0.197315961123389
61,13,1,1,0.199250790239287,0.198172193812577,1,0,61,61,0,4.95324657906343,0.199250790239287
62,13,1,1,0.201252068901975,0.20089763664494,1,0,62,62,0,4.94340210862432,0.201252068901975
63,13,1,1,0.203326746216506,0.203741158020858,1,0,63,63,0,4.93335566009148,0.203326746216506
64,13,1,1,0.205481810802706,0.204495350121633,1,0,64,64,0,4.92309646731056,0.205481810802706
65,13,1,1,0.207725556731302,0.205075422597661,1,0,65,65,0,4.91258538881287,0.207725556731302
66,13,1,1,0.210067851346257,0.208353729519627,1,0,66,66,0,4.90174908642244,0.210067851346257
67,13,1,1,0.21251865565617,0.209822375428167,1,0,67,67,0,4.89051218606631,0.21251865565617
68,13,1,1,0.215087930669642,0.213565681552778,1,0,68,68,0,4.87879931367153,0.215087930669642
69,13,1,1,0.217785637395273,0.214793979896036,1,0,69,69,0,4.86653509516514,0.217785637395273
70,13,1,1,0.220621736841662,0.218967314721845,1,0,70,70,0,4.8536441564742,0.220621736841662
71,13,1,1,0.223606190017411,0.223056789885023,1,0,71,71,0,4.84005112352573,0.223606190017411
72,13,1,1,0.226748512608376,0.226369456081114,1,0,72,72,0,4.82568750792105,0.226748512608376
73,13,1,1,0.230050740269948,0.227367587988865,1,0,73,73,0,4.81060047907152,0.230050740269948
74,13,1,1,0.233508701971778,0.229559809149161,1,0,74,74,0,4.79493317547364,0.233508701971778
75,13,1,1,0.237118038812981,0.233228873073951,1,0,75,75,0,4.77883164051776,0.237118038812981
76,13,1,1,0.240874391892676,0.239902590118406,1,0,76,76,0,4.76244191759422,0.240874391892676
77,13,1,1,0.244773402309977,0.245261783425815,1,0,77,77,0,4.74591005009336,0.244773402309977
78,13,1,1,0.248810711164004,0.251029132877238,1,0,78,78,0,4.72938208140553,0.248810711164004
79,13,1,1,0.252981959553871,0.254971107263863,1,0,79,79,0,4.71300405492106,0.252981959553871
80,13,1,1,0.257282172746937,0.260863633449374,1,0,80,80,0,4.6969064397324,0.257282172746937
81,13,1,1,0.261700326079359,0.260311748206373,1,0,81,81,0,4.68106670302932,0.261700326079359
82,13,1,1,0.266221961009405,0.263691393741941,1,0,82,82,0,4.66537546971649,0.266221961009405
83,13,1,1,0.270832579582113,0.269115412126044,1,0,83,83,0,4.64972236794347,0.270832579582113
84,13,1,1,0.275517683842517,0.280598828905048,1,0,84,84,0,4.63399702585985,0.275517683842517
85,13,1,1,0.280262775835656,0.28886250936123,1,0,85,85,0,4.61808907161521,0.280262775835656
86,13,1,1,0.285053357606563,0.292197191342973,1,0,86,86,0,4.60188813335915,0.285053357606563
87,13,1,1,0.289874931200277,0.294071229726984,1,0,87,87,0,4.58528383924123,0.289874931200277
88,13,1,1,0.294714322139572,0.296972146724734,1,0,88,88,0,4.56804838399941,0.294714322139572
89,13,1,1,0.299566523520499,0.297160269631235,1,0,89,89,0,4.54922924599341,0.299566523520499
90,13,1,1,0.304429641062682,0.300700951442481,1,0,90,90,0,4.52759771759633,0.304429641062682
91,13,1,1,0.309301786612956,0.303210577327178,1,0,91,91,0,4.50192454750808,0.309301786612956
92,13,1,1,0.314181072018156,0.317299298271515,1,0,92,92,0,4.47098048442855,0.314181072018156
93,13,1,1,0.319065609125117,0.329695874121128,1,0,93,93,0,4.43353627705765,0.319065609125117
94,13,1,1,0.323953509780674,0.332876226795835,1,0,94,94,0,4.38836267409528,0.323953509780674
95,13,1,1,0.328842885831664,0.31262274728956,1,0,95,95,0,4.33423042424135,0.328842885831664
40,14,1,1,0.164556033788663,0.172741944183464,1,0,40,40,0,5.16580114944025,0.164556033788663
41,14,1,1,0.166109775343494,0.168580115353519,1,0,41,41,0,5.15675130401399,0.166109775343494
42,14,1,1,0.167664338189428,0.16794303697417,1,0,42,42,0,5.14773446553189,0.167664338189428
43,14,1,1,0.169220378128054,0.172060553031171,1,0,43,43,0,5.13875771848417,0.169220378128054
44,14,1,1,0.170778550960959,0.191791440511282,1,0,44,44,0,5.12982814736105,0.170778550960959
45,14,1,1,0.17233951248973,0.188568381994535,1,0,45,45,0,5.12095283665276,0.17233951248973
46,14,1,1,0.173903918515954,0.192211318192893,1,0,46,46,0,5.11213887084952,0.173903918515954
47,14,1,1,0.175472424841219,0.202903131418003,1,0,47,47,0,5.10339333444155,0.175472424841219
48,14,1,1,0.177045688457441,0.200195390562728,1,0,48,48,0,5.09472329479143,0.177045688457441
49,14,1,1,0.178624971043666,0.200523463574028,1,0,49,49,0,5.08612711841732,0.178624971043666
50,14,1,1,0.180213120987498,0.195404344138941,1,0,50,50,0,5.07758034068467,0.180213120987498
51,14,1,1,0.181813243787601,0.184918405162918,1,0,51,51,0,5.06905479738726,0.181813243787601
52,14,1,1,0.18342844494264,0.187299059137026,1,0,52,52,0,5.06052232431888,0.18342844494264
53,14,1,1,0.185061829951281,0.195583116873529,1,0,53,53,0,5.05195475727332,0.185061829951281
54,14,1,1,0.186716504312189,0.195957040153664,1,0,54,54,0,5.04332393204438,0.186716504312189
55,14,1,1,0.18839557352403,0.188160077257838,1,0,55,55,0,5.03460168442584,0.18839557352403
56,14,1,1,0.1901021580266,0.19096918376812,1,0,56,56,0,5.02575992118118,0.1901021580266
57,14,1,1,0.191840680005886,0.194418202234851,1,0,57,57,0,5.01677673230574,0.191840680005886
58,14,1,1,0.193617855111743,0.19440816687992,1,0,58,58,0,5.00764110163822,0.193617855111743
59,14,1,1,0.195440632449226,0.196172234620827,1,0,59,59,0,4.99834312191829,0.195440632449226
60,14,1,1,0.197315961123389,0.195122019580545,1,0,60,60,0,4.98887288588563,0.197315961123389
61,14,1,1,0.199250790239287,0.198172193812577,1,0,61,61,0,4.9792204862799,0.199250790239287
62,14,1,1,0.201252068901975,0.20089763664494,1,0,62,62,0,4.96937601584078,0.201252068901975
63,14,1,1,0.203326746216506,0.203741158020858,1,0,63,63,0,4.95932956730795,0.203326746216506
64,14,1,1,0.205481810802706,0.204495350121633,1,0,64,64,0,4.94907037452703,0.205481810802706
65,14,1,1,0.207725556731302,0.205075422597661,1,0,65,65,0,4.93855929602933,0.207725556731302
66,14,1,1,0.210067851346257,0.208353729519627,1,0,66,66,0,4.9277229936389,0.210067851346257
67,14,1,1,0.21251865565617,0.209822375428167,1,0,67,67,0,4.91648609328277,0.21251865565617
68,14,1,1,0.215087930669642,0.213565681552778,1,0,68,68,0,4.904773220888,0.215087930669642
69,14,1,1,0.217785637395273,0.214793979896036,1,0,69,69,0,4.89250900238161,0.217785637395273
70,14,1,1,0.220621736841662,0.218967314721845,1,0,70,70,0,4.87961806369066,0.220621736841662
71,14,1,1,0.223606190017411,0.223056789885023,1,0,71,71,0,4.86602503074219,0.223606190017411
72,14,1,1,0.226748512608376,0.226369456081114,1,0,72,72,0,4.85166141513752,0.226748512608376
73,14,1,1,0.230050740269948,0.227367587988865,1,0,73,73,0,4.83657438628799,0.230050740269948
74,14,1,1,0.233508701971778,0.229559809149161,1,0,74,74,0,4.82090708269011,0.233508701971778
75,14,1,1,0.237118038812981,0.233228873073951,1,0,75,75,0,4.80480554773423,0.237118038812981
76,14,1,1,0.240874391892676,0.239902590118406,1,0,76,76,0,4.78841582481069,0.240874391892676
77,14,1,1,0.244773402309977,0.245261783425815,1,0,77,77,0,4.77188395730983,0.244773402309977
78,14,1,1,0.248810711164004,0.251029132877238,1,0,78,78,0,4.755355988622,0.248810711164004
79,14,1,1,0.252981959553871,0.254971107263863,1,0,79,79,0,4.73897796213753,0.252981959553871
80,14,1,1,0.257282172746937,0.260863633449374,1,0,80,80,0,4.72288034694887,0.257282172746937
81,14,1,1,0.261700326079359,0.260311748206373,1,0,81,81,0,4.70704061024579,0.261700326079359
82,14,1,1,0.266221961009405,0.263691393741941,1,0,82,82,0,4.69134937693295,0.266221961009405
83,14,1,1,0.270832579582113,0.269115412126044,1,0,83,83,0,4.67569627515993,0.270832579582113
84,14,1,1,0.275517683842517,0.280598828905048,1,0,84,84,0,4.65997093307631,0.275517683842517
85,14,1,1,0.280262775835656,0.28886250936123,1,0,85,85,0,4.64406297883168,0.280262775835656
86,14,1,1,0.285053357606563,0.292197191342973,1,0,86,86,0,4.62786204057561,0.285053357606563
87,14,1,1,0.289874931200277,0.294071229726984,1,0,87,87,0,4.61125774645769,0.289874931200277
88,14,1,1,0.294714322139572,0.296972146724734,1,0,88,88,0,4.59402229121588,0.294714322139572
89,14,1,1,0.299566523520499,0.297160269631235,1,0,89,89,0,4.57520315320988,0.299566523520499
90,14,1,1,0.304429641062682,0.300700951442481,1,0,90,90,0,4.5535716248128,0.304429641062682
91,14,1,1,0.309301786612956,0.303210577327178,1,0,91,91,0,4.52789845472454,0.309301786612956
92,14,1,1,0.314181072018156,0.317299298271515,1,0,92,92,0,4.49695439164501,0.314181072018156
93,14,1,1,0.319065609125117,0.329695874121128,1,0,93,93,0,4.45951018427411,0.319065609125117
94,14,1,1,0.323953509780674,0.332876226795835,1,0,94,94,0,4.41433658131175,0.323953509780674
95,14,1,1,0.328842885831664,0.31262274728956,1,0,95,95,0,4.36020433145782,0.328842885831664
40,15,1,1,0.164556033788663,0.172741944183464,1,0,40,40,0,5.19177505665672,0.164556033788663
41,15,1,1,0.166109775343494,0.168580115353519,1,0,41,41,0,5.18272521123046,0.166109775343494
42,15,1,1,0.167664338189428,0.16794303697417,1,0,42,42,0,5.17370837274836,0.167664338189428
43,15,1,1,0.169220378128054,0.172060553031171,1,0,43,43,0,5.16473162570064,0.169220378128054
44,15,1,1,0.170778550960959,0.191791440511282,1,0,44,44,0,5.15580205457752,0.170778550960959
45,15,1,1,0.17233951248973,0.188568381994535,1,0,45,45,0,5.14692674386923,0.17233951248973
46,15,1,1,0.173903918515954,0.192211318192893,1,0,46,46,0,5.13811277806598,0.173903918515954
47,15,1,1,0.175472424841219,0.202903131418003,1,0,47,47,0,5.12936724165802,0.175472424841219
48,15,1,1,0.177045688457441,0.200195390562728,1,0,48,48,0,5.12069720200789,0.177045688457441
49,15,1,1,0.178624971043666,0.200523463574028,1,0,49,49,0,5.11210102563379,0.178624971043666
50,15,1,1,0.180213120987498,0.195404344138941,1,0,50,50,0,5.10355424790114,0.180213120987498
51,15,1,1,0.181813243787601,0.184918405162918,1,0,51,51,0,5.09502870460372,0.181813243787601
52,15,1,1,0.18342844494264,0.187299059137026,1,0,52,52,0,5.08649623153534,0.18342844494264
53,15,1,1,0.185061829951281,0.195583116873529,1,0,53,53,0,5.07792866448979,0.185061829951281
54,15,1,1,0.186716504312189,0.195957040153664,1,0,54,54,0,5.06929783926084,0.186716504312189
55,15,1,1,0.18839557352403,0.188160077257838,1,0,55,55,0,5.06057559164231,0.18839557352403
56,15,1,1,0.1901021580266,0.19096918376812,1,0,56,56,0,5.05173382839764,0.1901021580266
57,15,1,1,0.191840680005886,0.194418202234851,1,0,57,57,0,5.04275063952221,0.191840680005886
58,15,1,1,0.193617855111743,0.19440816687992,1,0,58,58,0,5.03361500885469,0.193617855111743
59,15,1,1,0.195440632449226,0.196172234620827,1,0,59,59,0,5.02431702913476,0.195440632449226
60,15,1,1,0.197315961123389,0.195122019580545,1,0,60,60,0,5.01484679310209,0.197315961123389
61,15,1,1,0.199250790239287,0.198172193812577,1,0,61,61,0,5.00519439349637,0.199250790239287
62,15,1,1,0.201252068901975,0.20089763664494,1,0,62,62,0,4.99534992305725,0.201252068901975
63,15,1,1,0.203326746216506,0.203741158020858,1,0,63,63,0,4.98530347452441,0.203326746216506
64,15,1,1,0.205481810802706,0.204495350121633,1,0,64,64,0,4.9750442817435,0.205481810802706
65,15,1,1,0.207725556731302,0.205075422597661,1,0,65,65,0,4.9645332032458,0.207725556731302
66,15,1,1,0.210067851346257,0.208353729519627,1,0,66,66,0,4.95369690085537,0.210067851346257
67,15,1,1,0.21251865565617,0.209822375428167,1,0,67,67,0,4.94246000049924,0.21251865565617
68,15,1,1,0.215087930669642,0.213565681552778,1,0,68,68,0,4.93074712810446,0.215087930669642
69,15,1,1,0.217785637395273,0.214793979896036,1,0,69,69,0,4.91848290959808,0.217785637395273
70,15,1,1,0.220621736841662,0.218967314721845,1,0,70,70,0,4.90559197090713,0.220621736841662
71,15,1,1,0.223606190017411,0.223056789885023,1,0,71,71,0,4.89199893795866,0.223606190017411
72,15,1,1,0.226748512608376,0.226369456081114,1,0,72,72,0,4.87763532235399,0.226748512608376
73,15,1,1,0.230050740269948,0.227367587988865,1,0,73,73,0,4.86254829350446,0.230050740269948
74,15,1,1,0.233508701971778,0.229559809149161,1,0,74,74,0,4.84688098990658,0.233508701971778
75,15,1,1,0.237118038812981,0.233228873073951,1,0,75,75,0,4.8307794549507,0.237118038812981
76,15,1,1,0.240874391892676,0.239902590118406,1,0,76,76,0,4.81438973202716,0.240874391892676
77,15,1,1,0.244773402309977,0.245261783425815,1,0,77,77,0,4.7978578645263,0.244773402309977
78,15,1,1,0.248810711164004,0.251029132877238,1,0,78,78,0,4.78132989583846,0.248810711164004
79,15,1,1,0.252981959553871,0.254971107263863,1,0,79,79,0,4.764951869354,0.252981959553871
80,15,1,1,0.257282172746937,0.260863633449374,1,0,80,80,0,4.74885425416533,0.257282172746937
81,15,1,1,0.261700326079359,0.260311748206373,1,0,81,81,0,4.73301451746226,0.261700326079359
82,15,1,1,0.266221961009405,0.263691393741941,1,0,82,82,0,4.71732328414942,0.266221961009405
83,15,1,1,0.270832579582113,0.269115412126044,1,0,83,83,0,4.7016701823764,0.270832579582113
84,15,1,1,0.275517683842517,0.280598828905048,1,0,84,84,0,4.68594484029278,0.275517683842517
85,15,1,1,0.280262775835656,0.28886250936123,1,0,85,85,0,4.67003688604815,0.280262775835656
86,15,1,1,0.285053357606563,0.292197191342973,1,0,86,86,0,4.65383594779208,0.285053357606563
87,15,1,1,0.289874931200277,0.294071229726984,1,0,87,87,0,4.63723165367416,0.289874931200277
88,15,1,1,0.294714322139572,0.296972146724734,1,0,88,88,0,4.61999619843234,0.294714322139572
89,15,1,1,0.299566523520499,0.297160269631235,1,0,89,89,0,4.60117706042635,0.299566523520499
90,15,1,1,0.304429641062682,0.300700951442481,1,0,90,90,0,4.57954553202927,0.304429641062682
91,15,1,1,0.309301786612956,0.303210577327178,1,0,91,91,0,4.55387236194101,0.309301786612956
92,15,1,1,0.314181072018156,0.317299298271515,1,0,92,92,0,4.52292829886148,0.314181072018156
93,15,1,1,0.319065609125117,0.329695874121128,1,0,93,93,0,4.48548409149058,0.319065609125117
94,15,1,1,0.323953509780674,0.332876226795835,1,0,94,94,0,4.44031048852821,0.323953509780674
95,15,1,1,0.328842885831664,0.31262274728956,1,0,95,95,0,4.38617823867428,0.328842885831664
40,16,1,1,0.164556033788663,0.172741944183464,1,0,40,40,0,5.21774896387319,0.164556033788663
41,16,1,1,0.166109775343494,0.168580115353519,1,0,41,41,0,5.20869911844692,0.166109775343494
42,16,1,1,0.167664338189428,0.16794303697417,1,0,42,42,0,5.19968227996482,0.167664338189428
43,16,1,1,0.169220378128054,0.172060553031171,1,0,43,43,0,5.1907055329171,0.169220378128054
44,16,1,1,0.170778550960959,0.191791440511282,1,0,44,44,0,5.18177596179398,0.170778550960959
45,16,1,1,0.17233951248973,0.188568381994535,1,0,45,45,0,5.17290065108569,0.17233951248973
46,16,1,1,0.173903918515954,0.192211318192893,1,0,46,46,0,5.16408668528245,0.173903918515954
47,16,1,1,0.175472424841219,0.202903131418003,1,0,47,47,0,5.15534114887448,0.175472424841219
48,16,1,1,0.177045688457441,0.200195390562728,1,0,48,48,0,5.14667110922436,0.177045688457441
49,16,1,1,0.178624971043666,0.200523463574028,1,0,49,49,0,5.13807493285026,0.178624971043666
50,16,1,1,0.180213120987498,0.195404344138941,1,0,50,50,0,5.1295281551176,0.180213120987498
51,16,1,1,0.181813243787601,0.184918405162918,1,0,51,51,0,5.12100261182019,0.181813243787601
52,16,1,1,0.18342844494264,0.187299059137026,1,0,52,52,0,5.11247013875181,0.18342844494264
53,16,1,1,0.185061829951281,0.195583116873529,1,0,53,53,0,5.10390257170625,0.185061829951281
54,16,1,1,0.186716504312189,0.195957040153664,1,0,54,54,0,5.09527174647731,0.186716504312189
55,16,1,1,0.18839557352403,0.188160077257838,1,0,55,55,0,5.08654949885878,0.18839557352403
56,16,1,1,0.1901021580266,0.19096918376812,1,0,56,56,0,5.07770773561411,0.1901021580266
57,16,1,1,0.191840680005886,0.194418202234851,1,0,57,57,0,5.06872454673867,0.191840680005886
58,16,1,1,0.193617855111743,0.19440816687992,1,0,58,58,0,5.05958891607115,0.193617855111743
59,16,1,1,0.195440632449226,0.196172234620827,1,0,59,59,0,5.05029093635123,0.195440632449226
60,16,1,1,0.197315961123389,0.195122019580545,1,0,60,60,0,5.04082070031856,0.197315961123389
61,16,1,1,0.199250790239287,0.198172193812577,1,0,61,61,0,5.03116830071283,0.199250790239287
62,16,1,1,0.201252068901975,0.20089763664494,1,0,62,62,0,5.02132383027372,0.201252068901975
63,16,1,1,0.203326746216506,0.203741158020858,1,0,63,63,0,5.01127738174088,0.203326746216506
64,16,1,1,0.205481810802706,0.204495350121633,1,0,64,64,0,5.00101818895996,0.205481810802706
65,16,1,1,0.207725556731302,0.205075422597661,1,0,65,65,0,4.99050711046227,0.207725556731302
66,16,1,1,0.210067851346257,0.208353729519627,1,0,66,66,0,4.97967080807183,0.210067851346257
67,16,1,1,0.21251865565617,0.209822375428167,1,0,67,67,0,4.96843390771571,0.21251865565617
68,16,1,1,0.215087930669642,0.213565681552778,1,0,68,68,0,4.95672103532093,0.215087930669642
69,16,1,1,0.217785637395273,0.214793979896036,1,0,69,69,0,4.94445681681454,0.217785637395273
70,16,1,1,0.220621736841662,0.218967314721845,1,0,70,70,0,4.9315658781236,0.220621736841662
71,16,1,1,0.223606190017411,0.223056789885023,1,0,71,71,0,4.91797284517513,0.223606190017411
72,16,1,1,0.226748512608376,0.226369456081114,1,0,72,72,0,4.90360922957045,0.226748512608376
73,16,1,1,0.230050740269948,0.227367587988865,1,0,73,73,0,4.88852220072092,0.230050740269948
74,16,1,1,0.233508701971778,0.229559809149161,1,0,74,74,0,4.87285489712304,0.233508701971778
75,16,1,1,0.237118038812981,0.233228873073951,1,0,75,75,0,4.85675336216716,0.237118038812981
76,16,1,1,0.240874391892676,0.239902590118406,1,0,76,76,0,4.84036363924362,0.240874391892676
77,16,1,1,0.244773402309977,0.245261783425815,1,0,77,77,0,4.82383177174276,0.244773402309977
78,16,1,1,0.248810711164004,0.251029132877238,1,0,78,78,0,4.80730380305493,0.248810711164004
79,16,1,1,0.252981959553871,0.254971107263863,1,0,79,79,0,4.79092577657046,0.252981959553871
80,16,1,1,0.257282172746937,0.260863633449374,1,0,80,80,0,4.7748281613818,0.257282172746937
81,16,1,1,0.261700326079359,0.260311748206373,1,0,81,81,0,4.75898842467872,0.261700326079359
82,16,1,1,0.266221961009405,0.263691393741941,1,0,82,82,0,4.74329719136589,0.266221961009405
83,16,1,1,0.270832579582113,0.269115412126044,1,0,83,83,0,4.72764408959287,0.270832579582113
84,16,1,1,0.275517683842517,0.280598828905048,1,0,84,84,0,4.71191874750925,0.275517683842517
85,16,1,1,0.280262775835656,0.28886250936123,1,0,85,85,0,4.69601079326461,0.280262775835656
86,16,1,1,0.285053357606563,0.292197191342973,1,0,86,86,0,4.67980985500855,0.285053357606563
87,16,1,1,0.289874931200277,0.294071229726984,1,0,87,87,0,4.66320556089063,0.289874931200277
88,16,1,1,0.294714322139572,0.296972146724734,1,0,88,88,0,4.64597010564881,0.294714322139572
89,16,1,1,0.299566523520499,0.297160269631235,1,0,89,89,0,4.62715096764281,0.299566523520499
90,16,1,1,0.304429641062682,0.300700951442481,1,0,90,90,0,4.60551943924573,0.304429641062682
91,16,1,1,0.309301786612956,0.303210577327178,1,0,91,91,0,4.57984626915748,0.309301786612956
92,16,1,1,0.314181072018156,0.317299298271515,1,0,92,92,0,4.54890220607795,0.314181072018156
93,16,1,1,0.319065609125117,0.329695874121128,1,0,93,93,0,4.51145799870705,0.319065609125117
94,16,1,1,0.323953509780674,0.332876226795835,1,0,94,94,0,4.46628439574468,0.323953509780674
95,16,1,1,0.328842885831664,0.31262274728956,1,0,95,95,0,4.41215214589075,0.328842885831664
40,17,1,1,0.164556033788663,0.172741944183464,0,1,40,0,40,5.24372287108965,0.164556033788663
41,17,1,1,0.166109775343494,0.168580115353519,0,1,41,0,41,5.23467302566339,0.166109775343494
42,17,1,1,0.167664338189428,0.16794303697417,0,1,42,0,42,5.22565618718129,0.167664338189428
43,17,1,1,0.169220378128054,0.172060553031171,0,1,43,0,43,5.21667944013357,0.169220378128054
44,17,1,1,0.170778550960959,0.191791440511282,0,1,44,0,44,5.20774986901045,0.170778550960959
45,17,1,1,0.17233951248973,0.188568381994535,0,1,45,0,45,5.19887455830216,0.17233951248973
46,17,1,1,0.173903918515954,0.192211318192893,0,1,46,0,46,5.19006059249892,0.173903918515954
47,17,1,1,0.175472424841219,0.202903131418003,0,1,47,0,47,5.18131505609095,0.175472424841219
48,17,1,1,0.177045688457441,0.200195390562728,0,1,48,0,48,5.17264501644083,0.177045688457441
49,17,1,1,0.178624971043666,0.200523463574028,0,1,49,0,49,5.16404884006672,0.178624971043666
50,17,1,1,0.180213120987498,0.195404344138941,0,1,50,0,50,5.15550206233407,0.180213120987498
51,17,1,1,0.181813243787601,0.184918405162918,0,1,51,0,51,5.14697651903666,0.181813243787601
52,17,1,1,0.18342844494264,0.187299059137026,0,1,52,0,52,5.13844404596828,0.18342844494264
53,17,1,1,0.185061829951281,0.195583116873529,0,1,53,0,53,5.12987647892272,0.185061829951281
54,17,1,1,0.186716504312189,0.195957040153664,0,1,54,0,54,5.12124565369378,0.186716504312189
55,17,1,1,0.18839557352403,0.188160077257838,0,1,55,0,55,5.11252340607524,0.18839557352403
56,17,1,1,0.1901021580266,0.19096918376812,0,1,56,0,56,5.10368164283058,0.1901021580266
57,17,1,1,0.191840680005886,0.194418202234851,0,1,57,0,57,5.09469845395514,0.191840680005886
58,17,1,1,0.193617855111743,0.19440816687992,0,1,58,0,58,5.08556282328762,0.193617855111743
59,17,1,1,0.195440632449226,0.196172234620827,0,1,59,0,59,5.07626484356769,0.195440632449226
60,17,1,1,0.197315961123389,0.195122019580545,0,1,60,0,60,5.06679460753503,0.197315961123389
61,17,1,1,0.199250790239287,0.198172193812577,0,1,61,0,61,5.0571422079293,0.199250790239287
62,17,1,1,0.201252068901975,0.20089763664494,0,1,62,0,62,5.04729773749018,0.201252068901975
63,17,1,1,0.203326746216506,0.203741158020858,0,1,63,0,63,5.03725128895735,0.203326746216506
64,17,1,1,0.205481810802706,0.204495350121633,0,1,64,0,64,5.02699209617643,0.205481810802706
65,17,1,1,0.207725556731302,0.205075422597661,0,1,65,0,65,5.01648101767873,0.207725556731302
66,17,1,1,0.210067851346257,0.208353729519627,0,1,66,0,66,5.0056447152883,0.210067851346257
67,17,1,1,0.21251865565617,0.209822375428167,0,1,67,0,67,4.99440781493217,0.21251865565617
68,17,1,1,0.215087930669642,0.213565681552778,0,1,68,0,68,4.9826949425374,0.215087930669642
69,17,1,1,0.217785637395273,0.214793979896036,0,1,69,0,69,4.97043072403101,0.217785637395273
70,17,1,1,0.220621736841662,0.218967314721845,0,1,70,0,70,4.95753978534006,0.220621736841662
71,17,1,1,0.223606190017411,0.223056789885023,0,1,71,0,71,4.94394675239159,0.223606190017411
72,17,1,1,0.226748512608376,0.226369456081114,0,1,72,0,72,4.92958313678692,0.226748512608376
73,17,1,1,0.230050740269948,0.227367587988865,0,1,73,0,73,4.91449610793739,0.230050740269948
74,17,1,1,0.233508701971778,0.229559809149161,0,1,74,0,74,4.89882880433951,0.233508701971778
75,17,1,1,0.237118038812981,0.233228873073951,0,1,75,0,75,4.88272726938363,0.237118038812981
76,17,1,1,0.240874391892676,0.239902590118406,0,1,76,0,76,4.86633754646009,0.240874391892676
77,17,1,1,0.244773402309977,0.245261783425815,0,1,77,0,77,4.84980567895923,0.244773402309977
78,17,1,1,0.248810711164004,0.251029132877238,0,1,78,0,78,4.83327771027139,0.248810711164004
79,17,1,1,0.252981959553871,0.254971107263863,0,1,79,0,79,4.81689968378693,0.252981959553871
80,17,1,1,0.257282172746937,0.260863633449374,0,1,80,0,80,4.80080206859827,0.257282172746937
81,17,1,1,0.261700326079359,0.260311748206373,0,1,81,0,81,4.78496233189519,0.261700326079359
82,17,1,1,0.266221961009405,0.263691393741941,0,1,82,0,82,4.76927109858235,0.266221961009405
83,17,1,1,0.270832579582113,0.269115412126044,0,1,83,0,83,4.75361799680933,0.270832579582113
84,17,1,1,0.275517683842517,0.280598828905048,0,1,84,0,84,4.73789265472571,0.275517683842517
85,17,1,1,0.280262775835656,0.28886250936123,0,1,85,0,85,4.72198470048108,0.280262775835656
86,17,1,1,0.285053357606563,0.292197191342973,0,1,86,0,86,4.70578376222501,0.285053357606563
87,17,1,1,0.289874931200277,0.294071229726984,0,1,87,0,87,4.68917946810709,0.289874931200277
88,17,1,1,0.294714322139572,0.296972146724734,0,1,88,0,88,4.67194401286528,0.294714322139572
89,17,1,1,0.299566523520499,0.297160269631235,0,1,89,0,89,4.65312487485928,0.299566523520499
90,17,1,1,0.304429641062682,0.300700951442481,0,1,90,0,90,4.6314933464622,0.304429641062682
91,17,1,1,0.309301786612956,0.303210577327178,0,1,91,0,91,4.60582017637394,0.309301786612956
92,17,1,1,0.314181072018156,0.317299298271515,0,1,92,0,92,4.57487611329441,0.314181072018156
93,17,1,1,0.319065609125117,0.329695874121128,0,1,93,0,93,4.53743190592351,0.319065609125117
94,17,1,1,0.323953509780674,0.332876226795835,0,1,94,0,94,4.49225830296115,0.323953509780674
95,17,1,1,0.328842885831664,0.31262274728956,0,1,95,0,95,4.43812605310722,0.328842885831664
40,18,1,1,0.164556033788663,0.172741944183464,0,1,40,0,40,5.26969677830612,0.164556033788663
41,18,1,1,0.166109775343494,0.168580115353519,0,1,41,0,41,5.26064693287986,0.166109775343494
42,18,1,1,0.167664338189428,0.16794303697417,0,1,42,0,42,5.25163009439776,0.167664338189428
43,18,1,1,0.169220378128054,0.172060553031171,0,1,43,0,43,5.24265334735004,0.169220378128054
44,18,1,1,0.170778550960959,0.191791440511282,0,1,44,0,44,5.23372377622692,0.170778550960959
45,18,1,1,0.17233951248973,0.188568381994535,0,1,45,0,45,5.22484846551863,0.17233951248973
46,18,1,1,0.173903918515954,0.192211318192893,0,1,46,0,46,5.21603449971538,0.173903918515954
47,18,1,1,0.175472424841219,0.202903131418003,0,1,47,0,47,5.20728896330742,0.175472424841219
48,18,1,1,0.177045688457441,0.200195390562728,0,1,48,0,48,5.19861892365729,0.177045688457441
49,18,1,1,0.178624971043666,0.200523463574028,0,1,49,0,49,5.19002274728319,0.178624971043666
50,18,1,1,0.180213120987498,0.195404344138941,0,1,50,0,50,5.18147596955054,0.180213120987498
51,18,1,1,0.181813243787601,0.184918405162918,0,1,51,0,51,5.17295042625312,0.181813243787601
52,18,1,1,0.18342844494264,0.187299059137026,0,1,52,0,52,5.16441795318474,0.18342844494264
53,18,1,1,0.185061829951281,0.195583116873529,0,1,53,0,53,5.15585038613919,0.185061829951281
54,18,1,1,0.186716504312189,0.195957040153664,0,1,54,0,54,5.14721956091024,0.186716504312189
55,18,1,1,0.18839557352403,0.188160077257838,0,1,55,0,55,5.13849731329171,0.18839557352403
56,18,1,1,0.1901021580266,0.19096918376812,0,1,56,0,56,5.12965555004704,0.1901021580266
57,18,1,1,0.191840680005886,0.194418202234851,0,1,57,0,57,5.12067236117161,0.191840680005886
58,18,1,1,0.193617855111743,0.19440816687992,0,1,58,0,58,5.11153673050409,0.193617855111743
59,18,1,1,0.195440632449226,0.196172234620827,0,1,59,0,59,5.10223875078416,0.195440632449226
60,18,1,1,0.197315961123389,0.195122019580545,0,1,60,0,60,5.09276851475149,0.197315961123389
61,18,1,1,0.199250790239287,0.198172193812577,0,1,61,0,61,5.08311611514577,0.199250790239287
62,18,1,1,0.201252068901975,0.20089763664494,0,1,62,0,62,5.07327164470665,0.201252068901975
63,18,1,1,0.203326746216506,0.203741158020858,0,1,63,0,63,5.06322519617381,0.203326746216506
64,18,1,1,0.205481810802706,0.204495350121633,0,1,64,0,64,5.0529660033929,0.205481810802706
65,18,1,1,0.207725556731302,0.205075422597661,0,1,65,0,65,5.0424549248952,0.207725556731302
66,18,1,1,0.210067851346257,0.208353729519627,0,1,66,0,66,5.03161862250477,0.210067851346257
67,18,1,1,0.21251865565617,0.209822375428167,0,1,67,0,67,5.02038172214864,0.21251865565617
68,18,1,1,0.215087930669642,0.213565681552778,0,1,68,0,68,5.00866884975386,0.215087930669642
69,18,1,1,0.217785637395273,0.214793979896036,0,1,69,0,69,4.99640463124748,0.217785637395273
70,18,1,1,0.220621736841662,0.218967314721845,0,1,70,0,70,4.98351369255653,0.220621736841662
71,18,1,1,0.223606190017411,0.223056789885023,0,1,71,0,71,4.96992065960806,0.223606190017411
72,18,1,1,0.226748512608376,0.226369456081114,0,1,72,0,72,4.95555704400339,0.226748512608376
73,18,1,1,0.230050740269948,0.227367587988865,0,1,73,0,73,4.94047001515386,0.230050740269948
74,18,1,1,0.233508701971778,0.229559809149161,0,1,74,0,74,4.92480271155598,0.233508701971778
75,18,1,1,0.237118038812981,0.233228873073951,0,1,75,0,75,4.9087011766001,0.237118038812981
76,18,1,1,0.240874391892676,0.239902590118406,0,1,76,0,76,4.89231145367656,0.240874391892676
77,18,1,1,0.244773402309977,0.245261783425815,0,1,77,0,77,4.8757795861757,0.244773402309977
78,18,1,1,0.248810711164004,0.251029132877238,0,1,78,0,78,4.85925161748786,0.248810711164004
79,18,1,1,0.252981959553871,0.254971107263863,0,1,79,0,79,4.8428735910034,0.252981959553871
80,18,1,1,0.257282172746937,0.260863633449374,0,1,80,0,80,4.82677597581473,0.257282172746937
81,18,1,1,0.261700326079359,0.260311748206373,0,1,81,0,81,4.81093623911166,0.261700326079359
82,18,1,1,0.266221961009405,0.263691393741941,0,1,82,0,82,4.79524500579882,0.266221961009405
83,18,1,1,0.270832579582113,0.269115412126044,0,1,83,0,83,4.7795919040258,0.270832579582113
84,18,1,1,0.275517683842517,0.280598828905048,0,1,84,0,84,4.76386656194218,0.275517683842517
85,18,1,1,0.280262775835656,0.28886250936123,0,1,85,0,85,4.74795860769755,0.280262775835656
86,18,1,1,0.285053357606563,0.292197191342973,0,1,86,0,86,4.73175766944148,0.285053357606563
87,18,1,1,0.289874931200277,0.294071229726984,0,1,87,0,87,4.71515337532356,0.289874931200277
88,18,1,1,0.294714322139572,0.296972146724734,0,1,88,0,88,4.69791792008174,0.294714322139572
89,18,1,1,0.299566523520499,0.297160269631235,0,1,89,0,89,4.67909878207575,0.299566523520499
90,18,1,1,0.304429641062682,0.300700951442481,0,1,90,0,90,4.65746725367867,0.304429641062682
91,18,1,1,0.309301786612956,0.303210577327178,0,1,91,0,91,4.63179408359041,0.309301786612956
92,18,1,1,0.314181072018156,0.317299298271515,0,1,92,0,92,4.60085002051088,0.314181072018156
93,18,1,1,0.319065609125117,0.329695874121128,0,1,93,0,93,4.56340581313998,0.319065609125117
94,18,1,1,0.323953509780674,0.332876226795835,0,1,94,0,94,4.51823221017761,0.323953509780674
95,18,1,1,0.328842885831664,0.31262274728956,0,1,95,0,95,4.46409996032368,0.328842885831664
40,19,1,1,0.164556033788663,0.172741944183464,0,1,40,0,40,5.29567068552259,0.164556033788663
41,19,1,1,0.166109775343494,0.168580115353519,0,1,41,0,41,5.28662084009632,0.166109775343494
42,19,1,1,0.167664338189428,0.16794303697417,0,1,42,0,42,5.27760400161422,0.167664338189428
43,19,1,1,0.169220378128054,0.172060553031171,0,1,43,0,43,5.2686272545665,0.169220378128054
44,19,1,1,0.170778550960959,0.191791440511282,0,1,44,0,44,5.25969768344338,0.170778550960959
45,19,1,1,0.17233951248973,0.188568381994535,0,1,45,0,45,5.25082237273509,0.17233951248973
46,19,1,1,0.173903918515954,0.192211318192893,0,1,46,0,46,5.24200840693185,0.173903918515954
47,19,1,1,0.175472424841219,0.202903131418003,0,1,47,0,47,5.23326287052388,0.175472424841219
48,19,1,1,0.177045688457441,0.200195390562728,0,1,48,0,48,5.22459283087376,0.177045688457441
49,19,1,1,0.178624971043666,0.200523463574028,0,1,49,0,49,5.21599665449966,0.178624971043666
50,19,1,1,0.180213120987498,0.195404344138941,0,1,50,0,50,5.207449876767,0.180213120987498
51,19,1,1,0.181813243787601,0.184918405162918,0,1,51,0,51,5.19892433346959,0.181813243787601
52,19,1,1,0.18342844494264,0.187299059137026,0,1,52,0,52,5.19039186040121,0.18342844494264
53,19,1,1,0.185061829951281,0.195583116873529,0,1,53,0,53,5.18182429335565,0.185061829951281
54,19,1,1,0.186716504312189,0.195957040153664,0,1,54,0,54,5.17319346812671,0.186716504312189
55,19,1,1,0.18839557352403,0.188160077257838,0,1,55,0,55,5.16447122050818,0.18839557352403
56,19,1,1,0.1901021580266,0.19096918376812,0,1,56,0,56,5.15562945726351,0.1901021580266
57,19,1,1,0.191840680005886,0.194418202234851,0,1,57,0,57,5.14664626838807,0.191840680005886
58,19,1,1,0.193617855111743,0.19440816687992,0,1,58,0,58,5.13751063772055,0.193617855111743
59,19,1,1,0.195440632449226,0.196172234620827,0,1,59,0,59,5.12821265800063,0.195440632449226
60,19,1,1,0.197315961123389,0.195122019580545,0,1,60,0,60,5.11874242196796,0.197315961123389
61,19,1,1,0.199250790239287,0.198172193812577,0,1,61,0,61,5.10909002236223,0.199250790239287
62,19,1,1,0.201252068901975,0.20089763664494,0,1,62,0,62,5.09924555192312,0.201252068901975
63,19,1,1,0.203326746216506,0.203741158020858,0,1,63,0,63,5.08919910339028,0.203326746216506
64,19,1,1,0.205481810802706,0.204495350121633,0,1,64,0,64,5.07893991060936,0.205481810802706
65,19,1,1,0.207725556731302,0.205075422597661,0,1,65,0,65,5.06842883211167,0.207725556731302
66,19,1,1,0.210067851346257,0.208353729519627,0,1,66,0,66,5.05759252972123,0.210067851346257
67,19,1,1,0.21251865565617,0.209822375428167,0,1,67,0,67,5.04635562936511,0.21251865565617
68,19,1,1,0.215087930669642,0.213565681552778,0,1,68,0,68,5.03464275697033,0.215087930669642
69,19,1,1,0.217785637395273,0.214793979896036,0,1,69,0,69,5.02237853846394,0.217785637395273
70,19,1,1,0.220621736841662,0.218967314721845,0,1,70,0,70,5.009487599773,0.220621736841662
71,19,1,1,0.223606190017411,0.223056789885023,0,1,71,0,71,4.99589456682453,0.223606190017411
72,19,1,1,0.226748512608376,0.226369456081114,0,1,72,0,72,4.98153095121985,0.226748512608376
73,19,1,1,0.230050740269948,0.227367587988865,0,1,73,0,73,4.96644392237032,0.230050740269948
74,19,1,1,0.233508701971778,0.229559809149161,0,1,74,0,74,4.95077661877244,0.233508701971778
75,19,1,1,0.237118038812981,0.233228873073951,0,1,75,0,75,4.93467508381656,0.237118038812981
76,19,1,1,0.240874391892676,0.239902590118406,0,1,76,0,76,4.91828536089302,0.240874391892676
77,19,1,1,0.244773402309977,0.245261783425815,0,1,77,0,77,4.90175349339216,0.244773402309977
78,19,1,1,0.248810711164004,0.251029132877238,0,1,78,0,78,4.88522552470433,0.248810711164004
79,19,1,1,0.252981959553871,0.254971107263863,0,1,79,0,79,4.86884749821986,0.252981959553871
80,19,1,1,0.257282172746937,0.260863633449374,0,1,80,0,80,4.8527498830312,0.257282172746937
81,19,1,1,0.261700326079359,0.260311748206373,0,1,81,0,81,4.83691014632812,0.261700326079359
82,19,1,1,0.266221961009405,0.263691393741941,0,1,82,0,82,4.82121891301528,0.266221961009405
83,19,1,1,0.270832579582113,0.269115412126044,0,1,83,0,83,4.80556581124227,0.270832579582113
84,19,1,1,0.275517683842517,0.280598828905048,0,1,84,0,84,4.78984046915865,0.275517683842517
85,19,1,1,0.280262775835656,0.28886250936123,0,1,85,0,85,4.77393251491401,0.280262775835656
86,19,1,1,0.285053357606563,0.292197191342973,0,1,86,0,86,4.75773157665795,0.285053357606563
87,19,1,1,0.289874931200277,0.294071229726984,0,1,87,0,87,4.74112728254003,0.289874931200277
88,19,1,1,0.294714322139572,0.296972146724734,0,1,88,0,88,4.72389182729821,0.294714322139572
89,19,1,1,0.299566523520499,0.297160269631235,0,1,89,0,89,4.70507268929221,0.299566523520499
90,19,1,1,0.304429641062682,0.300700951442481,0,1,90,0,90,4.68344116089513,0.304429641062682
91,19,1,1,0.309301786612956,0.303210577327178,0,1,91,0,91,4.65776799080688,0.309301786612956
92,19,1,1,0.314181072018156,0.317299298271515,0,1,92,0,92,4.62682392772735,0.314181072018156
93,19,1,1,0.319065609125117,0.329695874121128,0,1,93,0,93,4.58937972035645,0.319065609125117
94,19,1,1,0.323953509780674,0.332876226795835,0,1,94,0,94,4.54420611739408,0.323953509780674
95,19,1,1,0.328842885831664,0.31262274728956,0,1,95,0,95,4.49007386754015,0.328842885831664
40,20,1,1,0.164556033788663,0.172741944183464,0,1,40,0,40,5.32164459273905,0.164556033788663
41,20,1,1,0.166109775343494,0.168580115353519,0,1,41,0,41,5.31259474731279,0.166109775343494
42,20,1,1,0.167664338189428,0.16794303697417,0,1,42,0,42,5.30357790883069,0.167664338189428
43,20,1,1,0.169220378128054,0.172060553031171,0,1,43,0,43,5.29460116178297,0.169220378128054
44,20,1,1,0.170778550960959,0.191791440511282,0,1,44,0,44,5.28567159065985,0.170778550960959
45,20,1,1,0.17233951248973,0.188568381994535,0,1,45,0,45,5.27679627995156,0.17233951248973
46,20,1,1,0.173903918515954,0.192211318192893,0,1,46,0,46,5.26798231414832,0.173903918515954
47,20,1,1,0.175472424841219,0.202903131418003,0,1,47,0,47,5.25923677774035,0.175472424841219
48,20,1,1,0.177045688457441,0.200195390562728,0,1,48,0,48,5.25056673809023,0.177045688457441
49,20,1,1,0.178624971043666,0.200523463574028,0,1,49,0,49,5.24197056171612,0.178624971043666
50,20,1,1,0.180213120987498,0.195404344138941,0,1,50,0,50,5.23342378398347,0.180213120987498
51,20,1,1,0.181813243787601,0.184918405162918,0,1,51,0,51,5.22489824068606,0.181813243787601
52,20,1,1,0.18342844494264,0.187299059137026,0,1,52,0,52,5.21636576761767,0.18342844494264
53,20,1,1,0.185061829951281,0.195583116873529,0,1,53,0,53,5.20779820057212,0.185061829951281
54,20,1,1,0.186716504312189,0.195957040153664,0,1,54,0,54,5.19916737534318,0.186716504312189
55,20,1,1,0.18839557352403,0.188160077257838,0,1,55,0,55,5.19044512772464,0.18839557352403
56,20,1,1,0.1901021580266,0.19096918376812,0,1,56,0,56,5.18160336447998,0.1901021580266
57,20,1,1,0.191840680005886,0.194418202234851,0,1,57,0,57,5.17262017560454,0.191840680005886
58,20,1,1,0.193617855111743,0.19440816687992,0,1,58,0,58,5.16348454493702,0.193617855111743
59,20,1,1,0.195440632449226,0.196172234620827,0,1,59,0,59,5.15418656521709,0.195440632449226
60,20,1,1,0.197315961123389,0.195122019580545,0,1,60,0,60,5.14471632918443,0.197315961123389
61,20,1,1,0.199250790239287,0.198172193812577,0,1,61,0,61,5.1350639295787,0.199250790239287
62,20,1,1,0.201252068901975,0.20089763664494,0,1,62,0,62,5.12521945913958,0.201252068901975
63,20,1,1,0.203326746216506,0.203741158020858,0,1,63,0,63,5.11517301060675,0.203326746216506
64,20,1,1,0.205481810802706,0.204495350121633,0,1,64,0,64,5.10491381782583,0.205481810802706
65,20,1,1,0.207725556731302,0.205075422597661,0,1,65,0,65,5.09440273932813,0.207725556731302
66,20,1,1,0.210067851346257,0.208353729519627,0,1,66,0,66,5.0835664369377,0.210067851346257
67,20,1,1,0.21251865565617,0.209822375428167,0,1,67,0,67,5.07232953658157,0.21251865565617
68,20,1,1,0.215087930669642,0.213565681552778,0,1,68,0,68,5.0606166641868,0.215087930669642
69,20,1,1,0.217785637395273,0.214793979896036,0,1,69,0,69,5.04835244568041,0.217785637395273
70,20,1,1,0.220621736841662,0.218967314721845,0,1,70,0,70,5.03546150698946,0.220621736841662
71,20,1,1,0.223606190017411,0.223056789885023,0,1,71,0,71,5.02186847404099,0.223606190017411
72,20,1,1,0.226748512608376,0.226369456081114,0,1,72,0,72,5.00750485843632,0.226748512608376
73,20,1,1,0.230050740269948,0.227367587988865,0,1,73,0,73,4.99241782958679,0.230050740269948
74,20,1,1,0.233508701971778,0.229559809149161,0,1,74,0,74,4.97675052598891,0.233508701971778
75,20,1,1,0.237118038812981,0.233228873073951,0,1,75,0,75,4.96064899103303,0.237118038812981
76,20,1,1,0.240874391892676,0.239902590118406,0,1,76,0,76,4.94425926810949,0.240874391892676
77,20,1,1,0.244773402309977,0.245261783425815,0,1,77,0,77,4.92772740060863,0.244773402309977
78,20,1,1,0.248810711164004,0.251029132877238,0,1,78,0,78,4.91119943192079,0.248810711164004
79,20,1,1,0.252981959553871,0.254971107263863,0,1,79,0,79,4.89482140543633,0.252981959553871
80,20,1,1,0.257282172746937,0.260863633449374,0,1,80,0,80,4.87872379024767,0.257282172746937
81,20,1,1,0.261700326079359,0.260311748206373,0,1,81,0,81,4.86288405354459,0.261700326079359
82,20,1,1,0.266221961009405,0.263691393741941,0,1,82,0,82,4.84719282023175,0.266221961009405
83,20,1,1,0.270832579582113,0.269115412126044,0,1,83,0,83,4.83153971845873,0.270832579582113
84,20,1,1,0.275517683842517,0.280598828905048,0,1,84,0,84,4.81581437637511,0.275517683842517
85,20,1,1,0.280262775835656,0.28886250936123,0,1,85,0,85,4.79990642213048,0.280262775835656
86,20,1,1,0.285053357606563,0.292197191342973,0,1,86,0,86,4.78370548387441,0.285053357606563
87,20,1,1,0.289874931200277,0.294071229726984,0,1,87,0,87,4.76710118975649,0.289874931200277
88,20,1,1,0.294714322139572,0.296972146724734,0,1,88,0,88,4.74986573451468,0.294714322139572
89,20,1,1,0.299566523520499,0.297160269631235,0,1,89,0,89,4.73104659650868,0.299566523520499
90,20,1,1,0.304429641062682,0.300700951442481,0,1,90,0,90,4.7094150681116,0.304429641062682
91,20,1,1,0.309301786612956,0.303210577327178,0,1,91,0,91,4.68374189802334,0.309301786612956
92,20,1,1,0.314181072018156,0.317299298271515,0,1,92,0,92,4.65279783494381,0.314181072018156
93,20,1,1,0.319065609125117,0.329695874121128,0,1,93,0,93,4.61535362757291,0.319065609125117
94,20,1,1,0.323953509780674,0.332876226795835,0,1,94,0,94,4.57018002461055,0.323953509780674
95,20,1,1,0.328842885831664,0.31262274728956,0,1,95,0,95,4.51604777475662,0.328842885831664
40,21,1,1,0.164556033788663,0.172741944183464,0,1,40,0,40,5.34761849995552,0.164556033788663
41,21,1,1,0.166109775343494,0.168580115353519,0,1,41,0,41,5.33856865452926,0.166109775343494
42,21,1,1,0.167664338189428,0.16794303697417,0,1,42,0,42,5.32955181604716,0.167664338189428
43,21,1,1,0.169220378128054,0.172060553031171,0,1,43,0,43,5.32057506899944,0.169220378128054
44,21,1,1,0.170778550960959,0.191791440511282,0,1,44,0,44,5.31164549787632,0.170778550960959
45,21,1,1,0.17233951248973,0.188568381994535,0,1,45,0,45,5.30277018716803,0.17233951248973
46,21,1,1,0.173903918515954,0.192211318192893,0,1,46,0,46,5.29395622136478,0.173903918515954
47,21,1,1,0.175472424841219,0.202903131418003,0,1,47,0,47,5.28521068495682,0.175472424841219
48,21,1,1,0.177045688457441,0.200195390562728,0,1,48,0,48,5.27654064530669,0.177045688457441
49,21,1,1,0.178624971043666,0.200523463574028,0,1,49,0,49,5.26794446893259,0.178624971043666
50,21,1,1,0.180213120987498,0.195404344138941,0,1,50,0,50,5.25939769119994,0.180213120987498
51,21,1,1,0.181813243787601,0.184918405162918,0,1,51,0,51,5.25087214790252,0.181813243787601
52,21,1,1,0.18342844494264,0.187299059137026,0,1,52,0,52,5.24233967483414,0.18342844494264
53,21,1,1,0.185061829951281,0.195583116873529,0,1,53,0,53,5.23377210778859,0.185061829951281
54,21,1,1,0.186716504312189,0.195957040153664,0,1,54,0,54,5.22514128255964,0.186716504312189
55,21,1,1,0.18839557352403,0.188160077257838,0,1,55,0,55,5.21641903494111,0.18839557352403
56,21,1,1,0.1901021580266,0.19096918376812,0,1,56,0,56,5.20757727169644,0.1901021580266
57,21,1,1,0.191840680005886,0.194418202234851,0,1,57,0,57,5.19859408282101,0.191840680005886
58,21,1,1,0.193617855111743,0.19440816687992,0,1,58,0,58,5.18945845215349,0.193617855111743
59,21,1,1,0.195440632449226,0.196172234620827,0,1,59,0,59,5.18016047243356,0.195440632449226
60,21,1,1,0.197315961123389,0.195122019580545,0,1,60,0,60,5.17069023640089,0.197315961123389
61,21,1,1,0.199250790239287,0.198172193812577,0,1,61,0,61,5.16103783679517,0.199250790239287
62,21,1,1,0.201252068901975,0.20089763664494,0,1,62,0,62,5.15119336635605,0.201252068901975
63,21,1,1,0.203326746216506,0.203741158020858,0,1,63,0,63,5.14114691782321,0.203326746216506
64,21,1,1,0.205481810802706,0.204495350121633,0,1,64,0,64,5.1308877250423,0.205481810802706
65,21,1,1,0.207725556731302,0.205075422597661,0,1,65,0,65,5.1203766465446,0.207725556731302
66,21,1,1,0.210067851346257,0.208353729519627,0,1,66,0,66,5.10954034415417,0.210067851346257
67,21,1,1,0.21251865565617,0.209822375428167,0,1,67,0,67,5.09830344379804,0.21251865565617
68,21,1,1,0.215087930669642,0.213565681552778,0,1,68,0,68,5.08659057140326,0.215087930669642
69,21,1,1,0.217785637395273,0.214793979896036,0,1,69,0,69,5.07432635289688,0.217785637395273
70,21,1,1,0.220621736841662,0.218967314721845,0,1,70,0,70,5.06143541420593,0.220621736841662
71,21,1,1,0.223606190017411,0.223056789885023,0,1,71,0,71,5.04784238125746,0.223606190017411
72,21,1,1,0.226748512608376,0.226369456081114,0,1,72,0,72,5.03347876565279,0.226748512608376
73,21,1,1,0.230050740269948,0.227367587988865,0,1,73,0,73,5.01839173680326,0.230050740269948
74,21,1,1,0.233508701971778,0.229559809149161,0,1,74,0,74,5.00272443320538,0.233508701971778
75,21,1,1,0.237118038812981,0.233228873073951,0,1,75,0,75,4.9866228982495,0.237118038812981
76,21,1,1,0.240874391892676,0.239902590118406,0,1,76,0,76,4.97023317532596,0.240874391892676
77,21,1,1,0.244773402309977,0.245261783425815,0,1,77,0,77,4.9537013078251,0.244773402309977
78,21,1,1,0.248810711164004,0.251029132877238,0,1,78,0,78,4.93717333913726,0.248810711164004
79,21,1,1,0.252981959553871,0.254971107263863,0,1,79,0,79,4.9207953126528,0.252981959553871
80,21,1,1,0.257282172746937,0.260863633449374,0,1,80,0,80,4.90469769746413,0.257282172746937
81,21,1,1,0.261700326079359,0.260311748206373,0,1,81,0,81,4.88885796076106,0.261700326079359
82,21,1,1,0.266221961009405,0.263691393741941,0,1,82,0,82,4.87316672744822,0.266221961009405
83,21,1,1,0.270832579582113,0.269115412126044,0,1,83,0,83,4.8575136256752,0.270832579582113
84,21,1,1,0.275517683842517,0.280598828905048,0,1,84,0,84,4.84178828359158,0.275517683842517
85,21,1,1,0.280262775835656,0.28886250936123,0,1,85,0,85,4.82588032934695,0.280262775835656
86,21,1,1,0.285053357606563,0.292197191342973,0,1,86,0,86,4.80967939109088,0.285053357606563
87,21,1,1,0.289874931200277,0.294071229726984,0,1,87,0,87,4.79307509697296,0.289874931200277
88,21,1,1,0.294714322139572,0.296972146724734,0,1,88,0,88,4.77583964173114,0.294714322139572
89,21,1,1,0.299566523520499,0.297160269631235,0,1,89,0,89,4.75702050372514,0.299566523520499
90,21,1,1,0.304429641062682,0.300700951442481,0,1,90,0,90,4.73538897532806,0.304429641062682
91,21,1,1,0.309301786612956,0.303210577327178,0,1,91,0,91,4.70971580523981,0.309301786612956
92,21,1,1,0.314181072018156,0.317299298271515,0,1,92,0,92,4.67877174216028,0.314181072018156
93,21,1,1,0.319065609125117,0.329695874121128,0,1,93,0,93,4.64132753478938,0.319065609125117
94,21,1,1,0.323953509780674,0.332876226795835,0,1,94,0,94,4.59615393182701,0.323953509780674
95,21,1,1,0.328842885831664,0.31262274728956,0,1,95,0,95,4.54202168197308,0.328842885831664
40,22,1,1,0.164556033788663,0.172741944183464,0,1,40,0,40,5.37359240717199,0.164556033788663
41,22,1,1,0.166109775343494,0.168580115353519,0,1,41,0,41,5.36454256174572,0.166109775343494
42,22,1,1,0.167664338189428,0.16794303697417,0,1,42,0,42,5.35552572326362,0.167664338189428
43,22,1,1,0.169220378128054,0.172060553031171,0,1,43,0,43,5.3465489762159,0.169220378128054
44,22,1,1,0.170778550960959,0.191791440511282,0,1,44,0,44,5.33761940509278,0.170778550960959
45,22,1,1,0.17233951248973,0.188568381994535,0,1,45,0,45,5.32874409438449,0.17233951248973
46,22,1,1,0.173903918515954,0.192211318192893,0,1,46,0,46,5.31993012858125,0.173903918515954
47,22,1,1,0.175472424841219,0.202903131418003,0,1,47,0,47,5.31118459217328,0.175472424841219
48,22,1,1,0.177045688457441,0.200195390562728,0,1,48,0,48,5.30251455252316,0.177045688457441
49,22,1,1,0.178624971043666,0.200523463574028,0,1,49,0,49,5.29391837614906,0.178624971043666
50,22,1,1,0.180213120987498,0.195404344138941,0,1,50,0,50,5.2853715984164,0.180213120987498
51,22,1,1,0.181813243787601,0.184918405162918,0,1,51,0,51,5.27684605511899,0.181813243787601
52,22,1,1,0.18342844494264,0.187299059137026,0,1,52,0,52,5.26831358205061,0.18342844494264
53,22,1,1,0.185061829951281,0.195583116873529,0,1,53,0,53,5.25974601500505,0.185061829951281
54,22,1,1,0.186716504312189,0.195957040153664,0,1,54,0,54,5.25111518977611,0.186716504312189
55,22,1,1,0.18839557352403,0.188160077257838,0,1,55,0,55,5.24239294215758,0.18839557352403
56,22,1,1,0.1901021580266,0.19096918376812,0,1,56,0,56,5.23355117891291,0.1901021580266
57,22,1,1,0.191840680005886,0.194418202234851,0,1,57,0,57,5.22456799003747,0.191840680005886
58,22,1,1,0.193617855111743,0.19440816687992,0,1,58,0,58,5.21543235936995,0.193617855111743
59,22,1,1,0.195440632449226,0.196172234620827,0,1,59,0,59,5.20613437965002,0.195440632449226
60,22,1,1,0.197315961123389,0.195122019580545,0,1,60,0,60,5.19666414361736,0.197315961123389
61,22,1,1,0.199250790239287,0.198172193812577,0,1,61,0,61,5.18701174401163,0.199250790239287
62,22,1,1,0.201252068901975,0.20089763664494,0,1,62,0,62,5.17716727357251,0.201252068901975
63,22,1,1,0.203326746216506,0.203741158020858,0,1,63,0,63,5.16712082503968,0.203326746216506
64,22,1,1,0.205481810802706,0.204495350121633,0,1,64,0,64,5.15686163225876,0.205481810802706
65,22,1,1,0.207725556731302,0.205075422597661,0,1,65,0,65,5.14635055376107,0.207725556731302
66,22,1,1,0.210067851346257,0.208353729519627,0,1,66,0,66,5.13551425137063,0.210067851346257
67,22,1,1,0.21251865565617,0.209822375428167,0,1,67,0,67,5.12427735101451,0.21251865565617
68,22,1,1,0.215087930669642,0.213565681552778,0,1,68,0,68,5.11256447861973,0.215087930669642
69,22,1,1,0.217785637395273,0.214793979896036,0,1,69,0,69,5.10030026011334,0.217785637395273
70,22,1,1,0.220621736841662,0.218967314721845,0,1,70,0,70,5.08740932142239,0.220621736841662
71,22,1,1,0.223606190017411,0.223056789885023,0,1,71,0,71,5.07381628847393,0.223606190017411
72,22,1,1,0.226748512608376,0.226369456081114,0,1,72,0,72,5.05945267286925,0.226748512608376
73,22,1,1,0.230050740269948,0.227367587988865,0,1,73,0,73,5.04436564401972,0.230050740269948
74,22,1,1,0.233508701971778,0.229559809149161,0,1,74,0,74,5.02869834042184,0.233508701971778
75,22,1,1,0.237118038812981,0.233228873073951,0,1,75,0,75,5.01259680546596,0.237118038812981
76,22,1,1,0.240874391892676,0.239902590118406,0,1,76,0,76,4.99620708254242,0.240874391892676
77,22,1,1,0.244773402309977,0.245261783425815,0,1,77,0,77,4.97967521504156,0.244773402309977
78,22,1,1,0.248810711164004,0.251029132877238,0,1,78,0,78,4.96314724635373,0.248810711164004
79,22,1,1,0.252981959553871,0.254971107263863,0,1,79,0,79,4.94676921986926,0.252981959553871
80,22,1,1,0.257282172746937,0.260863633449374,0,1,80,0,80,4.9306716046806,0.257282172746937
81,22,1,1,0.261700326079359,0.260311748206373,0,1,81,0,81,4.91483186797752,0.261700326079359
82,22,1,1,0.266221961009405,0.263691393741941,0,1,82,0,82,4.89914063466468,0.266221961009405
83,22,1,1,0.270832579582113,0.269115412126044,0,1,83,0,83,4.88348753289166,0.270832579582113
84,22,1,1,0.275517683842517,0.280598828905048,0,1,84,0,84,4.86776219080805,0.275517683842517
85,22,1,1,0.280262775835656,0.28886250936123,0,1,85,0,85,4.85185423656341,0.280262775835656
86,22,1,1,0.285053357606563,0.292197191342973,0,1,86,0,86,4.83565329830734,0.285053357606563
87,22,1,1,0.289874931200277,0.294071229726984,0,1,87,0,87,4.81904900418943,0.289874931200277
88,22,1,1,0.294714322139572,0.296972146724734,0,1,88,0,88,4.80181354894761,0.294714322139572
89,22,1,1,0.299566523520499,0.297160269631235,0,1,89,0,89,4.78299441094161,0.299566523520499
90,22,1,1,0.304429641062682,0.300700951442481,0,1,90,0,90,4.76136288254453,0.304429641062682
91,22,1,1,0.309301786612956,0.303210577327178,0,1,91,0,91,4.73568971245628,0.309301786612956
92,22,1,1,0.314181072018156,0.317299298271515,0,1,92,0,92,4.70474564937675,0.314181072018156
93,22,1,1,0.319065609125117,0.329695874121128,0,1,93,0,93,4.66730144200585,0.319065609125117
94,22,1,1,0.323953509780674,0.332876226795835,0,1,94,0,94,4.62212783904348,0.323953509780674
95,22,1,1,0.328842885831664,0.31262274728956,0,1,95,0,95,4.56799558918955,0.328842885831664
40,23,1,1,0.164556033788663,0.172741944183464,0,1,40,0,40,5.39956631438845,0.164556033788663
41,23,1,1,0.166109775343494,0.168580115353519,0,1,41,0,41,5.39051646896219,0.166109775343494
42,23,1,1,0.167664338189428,0.16794303697417,0,1,42,0,42,5.38149963048009,0.167664338189428
43,23,1,1,0.169220378128054,0.172060553031171,0,1,43,0,43,5.37252288343237,0.169220378128054
44,23,1,1,0.170778550960959,0.191791440511282,0,1,44,0,44,5.36359331230925,0.170778550960959
45,23,1,1,0.17233951248973,0.188568381994535,0,1,45,0,45,5.35471800160096,0.17233951248973
46,23,1,1,0.173903918515954,0.192211318192893,0,1,46,0,46,5.34590403579772,0.173903918515954
47,23,1,1,0.175472424841219,0.202903131418003,0,1,47,0,47,5.33715849938975,0.175472424841219
48,23,1,1,0.177045688457441,0.200195390562728,0,1,48,0,48,5.32848845973963,0.177045688457441
49,23,1,1,0.178624971043666,0.200523463574028,0,1,49,0,49,5.31989228336552,0.178624971043666
50,23,1,1,0.180213120987498,0.195404344138941,0,1,50,0,50,5.31134550563287,0.180213120987498
51,23,1,1,0.181813243787601,0.184918405162918,0,1,51,0,51,5.30281996233546,0.181813243787601
52,23,1,1,0.18342844494264,0.187299059137026,0,1,52,0,52,5.29428748926707,0.18342844494264
53,23,1,1,0.185061829951281,0.195583116873529,0,1,53,0,53,5.28571992222152,0.185061829951281
54,23,1,1,0.186716504312189,0.195957040153664,0,1,54,0,54,5.27708909699258,0.186716504312189
55,23,1,1,0.18839557352403,0.188160077257838,0,1,55,0,55,5.26836684937404,0.18839557352403
56,23,1,1,0.1901021580266,0.19096918376812,0,1,56,0,56,5.25952508612937,0.1901021580266
57,23,1,1,0.191840680005886,0.194418202234851,0,1,57,0,57,5.25054189725394,0.191840680005886
58,23,1,1,0.193617855111743,0.19440816687992,0,1,58,0,58,5.24140626658642,0.193617855111743
59,23,1,1,0.195440632449226,0.196172234620827,0,1,59,0,59,5.23210828686649,0.195440632449226
60,23,1,1,0.197315961123389,0.195122019580545,0,1,60,0,60,5.22263805083383,0.197315961123389
61,23,1,1,0.199250790239287,0.198172193812577,0,1,61,0,61,5.2129856512281,0.199250790239287
62,23,1,1,0.201252068901975,0.20089763664494,0,1,62,0,62,5.20314118078898,0.201252068901975
63,23,1,1,0.203326746216506,0.203741158020858,0,1,63,0,63,5.19309473225615,0.203326746216506
64,23,1,1,0.205481810802706,0.204495350121633,0,1,64,0,64,5.18283553947523,0.205481810802706
65,23,1,1,0.207725556731302,0.205075422597661,0,1,65,0,65,5.17232446097753,0.207725556731302
66,23,1,1,0.210067851346257,0.208353729519627,0,1,66,0,66,5.1614881585871,0.210067851346257
67,23,1,1,0.21251865565617,0.209822375428167,0,1,67,0,67,5.15025125823097,0.21251865565617
68,23,1,1,0.215087930669642,0.213565681552778,0,1,68,0,68,5.1385383858362,0.215087930669642
69,23,1,1,0.217785637395273,0.214793979896036,0,1,69,0,69,5.12627416732981,0.217785637395273
70,23,1,1,0.220621736841662,0.218967314721845,0,1,70,0,70,5.11338322863886,0.220621736841662
71,23,1,1,0.223606190017411,0.223056789885023,0,1,71,0,71,5.09979019569039,0.223606190017411
72,23,1,1,0.226748512608376,0.226369456081114,0,1,72,0,72,5.08542658008572,0.226748512608376
73,23,1,1,0.230050740269948,0.227367587988865,0,1,73,0,73,5.07033955123619,0.230050740269948
74,23,1,1,0.233508701971778,0.229559809149161,0,1,74,0,74,5.05467224763831,0.233508701971778
75,23,1,1,0.237118038812981,0.233228873073951,0,1,75,0,75,5.03857071268243,0.237118038812981
76,23,1,1,0.240874391892676,0.239902590118406,0,1,76,0,76,5.02218098975889,0.240874391892676
77,23,1,1,0.244773402309977,0.245261783425815,0,1,77,0,77,5.00564912225803,0.244773402309977
78,23,1,1,0.248810711164004,0.251029132877238,0,1,78,0,78,4.98912115357019,0.248810711164004
79,23,1,1,0.252981959553871,0.254971107263863,0,1,79,0,79,4.97274312708573,0.252981959553871
80,23,1,1,0.257282172746937,0.260863633449374,0,1,80,0,80,4.95664551189707,0.257282172746937
81,23,1,1,0.261700326079359,0.260311748206373,0,1,81,0,81,4.94080577519399,0.261700326079359
82,23,1,1,0.266221961009405,0.263691393741941,0,1,82,0,82,4.92511454188115,0.266221961009405
83,23,1,1,0.270832579582113,0.269115412126044,0,1,83,0,83,4.90946144010813,0.270832579582113
84,23,1,1,0.275517683842517,0.280598828905048,0,1,84,0,84,4.89373609802451,0.275517683842517
85,23,1,1,0.280262775835656,0.28886250936123,0,1,85,0,85,4.87782814377988,0.280262775835656
86,23,1,1,0.285053357606563,0.292197191342973,0,1,86,0,86,4.86162720552381,0.285053357606563
87,23,1,1,0.289874931200277,0.294071229726984,0,1,87,0,87,4.84502291140589,0.289874931200277
88,23,1,1,0.294714322139572,0.296972146724734,0,1,88,0,88,4.82778745616408,0.294714322139572
89,23,1,1,0.299566523520499,0.297160269631235,0,1,89,0,89,4.80896831815808,0.299566523520499
90,23,1,1,0.304429641062682,0.300700951442481,0,1,90,0,90,4.787336789761,0.304429641062682
91,23,1,1,0.309301786612956,0.303210577327178,0,1,91,0,91,4.76166361967274,0.309301786612956
92,23,1,1,0.314181072018156,0.317299298271515,0,1,92,0,92,4.73071955659321,0.314181072018156
93,23,1,1,0.319065609125117,0.329695874121128,0,1,93,0,93,4.69327534922231,0.319065609125117
94,23,1,1,0.323953509780674,0.332876226795835,0,1,94,0,94,4.64810174625995,0.323953509780674
95,23,1,1,0.328842885831664,0.31262274728956,0,1,95,0,95,4.59396949640602,0.328842885831664
40,24,1,1,0.164556033788663,0.172741944183464,0,1,40,0,40,5.42554022160492,0.164556033788663
41,24,1,1,0.166109775343494,0.168580115353519,0,1,41,0,41,5.41649037617866,0.166109775343494
42,24,1,1,0.167664338189428,0.16794303697417,0,1,42,0,42,5.40747353769656,0.167664338189428
43,24,1,1,0.169220378128054,0.172060553031171,0,1,43,0,43,5.39849679064883,0.169220378128054
44,24,1,1,0.170778550960959,0.191791440511282,0,1,44,0,44,5.38956721952572,0.170778550960959
45,24,1,1,0.17233951248973,0.188568381994535,0,1,45,0,45,5.38069190881742,0.17233951248973
46,24,1,1,0.173903918515954,0.192211318192893,0,1,46,0,46,5.37187794301418,0.173903918515954
47,24,1,1,0.175472424841219,0.202903131418003,0,1,47,0,47,5.36313240660621,0.175472424841219
48,24,1,1,0.177045688457441,0.200195390562728,0,1,48,0,48,5.35446236695609,0.177045688457441
49,24,1,1,0.178624971043666,0.200523463574028,0,1,49,0,49,5.34586619058199,0.178624971043666
50,24,1,1,0.180213120987498,0.195404344138941,0,1,50,0,50,5.33731941284934,0.180213120987498
51,24,1,1,0.181813243787601,0.184918405162918,0,1,51,0,51,5.32879386955192,0.181813243787601
52,24,1,1,0.18342844494264,0.187299059137026,0,1,52,0,52,5.32026139648354,0.18342844494264
53,24,1,1,0.185061829951281,0.195583116873529,0,1,53,0,53,5.31169382943798,0.185061829951281
54,24,1,1,0.186716504312189,0.195957040153664,0,1,54,0,54,5.30306300420904,0.186716504312189
55,24,1,1,0.18839557352403,0.188160077257838,0,1,55,0,55,5.29434075659051,0.18839557352403
56,24,1,1,0.1901021580266,0.19096918376812,0,1,56,0,56,5.28549899334584,0.1901021580266
57,24,1,1,0.191840680005886,0.194418202234851,0,1,57,0,57,5.2765158044704,0.191840680005886
58,24,1,1,0.193617855111743,0.19440816687992,0,1,58,0,58,5.26738017380289,0.193617855111743
59,24,1,1,0.195440632449226,0.196172234620827,0,1,59,0,59,5.25808219408296,0.195440632449226
60,24,1,1,0.197315961123389,0.195122019580545,0,1,60,0,60,5.24861195805029,0.197315961123389
61,24,1,1,0.199250790239287,0.198172193812577,0,1,61,0,61,5.23895955844456,0.199250790239287
62,24,1,1,0.201252068901975,0.20089763664494,0,1,62,0,62,5.22911508800545,0.201252068901975
63,24,1,1,0.203326746216506,0.203741158020858,0,1,63,0,63,5.21906863947261,0.203326746216506
64,24,1,1,0.205481810802706,0.204495350121633,0,1,64,0,64,5.20880944669169,0.205481810802706
65,24,1,1,0.207725556731302,0.205075422597661,0,1,65,0,65,5.198298368194,0.207725556731302
66,24,1,1,0.210067851346257,0.208353729519627,0,1,66,0,66,5.18746206580357,0.210067851346257
67,24,1,1,0.21251865565617,0.209822375428167,0,1,67,0,67,5.17622516544744,0.21251865565617
68,24,1,1,0.215087930669642,0.213565681552778,0,1,68,0,68,5.16451229305266,0.215087930669642
69,24,1,1,0.217785637395273,0.214793979896036,0,1,69,0,69,5.15224807454628,0.217785637395273
70,24,1,1,0.220621736841662,0.218967314721845,0,1,70,0,70,5.13935713585533,0.220621736841662
71,24,1,1,0.223606190017411,0.223056789885023,0,1,71,0,71,5.12576410290686,0.223606190017411
72,24,1,1,0.226748512608376,0.226369456081114,0,1,72,0,72,5.11140048730218,0.226748512608376
73,24,1,1,0.230050740269948,0.227367587988865,0,1,73,0,73,5.09631345845265,0.230050740269948
74,24,1,1,0.233508701971778,0.229559809149161,0,1,74,0,74,5.08064615485478,0.233508701971778
75,24,1,1,0.237118038812981,0.233228873073951,0,1,75,0,75,5.0645446198989,0.237118038812981
76,24,1,1,0.240874391892676,0.239902590118406,0,1,76,0,76,5.04815489697535,0.240874391892676
77,24,1,1,0.244773402309977,0.245261783425815,0,1,77,0,77,5.03162302947449,0.244773402309977
78,24,1,1,0.248810711164004,0.251029132877238,0,1,78,0,78,5.01509506078666,0.248810711164004
79,24,1,1,0.252981959553871,0.254971107263863,0,1,79,0,79,4.99871703430219,0.252981959553871
80,24,1,1,0.257282172746937,0.260863633449374,0,1,80,0,80,4.98261941911353,0.257282172746937
81,24,1,1,0.261700326079359,0.260311748206373,0,1,81,0,81,4.96677968241046,0.261700326079359
82,24,1,1,0.266221961009405,0.263691393741941,0,1,82,0,82,4.95108844909762,0.266221961009405
83,24,1,1,0.270832579582113,0.269115412126044,0,1,83,0,83,4.9354353473246,0.270832579582113
84,24,1,1,0.275517683842517,0.280598828905048,0,1,84,0,84,4.91971000524098,0.275517683842517
85,24,1,1,0.280262775835656,0.28886250936123,0,1,85,0,85,4.90380205099634,0.280262775835656
86,24,1,1,0.285053357606563,0.292197191342973,0,1,86,0,86,4.88760111274028,0.285053357606563
87,24,1,1,0.289874931200277,0.294071229726984,0,1,87,0,87,4.87099681862236,0.289874931200277
88,24,1,1,0.294714322139572,0.296972146724734,0,1,88,0,88,4.85376136338054,0.294714322139572
89,24,1,1,0.299566523520499,0.297160269631235,0,1,89,0,89,4.83494222537454,0.299566523520499
90,24,1,1,0.304429641062682,0.300700951442481,0,1,90,0,90,4.81331069697746,0.304429641062682
91,24,1,1,0.309301786612956,0.303210577327178,0,1,91,0,91,4.78763752688921,0.309301786612956
92,24,1,1,0.314181072018156,0.317299298271515,0,1,92,0,92,4.75669346380968,0.314181072018156
93,24,1,1,0.319065609125117,0.329695874121128,0,1,93,0,93,4.71924925643878,0.319065609125117
94,24,1,1,0.323953509780674,0.332876226795835,0,1,94,0,94,4.67407565347641,0.323953509780674
95,24,1,1,0.328842885831664,0.31262274728956,0,1,95,0,95,4.61994340362248,0.328842885831664
40,25,1,1,0.164556033788663,0.172741944183464,0,1,40,0,40,5.45151412882139,0.164556033788663
41,25,1,1,0.166109775343494,0.168580115353519,0,1,41,0,41,5.44246428339512,0.166109775343494
42,25,1,1,0.167664338189428,0.16794303697417,0,1,42,0,42,5.43344744491302,0.167664338189428
43,25,1,1,0.169220378128054,0.172060553031171,0,1,43,0,43,5.4244706978653,0.169220378128054
44,25,1,1,0.170778550960959,0.191791440511282,0,1,44,0,44,5.41554112674218,0.170778550960959
45,25,1,1,0.17233951248973,0.188568381994535,0,1,45,0,45,5.40666581603389,0.17233951248973
46,25,1,1,0.173903918515954,0.192211318192893,0,1,46,0,46,5.39785185023065,0.173903918515954
47,25,1,1,0.175472424841219,0.202903131418003,0,1,47,0,47,5.38910631382268,0.175472424841219
48,25,1,1,0.177045688457441,0.200195390562728,0,1,48,0,48,5.38043627417256,0.177045688457441
49,25,1,1,0.178624971043666,0.200523463574028,0,1,49,0,49,5.37184009779846,0.178624971043666
50,25,1,1,0.180213120987498,0.195404344138941,0,1,50,0,50,5.3632933200658,0.180213120987498
51,25,1,1,0.181813243787601,0.184918405162918,0,1,51,0,51,5.35476777676839,0.181813243787601
52,25,1,1,0.18342844494264,0.187299059137026,0,1,52,0,52,5.34623530370001,0.18342844494264
53,25,1,1,0.185061829951281,0.195583116873529,0,1,53,0,53,5.33766773665445,0.185061829951281
54,25,1,1,0.186716504312189,0.195957040153664,0,1,54,0,54,5.32903691142551,0.186716504312189
55,25,1,1,0.18839557352403,0.188160077257838,0,1,55,0,55,5.32031466380698,0.18839557352403
56,25,1,1,0.1901021580266,0.19096918376812,0,1,56,0,56,5.31147290056231,0.1901021580266
57,25,1,1,0.191840680005886,0.194418202234851,0,1,57,0,57,5.30248971168687,0.191840680005886
58,25,1,1,0.193617855111743,0.19440816687992,0,1,58,0,58,5.29335408101935,0.193617855111743
59,25,1,1,0.195440632449226,0.196172234620827,0,1,59,0,59,5.28405610129942,0.195440632449226
60,25,1,1,0.197315961123389,0.195122019580545,0,1,60,0,60,5.27458586526676,0.197315961123389
61,25,1,1,0.199250790239287,0.198172193812577,0,1,61,0,61,5.26493346566103,0.199250790239287
62,25,1,1,0.201252068901975,0.20089763664494,0,1,62,0,62,5.25508899522191,0.201252068901975
63,25,1,1,0.203326746216506,0.203741158020858,0,1,63,0,63,5.24504254668908,0.203326746216506
64,25,1,1,0.205481810802706,0.204495350121633,0,1,64,0,64,5.23478335390816,0.205481810802706
65,25,1,1,0.207725556731302,0.205075422597661,0,1,65,0,65,5.22427227541047,0.207725556731302
66,25,1,1,0.210067851346257,0.208353729519627,0,1,66,0,66,5.21343597302003,0.210067851346257
67,25,1,1,0.21251865565617,0.209822375428167,0,1,67,0,67,5.20219907266391,0.21251865565617
68,25,1,1,0.215087930669642,0.213565681552778,0,1,68,0,68,5.19048620026913,0.215087930669642
69,25,1,1,0.217785637395273,0.214793979896036,0,1,69,0,69,5.17822198176274,0.217785637395273
70,25,1,1,0.220621736841662,0.218967314721845,0,1,70,0,70,5.16533104307179,0.220621736841662
71,25,1,1,0.223606190017411,0.223056789885023,0,1,71,0,71,5.15173801012333,0.223606190017411
72,25,1,1,0.226748512608376,0.226369456081114,0,1,72,0,72,5.13737439451865,0.226748512608376
73,25,1,1,0.230050740269948,0.227367587988865,0,1,73,0,73,5.12228736566912,0.230050740269948
74,25,1,1,0.233508701971778,0.229559809149161,0,1,74,0,74,5.10662006207124,0.233508701971778
75,25,1,1,0.237118038812981,0.233228873073951,0,1,75,0,75,5.09051852711536,0.237118038812981
76,25,1,1,0.240874391892676,0.239902590118406,0,1,76,0,76,5.07412880419182,0.240874391892676
77,25,1,1,0.244773402309977,0.245261783425815,0,1,77,0,77,5.05759693669096,0.244773402309977
78,25,1,1,0.248810711164004,0.251029132877238,0,1,78,0,78,5.04106896800313,0.248810711164004
79,25,1,1,0.252981959553871,0.254971107263863,0,1,79,0,79,5.02469094151866,0.252981959553871
80,25,1,1,0.257282172746937,0.260863633449374,0,1,80,0,80,5.00859332633,0.257282172746937
81,25,1,1,0.261700326079359,0.260311748206373,0,1,81,0,81,4.99275358962692,0.261700326079359
82,25,1,1,0.266221961009405,0.263691393741941,0,1,82,0,82,4.97706235631408,0.266221961009405
83,25,1,1,0.270832579582113,0.269115412126044,0,1,83,0,83,4.96140925454106,0.270832579582113
84,25,1,1,0.275517683842517,0.280598828905048,0,1,84,0,84,4.94568391245745,0.275517683842517
85,25,1,1,0.280262775835656,0.28886250936123,0,1,85,0,85,4.92977595821281,0.280262775835656
86,25,1,1,0.285053357606563,0.292197191342973,0,1,86,0,86,4.91357501995674,0.285053357606563
87,25,1,1,0.289874931200277,0.294071229726984,0,1,87,0,87,4.89697072583883,0.289874931200277
88,25,1,1,0.294714322139572,0.296972146724734,0,1,88,0,88,4.87973527059701,0.294714322139572
89,25,1,1,0.299566523520499,0.297160269631235,0,1,89,0,89,4.86091613259101,0.299566523520499
90,25,1,1,0.304429641062682,0.300700951442481,0,1,90,0,90,4.83928460419393,0.304429641062682
91,25,1,1,0.309301786612956,0.303210577327178,0,1,91,0,91,4.81361143410567,0.309301786612956
92,25,1,1,0.314181072018156,0.317299298271515,0,1,92,0,92,4.78266737102615,0.314181072018156
93,25,1,1,0.319065609125117,0.329695874121128,0,1,93,0,93,4.74522316365525,0.319065609125117
94,25,1,1,0.323953509780674,0.332876226795835,0,1,94,0,94,4.70004956069288,0.323953509780674
95,25,1,1,0.328842885831664,0.31262274728956,0,1,95,0,95,4.64591731083895,0.328842885831664
