"NACCAGE","EDUC","SEX","RACE","mean.adj","sd.adj"
21,10,0,"White",33.762471500208,2.31498531776826
22,10,0,"White",33.6148179065707,2.38659431489071
23,10,0,"White",33.4619045561188,2.45634588353887
24,10,0,"White",33.3044652963759,2.52238259523846
25,10,0,"White",33.1432005290983,2.58284702151519
26,10,0,"White",32.9787772102741,2.63588173389479
27,10,0,"White",32.8118288501243,2.67962930390295
28,10,0,"White",32.6429555131017,2.71223230306541
29,10,0,"White",32.4727238178919,2.73183330290787
30,10,0,"White",32.3016669374127,2.73657596454987
31,10,0,"White",32.1302845988139,2.72568918455889
32,10,0,"White",31.9590430834781,2.70152354580596
33,10,0,"White",31.78837522702,2.6669875031996
34,10,0,"White",31.6186804192867,2.62498951164834
35,10,0,"White",31.4503246043575,2.57843802606071
36,10,0,"White",31.2836402805443,2.53024150134522
37,10,0,"White",31.1189265003911,2.48330839241042
38,10,0,"White",30.9564488706744,2.44054715416481
39,10,0,"White",30.7964395524028,2.40485733620337
40,10,0,"White",30.6390972608174,2.3776924878327
41,10,0,"White",30.4845872653918,2.35747389909414
42,10,0,"White",30.3330413898316,2.3422410447104
43,10,0,"White",30.184558012075,2.3300333994042
44,10,0,"White",30.0392020642924,2.31889043789823
45,10,0,"White",29.8970050328864,2.30685163491522
46,10,0,"White",29.7579649584924,2.29195646517786
47,10,0,"White",29.6220464359776,2.27224440340887
48,10,0,"White",29.4891806144418,2.24577752873089
49,10,0,"White",29.3592651972171,2.21197418426231
50,10,0,"White",29.2321644418681,2.17235492231497
51,10,0,"White",29.1077091601914,2.12862113040011
52,10,0,"White",28.9856967182162,2.08247419602901
53,10,0,"White",28.8658910362039,2.03561550671292
54,10,0,"White",28.7480225886483,1.98974644996311
55,10,0,"White",28.6317884042756,1.94656841329083
56,10,0,"White",28.516852066044,1.90778278420735
57,10,0,"White",28.4028437111446,1.875060197864
58,10,0,"White",28.2893600310003,1.84913862799624
59,10,0,"White",28.1759642712667,1.82967779371965
60,10,0,"White",28.0621862318314,1.81627735094682
61,10,0,"White",27.9475222668148,1.80853695559034
62,10,0,"White",27.8314352845691,1.8060562635628
63,10,0,"White",27.7133007132671,1.8084349307768
64,10,0,"White",27.5918121223682,1.81527261314491
65,10,0,"White",27.464386844085,1.82616896657974
66,10,0,"White",27.3271119389711,1.84073190176404
67,10,0,"White",27.1747441959215,1.85871751901435
68,10,0,"White",27.0010718616409,1.88001009871819
69,10,0,"White",26.8028936648032,1.90449814770539
70,10,0,"White",26.5839978402093,1.93207017280578
71,10,0,"White",26.3550443381307,1.9626146808492
72,10,0,"White",26.1282901029184,1.99602017866548
73,10,0,"White",25.9123143516132,2.03217517308444
74,10,0,"White",25.7115390538191,2.07096817093592
75,10,0,"White",25.5263889264527,2.11227008463833
76,10,0,"White",25.3550513759888,2.15574729157731
77,10,0,"White",25.1952364407049,2.20093421105281
78,10,0,"White",25.0443539921273,2.24736306306339
79,10,0,"White",24.8997030086907,2.29456606760758
80,10,0,"White",24.758660849397,2.34207544468392
81,10,0,"White",24.6187004605127,2.38942341429096
82,10,0,"White",24.4773903755677,2.43614219642724
83,10,0,"White",24.3324010236616,2.48176401109129
84,10,0,"White",24.1815741208215,2.52587002534038
85,10,0,"White",24.0229920613604,2.56843012864549
86,10,0,"White",23.8549842261829,2.60959958140841
87,10,0,"White",23.6761269827849,2.6495347856533
88,10,0,"White",23.4852436852538,2.68839214340429
89,10,0,"White",23.2814046742681,2.72632805668555
90,10,0,"White",23.063927277098,2.76349892752121
91,10,0,"White",22.8323758076047,2.80006115793543
92,10,0,"White",22.5865615662411,2.83617114995235
93,10,0,"White",22.3265428400513,2.87197066484755
94,10,0,"White",22.0526249026709,2.90751953861413
95,10,0,"White",21.7653600143267,2.94284912641396
96,10,0,"White",21.4655474218371,2.97799075481373
97,10,0,"White",21.1542333586116,3.01297575038011
98,10,0,"White",20.8327110446513,3.04783543967978
99,10,0,"White",20.5025206865486,3.08260114927942
100,10,0,"White",20.1654494774872,3.1173042057457
101,10,0,"White",19.8235315972423,3.15197593564531
21,11,0,"White",33.762471500208,2.31498531776826
22,11,0,"White",33.6148179065707,2.38659431489071
23,11,0,"White",33.4619045561188,2.45634588353887
24,11,0,"White",33.3044652963759,2.52238259523846
25,11,0,"White",33.1432005290983,2.58284702151519
26,11,0,"White",32.9787772102741,2.63588173389479
27,11,0,"White",32.8118288501243,2.67962930390295
28,11,0,"White",32.6429555131017,2.71223230306541
29,11,0,"White",32.4727238178919,2.73183330290787
30,11,0,"White",32.3016669374127,2.73657596454987
31,11,0,"White",32.1302845988139,2.72568918455889
32,11,0,"White",31.9590430834781,2.70152354580596
33,11,0,"White",31.78837522702,2.6669875031996
34,11,0,"White",31.6186804192867,2.62498951164834
35,11,0,"White",31.4503246043575,2.57843802606071
36,11,0,"White",31.2836402805443,2.53024150134522
37,11,0,"White",31.1189265003911,2.48330839241042
38,11,0,"White",30.9564488706744,2.44054715416481
39,11,0,"White",30.7964395524028,2.40485733620337
40,11,0,"White",30.6390972608174,2.3776924878327
41,11,0,"White",30.4845872653918,2.35747389909414
42,11,0,"White",30.3330413898316,2.3422410447104
43,11,0,"White",30.184558012075,2.3300333994042
44,11,0,"White",30.0392020642924,2.31889043789823
45,11,0,"White",29.8970050328864,2.30685163491522
46,11,0,"White",29.7579649584924,2.29195646517786
47,11,0,"White",29.6220464359776,2.27224440340887
48,11,0,"White",29.4891806144418,2.24577752873089
49,11,0,"White",29.3592651972171,2.21197418426231
50,11,0,"White",29.2321644418681,2.17235492231497
51,11,0,"White",29.1077091601914,2.12862113040011
52,11,0,"White",28.9856967182162,2.08247419602901
53,11,0,"White",28.8658910362039,2.03561550671292
54,11,0,"White",28.7480225886483,1.98974644996311
55,11,0,"White",28.6317884042756,1.94656841329083
56,11,0,"White",28.516852066044,1.90778278420735
57,11,0,"White",28.4028437111446,1.875060197864
58,11,0,"White",28.2893600310003,1.84913862799624
59,11,0,"White",28.1759642712667,1.82967779371965
60,11,0,"White",28.0621862318314,1.81627735094682
61,11,0,"White",27.9475222668148,1.80853695559034
62,11,0,"White",27.8314352845691,1.8060562635628
63,11,0,"White",27.7133007132671,1.8084349307768
64,11,0,"White",27.5918121223682,1.81527261314491
65,11,0,"White",27.464386844085,1.82616896657974
66,11,0,"White",27.3271119389711,1.84073190176404
67,11,0,"White",27.1747441959215,1.85871751901435
68,11,0,"White",27.0010718616409,1.88001009871819
69,11,0,"White",26.8028936648032,1.90449814770539
70,11,0,"White",26.5839978402093,1.93207017280578
71,11,0,"White",26.3550443381307,1.9626146808492
72,11,0,"White",26.1282901029184,1.99602017866548
73,11,0,"White",25.9123143516132,2.03217517308444
74,11,0,"White",25.7115390538191,2.07096817093592
75,11,0,"White",25.5263889264527,2.11227008463833
76,11,0,"White",25.3550513759888,2.15574729157731
77,11,0,"White",25.1952364407049,2.20093421105281
78,11,0,"White",25.0443539921273,2.24736306306339
79,11,0,"White",24.8997030086907,2.29456606760758
80,11,0,"White",24.758660849397,2.34207544468392
81,11,0,"White",24.6187004605127,2.38942341429096
82,11,0,"White",24.4773903755677,2.43614219642724
83,11,0,"White",24.3324010236616,2.48176401109129
84,11,0,"White",24.1815741208215,2.52587002534038
85,11,0,"White",24.0229920613604,2.56843012864549
86,11,0,"White",23.8549842261829,2.60959958140841
87,11,0,"White",23.6761269827849,2.6495347856533
88,11,0,"White",23.4852436852538,2.68839214340429
89,11,0,"White",23.2814046742681,2.72632805668555
90,11,0,"White",23.063927277098,2.76349892752121
91,11,0,"White",22.8323758076047,2.80006115793543
92,11,0,"White",22.5865615662411,2.83617114995235
93,11,0,"White",22.3265428400513,2.87197066484755
94,11,0,"White",22.0526249026709,2.90751953861413
95,11,0,"White",21.7653600143267,2.94284912641396
96,11,0,"White",21.4655474218371,2.97799075481373
97,11,0,"White",21.1542333586116,3.01297575038011
98,11,0,"White",20.8327110446513,3.04783543967978
99,11,0,"White",20.5025206865486,3.08260114927942
100,11,0,"White",20.1654494774872,3.1173042057457
101,11,0,"White",19.8235315972423,3.15197593564531
21,12,0,"White",33.762471500208,2.31498531776826
22,12,0,"White",33.6148179065707,2.38659431489071
23,12,0,"White",33.4619045561188,2.45634588353887
24,12,0,"White",33.3044652963759,2.52238259523846
25,12,0,"White",33.1432005290983,2.58284702151519
26,12,0,"White",32.9787772102741,2.63588173389479
27,12,0,"White",32.8118288501243,2.67962930390295
28,12,0,"White",32.6429555131017,2.71223230306541
29,12,0,"White",32.4727238178919,2.73183330290787
30,12,0,"White",32.3016669374127,2.73657596454987
31,12,0,"White",32.1302845988139,2.72568918455889
32,12,0,"White",31.9590430834781,2.70152354580596
33,12,0,"White",31.78837522702,2.6669875031996
34,12,0,"White",31.6186804192867,2.62498951164834
35,12,0,"White",31.4503246043575,2.57843802606071
36,12,0,"White",31.2836402805443,2.53024150134522
37,12,0,"White",31.1189265003911,2.48330839241042
38,12,0,"White",30.9564488706744,2.44054715416481
39,12,0,"White",30.7964395524028,2.40485733620337
40,12,0,"White",30.6390972608174,2.3776924878327
41,12,0,"White",30.4845872653918,2.35747389909414
42,12,0,"White",30.3330413898316,2.3422410447104
43,12,0,"White",30.184558012075,2.3300333994042
44,12,0,"White",30.0392020642924,2.31889043789823
45,12,0,"White",29.8970050328864,2.30685163491522
46,12,0,"White",29.7579649584924,2.29195646517786
47,12,0,"White",29.6220464359776,2.27224440340887
48,12,0,"White",29.4891806144418,2.24577752873089
49,12,0,"White",29.3592651972171,2.21197418426231
50,12,0,"White",29.2321644418681,2.17235492231497
51,12,0,"White",29.1077091601914,2.12862113040011
52,12,0,"White",28.9856967182162,2.08247419602901
53,12,0,"White",28.8658910362039,2.03561550671292
54,12,0,"White",28.7480225886483,1.98974644996311
55,12,0,"White",28.6317884042756,1.94656841329083
56,12,0,"White",28.516852066044,1.90778278420735
57,12,0,"White",28.4028437111446,1.875060197864
58,12,0,"White",28.2893600310003,1.84913862799624
59,12,0,"White",28.1759642712667,1.82967779371965
60,12,0,"White",28.0621862318314,1.81627735094682
61,12,0,"White",27.9475222668148,1.80853695559034
62,12,0,"White",27.8314352845691,1.8060562635628
63,12,0,"White",27.7133007132671,1.8084349307768
64,12,0,"White",27.5918121223682,1.81527261314491
65,12,0,"White",27.464386844085,1.82616896657974
66,12,0,"White",27.3271119389711,1.84073190176404
67,12,0,"White",27.1747441959215,1.85871751901435
68,12,0,"White",27.0010718616409,1.88001009871819
69,12,0,"White",26.8028936648032,1.90449814770539
70,12,0,"White",26.5839978402093,1.93207017280578
71,12,0,"White",26.3550443381307,1.9626146808492
72,12,0,"White",26.1282901029184,1.99602017866548
73,12,0,"White",25.9123143516132,2.03217517308444
74,12,0,"White",25.7115390538191,2.07096817093592
75,12,0,"White",25.5263889264527,2.11227008463833
76,12,0,"White",25.3550513759888,2.15574729157731
77,12,0,"White",25.1952364407049,2.20093421105281
78,12,0,"White",25.0443539921273,2.24736306306339
79,12,0,"White",24.8997030086907,2.29456606760758
80,12,0,"White",24.758660849397,2.34207544468392
81,12,0,"White",24.6187004605127,2.38942341429096
82,12,0,"White",24.4773903755677,2.43614219642724
83,12,0,"White",24.3324010236616,2.48176401109129
84,12,0,"White",24.1815741208215,2.52587002534038
85,12,0,"White",24.0229920613604,2.56843012864549
86,12,0,"White",23.8549842261829,2.60959958140841
87,12,0,"White",23.6761269827849,2.6495347856533
88,12,0,"White",23.4852436852538,2.68839214340429
89,12,0,"White",23.2814046742681,2.72632805668555
90,12,0,"White",23.063927277098,2.76349892752121
91,12,0,"White",22.8323758076047,2.80006115793543
92,12,0,"White",22.5865615662411,2.83617114995235
93,12,0,"White",22.3265428400513,2.87197066484755
94,12,0,"White",22.0526249026709,2.90751953861413
95,12,0,"White",21.7653600143267,2.94284912641396
96,12,0,"White",21.4655474218371,2.97799075481373
97,12,0,"White",21.1542333586116,3.01297575038011
98,12,0,"White",20.8327110446513,3.04783543967978
99,12,0,"White",20.5025206865486,3.08260114927942
100,12,0,"White",20.1654494774872,3.1173042057457
101,12,0,"White",19.8235315972423,3.15197593564531
21,13,0,"White",31.2476883799566,2.31498531776826
22,13,0,"White",31.1534634005926,2.38659431489071
23,13,0,"White",31.053978664414,2.45634588353887
24,13,0,"White",30.9499680189445,2.52238259523846
25,13,0,"White",30.8421318659402,2.58284702151519
26,13,0,"White",30.7311371613894,2.63588173389479
27,13,0,"White",30.6176174155128,2.67962930390295
28,13,0,"White",30.5021726927637,2.71223230306541
29,13,0,"White",30.3853696118272,2.73183330290787
30,13,0,"White",30.2677413456213,2.73657596454987
31,13,0,"White",30.1497876212959,2.72568918455889
32,13,0,"White",30.0319747202334,2.70152354580596
33,13,0,"White",29.9147354780486,2.6669875031996
34,13,0,"White",29.7984692845887,2.62498951164834
35,13,0,"White",29.6835420839329,2.57843802606071
36,13,0,"White",29.570286374393,2.53024150134522
37,13,0,"White",29.4590012085131,2.48330839241042
38,13,0,"White",29.3499521930697,2.44054715416481
39,13,0,"White",29.2433714890715,2.40485733620337
40,13,0,"White",29.1394578117595,2.3776924878327
41,13,0,"White",29.0383764306072,2.35747389909414
42,13,0,"White",28.9402591693204,2.3422410447104
43,13,0,"White",28.8452044058371,2.3300333994042
44,13,0,"White",28.7532770723278,2.31889043789823
45,13,0,"White",28.6645086551952,2.30685163491522
46,13,0,"White",28.5788971950745,2.29195646517786
47,13,0,"White",28.496407286833,2.27224440340887
48,13,0,"White",28.4169700795706,2.24577752873089
49,13,0,"White",28.3404832766193,2.21197418426231
50,13,0,"White",28.2668111355436,2.17235492231497
51,13,0,"White",28.1957844681402,2.12862113040011
52,13,0,"White",28.1272006404384,2.08247419602901
53,13,0,"White",28.0608235726994,2.03561550671292
54,13,0,"White",27.9963837394172,1.98974644996311
55,13,0,"White",27.9335781693177,1.94656841329083
56,13,0,"White",27.8720704453595,1.90778278420735
57,13,0,"White",27.8114907047334,1.875060197864
58,13,0,"White",27.7514356388625,1.84913862799624
59,13,0,"White",27.6914684934022,1.82967779371965
60,13,0,"White",27.6311190682403,1.81627735094682
61,13,0,"White",27.569883717497,1.80853695559034
62,13,0,"White",27.5072253495247,1.8060562635628
63,13,0,"White",27.442519392496,1.8084349307768
64,13,0,"White",27.3744594158704,1.81527261314491
65,13,0,"White",27.3004627518605,1.82616896657974
66,13,0,"White",27.21661646102,1.84073190176404
67,13,0,"White",27.1176773322437,1.85871751901435
68,13,0,"White",26.9974336122365,1.88001009871819
69,13,0,"White",26.8526840296721,1.90449814770539
70,13,0,"White",26.6872168193516,1.93207017280578
71,13,0,"White",26.5116919315463,1.9626146808492
72,13,0,"White",26.3383663106074,1.99602017866548
73,13,0,"White",26.1758191735755,2.03217517308444
74,13,0,"White",26.0284724900547,2.07096817093592
75,13,0,"White",25.8967509769617,2.11227008463833
76,13,0,"White",25.7788420407712,2.15574729157731
77,13,0,"White",25.6724557197606,2.20093421105281
78,13,0,"White",25.5750018854564,2.24736306306339
79,13,0,"White",25.483779516293,2.29456606760758
80,13,0,"White",25.3961659712727,2.34207544468392
81,13,0,"White",25.3096341966617,2.38942341429096
82,13,0,"White",25.2217527259901,2.43614219642724
83,13,0,"White",25.1301919883574,2.48176401109129
84,13,0,"White",25.0327936997905,2.52587002534038
85,13,0,"White",24.9276402546028,2.56843012864549
86,13,0,"White",24.8130610336987,2.60959958140841
87,13,0,"White",24.6876324045741,2.6495347856533
88,13,0,"White",24.5501777213163,2.68839214340429
89,13,0,"White",24.3997673246039,2.72632805668555
90,13,0,"White",24.2357185417071,2.76349892752121
91,13,0,"White",24.0575956864872,2.80006115793543
92,13,0,"White",23.8652100593969,2.83617114995235
93,13,0,"White",23.6586199474805,2.87197066484755
94,13,0,"White",23.4381306243734,2.90751953861413
95,13,0,"White",23.2042943503026,2.94284912641396
96,13,0,"White",22.9579103720863,2.97799075481373
97,13,0,"White",22.7000249231341,3.01297575038011
98,13,0,"White",22.4319312234472,3.04783543967978
99,13,0,"White",22.1551694796178,3.08260114927942
100,13,0,"White",21.8715268848298,3.1173042057457
101,13,0,"White",21.5830376188582,3.15197593564531
21,14,0,"White",31.2476883799566,2.31498531776826
22,14,0,"White",31.1534634005926,2.38659431489071
23,14,0,"White",31.053978664414,2.45634588353887
24,14,0,"White",30.9499680189445,2.52238259523846
25,14,0,"White",30.8421318659402,2.58284702151519
26,14,0,"White",30.7311371613894,2.63588173389479
27,14,0,"White",30.6176174155128,2.67962930390295
28,14,0,"White",30.5021726927637,2.71223230306541
29,14,0,"White",30.3853696118272,2.73183330290787
30,14,0,"White",30.2677413456213,2.73657596454987
31,14,0,"White",30.1497876212959,2.72568918455889
32,14,0,"White",30.0319747202334,2.70152354580596
33,14,0,"White",29.9147354780486,2.6669875031996
34,14,0,"White",29.7984692845887,2.62498951164834
35,14,0,"White",29.6835420839329,2.57843802606071
36,14,0,"White",29.570286374393,2.53024150134522
37,14,0,"White",29.4590012085131,2.48330839241042
38,14,0,"White",29.3499521930697,2.44054715416481
39,14,0,"White",29.2433714890715,2.40485733620337
40,14,0,"White",29.1394578117595,2.3776924878327
41,14,0,"White",29.0383764306072,2.35747389909414
42,14,0,"White",28.9402591693204,2.3422410447104
43,14,0,"White",28.8452044058371,2.3300333994042
44,14,0,"White",28.7532770723278,2.31889043789823
45,14,0,"White",28.6645086551952,2.30685163491522
46,14,0,"White",28.5788971950745,2.29195646517786
47,14,0,"White",28.496407286833,2.27224440340887
48,14,0,"White",28.4169700795706,2.24577752873089
49,14,0,"White",28.3404832766193,2.21197418426231
50,14,0,"White",28.2668111355436,2.17235492231497
51,14,0,"White",28.1957844681402,2.12862113040011
52,14,0,"White",28.1272006404384,2.08247419602901
53,14,0,"White",28.0608235726994,2.03561550671292
54,14,0,"White",27.9963837394172,1.98974644996311
55,14,0,"White",27.9335781693177,1.94656841329083
56,14,0,"White",27.8720704453595,1.90778278420735
57,14,0,"White",27.8114907047334,1.875060197864
58,14,0,"White",27.7514356388625,1.84913862799624
59,14,0,"White",27.6914684934022,1.82967779371965
60,14,0,"White",27.6311190682403,1.81627735094682
61,14,0,"White",27.569883717497,1.80853695559034
62,14,0,"White",27.5072253495247,1.8060562635628
63,14,0,"White",27.442519392496,1.8084349307768
64,14,0,"White",27.3744594158704,1.81527261314491
65,14,0,"White",27.3004627518605,1.82616896657974
66,14,0,"White",27.21661646102,1.84073190176404
67,14,0,"White",27.1176773322437,1.85871751901435
68,14,0,"White",26.9974336122365,1.88001009871819
69,14,0,"White",26.8526840296721,1.90449814770539
70,14,0,"White",26.6872168193516,1.93207017280578
71,14,0,"White",26.5116919315463,1.9626146808492
72,14,0,"White",26.3383663106074,1.99602017866548
73,14,0,"White",26.1758191735755,2.03217517308444
74,14,0,"White",26.0284724900547,2.07096817093592
75,14,0,"White",25.8967509769617,2.11227008463833
76,14,0,"White",25.7788420407712,2.15574729157731
77,14,0,"White",25.6724557197606,2.20093421105281
78,14,0,"White",25.5750018854564,2.24736306306339
79,14,0,"White",25.483779516293,2.29456606760758
80,14,0,"White",25.3961659712727,2.34207544468392
81,14,0,"White",25.3096341966617,2.38942341429096
82,14,0,"White",25.2217527259901,2.43614219642724
83,14,0,"White",25.1301919883574,2.48176401109129
84,14,0,"White",25.0327936997905,2.52587002534038
85,14,0,"White",24.9276402546028,2.56843012864549
86,14,0,"White",24.8130610336987,2.60959958140841
87,14,0,"White",24.6876324045741,2.6495347856533
88,14,0,"White",24.5501777213163,2.68839214340429
89,14,0,"White",24.3997673246039,2.72632805668555
90,14,0,"White",24.2357185417071,2.76349892752121
91,14,0,"White",24.0575956864872,2.80006115793543
92,14,0,"White",23.8652100593969,2.83617114995235
93,14,0,"White",23.6586199474805,2.87197066484755
94,14,0,"White",23.4381306243734,2.90751953861413
95,14,0,"White",23.2042943503026,2.94284912641396
96,14,0,"White",22.9579103720863,2.97799075481373
97,14,0,"White",22.7000249231341,3.01297575038011
98,14,0,"White",22.4319312234472,3.04783543967978
99,14,0,"White",22.1551694796178,3.08260114927942
100,14,0,"White",21.8715268848298,3.1173042057457
101,14,0,"White",21.5830376188582,3.15197593564531
21,15,0,"White",31.2476883799566,2.31498531776826
22,15,0,"White",31.1534634005926,2.38659431489071
23,15,0,"White",31.053978664414,2.45634588353887
24,15,0,"White",30.9499680189445,2.52238259523846
25,15,0,"White",30.8421318659402,2.58284702151519
26,15,0,"White",30.7311371613894,2.63588173389479
27,15,0,"White",30.6176174155128,2.67962930390295
28,15,0,"White",30.5021726927637,2.71223230306541
29,15,0,"White",30.3853696118272,2.73183330290787
30,15,0,"White",30.2677413456213,2.73657596454987
31,15,0,"White",30.1497876212959,2.72568918455889
32,15,0,"White",30.0319747202334,2.70152354580596
33,15,0,"White",29.9147354780486,2.6669875031996
34,15,0,"White",29.7984692845887,2.62498951164834
35,15,0,"White",29.6835420839329,2.57843802606071
36,15,0,"White",29.570286374393,2.53024150134522
37,15,0,"White",29.4590012085131,2.48330839241042
38,15,0,"White",29.3499521930697,2.44054715416481
39,15,0,"White",29.2433714890715,2.40485733620337
40,15,0,"White",29.1394578117595,2.3776924878327
41,15,0,"White",29.0383764306072,2.35747389909414
42,15,0,"White",28.9402591693204,2.3422410447104
43,15,0,"White",28.8452044058371,2.3300333994042
44,15,0,"White",28.7532770723278,2.31889043789823
45,15,0,"White",28.6645086551952,2.30685163491522
46,15,0,"White",28.5788971950745,2.29195646517786
47,15,0,"White",28.496407286833,2.27224440340887
48,15,0,"White",28.4169700795706,2.24577752873089
49,15,0,"White",28.3404832766193,2.21197418426231
50,15,0,"White",28.2668111355436,2.17235492231497
51,15,0,"White",28.1957844681402,2.12862113040011
52,15,0,"White",28.1272006404384,2.08247419602901
53,15,0,"White",28.0608235726994,2.03561550671292
54,15,0,"White",27.9963837394172,1.98974644996311
55,15,0,"White",27.9335781693177,1.94656841329083
56,15,0,"White",27.8720704453595,1.90778278420735
57,15,0,"White",27.8114907047334,1.875060197864
58,15,0,"White",27.7514356388625,1.84913862799624
59,15,0,"White",27.6914684934022,1.82967779371965
60,15,0,"White",27.6311190682403,1.81627735094682
61,15,0,"White",27.569883717497,1.80853695559034
62,15,0,"White",27.5072253495247,1.8060562635628
63,15,0,"White",27.442519392496,1.8084349307768
64,15,0,"White",27.3744594158704,1.81527261314491
65,15,0,"White",27.3004627518605,1.82616896657974
66,15,0,"White",27.21661646102,1.84073190176404
67,15,0,"White",27.1176773322437,1.85871751901435
68,15,0,"White",26.9974336122365,1.88001009871819
69,15,0,"White",26.8526840296721,1.90449814770539
70,15,0,"White",26.6872168193516,1.93207017280578
71,15,0,"White",26.5116919315463,1.9626146808492
72,15,0,"White",26.3383663106074,1.99602017866548
73,15,0,"White",26.1758191735755,2.03217517308444
74,15,0,"White",26.0284724900547,2.07096817093592
75,15,0,"White",25.8967509769617,2.11227008463833
76,15,0,"White",25.7788420407712,2.15574729157731
77,15,0,"White",25.6724557197606,2.20093421105281
78,15,0,"White",25.5750018854564,2.24736306306339
79,15,0,"White",25.483779516293,2.29456606760758
80,15,0,"White",25.3961659712727,2.34207544468392
81,15,0,"White",25.3096341966617,2.38942341429096
82,15,0,"White",25.2217527259901,2.43614219642724
83,15,0,"White",25.1301919883574,2.48176401109129
84,15,0,"White",25.0327936997905,2.52587002534038
85,15,0,"White",24.9276402546028,2.56843012864549
86,15,0,"White",24.8130610336987,2.60959958140841
87,15,0,"White",24.6876324045741,2.6495347856533
88,15,0,"White",24.5501777213163,2.68839214340429
89,15,0,"White",24.3997673246039,2.72632805668555
90,15,0,"White",24.2357185417071,2.76349892752121
91,15,0,"White",24.0575956864872,2.80006115793543
92,15,0,"White",23.8652100593969,2.83617114995235
93,15,0,"White",23.6586199474805,2.87197066484755
94,15,0,"White",23.4381306243734,2.90751953861413
95,15,0,"White",23.2042943503026,2.94284912641396
96,15,0,"White",22.9579103720863,2.97799075481373
97,15,0,"White",22.7000249231341,3.01297575038011
98,15,0,"White",22.4319312234472,3.04783543967978
99,15,0,"White",22.1551694796178,3.08260114927942
100,15,0,"White",21.8715268848298,3.1173042057457
101,15,0,"White",21.5830376188582,3.15197593564531
21,16,0,"White",31.2476883799566,2.31498531776826
22,16,0,"White",31.1534634005926,2.38659431489071
23,16,0,"White",31.053978664414,2.45634588353887
24,16,0,"White",30.9499680189445,2.52238259523846
25,16,0,"White",30.8421318659402,2.58284702151519
26,16,0,"White",30.7311371613894,2.63588173389479
27,16,0,"White",30.6176174155128,2.67962930390295
28,16,0,"White",30.5021726927637,2.71223230306541
29,16,0,"White",30.3853696118272,2.73183330290787
30,16,0,"White",30.2677413456213,2.73657596454987
31,16,0,"White",30.1497876212959,2.72568918455889
32,16,0,"White",30.0319747202334,2.70152354580596
33,16,0,"White",29.9147354780486,2.6669875031996
34,16,0,"White",29.7984692845887,2.62498951164834
35,16,0,"White",29.6835420839329,2.57843802606071
36,16,0,"White",29.570286374393,2.53024150134522
37,16,0,"White",29.4590012085131,2.48330839241042
38,16,0,"White",29.3499521930697,2.44054715416481
39,16,0,"White",29.2433714890715,2.40485733620337
40,16,0,"White",29.1394578117595,2.3776924878327
41,16,0,"White",29.0383764306072,2.35747389909414
42,16,0,"White",28.9402591693204,2.3422410447104
43,16,0,"White",28.8452044058371,2.3300333994042
44,16,0,"White",28.7532770723278,2.31889043789823
45,16,0,"White",28.6645086551952,2.30685163491522
46,16,0,"White",28.5788971950745,2.29195646517786
47,16,0,"White",28.496407286833,2.27224440340887
48,16,0,"White",28.4169700795706,2.24577752873089
49,16,0,"White",28.3404832766193,2.21197418426231
50,16,0,"White",28.2668111355436,2.17235492231497
51,16,0,"White",28.1957844681402,2.12862113040011
52,16,0,"White",28.1272006404384,2.08247419602901
53,16,0,"White",28.0608235726994,2.03561550671292
54,16,0,"White",27.9963837394172,1.98974644996311
55,16,0,"White",27.9335781693177,1.94656841329083
56,16,0,"White",27.8720704453595,1.90778278420735
57,16,0,"White",27.8114907047334,1.875060197864
58,16,0,"White",27.7514356388625,1.84913862799624
59,16,0,"White",27.6914684934022,1.82967779371965
60,16,0,"White",27.6311190682403,1.81627735094682
61,16,0,"White",27.569883717497,1.80853695559034
62,16,0,"White",27.5072253495247,1.8060562635628
63,16,0,"White",27.442519392496,1.8084349307768
64,16,0,"White",27.3744594158704,1.81527261314491
65,16,0,"White",27.3004627518605,1.82616896657974
66,16,0,"White",27.21661646102,1.84073190176404
67,16,0,"White",27.1176773322437,1.85871751901435
68,16,0,"White",26.9974336122365,1.88001009871819
69,16,0,"White",26.8526840296721,1.90449814770539
70,16,0,"White",26.6872168193516,1.93207017280578
71,16,0,"White",26.5116919315463,1.9626146808492
72,16,0,"White",26.3383663106074,1.99602017866548
73,16,0,"White",26.1758191735755,2.03217517308444
74,16,0,"White",26.0284724900547,2.07096817093592
75,16,0,"White",25.8967509769617,2.11227008463833
76,16,0,"White",25.7788420407712,2.15574729157731
77,16,0,"White",25.6724557197606,2.20093421105281
78,16,0,"White",25.5750018854564,2.24736306306339
79,16,0,"White",25.483779516293,2.29456606760758
80,16,0,"White",25.3961659712727,2.34207544468392
81,16,0,"White",25.3096341966617,2.38942341429096
82,16,0,"White",25.2217527259901,2.43614219642724
83,16,0,"White",25.1301919883574,2.48176401109129
84,16,0,"White",25.0327936997905,2.52587002534038
85,16,0,"White",24.9276402546028,2.56843012864549
86,16,0,"White",24.8130610336987,2.60959958140841
87,16,0,"White",24.6876324045741,2.6495347856533
88,16,0,"White",24.5501777213163,2.68839214340429
89,16,0,"White",24.3997673246039,2.72632805668555
90,16,0,"White",24.2357185417071,2.76349892752121
91,16,0,"White",24.0575956864872,2.80006115793543
92,16,0,"White",23.8652100593969,2.83617114995235
93,16,0,"White",23.6586199474805,2.87197066484755
94,16,0,"White",23.4381306243734,2.90751953861413
95,16,0,"White",23.2042943503026,2.94284912641396
96,16,0,"White",22.9579103720863,2.97799075481373
97,16,0,"White",22.7000249231341,3.01297575038011
98,16,0,"White",22.4319312234472,3.04783543967978
99,16,0,"White",22.1551694796178,3.08260114927942
100,16,0,"White",21.8715268848298,3.1173042057457
101,16,0,"White",21.5830376188582,3.15197593564531
21,17,0,"White",33.6830905906903,2.31498531776826
22,17,0,"White",33.5482827573978,2.38659431489071
23,17,0,"White",33.4082151672907,2.45634588353887
24,17,0,"White",33.2636216678927,2.52238259523846
25,17,0,"White",33.1152026609599,2.58284702151519
26,17,0,"White",32.9636251024806,2.63588173389479
27,17,0,"White",32.8095225026756,2.67962930390295
28,17,0,"White",32.6534949259979,2.71223230306541
29,17,0,"White",32.496108991133,2.73183330290787
30,17,0,"White",32.3378978709985,2.73657596454987
31,17,0,"White",32.1793612927446,2.72568918455889
32,17,0,"White",32.0209655377537,2.70152354580596
33,17,0,"White",31.8631434416404,2.6669875031996
34,17,0,"White",31.706294394252,2.62498951164834
35,17,0,"White",31.5507843396677,2.57843802606071
36,17,0,"White",31.3969457761993,2.53024150134522
37,17,0,"White",31.245077756391,2.48330839241042
38,17,0,"White",31.095445887019,2.44054715416481
39,17,0,"White",30.9482823290923,2.40485733620337
40,17,0,"White",30.8037857978518,2.3776924878327
41,17,0,"White",30.6621215627711,2.35747389909414
42,17,0,"White",30.5234214475557,2.3422410447104
43,17,0,"White",30.387783830144,2.3300333994042
44,17,0,"White",30.2552736427062,2.31889043789823
45,17,0,"White",30.1259223716451,2.30685163491522
46,17,0,"White",29.9997280575959,2.29195646517786
47,17,0,"White",29.8766552954259,2.27224440340887
48,17,0,"White",29.756635234235,2.24577752873089
49,17,0,"White",29.6395655773552,2.21197418426231
50,17,0,"White",29.525310582351,2.17235492231497
51,17,0,"White",29.4137010610192,2.12862113040011
52,17,0,"White",29.3045343793888,2.08247419602901
53,17,0,"White",29.1975744577214,2.03561550671292
54,17,0,"White",29.0925517705106,1.98974644996311
55,17,0,"White",28.9891633464827,1.94656841329083
56,17,0,"White",28.887072768596,1.90778278420735
57,17,0,"White",28.7859101740414,1.875060197864
58,17,0,"White",28.685272254242,1.84913862799624
59,17,0,"White",28.5847222548532,1.82967779371965
60,17,0,"White",28.4837899757628,1.81627735094682
61,17,0,"White",28.381971771091,1.80853695559034
62,17,0,"White",28.2787305491902,1.8060562635628
63,17,0,"White",28.1734417382331,1.8084349307768
64,17,0,"White",28.064798907679,1.81527261314491
65,17,0,"White",27.9502193897406,1.82616896657974
66,17,0,"White",27.8257902449716,1.84073190176404
67,17,0,"White",27.6862682622668,1.85871751901435
68,17,0,"White",27.5254416883311,1.88001009871819
69,17,0,"White",27.3401092518382,1.90449814770539
70,17,0,"White",27.1340591875892,1.93207017280578
71,17,0,"White",26.9179514458555,1.9626146808492
72,17,0,"White",26.704042970988,1.99602017866548
73,17,0,"White",26.5009129800277,2.03217517308444
74,17,0,"White",26.3129834425784,2.07096817093592
75,17,0,"White",26.1406790755569,2.11227008463833
76,17,0,"White",25.9821872854378,2.15574729157731
77,17,0,"White",25.8352181104988,2.20093421105281
78,17,0,"White",25.697181422266,2.24736306306339
79,17,0,"White",25.5653761991742,2.29456606760758
80,17,0,"White",25.4371798002254,2.34207544468392
81,17,0,"White",25.3100651716859,2.38942341429096
82,17,0,"White",25.1816008470858,2.43614219642724
83,17,0,"White",25.0494572555246,2.48176401109129
84,17,0,"White",24.9114761130293,2.52587002534038
85,17,0,"White",24.765739813913,2.56843012864549
86,17,0,"White",24.6105777390804,2.60959958140841
87,17,0,"White",24.4445662560273,2.6495347856533
88,17,0,"White",24.266528718841,2.68839214340429
89,17,0,"White",24.0755354682002,2.72632805668555
90,17,0,"White",23.8709038313749,2.76349892752121
91,17,0,"White",23.6521981222265,2.80006115793543
92,17,0,"White",23.4192296412077,2.83617114995235
93,17,0,"White",23.1720566753628,2.87197066484755
94,17,0,"White",22.9109844983272,2.90751953861413
95,17,0,"White",22.6365653703279,2.94284912641396
96,17,0,"White",22.3495985381831,2.97799075481373
97,17,0,"White",22.0511302353025,3.01297575038011
98,17,0,"White",21.742453681687,3.04783543967978
99,17,0,"White",21.4251090839291,3.08260114927942
100,17,0,"White",21.1008836352126,3.1173042057457
101,17,0,"White",20.7718115153126,3.15197593564531
21,18,0,"White",33.6830905906903,2.31498531776826
22,18,0,"White",33.5482827573978,2.38659431489071
23,18,0,"White",33.4082151672907,2.45634588353887
24,18,0,"White",33.2636216678927,2.52238259523846
25,18,0,"White",33.1152026609599,2.58284702151519
26,18,0,"White",32.9636251024806,2.63588173389479
27,18,0,"White",32.8095225026756,2.67962930390295
28,18,0,"White",32.6534949259979,2.71223230306541
29,18,0,"White",32.496108991133,2.73183330290787
30,18,0,"White",32.3378978709985,2.73657596454987
31,18,0,"White",32.1793612927446,2.72568918455889
32,18,0,"White",32.0209655377537,2.70152354580596
33,18,0,"White",31.8631434416404,2.6669875031996
34,18,0,"White",31.706294394252,2.62498951164834
35,18,0,"White",31.5507843396677,2.57843802606071
36,18,0,"White",31.3969457761993,2.53024150134522
37,18,0,"White",31.245077756391,2.48330839241042
38,18,0,"White",31.095445887019,2.44054715416481
39,18,0,"White",30.9482823290923,2.40485733620337
40,18,0,"White",30.8037857978518,2.3776924878327
41,18,0,"White",30.6621215627711,2.35747389909414
42,18,0,"White",30.5234214475557,2.3422410447104
43,18,0,"White",30.387783830144,2.3300333994042
44,18,0,"White",30.2552736427062,2.31889043789823
45,18,0,"White",30.1259223716451,2.30685163491522
46,18,0,"White",29.9997280575959,2.29195646517786
47,18,0,"White",29.8766552954259,2.27224440340887
48,18,0,"White",29.756635234235,2.24577752873089
49,18,0,"White",29.6395655773552,2.21197418426231
50,18,0,"White",29.525310582351,2.17235492231497
51,18,0,"White",29.4137010610192,2.12862113040011
52,18,0,"White",29.3045343793888,2.08247419602901
53,18,0,"White",29.1975744577214,2.03561550671292
54,18,0,"White",29.0925517705106,1.98974644996311
55,18,0,"White",28.9891633464827,1.94656841329083
56,18,0,"White",28.887072768596,1.90778278420735
57,18,0,"White",28.7859101740414,1.875060197864
58,18,0,"White",28.685272254242,1.84913862799624
59,18,0,"White",28.5847222548532,1.82967779371965
60,18,0,"White",28.4837899757628,1.81627735094682
61,18,0,"White",28.381971771091,1.80853695559034
62,18,0,"White",28.2787305491902,1.8060562635628
63,18,0,"White",28.1734417382331,1.8084349307768
64,18,0,"White",28.064798907679,1.81527261314491
65,18,0,"White",27.9502193897406,1.82616896657974
66,18,0,"White",27.8257902449716,1.84073190176404
67,18,0,"White",27.6862682622668,1.85871751901435
68,18,0,"White",27.5254416883311,1.88001009871819
69,18,0,"White",27.3401092518382,1.90449814770539
70,18,0,"White",27.1340591875892,1.93207017280578
71,18,0,"White",26.9179514458555,1.9626146808492
72,18,0,"White",26.704042970988,1.99602017866548
73,18,0,"White",26.5009129800277,2.03217517308444
74,18,0,"White",26.3129834425784,2.07096817093592
75,18,0,"White",26.1406790755569,2.11227008463833
76,18,0,"White",25.9821872854378,2.15574729157731
77,18,0,"White",25.8352181104988,2.20093421105281
78,18,0,"White",25.697181422266,2.24736306306339
79,18,0,"White",25.5653761991742,2.29456606760758
80,18,0,"White",25.4371798002254,2.34207544468392
81,18,0,"White",25.3100651716859,2.38942341429096
82,18,0,"White",25.1816008470858,2.43614219642724
83,18,0,"White",25.0494572555246,2.48176401109129
84,18,0,"White",24.9114761130293,2.52587002534038
85,18,0,"White",24.765739813913,2.56843012864549
86,18,0,"White",24.6105777390804,2.60959958140841
87,18,0,"White",24.4445662560273,2.6495347856533
88,18,0,"White",24.266528718841,2.68839214340429
89,18,0,"White",24.0755354682002,2.72632805668555
90,18,0,"White",23.8709038313749,2.76349892752121
91,18,0,"White",23.6521981222265,2.80006115793543
92,18,0,"White",23.4192296412077,2.83617114995235
93,18,0,"White",23.1720566753628,2.87197066484755
94,18,0,"White",22.9109844983272,2.90751953861413
95,18,0,"White",22.6365653703279,2.94284912641396
96,18,0,"White",22.3495985381831,2.97799075481373
97,18,0,"White",22.0511302353025,3.01297575038011
98,18,0,"White",21.742453681687,3.04783543967978
99,18,0,"White",21.4251090839291,3.08260114927942
100,18,0,"White",21.1008836352126,3.1173042057457
101,18,0,"White",20.7718115153126,3.15197593564531
21,19,0,"White",33.6830905906903,2.31498531776826
22,19,0,"White",33.5482827573978,2.38659431489071
23,19,0,"White",33.4082151672907,2.45634588353887
24,19,0,"White",33.2636216678927,2.52238259523846
25,19,0,"White",33.1152026609599,2.58284702151519
26,19,0,"White",32.9636251024806,2.63588173389479
27,19,0,"White",32.8095225026756,2.67962930390295
28,19,0,"White",32.6534949259979,2.71223230306541
29,19,0,"White",32.496108991133,2.73183330290787
30,19,0,"White",32.3378978709985,2.73657596454987
31,19,0,"White",32.1793612927446,2.72568918455889
32,19,0,"White",32.0209655377537,2.70152354580596
33,19,0,"White",31.8631434416404,2.6669875031996
34,19,0,"White",31.706294394252,2.62498951164834
35,19,0,"White",31.5507843396677,2.57843802606071
36,19,0,"White",31.3969457761993,2.53024150134522
37,19,0,"White",31.245077756391,2.48330839241042
38,19,0,"White",31.095445887019,2.44054715416481
39,19,0,"White",30.9482823290923,2.40485733620337
40,19,0,"White",30.8037857978518,2.3776924878327
41,19,0,"White",30.6621215627711,2.35747389909414
42,19,0,"White",30.5234214475557,2.3422410447104
43,19,0,"White",30.387783830144,2.3300333994042
44,19,0,"White",30.2552736427062,2.31889043789823
45,19,0,"White",30.1259223716451,2.30685163491522
46,19,0,"White",29.9997280575959,2.29195646517786
47,19,0,"White",29.8766552954259,2.27224440340887
48,19,0,"White",29.756635234235,2.24577752873089
49,19,0,"White",29.6395655773552,2.21197418426231
50,19,0,"White",29.525310582351,2.17235492231497
51,19,0,"White",29.4137010610192,2.12862113040011
52,19,0,"White",29.3045343793888,2.08247419602901
53,19,0,"White",29.1975744577214,2.03561550671292
54,19,0,"White",29.0925517705106,1.98974644996311
55,19,0,"White",28.9891633464827,1.94656841329083
56,19,0,"White",28.887072768596,1.90778278420735
57,19,0,"White",28.7859101740414,1.875060197864
58,19,0,"White",28.685272254242,1.84913862799624
59,19,0,"White",28.5847222548532,1.82967779371965
60,19,0,"White",28.4837899757628,1.81627735094682
61,19,0,"White",28.381971771091,1.80853695559034
62,19,0,"White",28.2787305491902,1.8060562635628
63,19,0,"White",28.1734417382331,1.8084349307768
64,19,0,"White",28.064798907679,1.81527261314491
65,19,0,"White",27.9502193897406,1.82616896657974
66,19,0,"White",27.8257902449716,1.84073190176404
67,19,0,"White",27.6862682622668,1.85871751901435
68,19,0,"White",27.5254416883311,1.88001009871819
69,19,0,"White",27.3401092518382,1.90449814770539
70,19,0,"White",27.1340591875892,1.93207017280578
71,19,0,"White",26.9179514458555,1.9626146808492
72,19,0,"White",26.704042970988,1.99602017866548
73,19,0,"White",26.5009129800277,2.03217517308444
74,19,0,"White",26.3129834425784,2.07096817093592
75,19,0,"White",26.1406790755569,2.11227008463833
76,19,0,"White",25.9821872854378,2.15574729157731
77,19,0,"White",25.8352181104988,2.20093421105281
78,19,0,"White",25.697181422266,2.24736306306339
79,19,0,"White",25.5653761991742,2.29456606760758
80,19,0,"White",25.4371798002254,2.34207544468392
81,19,0,"White",25.3100651716859,2.38942341429096
82,19,0,"White",25.1816008470858,2.43614219642724
83,19,0,"White",25.0494572555246,2.48176401109129
84,19,0,"White",24.9114761130293,2.52587002534038
85,19,0,"White",24.765739813913,2.56843012864549
86,19,0,"White",24.6105777390804,2.60959958140841
87,19,0,"White",24.4445662560273,2.6495347856533
88,19,0,"White",24.266528718841,2.68839214340429
89,19,0,"White",24.0755354682002,2.72632805668555
90,19,0,"White",23.8709038313749,2.76349892752121
91,19,0,"White",23.6521981222265,2.80006115793543
92,19,0,"White",23.4192296412077,2.83617114995235
93,19,0,"White",23.1720566753628,2.87197066484755
94,19,0,"White",22.9109844983272,2.90751953861413
95,19,0,"White",22.6365653703279,2.94284912641396
96,19,0,"White",22.3495985381831,2.97799075481373
97,19,0,"White",22.0511302353025,3.01297575038011
98,19,0,"White",21.742453681687,3.04783543967978
99,19,0,"White",21.4251090839291,3.08260114927942
100,19,0,"White",21.1008836352126,3.1173042057457
101,19,0,"White",20.7718115153126,3.15197593564531
21,20,0,"White",33.6830905906903,2.31498531776826
22,20,0,"White",33.5482827573978,2.38659431489071
23,20,0,"White",33.4082151672907,2.45634588353887
24,20,0,"White",33.2636216678927,2.52238259523846
25,20,0,"White",33.1152026609599,2.58284702151519
26,20,0,"White",32.9636251024806,2.63588173389479
27,20,0,"White",32.8095225026756,2.67962930390295
28,20,0,"White",32.6534949259979,2.71223230306541
29,20,0,"White",32.496108991133,2.73183330290787
30,20,0,"White",32.3378978709985,2.73657596454987
31,20,0,"White",32.1793612927446,2.72568918455889
32,20,0,"White",32.0209655377537,2.70152354580596
33,20,0,"White",31.8631434416404,2.6669875031996
34,20,0,"White",31.706294394252,2.62498951164834
35,20,0,"White",31.5507843396677,2.57843802606071
36,20,0,"White",31.3969457761993,2.53024150134522
37,20,0,"White",31.245077756391,2.48330839241042
38,20,0,"White",31.095445887019,2.44054715416481
39,20,0,"White",30.9482823290923,2.40485733620337
40,20,0,"White",30.8037857978518,2.3776924878327
41,20,0,"White",30.6621215627711,2.35747389909414
42,20,0,"White",30.5234214475557,2.3422410447104
43,20,0,"White",30.387783830144,2.3300333994042
44,20,0,"White",30.2552736427062,2.31889043789823
45,20,0,"White",30.1259223716451,2.30685163491522
46,20,0,"White",29.9997280575959,2.29195646517786
47,20,0,"White",29.8766552954259,2.27224440340887
48,20,0,"White",29.756635234235,2.24577752873089
49,20,0,"White",29.6395655773552,2.21197418426231
50,20,0,"White",29.525310582351,2.17235492231497
51,20,0,"White",29.4137010610192,2.12862113040011
52,20,0,"White",29.3045343793888,2.08247419602901
53,20,0,"White",29.1975744577214,2.03561550671292
54,20,0,"White",29.0925517705106,1.98974644996311
55,20,0,"White",28.9891633464827,1.94656841329083
56,20,0,"White",28.887072768596,1.90778278420735
57,20,0,"White",28.7859101740414,1.875060197864
58,20,0,"White",28.685272254242,1.84913862799624
59,20,0,"White",28.5847222548532,1.82967779371965
60,20,0,"White",28.4837899757628,1.81627735094682
61,20,0,"White",28.381971771091,1.80853695559034
62,20,0,"White",28.2787305491902,1.8060562635628
63,20,0,"White",28.1734417382331,1.8084349307768
64,20,0,"White",28.064798907679,1.81527261314491
65,20,0,"White",27.9502193897406,1.82616896657974
66,20,0,"White",27.8257902449716,1.84073190176404
67,20,0,"White",27.6862682622668,1.85871751901435
68,20,0,"White",27.5254416883311,1.88001009871819
69,20,0,"White",27.3401092518382,1.90449814770539
70,20,0,"White",27.1340591875892,1.93207017280578
71,20,0,"White",26.9179514458555,1.9626146808492
72,20,0,"White",26.704042970988,1.99602017866548
73,20,0,"White",26.5009129800277,2.03217517308444
74,20,0,"White",26.3129834425784,2.07096817093592
75,20,0,"White",26.1406790755569,2.11227008463833
76,20,0,"White",25.9821872854378,2.15574729157731
77,20,0,"White",25.8352181104988,2.20093421105281
78,20,0,"White",25.697181422266,2.24736306306339
79,20,0,"White",25.5653761991742,2.29456606760758
80,20,0,"White",25.4371798002254,2.34207544468392
81,20,0,"White",25.3100651716859,2.38942341429096
82,20,0,"White",25.1816008470858,2.43614219642724
83,20,0,"White",25.0494572555246,2.48176401109129
84,20,0,"White",24.9114761130293,2.52587002534038
85,20,0,"White",24.765739813913,2.56843012864549
86,20,0,"White",24.6105777390804,2.60959958140841
87,20,0,"White",24.4445662560273,2.6495347856533
88,20,0,"White",24.266528718841,2.68839214340429
89,20,0,"White",24.0755354682002,2.72632805668555
90,20,0,"White",23.8709038313749,2.76349892752121
91,20,0,"White",23.6521981222265,2.80006115793543
92,20,0,"White",23.4192296412077,2.83617114995235
93,20,0,"White",23.1720566753628,2.87197066484755
94,20,0,"White",22.9109844983272,2.90751953861413
95,20,0,"White",22.6365653703279,2.94284912641396
96,20,0,"White",22.3495985381831,2.97799075481373
97,20,0,"White",22.0511302353025,3.01297575038011
98,20,0,"White",21.742453681687,3.04783543967978
99,20,0,"White",21.4251090839291,3.08260114927942
100,20,0,"White",21.1008836352126,3.1173042057457
101,20,0,"White",20.7718115153126,3.15197593564531
21,21,0,"White",33.6830905906903,2.31498531776826
22,21,0,"White",33.5482827573978,2.38659431489071
23,21,0,"White",33.4082151672907,2.45634588353887
24,21,0,"White",33.2636216678927,2.52238259523846
25,21,0,"White",33.1152026609599,2.58284702151519
26,21,0,"White",32.9636251024806,2.63588173389479
27,21,0,"White",32.8095225026756,2.67962930390295
28,21,0,"White",32.6534949259979,2.71223230306541
29,21,0,"White",32.496108991133,2.73183330290787
30,21,0,"White",32.3378978709985,2.73657596454987
31,21,0,"White",32.1793612927446,2.72568918455889
32,21,0,"White",32.0209655377537,2.70152354580596
33,21,0,"White",31.8631434416404,2.6669875031996
34,21,0,"White",31.706294394252,2.62498951164834
35,21,0,"White",31.5507843396677,2.57843802606071
36,21,0,"White",31.3969457761993,2.53024150134522
37,21,0,"White",31.245077756391,2.48330839241042
38,21,0,"White",31.095445887019,2.44054715416481
39,21,0,"White",30.9482823290923,2.40485733620337
40,21,0,"White",30.8037857978518,2.3776924878327
41,21,0,"White",30.6621215627711,2.35747389909414
42,21,0,"White",30.5234214475557,2.3422410447104
43,21,0,"White",30.387783830144,2.3300333994042
44,21,0,"White",30.2552736427062,2.31889043789823
45,21,0,"White",30.1259223716451,2.30685163491522
46,21,0,"White",29.9997280575959,2.29195646517786
47,21,0,"White",29.8766552954259,2.27224440340887
48,21,0,"White",29.756635234235,2.24577752873089
49,21,0,"White",29.6395655773552,2.21197418426231
50,21,0,"White",29.525310582351,2.17235492231497
51,21,0,"White",29.4137010610192,2.12862113040011
52,21,0,"White",29.3045343793888,2.08247419602901
53,21,0,"White",29.1975744577214,2.03561550671292
54,21,0,"White",29.0925517705106,1.98974644996311
55,21,0,"White",28.9891633464827,1.94656841329083
56,21,0,"White",28.887072768596,1.90778278420735
57,21,0,"White",28.7859101740414,1.875060197864
58,21,0,"White",28.685272254242,1.84913862799624
59,21,0,"White",28.5847222548532,1.82967779371965
60,21,0,"White",28.4837899757628,1.81627735094682
61,21,0,"White",28.381971771091,1.80853695559034
62,21,0,"White",28.2787305491902,1.8060562635628
63,21,0,"White",28.1734417382331,1.8084349307768
64,21,0,"White",28.064798907679,1.81527261314491
65,21,0,"White",27.9502193897406,1.82616896657974
66,21,0,"White",27.8257902449716,1.84073190176404
67,21,0,"White",27.6862682622668,1.85871751901435
68,21,0,"White",27.5254416883311,1.88001009871819
69,21,0,"White",27.3401092518382,1.90449814770539
70,21,0,"White",27.1340591875892,1.93207017280578
71,21,0,"White",26.9179514458555,1.9626146808492
72,21,0,"White",26.704042970988,1.99602017866548
73,21,0,"White",26.5009129800277,2.03217517308444
74,21,0,"White",26.3129834425784,2.07096817093592
75,21,0,"White",26.1406790755569,2.11227008463833
76,21,0,"White",25.9821872854378,2.15574729157731
77,21,0,"White",25.8352181104988,2.20093421105281
78,21,0,"White",25.697181422266,2.24736306306339
79,21,0,"White",25.5653761991742,2.29456606760758
80,21,0,"White",25.4371798002254,2.34207544468392
81,21,0,"White",25.3100651716859,2.38942341429096
82,21,0,"White",25.1816008470858,2.43614219642724
83,21,0,"White",25.0494572555246,2.48176401109129
84,21,0,"White",24.9114761130293,2.52587002534038
85,21,0,"White",24.765739813913,2.56843012864549
86,21,0,"White",24.6105777390804,2.60959958140841
87,21,0,"White",24.4445662560273,2.6495347856533
88,21,0,"White",24.266528718841,2.68839214340429
89,21,0,"White",24.0755354682002,2.72632805668555
90,21,0,"White",23.8709038313749,2.76349892752121
91,21,0,"White",23.6521981222265,2.80006115793543
92,21,0,"White",23.4192296412077,2.83617114995235
93,21,0,"White",23.1720566753628,2.87197066484755
94,21,0,"White",22.9109844983272,2.90751953861413
95,21,0,"White",22.6365653703279,2.94284912641396
96,21,0,"White",22.3495985381831,2.97799075481373
97,21,0,"White",22.0511302353025,3.01297575038011
98,21,0,"White",21.742453681687,3.04783543967978
99,21,0,"White",21.4251090839291,3.08260114927942
100,21,0,"White",21.1008836352126,3.1173042057457
101,21,0,"White",20.7718115153126,3.15197593564531
21,22,0,"White",33.6830905906903,2.31498531776826
22,22,0,"White",33.5482827573978,2.38659431489071
23,22,0,"White",33.4082151672907,2.45634588353887
24,22,0,"White",33.2636216678927,2.52238259523846
25,22,0,"White",33.1152026609599,2.58284702151519
26,22,0,"White",32.9636251024806,2.63588173389479
27,22,0,"White",32.8095225026756,2.67962930390295
28,22,0,"White",32.6534949259979,2.71223230306541
29,22,0,"White",32.496108991133,2.73183330290787
30,22,0,"White",32.3378978709985,2.73657596454987
31,22,0,"White",32.1793612927446,2.72568918455889
32,22,0,"White",32.0209655377537,2.70152354580596
33,22,0,"White",31.8631434416404,2.6669875031996
34,22,0,"White",31.706294394252,2.62498951164834
35,22,0,"White",31.5507843396677,2.57843802606071
36,22,0,"White",31.3969457761993,2.53024150134522
37,22,0,"White",31.245077756391,2.48330839241042
38,22,0,"White",31.095445887019,2.44054715416481
39,22,0,"White",30.9482823290923,2.40485733620337
40,22,0,"White",30.8037857978518,2.3776924878327
41,22,0,"White",30.6621215627711,2.35747389909414
42,22,0,"White",30.5234214475557,2.3422410447104
43,22,0,"White",30.387783830144,2.3300333994042
44,22,0,"White",30.2552736427062,2.31889043789823
45,22,0,"White",30.1259223716451,2.30685163491522
46,22,0,"White",29.9997280575959,2.29195646517786
47,22,0,"White",29.8766552954259,2.27224440340887
48,22,0,"White",29.756635234235,2.24577752873089
49,22,0,"White",29.6395655773552,2.21197418426231
50,22,0,"White",29.525310582351,2.17235492231497
51,22,0,"White",29.4137010610192,2.12862113040011
52,22,0,"White",29.3045343793888,2.08247419602901
53,22,0,"White",29.1975744577214,2.03561550671292
54,22,0,"White",29.0925517705106,1.98974644996311
55,22,0,"White",28.9891633464827,1.94656841329083
56,22,0,"White",28.887072768596,1.90778278420735
57,22,0,"White",28.7859101740414,1.875060197864
58,22,0,"White",28.685272254242,1.84913862799624
59,22,0,"White",28.5847222548532,1.82967779371965
60,22,0,"White",28.4837899757628,1.81627735094682
61,22,0,"White",28.381971771091,1.80853695559034
62,22,0,"White",28.2787305491902,1.8060562635628
63,22,0,"White",28.1734417382331,1.8084349307768
64,22,0,"White",28.064798907679,1.81527261314491
65,22,0,"White",27.9502193897406,1.82616896657974
66,22,0,"White",27.8257902449716,1.84073190176404
67,22,0,"White",27.6862682622668,1.85871751901435
68,22,0,"White",27.5254416883311,1.88001009871819
69,22,0,"White",27.3401092518382,1.90449814770539
70,22,0,"White",27.1340591875892,1.93207017280578
71,22,0,"White",26.9179514458555,1.9626146808492
72,22,0,"White",26.704042970988,1.99602017866548
73,22,0,"White",26.5009129800277,2.03217517308444
74,22,0,"White",26.3129834425784,2.07096817093592
75,22,0,"White",26.1406790755569,2.11227008463833
76,22,0,"White",25.9821872854378,2.15574729157731
77,22,0,"White",25.8352181104988,2.20093421105281
78,22,0,"White",25.697181422266,2.24736306306339
79,22,0,"White",25.5653761991742,2.29456606760758
80,22,0,"White",25.4371798002254,2.34207544468392
81,22,0,"White",25.3100651716859,2.38942341429096
82,22,0,"White",25.1816008470858,2.43614219642724
83,22,0,"White",25.0494572555246,2.48176401109129
84,22,0,"White",24.9114761130293,2.52587002534038
85,22,0,"White",24.765739813913,2.56843012864549
86,22,0,"White",24.6105777390804,2.60959958140841
87,22,0,"White",24.4445662560273,2.6495347856533
88,22,0,"White",24.266528718841,2.68839214340429
89,22,0,"White",24.0755354682002,2.72632805668555
90,22,0,"White",23.8709038313749,2.76349892752121
91,22,0,"White",23.6521981222265,2.80006115793543
92,22,0,"White",23.4192296412077,2.83617114995235
93,22,0,"White",23.1720566753628,2.87197066484755
94,22,0,"White",22.9109844983272,2.90751953861413
95,22,0,"White",22.6365653703279,2.94284912641396
96,22,0,"White",22.3495985381831,2.97799075481373
97,22,0,"White",22.0511302353025,3.01297575038011
98,22,0,"White",21.742453681687,3.04783543967978
99,22,0,"White",21.4251090839291,3.08260114927942
100,22,0,"White",21.1008836352126,3.1173042057457
101,22,0,"White",20.7718115153126,3.15197593564531
21,23,0,"White",33.6830905906903,2.31498531776826
22,23,0,"White",33.5482827573978,2.38659431489071
23,23,0,"White",33.4082151672907,2.45634588353887
24,23,0,"White",33.2636216678927,2.52238259523846
25,23,0,"White",33.1152026609599,2.58284702151519
26,23,0,"White",32.9636251024806,2.63588173389479
27,23,0,"White",32.8095225026756,2.67962930390295
28,23,0,"White",32.6534949259979,2.71223230306541
29,23,0,"White",32.496108991133,2.73183330290787
30,23,0,"White",32.3378978709985,2.73657596454987
31,23,0,"White",32.1793612927446,2.72568918455889
32,23,0,"White",32.0209655377537,2.70152354580596
33,23,0,"White",31.8631434416404,2.6669875031996
34,23,0,"White",31.706294394252,2.62498951164834
35,23,0,"White",31.5507843396677,2.57843802606071
36,23,0,"White",31.3969457761993,2.53024150134522
37,23,0,"White",31.245077756391,2.48330839241042
38,23,0,"White",31.095445887019,2.44054715416481
39,23,0,"White",30.9482823290923,2.40485733620337
40,23,0,"White",30.8037857978518,2.3776924878327
41,23,0,"White",30.6621215627711,2.35747389909414
42,23,0,"White",30.5234214475557,2.3422410447104
43,23,0,"White",30.387783830144,2.3300333994042
44,23,0,"White",30.2552736427062,2.31889043789823
45,23,0,"White",30.1259223716451,2.30685163491522
46,23,0,"White",29.9997280575959,2.29195646517786
47,23,0,"White",29.8766552954259,2.27224440340887
48,23,0,"White",29.756635234235,2.24577752873089
49,23,0,"White",29.6395655773552,2.21197418426231
50,23,0,"White",29.525310582351,2.17235492231497
51,23,0,"White",29.4137010610192,2.12862113040011
52,23,0,"White",29.3045343793888,2.08247419602901
53,23,0,"White",29.1975744577214,2.03561550671292
54,23,0,"White",29.0925517705106,1.98974644996311
55,23,0,"White",28.9891633464827,1.94656841329083
56,23,0,"White",28.887072768596,1.90778278420735
57,23,0,"White",28.7859101740414,1.875060197864
58,23,0,"White",28.685272254242,1.84913862799624
59,23,0,"White",28.5847222548532,1.82967779371965
60,23,0,"White",28.4837899757628,1.81627735094682
61,23,0,"White",28.381971771091,1.80853695559034
62,23,0,"White",28.2787305491902,1.8060562635628
63,23,0,"White",28.1734417382331,1.8084349307768
64,23,0,"White",28.064798907679,1.81527261314491
65,23,0,"White",27.9502193897406,1.82616896657974
66,23,0,"White",27.8257902449716,1.84073190176404
67,23,0,"White",27.6862682622668,1.85871751901435
68,23,0,"White",27.5254416883311,1.88001009871819
69,23,0,"White",27.3401092518382,1.90449814770539
70,23,0,"White",27.1340591875892,1.93207017280578
71,23,0,"White",26.9179514458555,1.9626146808492
72,23,0,"White",26.704042970988,1.99602017866548
73,23,0,"White",26.5009129800277,2.03217517308444
74,23,0,"White",26.3129834425784,2.07096817093592
75,23,0,"White",26.1406790755569,2.11227008463833
76,23,0,"White",25.9821872854378,2.15574729157731
77,23,0,"White",25.8352181104988,2.20093421105281
78,23,0,"White",25.697181422266,2.24736306306339
79,23,0,"White",25.5653761991742,2.29456606760758
80,23,0,"White",25.4371798002254,2.34207544468392
81,23,0,"White",25.3100651716859,2.38942341429096
82,23,0,"White",25.1816008470858,2.43614219642724
83,23,0,"White",25.0494572555246,2.48176401109129
84,23,0,"White",24.9114761130293,2.52587002534038
85,23,0,"White",24.765739813913,2.56843012864549
86,23,0,"White",24.6105777390804,2.60959958140841
87,23,0,"White",24.4445662560273,2.6495347856533
88,23,0,"White",24.266528718841,2.68839214340429
89,23,0,"White",24.0755354682002,2.72632805668555
90,23,0,"White",23.8709038313749,2.76349892752121
91,23,0,"White",23.6521981222265,2.80006115793543
92,23,0,"White",23.4192296412077,2.83617114995235
93,23,0,"White",23.1720566753628,2.87197066484755
94,23,0,"White",22.9109844983272,2.90751953861413
95,23,0,"White",22.6365653703279,2.94284912641396
96,23,0,"White",22.3495985381831,2.97799075481373
97,23,0,"White",22.0511302353025,3.01297575038011
98,23,0,"White",21.742453681687,3.04783543967978
99,23,0,"White",21.4251090839291,3.08260114927942
100,23,0,"White",21.1008836352126,3.1173042057457
101,23,0,"White",20.7718115153126,3.15197593564531
21,24,0,"White",33.6830905906903,2.31498531776826
22,24,0,"White",33.5482827573978,2.38659431489071
23,24,0,"White",33.4082151672907,2.45634588353887
24,24,0,"White",33.2636216678927,2.52238259523846
25,24,0,"White",33.1152026609599,2.58284702151519
26,24,0,"White",32.9636251024806,2.63588173389479
27,24,0,"White",32.8095225026756,2.67962930390295
28,24,0,"White",32.6534949259979,2.71223230306541
29,24,0,"White",32.496108991133,2.73183330290787
30,24,0,"White",32.3378978709985,2.73657596454987
31,24,0,"White",32.1793612927446,2.72568918455889
32,24,0,"White",32.0209655377537,2.70152354580596
33,24,0,"White",31.8631434416404,2.6669875031996
34,24,0,"White",31.706294394252,2.62498951164834
35,24,0,"White",31.5507843396677,2.57843802606071
36,24,0,"White",31.3969457761993,2.53024150134522
37,24,0,"White",31.245077756391,2.48330839241042
38,24,0,"White",31.095445887019,2.44054715416481
39,24,0,"White",30.9482823290923,2.40485733620337
40,24,0,"White",30.8037857978518,2.3776924878327
41,24,0,"White",30.6621215627711,2.35747389909414
42,24,0,"White",30.5234214475557,2.3422410447104
43,24,0,"White",30.387783830144,2.3300333994042
44,24,0,"White",30.2552736427062,2.31889043789823
45,24,0,"White",30.1259223716451,2.30685163491522
46,24,0,"White",29.9997280575959,2.29195646517786
47,24,0,"White",29.8766552954259,2.27224440340887
48,24,0,"White",29.756635234235,2.24577752873089
49,24,0,"White",29.6395655773552,2.21197418426231
50,24,0,"White",29.525310582351,2.17235492231497
51,24,0,"White",29.4137010610192,2.12862113040011
52,24,0,"White",29.3045343793888,2.08247419602901
53,24,0,"White",29.1975744577214,2.03561550671292
54,24,0,"White",29.0925517705106,1.98974644996311
55,24,0,"White",28.9891633464827,1.94656841329083
56,24,0,"White",28.887072768596,1.90778278420735
57,24,0,"White",28.7859101740414,1.875060197864
58,24,0,"White",28.685272254242,1.84913862799624
59,24,0,"White",28.5847222548532,1.82967779371965
60,24,0,"White",28.4837899757628,1.81627735094682
61,24,0,"White",28.381971771091,1.80853695559034
62,24,0,"White",28.2787305491902,1.8060562635628
63,24,0,"White",28.1734417382331,1.8084349307768
64,24,0,"White",28.064798907679,1.81527261314491
65,24,0,"White",27.9502193897406,1.82616896657974
66,24,0,"White",27.8257902449716,1.84073190176404
67,24,0,"White",27.6862682622668,1.85871751901435
68,24,0,"White",27.5254416883311,1.88001009871819
69,24,0,"White",27.3401092518382,1.90449814770539
70,24,0,"White",27.1340591875892,1.93207017280578
71,24,0,"White",26.9179514458555,1.9626146808492
72,24,0,"White",26.704042970988,1.99602017866548
73,24,0,"White",26.5009129800277,2.03217517308444
74,24,0,"White",26.3129834425784,2.07096817093592
75,24,0,"White",26.1406790755569,2.11227008463833
76,24,0,"White",25.9821872854378,2.15574729157731
77,24,0,"White",25.8352181104988,2.20093421105281
78,24,0,"White",25.697181422266,2.24736306306339
79,24,0,"White",25.5653761991742,2.29456606760758
80,24,0,"White",25.4371798002254,2.34207544468392
81,24,0,"White",25.3100651716859,2.38942341429096
82,24,0,"White",25.1816008470858,2.43614219642724
83,24,0,"White",25.0494572555246,2.48176401109129
84,24,0,"White",24.9114761130293,2.52587002534038
85,24,0,"White",24.765739813913,2.56843012864549
86,24,0,"White",24.6105777390804,2.60959958140841
87,24,0,"White",24.4445662560273,2.6495347856533
88,24,0,"White",24.266528718841,2.68839214340429
89,24,0,"White",24.0755354682002,2.72632805668555
90,24,0,"White",23.8709038313749,2.76349892752121
91,24,0,"White",23.6521981222265,2.80006115793543
92,24,0,"White",23.4192296412077,2.83617114995235
93,24,0,"White",23.1720566753628,2.87197066484755
94,24,0,"White",22.9109844983272,2.90751953861413
95,24,0,"White",22.6365653703279,2.94284912641396
96,24,0,"White",22.3495985381831,2.97799075481373
97,24,0,"White",22.0511302353025,3.01297575038011
98,24,0,"White",21.742453681687,3.04783543967978
99,24,0,"White",21.4251090839291,3.08260114927942
100,24,0,"White",21.1008836352126,3.1173042057457
101,24,0,"White",20.7718115153126,3.15197593564531
21,25,0,"White",33.6830905906903,2.31498531776826
22,25,0,"White",33.5482827573978,2.38659431489071
23,25,0,"White",33.4082151672907,2.45634588353887
24,25,0,"White",33.2636216678927,2.52238259523846
25,25,0,"White",33.1152026609599,2.58284702151519
26,25,0,"White",32.9636251024806,2.63588173389479
27,25,0,"White",32.8095225026756,2.67962930390295
28,25,0,"White",32.6534949259979,2.71223230306541
29,25,0,"White",32.496108991133,2.73183330290787
30,25,0,"White",32.3378978709985,2.73657596454987
31,25,0,"White",32.1793612927446,2.72568918455889
32,25,0,"White",32.0209655377537,2.70152354580596
33,25,0,"White",31.8631434416404,2.6669875031996
34,25,0,"White",31.706294394252,2.62498951164834
35,25,0,"White",31.5507843396677,2.57843802606071
36,25,0,"White",31.3969457761993,2.53024150134522
37,25,0,"White",31.245077756391,2.48330839241042
38,25,0,"White",31.095445887019,2.44054715416481
39,25,0,"White",30.9482823290923,2.40485733620337
40,25,0,"White",30.8037857978518,2.3776924878327
41,25,0,"White",30.6621215627711,2.35747389909414
42,25,0,"White",30.5234214475557,2.3422410447104
43,25,0,"White",30.387783830144,2.3300333994042
44,25,0,"White",30.2552736427062,2.31889043789823
45,25,0,"White",30.1259223716451,2.30685163491522
46,25,0,"White",29.9997280575959,2.29195646517786
47,25,0,"White",29.8766552954259,2.27224440340887
48,25,0,"White",29.756635234235,2.24577752873089
49,25,0,"White",29.6395655773552,2.21197418426231
50,25,0,"White",29.525310582351,2.17235492231497
51,25,0,"White",29.4137010610192,2.12862113040011
52,25,0,"White",29.3045343793888,2.08247419602901
53,25,0,"White",29.1975744577214,2.03561550671292
54,25,0,"White",29.0925517705106,1.98974644996311
55,25,0,"White",28.9891633464827,1.94656841329083
56,25,0,"White",28.887072768596,1.90778278420735
57,25,0,"White",28.7859101740414,1.875060197864
58,25,0,"White",28.685272254242,1.84913862799624
59,25,0,"White",28.5847222548532,1.82967779371965
60,25,0,"White",28.4837899757628,1.81627735094682
61,25,0,"White",28.381971771091,1.80853695559034
62,25,0,"White",28.2787305491902,1.8060562635628
63,25,0,"White",28.1734417382331,1.8084349307768
64,25,0,"White",28.064798907679,1.81527261314491
65,25,0,"White",27.9502193897406,1.82616896657974
66,25,0,"White",27.8257902449716,1.84073190176404
67,25,0,"White",27.6862682622668,1.85871751901435
68,25,0,"White",27.5254416883311,1.88001009871819
69,25,0,"White",27.3401092518382,1.90449814770539
70,25,0,"White",27.1340591875892,1.93207017280578
71,25,0,"White",26.9179514458555,1.9626146808492
72,25,0,"White",26.704042970988,1.99602017866548
73,25,0,"White",26.5009129800277,2.03217517308444
74,25,0,"White",26.3129834425784,2.07096817093592
75,25,0,"White",26.1406790755569,2.11227008463833
76,25,0,"White",25.9821872854378,2.15574729157731
77,25,0,"White",25.8352181104988,2.20093421105281
78,25,0,"White",25.697181422266,2.24736306306339
79,25,0,"White",25.5653761991742,2.29456606760758
80,25,0,"White",25.4371798002254,2.34207544468392
81,25,0,"White",25.3100651716859,2.38942341429096
82,25,0,"White",25.1816008470858,2.43614219642724
83,25,0,"White",25.0494572555246,2.48176401109129
84,25,0,"White",24.9114761130293,2.52587002534038
85,25,0,"White",24.765739813913,2.56843012864549
86,25,0,"White",24.6105777390804,2.60959958140841
87,25,0,"White",24.4445662560273,2.6495347856533
88,25,0,"White",24.266528718841,2.68839214340429
89,25,0,"White",24.0755354682002,2.72632805668555
90,25,0,"White",23.8709038313749,2.76349892752121
91,25,0,"White",23.6521981222265,2.80006115793543
92,25,0,"White",23.4192296412077,2.83617114995235
93,25,0,"White",23.1720566753628,2.87197066484755
94,25,0,"White",22.9109844983272,2.90751953861413
95,25,0,"White",22.6365653703279,2.94284912641396
96,25,0,"White",22.3495985381831,2.97799075481373
97,25,0,"White",22.0511302353025,3.01297575038011
98,25,0,"White",21.742453681687,3.04783543967978
99,25,0,"White",21.4251090839291,3.08260114927942
100,25,0,"White",21.1008836352126,3.1173042057457
101,25,0,"White",20.7718115153126,3.15197593564531
21,10,1,"White",33.200315246772,2.31498531776826
22,10,1,"White",33.054440239003,2.38659431489071
23,10,1,"White",32.9033054744193,2.45634588353887
24,10,1,"White",32.7476448005447,2.52238259523846
25,10,1,"White",32.5881586191352,2.58284702151519
26,10,1,"White",32.4255138861793,2.63588173389479
27,10,1,"White",32.2603441118977,2.67962930390295
28,10,1,"White",32.0932493607434,2.71223230306541
29,10,1,"White",31.9247962514019,2.73183330290787
30,10,1,"White",31.7555179567908,2.73657596454987
31,10,1,"White",31.5859142040603,2.72568918455889
32,10,1,"White",31.4164512745927,2.70152354580596
33,10,1,"White",31.2475620040029,2.6669875031996
34,10,1,"White",31.0796457821378,2.62498951164834
35,10,1,"White",30.9130685530769,2.57843802606071
36,10,1,"White",30.7481628151319,2.53024150134522
37,10,1,"White",30.585227620847,2.48330839241042
38,10,1,"White",30.4245285769984,2.44054715416481
39,10,1,"White",30.2662978445951,2.40485733620337
40,10,1,"White",30.110734138878,2.3776924878327
41,10,1,"White",29.9580027293206,2.35747389909414
42,10,1,"White",29.8082354396287,2.3422410447104
43,10,1,"White",29.6615306477403,2.3300333994042
44,10,1,"White",29.5179532858259,2.31889043789823
45,10,1,"White",29.3775348402882,2.30685163491522
46,10,1,"White",29.2402733517623,2.29195646517786
47,10,1,"White",29.1061334151158,2.27224440340887
48,10,1,"White",28.9750461794482,2.24577752873089
49,10,1,"White",28.8469093480918,2.21197418426231
50,10,1,"White",28.721587178611,2.17235492231497
51,10,1,"White",28.5989104828026,2.12862113040011
52,10,1,"White",28.4786766266956,2.08247419602901
53,10,1,"White",28.3606495305516,2.03561550671292
54,10,1,"White",28.2445596688642,1.98974644996311
55,10,1,"White",28.1301040703597,1.94656841329083
56,10,1,"White",28.0169463179964,1.90778278420735
57,10,1,"White",27.9047165489652,1.875060197864
58,10,1,"White",27.7930114546891,1.84913862799624
59,10,1,"White",27.6813942808237,1.82967779371965
60,10,1,"White",27.5693948272567,1.81627735094682
61,10,1,"White",27.4565094481083,1.80853695559034
62,10,1,"White",27.3422010517309,1.8060562635628
63,10,1,"White",27.2258450662971,1.8084349307768
64,10,1,"White",27.1061350612665,1.81527261314491
65,10,1,"White",26.9804883688515,1.82616896657974
66,10,1,"White",26.8449920496058,1.84073190176404
67,10,1,"White",26.6944028924244,1.85871751901435
68,10,1,"White",26.5225091440121,1.88001009871819
69,10,1,"White",26.3261095330426,1.90449814770539
70,10,1,"White",26.108992294317,1.93207017280578
71,10,1,"White",25.8818173781066,1.9626146808492
72,10,1,"White",25.6568417287626,1.99602017866548
73,10,1,"White",25.4426445633256,2.03217517308444
74,10,1,"White",25.2436478513997,2.07096817093592
75,10,1,"White",25.0602763099016,2.11227008463833
76,10,1,"White",24.8907173453059,2.15574729157731
77,10,1,"White",24.7326809958903,2.20093421105281
78,10,1,"White",24.583577133181,2.24736306306339
79,10,1,"White",24.4407047356125,2.29456606760758
80,10,1,"White",24.3014411621871,2.34207544468392
81,10,1,"White",24.163259359171,2.38942341429096
82,10,1,"White",24.0237278600943,2.43614219642724
83,10,1,"White",23.8805170940564,2.48176401109129
84,10,1,"White",23.7314687770845,2.52587002534038
85,10,1,"White",23.5746653034916,2.56843012864549
86,10,1,"White",23.4084360541824,2.60959958140841
87,10,1,"White",23.2313573966527,2.6495347856533
88,10,1,"White",23.0422526849898,2.68839214340429
89,10,1,"White",22.8401922598724,2.72632805668555
90,10,1,"White",22.6244934485704,2.76349892752121
91,10,1,"White",22.3947205649454,2.80006115793543
92,10,1,"White",22.15068490945,2.83617114995235
93,10,1,"White",21.8924447691285,2.87197066484755
94,10,1,"White",21.6203054176163,2.90751953861413
95,10,1,"White",21.3348191151404,2.94284912641396
96,10,1,"White",21.036785108519,2.97799075481373
97,10,1,"White",20.7272496311617,3.01297575038011
98,10,1,"White",20.4075059030697,3.04783543967978
99,10,1,"White",20.0790941308352,3.08260114927942
100,10,1,"White",19.7438015076421,3.1173042057457
101,10,1,"White",19.4036622132654,3.15197593564531
21,11,1,"White",33.200315246772,2.31498531776826
22,11,1,"White",33.054440239003,2.38659431489071
23,11,1,"White",32.9033054744193,2.45634588353887
24,11,1,"White",32.7476448005447,2.52238259523846
25,11,1,"White",32.5881586191352,2.58284702151519
26,11,1,"White",32.4255138861793,2.63588173389479
27,11,1,"White",32.2603441118977,2.67962930390295
28,11,1,"White",32.0932493607434,2.71223230306541
29,11,1,"White",31.9247962514019,2.73183330290787
30,11,1,"White",31.7555179567908,2.73657596454987
31,11,1,"White",31.5859142040603,2.72568918455889
32,11,1,"White",31.4164512745927,2.70152354580596
33,11,1,"White",31.2475620040029,2.6669875031996
34,11,1,"White",31.0796457821378,2.62498951164834
35,11,1,"White",30.9130685530769,2.57843802606071
36,11,1,"White",30.7481628151319,2.53024150134522
37,11,1,"White",30.585227620847,2.48330839241042
38,11,1,"White",30.4245285769984,2.44054715416481
39,11,1,"White",30.2662978445951,2.40485733620337
40,11,1,"White",30.110734138878,2.3776924878327
41,11,1,"White",29.9580027293206,2.35747389909414
42,11,1,"White",29.8082354396287,2.3422410447104
43,11,1,"White",29.6615306477403,2.3300333994042
44,11,1,"White",29.5179532858259,2.31889043789823
45,11,1,"White",29.3775348402882,2.30685163491522
46,11,1,"White",29.2402733517623,2.29195646517786
47,11,1,"White",29.1061334151158,2.27224440340887
48,11,1,"White",28.9750461794482,2.24577752873089
49,11,1,"White",28.8469093480918,2.21197418426231
50,11,1,"White",28.721587178611,2.17235492231497
51,11,1,"White",28.5989104828026,2.12862113040011
52,11,1,"White",28.4786766266956,2.08247419602901
53,11,1,"White",28.3606495305516,2.03561550671292
54,11,1,"White",28.2445596688642,1.98974644996311
55,11,1,"White",28.1301040703597,1.94656841329083
56,11,1,"White",28.0169463179964,1.90778278420735
57,11,1,"White",27.9047165489652,1.875060197864
58,11,1,"White",27.7930114546891,1.84913862799624
59,11,1,"White",27.6813942808237,1.82967779371965
60,11,1,"White",27.5693948272567,1.81627735094682
61,11,1,"White",27.4565094481083,1.80853695559034
62,11,1,"White",27.3422010517309,1.8060562635628
63,11,1,"White",27.2258450662971,1.8084349307768
64,11,1,"White",27.1061350612665,1.81527261314491
65,11,1,"White",26.9804883688515,1.82616896657974
66,11,1,"White",26.8449920496058,1.84073190176404
67,11,1,"White",26.6944028924244,1.85871751901435
68,11,1,"White",26.5225091440121,1.88001009871819
69,11,1,"White",26.3261095330426,1.90449814770539
70,11,1,"White",26.108992294317,1.93207017280578
71,11,1,"White",25.8818173781066,1.9626146808492
72,11,1,"White",25.6568417287626,1.99602017866548
73,11,1,"White",25.4426445633256,2.03217517308444
74,11,1,"White",25.2436478513997,2.07096817093592
75,11,1,"White",25.0602763099016,2.11227008463833
76,11,1,"White",24.8907173453059,2.15574729157731
77,11,1,"White",24.7326809958903,2.20093421105281
78,11,1,"White",24.583577133181,2.24736306306339
79,11,1,"White",24.4407047356125,2.29456606760758
80,11,1,"White",24.3014411621871,2.34207544468392
81,11,1,"White",24.163259359171,2.38942341429096
82,11,1,"White",24.0237278600943,2.43614219642724
83,11,1,"White",23.8805170940564,2.48176401109129
84,11,1,"White",23.7314687770845,2.52587002534038
85,11,1,"White",23.5746653034916,2.56843012864549
86,11,1,"White",23.4084360541824,2.60959958140841
87,11,1,"White",23.2313573966527,2.6495347856533
88,11,1,"White",23.0422526849898,2.68839214340429
89,11,1,"White",22.8401922598724,2.72632805668555
90,11,1,"White",22.6244934485704,2.76349892752121
91,11,1,"White",22.3947205649454,2.80006115793543
92,11,1,"White",22.15068490945,2.83617114995235
93,11,1,"White",21.8924447691285,2.87197066484755
94,11,1,"White",21.6203054176163,2.90751953861413
95,11,1,"White",21.3348191151404,2.94284912641396
96,11,1,"White",21.036785108519,2.97799075481373
97,11,1,"White",20.7272496311617,3.01297575038011
98,11,1,"White",20.4075059030697,3.04783543967978
99,11,1,"White",20.0790941308352,3.08260114927942
100,11,1,"White",19.7438015076421,3.1173042057457
101,11,1,"White",19.4036622132654,3.15197593564531
21,12,1,"White",33.200315246772,2.31498531776826
22,12,1,"White",33.054440239003,2.38659431489071
23,12,1,"White",32.9033054744193,2.45634588353887
24,12,1,"White",32.7476448005447,2.52238259523846
25,12,1,"White",32.5881586191352,2.58284702151519
26,12,1,"White",32.4255138861793,2.63588173389479
27,12,1,"White",32.2603441118977,2.67962930390295
28,12,1,"White",32.0932493607434,2.71223230306541
29,12,1,"White",31.9247962514019,2.73183330290787
30,12,1,"White",31.7555179567908,2.73657596454987
31,12,1,"White",31.5859142040603,2.72568918455889
32,12,1,"White",31.4164512745927,2.70152354580596
33,12,1,"White",31.2475620040029,2.6669875031996
34,12,1,"White",31.0796457821378,2.62498951164834
35,12,1,"White",30.9130685530769,2.57843802606071
36,12,1,"White",30.7481628151319,2.53024150134522
37,12,1,"White",30.585227620847,2.48330839241042
38,12,1,"White",30.4245285769984,2.44054715416481
39,12,1,"White",30.2662978445951,2.40485733620337
40,12,1,"White",30.110734138878,2.3776924878327
41,12,1,"White",29.9580027293206,2.35747389909414
42,12,1,"White",29.8082354396287,2.3422410447104
43,12,1,"White",29.6615306477403,2.3300333994042
44,12,1,"White",29.5179532858259,2.31889043789823
45,12,1,"White",29.3775348402882,2.30685163491522
46,12,1,"White",29.2402733517623,2.29195646517786
47,12,1,"White",29.1061334151158,2.27224440340887
48,12,1,"White",28.9750461794482,2.24577752873089
49,12,1,"White",28.8469093480918,2.21197418426231
50,12,1,"White",28.721587178611,2.17235492231497
51,12,1,"White",28.5989104828026,2.12862113040011
52,12,1,"White",28.4786766266956,2.08247419602901
53,12,1,"White",28.3606495305516,2.03561550671292
54,12,1,"White",28.2445596688642,1.98974644996311
55,12,1,"White",28.1301040703597,1.94656841329083
56,12,1,"White",28.0169463179964,1.90778278420735
57,12,1,"White",27.9047165489652,1.875060197864
58,12,1,"White",27.7930114546891,1.84913862799624
59,12,1,"White",27.6813942808237,1.82967779371965
60,12,1,"White",27.5693948272567,1.81627735094682
61,12,1,"White",27.4565094481083,1.80853695559034
62,12,1,"White",27.3422010517309,1.8060562635628
63,12,1,"White",27.2258450662971,1.8084349307768
64,12,1,"White",27.1061350612665,1.81527261314491
65,12,1,"White",26.9804883688515,1.82616896657974
66,12,1,"White",26.8449920496058,1.84073190176404
67,12,1,"White",26.6944028924244,1.85871751901435
68,12,1,"White",26.5225091440121,1.88001009871819
69,12,1,"White",26.3261095330426,1.90449814770539
70,12,1,"White",26.108992294317,1.93207017280578
71,12,1,"White",25.8818173781066,1.9626146808492
72,12,1,"White",25.6568417287626,1.99602017866548
73,12,1,"White",25.4426445633256,2.03217517308444
74,12,1,"White",25.2436478513997,2.07096817093592
75,12,1,"White",25.0602763099016,2.11227008463833
76,12,1,"White",24.8907173453059,2.15574729157731
77,12,1,"White",24.7326809958903,2.20093421105281
78,12,1,"White",24.583577133181,2.24736306306339
79,12,1,"White",24.4407047356125,2.29456606760758
80,12,1,"White",24.3014411621871,2.34207544468392
81,12,1,"White",24.163259359171,2.38942341429096
82,12,1,"White",24.0237278600943,2.43614219642724
83,12,1,"White",23.8805170940564,2.48176401109129
84,12,1,"White",23.7314687770845,2.52587002534038
85,12,1,"White",23.5746653034916,2.56843012864549
86,12,1,"White",23.4084360541824,2.60959958140841
87,12,1,"White",23.2313573966527,2.6495347856533
88,12,1,"White",23.0422526849898,2.68839214340429
89,12,1,"White",22.8401922598724,2.72632805668555
90,12,1,"White",22.6244934485704,2.76349892752121
91,12,1,"White",22.3947205649454,2.80006115793543
92,12,1,"White",22.15068490945,2.83617114995235
93,12,1,"White",21.8924447691285,2.87197066484755
94,12,1,"White",21.6203054176163,2.90751953861413
95,12,1,"White",21.3348191151404,2.94284912641396
96,12,1,"White",21.036785108519,2.97799075481373
97,12,1,"White",20.7272496311617,3.01297575038011
98,12,1,"White",20.4075059030697,3.04783543967978
99,12,1,"White",20.0790941308352,3.08260114927942
100,12,1,"White",19.7438015076421,3.1173042057457
101,12,1,"White",19.4036622132654,3.15197593564531
21,13,1,"White",30.6855321265206,2.31498531776826
22,13,1,"White",30.5930857330249,2.38659431489071
23,13,1,"White",30.4953795827145,2.45634588353887
24,13,1,"White",30.3931475231132,2.52238259523846
25,13,1,"White",30.2870899559771,2.58284702151519
26,13,1,"White",30.1778738372946,2.63588173389479
27,13,1,"White",30.0661326772863,2.67962930390295
28,13,1,"White",29.9524665404053,2.71223230306541
29,13,1,"White",29.8374420453371,2.73183330290787
30,13,1,"White",29.7215923649994,2.73657596454987
31,13,1,"White",29.6054172265423,2.72568918455889
32,13,1,"White",29.489382911348,2.70152354580596
33,13,1,"White",29.3739222550315,2.6669875031996
34,13,1,"White",29.2594346474398,2.62498951164834
35,13,1,"White",29.1462860326522,2.57843802606071
36,13,1,"White",29.0348089089806,2.53024150134522
37,13,1,"White",28.925302328969,2.48330839241042
38,13,1,"White",28.8180318993938,2.44054715416481
39,13,1,"White",28.7132297812638,2.40485733620337
40,13,1,"White",28.61109468982,2.3776924878327
41,13,1,"White",28.511791894536,2.35747389909414
42,13,1,"White",28.4154532191174,2.3422410447104
43,13,1,"White",28.3221770415023,2.3300333994042
44,13,1,"White",28.2320282938613,2.31889043789823
45,13,1,"White",28.1450384625969,2.30685163491522
46,13,1,"White",28.0612055883444,2.29195646517786
47,13,1,"White",27.9804942659712,2.27224440340887
48,13,1,"White",27.902835644577,2.24577752873089
49,13,1,"White",27.8281274274939,2.21197418426231
50,13,1,"White",27.7562338722865,2.17235492231497
51,13,1,"White",27.6869857907514,2.12862113040011
52,13,1,"White",27.6201805489178,2.08247419602901
53,13,1,"White",27.555582067047,2.03561550671292
54,13,1,"White",27.492920819633,1.98974644996311
55,13,1,"White",27.4318938354018,1.94656841329083
56,13,1,"White",27.3721646973119,1.90778278420735
57,13,1,"White",27.313363542554,1.875060197864
58,13,1,"White",27.2550870625513,1.84913862799624
59,13,1,"White",27.1968985029593,1.82967779371965
60,13,1,"White",27.1383276636656,1.81627735094682
61,13,1,"White",27.0788708987905,1.80853695559034
62,13,1,"White",27.0179911166864,1.8060562635628
63,13,1,"White",26.955063745526,1.8084349307768
64,13,1,"White",26.8887823547687,1.81527261314491
65,13,1,"White",26.816564276627,1.82616896657974
66,13,1,"White",26.7344965716548,1.84073190176404
67,13,1,"White",26.6373360287467,1.85871751901435
68,13,1,"White",26.5188708946077,1.88001009871819
69,13,1,"White",26.3758998979116,1.90449814770539
70,13,1,"White",26.2122112734593,1.93207017280578
71,13,1,"White",26.0384649715223,1.9626146808492
72,13,1,"White",25.8669179364516,1.99602017866548
73,13,1,"White",25.7061493852879,2.03217517308444
74,13,1,"White",25.5605812876354,2.07096817093592
75,13,1,"White",25.4306383604106,2.11227008463833
76,13,1,"White",25.3145080100883,2.15574729157731
77,13,1,"White",25.209900274946,2.20093421105281
78,13,1,"White",25.11422502651,2.24736306306339
79,13,1,"White",25.0247812432149,2.29456606760758
80,13,1,"White",24.9389462840628,2.34207544468392
81,13,1,"White",24.8541930953201,2.38942341429096
82,13,1,"White",24.7680902105167,2.43614219642724
83,13,1,"White",24.6783080587522,2.48176401109129
84,13,1,"White",24.5826883560536,2.52587002534038
85,13,1,"White",24.4793134967341,2.56843012864549
86,13,1,"White",24.3665128616982,2.60959958140841
87,13,1,"White",24.2428628184418,2.6495347856533
88,13,1,"White",24.1071867210522,2.68839214340429
89,13,1,"White",23.9585549102082,2.72632805668555
90,13,1,"White",23.7962847131796,2.76349892752121
91,13,1,"White",23.6199404438279,2.80006115793543
92,13,1,"White",23.4293334026059,2.83617114995235
93,13,1,"White",23.2245218765577,2.87197066484755
94,13,1,"White",23.0058111393188,2.90751953861413
95,13,1,"White",22.7737534511162,2.94284912641396
96,13,1,"White",22.5291480587682,2.97799075481373
97,13,1,"White",22.2730411956843,3.01297575038011
98,13,1,"White",22.0067260818655,3.04783543967978
99,13,1,"White",21.7317429239044,3.08260114927942
100,13,1,"White",21.4498789149846,3.1173042057457
101,13,1,"White",21.1631682348813,3.15197593564531
21,14,1,"White",30.6855321265206,2.31498531776826
22,14,1,"White",30.5930857330249,2.38659431489071
23,14,1,"White",30.4953795827145,2.45634588353887
24,14,1,"White",30.3931475231132,2.52238259523846
25,14,1,"White",30.2870899559771,2.58284702151519
26,14,1,"White",30.1778738372946,2.63588173389479
27,14,1,"White",30.0661326772863,2.67962930390295
28,14,1,"White",29.9524665404053,2.71223230306541
29,14,1,"White",29.8374420453371,2.73183330290787
30,14,1,"White",29.7215923649994,2.73657596454987
31,14,1,"White",29.6054172265423,2.72568918455889
32,14,1,"White",29.489382911348,2.70152354580596
33,14,1,"White",29.3739222550315,2.6669875031996
34,14,1,"White",29.2594346474398,2.62498951164834
35,14,1,"White",29.1462860326522,2.57843802606071
36,14,1,"White",29.0348089089806,2.53024150134522
37,14,1,"White",28.925302328969,2.48330839241042
38,14,1,"White",28.8180318993938,2.44054715416481
39,14,1,"White",28.7132297812638,2.40485733620337
40,14,1,"White",28.61109468982,2.3776924878327
41,14,1,"White",28.511791894536,2.35747389909414
42,14,1,"White",28.4154532191174,2.3422410447104
43,14,1,"White",28.3221770415023,2.3300333994042
44,14,1,"White",28.2320282938613,2.31889043789823
45,14,1,"White",28.1450384625969,2.30685163491522
46,14,1,"White",28.0612055883444,2.29195646517786
47,14,1,"White",27.9804942659712,2.27224440340887
48,14,1,"White",27.902835644577,2.24577752873089
49,14,1,"White",27.8281274274939,2.21197418426231
50,14,1,"White",27.7562338722865,2.17235492231497
51,14,1,"White",27.6869857907514,2.12862113040011
52,14,1,"White",27.6201805489178,2.08247419602901
53,14,1,"White",27.555582067047,2.03561550671292
54,14,1,"White",27.492920819633,1.98974644996311
55,14,1,"White",27.4318938354018,1.94656841329083
56,14,1,"White",27.3721646973119,1.90778278420735
57,14,1,"White",27.313363542554,1.875060197864
58,14,1,"White",27.2550870625513,1.84913862799624
59,14,1,"White",27.1968985029593,1.82967779371965
60,14,1,"White",27.1383276636656,1.81627735094682
61,14,1,"White",27.0788708987905,1.80853695559034
62,14,1,"White",27.0179911166864,1.8060562635628
63,14,1,"White",26.955063745526,1.8084349307768
64,14,1,"White",26.8887823547687,1.81527261314491
65,14,1,"White",26.816564276627,1.82616896657974
66,14,1,"White",26.7344965716548,1.84073190176404
67,14,1,"White",26.6373360287467,1.85871751901435
68,14,1,"White",26.5188708946077,1.88001009871819
69,14,1,"White",26.3758998979116,1.90449814770539
70,14,1,"White",26.2122112734593,1.93207017280578
71,14,1,"White",26.0384649715223,1.9626146808492
72,14,1,"White",25.8669179364516,1.99602017866548
73,14,1,"White",25.7061493852879,2.03217517308444
74,14,1,"White",25.5605812876354,2.07096817093592
75,14,1,"White",25.4306383604106,2.11227008463833
76,14,1,"White",25.3145080100883,2.15574729157731
77,14,1,"White",25.209900274946,2.20093421105281
78,14,1,"White",25.11422502651,2.24736306306339
79,14,1,"White",25.0247812432149,2.29456606760758
80,14,1,"White",24.9389462840628,2.34207544468392
81,14,1,"White",24.8541930953201,2.38942341429096
82,14,1,"White",24.7680902105167,2.43614219642724
83,14,1,"White",24.6783080587522,2.48176401109129
84,14,1,"White",24.5826883560536,2.52587002534038
85,14,1,"White",24.4793134967341,2.56843012864549
86,14,1,"White",24.3665128616982,2.60959958140841
87,14,1,"White",24.2428628184418,2.6495347856533
88,14,1,"White",24.1071867210522,2.68839214340429
89,14,1,"White",23.9585549102082,2.72632805668555
90,14,1,"White",23.7962847131796,2.76349892752121
91,14,1,"White",23.6199404438279,2.80006115793543
92,14,1,"White",23.4293334026059,2.83617114995235
93,14,1,"White",23.2245218765577,2.87197066484755
94,14,1,"White",23.0058111393188,2.90751953861413
95,14,1,"White",22.7737534511162,2.94284912641396
96,14,1,"White",22.5291480587682,2.97799075481373
97,14,1,"White",22.2730411956843,3.01297575038011
98,14,1,"White",22.0067260818655,3.04783543967978
99,14,1,"White",21.7317429239044,3.08260114927942
100,14,1,"White",21.4498789149846,3.1173042057457
101,14,1,"White",21.1631682348813,3.15197593564531
21,15,1,"White",30.6855321265206,2.31498531776826
22,15,1,"White",30.5930857330249,2.38659431489071
23,15,1,"White",30.4953795827145,2.45634588353887
24,15,1,"White",30.3931475231132,2.52238259523846
25,15,1,"White",30.2870899559771,2.58284702151519
26,15,1,"White",30.1778738372946,2.63588173389479
27,15,1,"White",30.0661326772863,2.67962930390295
28,15,1,"White",29.9524665404053,2.71223230306541
29,15,1,"White",29.8374420453371,2.73183330290787
30,15,1,"White",29.7215923649994,2.73657596454987
31,15,1,"White",29.6054172265423,2.72568918455889
32,15,1,"White",29.489382911348,2.70152354580596
33,15,1,"White",29.3739222550315,2.6669875031996
34,15,1,"White",29.2594346474398,2.62498951164834
35,15,1,"White",29.1462860326522,2.57843802606071
36,15,1,"White",29.0348089089806,2.53024150134522
37,15,1,"White",28.925302328969,2.48330839241042
38,15,1,"White",28.8180318993938,2.44054715416481
39,15,1,"White",28.7132297812638,2.40485733620337
40,15,1,"White",28.61109468982,2.3776924878327
41,15,1,"White",28.511791894536,2.35747389909414
42,15,1,"White",28.4154532191174,2.3422410447104
43,15,1,"White",28.3221770415023,2.3300333994042
44,15,1,"White",28.2320282938613,2.31889043789823
45,15,1,"White",28.1450384625969,2.30685163491522
46,15,1,"White",28.0612055883444,2.29195646517786
47,15,1,"White",27.9804942659712,2.27224440340887
48,15,1,"White",27.902835644577,2.24577752873089
49,15,1,"White",27.8281274274939,2.21197418426231
50,15,1,"White",27.7562338722865,2.17235492231497
51,15,1,"White",27.6869857907514,2.12862113040011
52,15,1,"White",27.6201805489178,2.08247419602901
53,15,1,"White",27.555582067047,2.03561550671292
54,15,1,"White",27.492920819633,1.98974644996311
55,15,1,"White",27.4318938354018,1.94656841329083
56,15,1,"White",27.3721646973119,1.90778278420735
57,15,1,"White",27.313363542554,1.875060197864
58,15,1,"White",27.2550870625513,1.84913862799624
59,15,1,"White",27.1968985029593,1.82967779371965
60,15,1,"White",27.1383276636656,1.81627735094682
61,15,1,"White",27.0788708987905,1.80853695559034
62,15,1,"White",27.0179911166864,1.8060562635628
63,15,1,"White",26.955063745526,1.8084349307768
64,15,1,"White",26.8887823547687,1.81527261314491
65,15,1,"White",26.816564276627,1.82616896657974
66,15,1,"White",26.7344965716548,1.84073190176404
67,15,1,"White",26.6373360287467,1.85871751901435
68,15,1,"White",26.5188708946077,1.88001009871819
69,15,1,"White",26.3758998979116,1.90449814770539
70,15,1,"White",26.2122112734593,1.93207017280578
71,15,1,"White",26.0384649715223,1.9626146808492
72,15,1,"White",25.8669179364516,1.99602017866548
73,15,1,"White",25.7061493852879,2.03217517308444
74,15,1,"White",25.5605812876354,2.07096817093592
75,15,1,"White",25.4306383604106,2.11227008463833
76,15,1,"White",25.3145080100883,2.15574729157731
77,15,1,"White",25.209900274946,2.20093421105281
78,15,1,"White",25.11422502651,2.24736306306339
79,15,1,"White",25.0247812432149,2.29456606760758
80,15,1,"White",24.9389462840628,2.34207544468392
81,15,1,"White",24.8541930953201,2.38942341429096
82,15,1,"White",24.7680902105167,2.43614219642724
83,15,1,"White",24.6783080587522,2.48176401109129
84,15,1,"White",24.5826883560536,2.52587002534038
85,15,1,"White",24.4793134967341,2.56843012864549
86,15,1,"White",24.3665128616982,2.60959958140841
87,15,1,"White",24.2428628184418,2.6495347856533
88,15,1,"White",24.1071867210522,2.68839214340429
89,15,1,"White",23.9585549102082,2.72632805668555
90,15,1,"White",23.7962847131796,2.76349892752121
91,15,1,"White",23.6199404438279,2.80006115793543
92,15,1,"White",23.4293334026059,2.83617114995235
93,15,1,"White",23.2245218765577,2.87197066484755
94,15,1,"White",23.0058111393188,2.90751953861413
95,15,1,"White",22.7737534511162,2.94284912641396
96,15,1,"White",22.5291480587682,2.97799075481373
97,15,1,"White",22.2730411956843,3.01297575038011
98,15,1,"White",22.0067260818655,3.04783543967978
99,15,1,"White",21.7317429239044,3.08260114927942
100,15,1,"White",21.4498789149846,3.1173042057457
101,15,1,"White",21.1631682348813,3.15197593564531
21,16,1,"White",30.6855321265206,2.31498531776826
22,16,1,"White",30.5930857330249,2.38659431489071
23,16,1,"White",30.4953795827145,2.45634588353887
24,16,1,"White",30.3931475231132,2.52238259523846
25,16,1,"White",30.2870899559771,2.58284702151519
26,16,1,"White",30.1778738372946,2.63588173389479
27,16,1,"White",30.0661326772863,2.67962930390295
28,16,1,"White",29.9524665404053,2.71223230306541
29,16,1,"White",29.8374420453371,2.73183330290787
30,16,1,"White",29.7215923649994,2.73657596454987
31,16,1,"White",29.6054172265423,2.72568918455889
32,16,1,"White",29.489382911348,2.70152354580596
33,16,1,"White",29.3739222550315,2.6669875031996
34,16,1,"White",29.2594346474398,2.62498951164834
35,16,1,"White",29.1462860326522,2.57843802606071
36,16,1,"White",29.0348089089806,2.53024150134522
37,16,1,"White",28.925302328969,2.48330839241042
38,16,1,"White",28.8180318993938,2.44054715416481
39,16,1,"White",28.7132297812638,2.40485733620337
40,16,1,"White",28.61109468982,2.3776924878327
41,16,1,"White",28.511791894536,2.35747389909414
42,16,1,"White",28.4154532191174,2.3422410447104
43,16,1,"White",28.3221770415023,2.3300333994042
44,16,1,"White",28.2320282938613,2.31889043789823
45,16,1,"White",28.1450384625969,2.30685163491522
46,16,1,"White",28.0612055883444,2.29195646517786
47,16,1,"White",27.9804942659712,2.27224440340887
48,16,1,"White",27.902835644577,2.24577752873089
49,16,1,"White",27.8281274274939,2.21197418426231
50,16,1,"White",27.7562338722865,2.17235492231497
51,16,1,"White",27.6869857907514,2.12862113040011
52,16,1,"White",27.6201805489178,2.08247419602901
53,16,1,"White",27.555582067047,2.03561550671292
54,16,1,"White",27.492920819633,1.98974644996311
55,16,1,"White",27.4318938354018,1.94656841329083
56,16,1,"White",27.3721646973119,1.90778278420735
57,16,1,"White",27.313363542554,1.875060197864
58,16,1,"White",27.2550870625513,1.84913862799624
59,16,1,"White",27.1968985029593,1.82967779371965
60,16,1,"White",27.1383276636656,1.81627735094682
61,16,1,"White",27.0788708987905,1.80853695559034
62,16,1,"White",27.0179911166864,1.8060562635628
63,16,1,"White",26.955063745526,1.8084349307768
64,16,1,"White",26.8887823547687,1.81527261314491
65,16,1,"White",26.816564276627,1.82616896657974
66,16,1,"White",26.7344965716548,1.84073190176404
67,16,1,"White",26.6373360287467,1.85871751901435
68,16,1,"White",26.5188708946077,1.88001009871819
69,16,1,"White",26.3758998979116,1.90449814770539
70,16,1,"White",26.2122112734593,1.93207017280578
71,16,1,"White",26.0384649715223,1.9626146808492
72,16,1,"White",25.8669179364516,1.99602017866548
73,16,1,"White",25.7061493852879,2.03217517308444
74,16,1,"White",25.5605812876354,2.07096817093592
75,16,1,"White",25.4306383604106,2.11227008463833
76,16,1,"White",25.3145080100883,2.15574729157731
77,16,1,"White",25.209900274946,2.20093421105281
78,16,1,"White",25.11422502651,2.24736306306339
79,16,1,"White",25.0247812432149,2.29456606760758
80,16,1,"White",24.9389462840628,2.34207544468392
81,16,1,"White",24.8541930953201,2.38942341429096
82,16,1,"White",24.7680902105167,2.43614219642724
83,16,1,"White",24.6783080587522,2.48176401109129
84,16,1,"White",24.5826883560536,2.52587002534038
85,16,1,"White",24.4793134967341,2.56843012864549
86,16,1,"White",24.3665128616982,2.60959958140841
87,16,1,"White",24.2428628184418,2.6495347856533
88,16,1,"White",24.1071867210522,2.68839214340429
89,16,1,"White",23.9585549102082,2.72632805668555
90,16,1,"White",23.7962847131796,2.76349892752121
91,16,1,"White",23.6199404438279,2.80006115793543
92,16,1,"White",23.4293334026059,2.83617114995235
93,16,1,"White",23.2245218765577,2.87197066484755
94,16,1,"White",23.0058111393188,2.90751953861413
95,16,1,"White",22.7737534511162,2.94284912641396
96,16,1,"White",22.5291480587682,2.97799075481373
97,16,1,"White",22.2730411956843,3.01297575038011
98,16,1,"White",22.0067260818655,3.04783543967978
99,16,1,"White",21.7317429239044,3.08260114927942
100,16,1,"White",21.4498789149846,3.1173042057457
101,16,1,"White",21.1631682348813,3.15197593564531
21,17,1,"White",33.1209343372543,2.31498531776826
22,17,1,"White",32.9879050898301,2.38659431489071
23,17,1,"White",32.8496160855912,2.45634588353887
24,17,1,"White",32.7068011720614,2.52238259523846
25,17,1,"White",32.5601607509968,2.58284702151519
26,17,1,"White",32.4103617783858,2.63588173389479
27,17,1,"White",32.258037764449,2.67962930390295
28,17,1,"White",32.1037887736396,2.71223230306541
29,17,1,"White",31.9481814246429,2.73183330290787
30,17,1,"White",31.7917488903767,2.73657596454987
31,17,1,"White",31.634990897991,2.72568918455889
32,17,1,"White",31.4783737288683,2.70152354580596
33,17,1,"White",31.3223302186233,2.6669875031996
34,17,1,"White",31.1672597571031,2.62498951164834
35,17,1,"White",31.013528288387,2.57843802606071
36,17,1,"White",30.8614683107869,2.53024150134522
37,17,1,"White",30.7113788768468,2.48330839241042
38,17,1,"White",30.5635255933431,2.44054715416481
39,17,1,"White",30.4181406212846,2.40485733620337
40,17,1,"White",30.2754226759124,2.3776924878327
41,17,1,"White",30.1355370266998,2.35747389909414
42,17,1,"White",29.9986154973527,2.3422410447104
43,17,1,"White",29.8647564658092,2.3300333994042
44,17,1,"White",29.7340248642396,2.31889043789823
45,17,1,"White",29.6064521790468,2.30685163491522
46,17,1,"White",29.4820364508658,2.29195646517786
47,17,1,"White",29.3607422745641,2.27224440340887
48,17,1,"White",29.2425007992414,2.24577752873089
49,17,1,"White",29.1272097282299,2.21197418426231
50,17,1,"White",29.0147333190939,2.17235492231497
51,17,1,"White",28.9049023836303,2.12862113040011
52,17,1,"White",28.7975142878682,2.08247419602901
53,17,1,"White",28.692332952069,2.03561550671292
54,17,1,"White",28.5890888507265,1.98974644996311
55,17,1,"White",28.4874790125668,1.94656841329083
56,17,1,"White",28.3871670205484,1.90778278420735
57,17,1,"White",28.287783011862,1.875060197864
58,17,1,"White",28.1889236779308,1.84913862799624
59,17,1,"White",28.0901522644103,1.82967779371965
60,17,1,"White",27.9909985711881,1.81627735094682
61,17,1,"White",27.8909589523845,1.80853695559034
62,17,1,"White",27.789496316352,1.8060562635628
63,17,1,"White",27.6859860912631,1.8084349307768
64,17,1,"White",27.5791218465773,1.81527261314491
65,17,1,"White",27.4663209145071,1.82616896657974
66,17,1,"White",27.3436703556063,1.84073190176404
67,17,1,"White",27.2059269587698,1.85871751901435
68,17,1,"White",27.0468789707023,1.88001009871819
69,17,1,"White",26.8633251200777,1.90449814770539
70,17,1,"White",26.6590536416969,1.93207017280578
71,17,1,"White",26.4447244858314,1.9626146808492
72,17,1,"White",26.2325945968322,1.99602017866548
73,17,1,"White",26.0312431917401,2.03217517308444
74,17,1,"White",25.845092240159,2.07096817093592
75,17,1,"White",25.6745664590058,2.11227008463833
76,17,1,"White",25.5178532547549,2.15574729157731
77,17,1,"White",25.3726626656841,2.20093421105281
78,17,1,"White",25.2364045633196,2.24736306306339
79,17,1,"White",25.106377926096,2.29456606760758
80,17,1,"White",24.9799601130155,2.34207544468392
81,17,1,"White",24.8546240703442,2.38942341429096
82,17,1,"White",24.7279383316124,2.43614219642724
83,17,1,"White",24.5975733259194,2.48176401109129
84,17,1,"White",24.4613707692923,2.52587002534038
85,17,1,"White",24.3174130560443,2.56843012864549
86,17,1,"White",24.1640295670799,2.60959958140841
87,17,1,"White",23.999796669895,2.6495347856533
88,17,1,"White",23.823537718577,2.68839214340429
89,17,1,"White",23.6343230538044,2.72632805668555
90,17,1,"White",23.4314700028473,2.76349892752121
91,17,1,"White",23.2145428795672,2.80006115793543
92,17,1,"White",22.9833529844167,2.83617114995235
93,17,1,"White",22.73795860444,2.87197066484755
94,17,1,"White",22.4786650132726,2.90751953861413
95,17,1,"White",22.2060244711415,2.94284912641396
96,17,1,"White",21.920836224865,2.97799075481373
97,17,1,"White",21.6241465078526,3.01297575038011
98,17,1,"White",21.3172485401054,3.04783543967978
99,17,1,"White",21.0016825282157,3.08260114927942
100,17,1,"White",20.6792356653675,3.1173042057457
101,17,1,"White",20.3519421313357,3.15197593564531
21,18,1,"White",33.1209343372543,2.31498531776826
22,18,1,"White",32.9879050898301,2.38659431489071
23,18,1,"White",32.8496160855912,2.45634588353887
24,18,1,"White",32.7068011720614,2.52238259523846
25,18,1,"White",32.5601607509968,2.58284702151519
26,18,1,"White",32.4103617783858,2.63588173389479
27,18,1,"White",32.258037764449,2.67962930390295
28,18,1,"White",32.1037887736396,2.71223230306541
29,18,1,"White",31.9481814246429,2.73183330290787
30,18,1,"White",31.7917488903767,2.73657596454987
31,18,1,"White",31.634990897991,2.72568918455889
32,18,1,"White",31.4783737288683,2.70152354580596
33,18,1,"White",31.3223302186233,2.6669875031996
34,18,1,"White",31.1672597571031,2.62498951164834
35,18,1,"White",31.013528288387,2.57843802606071
36,18,1,"White",30.8614683107869,2.53024150134522
37,18,1,"White",30.7113788768468,2.48330839241042
38,18,1,"White",30.5635255933431,2.44054715416481
39,18,1,"White",30.4181406212846,2.40485733620337
40,18,1,"White",30.2754226759124,2.3776924878327
41,18,1,"White",30.1355370266998,2.35747389909414
42,18,1,"White",29.9986154973527,2.3422410447104
43,18,1,"White",29.8647564658092,2.3300333994042
44,18,1,"White",29.7340248642396,2.31889043789823
45,18,1,"White",29.6064521790468,2.30685163491522
46,18,1,"White",29.4820364508658,2.29195646517786
47,18,1,"White",29.3607422745641,2.27224440340887
48,18,1,"White",29.2425007992414,2.24577752873089
49,18,1,"White",29.1272097282299,2.21197418426231
50,18,1,"White",29.0147333190939,2.17235492231497
51,18,1,"White",28.9049023836303,2.12862113040011
52,18,1,"White",28.7975142878682,2.08247419602901
53,18,1,"White",28.692332952069,2.03561550671292
54,18,1,"White",28.5890888507265,1.98974644996311
55,18,1,"White",28.4874790125668,1.94656841329083
56,18,1,"White",28.3871670205484,1.90778278420735
57,18,1,"White",28.287783011862,1.875060197864
58,18,1,"White",28.1889236779308,1.84913862799624
59,18,1,"White",28.0901522644103,1.82967779371965
60,18,1,"White",27.9909985711881,1.81627735094682
61,18,1,"White",27.8909589523845,1.80853695559034
62,18,1,"White",27.789496316352,1.8060562635628
63,18,1,"White",27.6859860912631,1.8084349307768
64,18,1,"White",27.5791218465773,1.81527261314491
65,18,1,"White",27.4663209145071,1.82616896657974
66,18,1,"White",27.3436703556063,1.84073190176404
67,18,1,"White",27.2059269587698,1.85871751901435
68,18,1,"White",27.0468789707023,1.88001009871819
69,18,1,"White",26.8633251200777,1.90449814770539
70,18,1,"White",26.6590536416969,1.93207017280578
71,18,1,"White",26.4447244858314,1.9626146808492
72,18,1,"White",26.2325945968322,1.99602017866548
73,18,1,"White",26.0312431917401,2.03217517308444
74,18,1,"White",25.845092240159,2.07096817093592
75,18,1,"White",25.6745664590058,2.11227008463833
76,18,1,"White",25.5178532547549,2.15574729157731
77,18,1,"White",25.3726626656841,2.20093421105281
78,18,1,"White",25.2364045633196,2.24736306306339
79,18,1,"White",25.106377926096,2.29456606760758
80,18,1,"White",24.9799601130155,2.34207544468392
81,18,1,"White",24.8546240703442,2.38942341429096
82,18,1,"White",24.7279383316124,2.43614219642724
83,18,1,"White",24.5975733259194,2.48176401109129
84,18,1,"White",24.4613707692923,2.52587002534038
85,18,1,"White",24.3174130560443,2.56843012864549
86,18,1,"White",24.1640295670799,2.60959958140841
87,18,1,"White",23.999796669895,2.6495347856533
88,18,1,"White",23.823537718577,2.68839214340429
89,18,1,"White",23.6343230538044,2.72632805668555
90,18,1,"White",23.4314700028473,2.76349892752121
91,18,1,"White",23.2145428795672,2.80006115793543
92,18,1,"White",22.9833529844167,2.83617114995235
93,18,1,"White",22.73795860444,2.87197066484755
94,18,1,"White",22.4786650132726,2.90751953861413
95,18,1,"White",22.2060244711415,2.94284912641396
96,18,1,"White",21.920836224865,2.97799075481373
97,18,1,"White",21.6241465078526,3.01297575038011
98,18,1,"White",21.3172485401054,3.04783543967978
99,18,1,"White",21.0016825282157,3.08260114927942
100,18,1,"White",20.6792356653675,3.1173042057457
101,18,1,"White",20.3519421313357,3.15197593564531
21,19,1,"White",33.1209343372543,2.31498531776826
22,19,1,"White",32.9879050898301,2.38659431489071
23,19,1,"White",32.8496160855912,2.45634588353887
24,19,1,"White",32.7068011720614,2.52238259523846
25,19,1,"White",32.5601607509968,2.58284702151519
26,19,1,"White",32.4103617783858,2.63588173389479
27,19,1,"White",32.258037764449,2.67962930390295
28,19,1,"White",32.1037887736396,2.71223230306541
29,19,1,"White",31.9481814246429,2.73183330290787
30,19,1,"White",31.7917488903767,2.73657596454987
31,19,1,"White",31.634990897991,2.72568918455889
32,19,1,"White",31.4783737288683,2.70152354580596
33,19,1,"White",31.3223302186233,2.6669875031996
34,19,1,"White",31.1672597571031,2.62498951164834
35,19,1,"White",31.013528288387,2.57843802606071
36,19,1,"White",30.8614683107869,2.53024150134522
37,19,1,"White",30.7113788768468,2.48330839241042
38,19,1,"White",30.5635255933431,2.44054715416481
39,19,1,"White",30.4181406212846,2.40485733620337
40,19,1,"White",30.2754226759124,2.3776924878327
41,19,1,"White",30.1355370266998,2.35747389909414
42,19,1,"White",29.9986154973527,2.3422410447104
43,19,1,"White",29.8647564658092,2.3300333994042
44,19,1,"White",29.7340248642396,2.31889043789823
45,19,1,"White",29.6064521790468,2.30685163491522
46,19,1,"White",29.4820364508658,2.29195646517786
47,19,1,"White",29.3607422745641,2.27224440340887
48,19,1,"White",29.2425007992414,2.24577752873089
49,19,1,"White",29.1272097282299,2.21197418426231
50,19,1,"White",29.0147333190939,2.17235492231497
51,19,1,"White",28.9049023836303,2.12862113040011
52,19,1,"White",28.7975142878682,2.08247419602901
53,19,1,"White",28.692332952069,2.03561550671292
54,19,1,"White",28.5890888507265,1.98974644996311
55,19,1,"White",28.4874790125668,1.94656841329083
56,19,1,"White",28.3871670205484,1.90778278420735
57,19,1,"White",28.287783011862,1.875060197864
58,19,1,"White",28.1889236779308,1.84913862799624
59,19,1,"White",28.0901522644103,1.82967779371965
60,19,1,"White",27.9909985711881,1.81627735094682
61,19,1,"White",27.8909589523845,1.80853695559034
62,19,1,"White",27.789496316352,1.8060562635628
63,19,1,"White",27.6859860912631,1.8084349307768
64,19,1,"White",27.5791218465773,1.81527261314491
65,19,1,"White",27.4663209145071,1.82616896657974
66,19,1,"White",27.3436703556063,1.84073190176404
67,19,1,"White",27.2059269587698,1.85871751901435
68,19,1,"White",27.0468789707023,1.88001009871819
69,19,1,"White",26.8633251200777,1.90449814770539
70,19,1,"White",26.6590536416969,1.93207017280578
71,19,1,"White",26.4447244858314,1.9626146808492
72,19,1,"White",26.2325945968322,1.99602017866548
73,19,1,"White",26.0312431917401,2.03217517308444
74,19,1,"White",25.845092240159,2.07096817093592
75,19,1,"White",25.6745664590058,2.11227008463833
76,19,1,"White",25.5178532547549,2.15574729157731
77,19,1,"White",25.3726626656841,2.20093421105281
78,19,1,"White",25.2364045633196,2.24736306306339
79,19,1,"White",25.106377926096,2.29456606760758
80,19,1,"White",24.9799601130155,2.34207544468392
81,19,1,"White",24.8546240703442,2.38942341429096
82,19,1,"White",24.7279383316124,2.43614219642724
83,19,1,"White",24.5975733259194,2.48176401109129
84,19,1,"White",24.4613707692923,2.52587002534038
85,19,1,"White",24.3174130560443,2.56843012864549
86,19,1,"White",24.1640295670799,2.60959958140841
87,19,1,"White",23.999796669895,2.6495347856533
88,19,1,"White",23.823537718577,2.68839214340429
89,19,1,"White",23.6343230538044,2.72632805668555
90,19,1,"White",23.4314700028473,2.76349892752121
91,19,1,"White",23.2145428795672,2.80006115793543
92,19,1,"White",22.9833529844167,2.83617114995235
93,19,1,"White",22.73795860444,2.87197066484755
94,19,1,"White",22.4786650132726,2.90751953861413
95,19,1,"White",22.2060244711415,2.94284912641396
96,19,1,"White",21.920836224865,2.97799075481373
97,19,1,"White",21.6241465078526,3.01297575038011
98,19,1,"White",21.3172485401054,3.04783543967978
99,19,1,"White",21.0016825282157,3.08260114927942
100,19,1,"White",20.6792356653675,3.1173042057457
101,19,1,"White",20.3519421313357,3.15197593564531
21,20,1,"White",33.1209343372543,2.31498531776826
22,20,1,"White",32.9879050898301,2.38659431489071
23,20,1,"White",32.8496160855912,2.45634588353887
24,20,1,"White",32.7068011720614,2.52238259523846
25,20,1,"White",32.5601607509968,2.58284702151519
26,20,1,"White",32.4103617783858,2.63588173389479
27,20,1,"White",32.258037764449,2.67962930390295
28,20,1,"White",32.1037887736396,2.71223230306541
29,20,1,"White",31.9481814246429,2.73183330290787
30,20,1,"White",31.7917488903767,2.73657596454987
31,20,1,"White",31.634990897991,2.72568918455889
32,20,1,"White",31.4783737288683,2.70152354580596
33,20,1,"White",31.3223302186233,2.6669875031996
34,20,1,"White",31.1672597571031,2.62498951164834
35,20,1,"White",31.013528288387,2.57843802606071
36,20,1,"White",30.8614683107869,2.53024150134522
37,20,1,"White",30.7113788768468,2.48330839241042
38,20,1,"White",30.5635255933431,2.44054715416481
39,20,1,"White",30.4181406212846,2.40485733620337
40,20,1,"White",30.2754226759124,2.3776924878327
41,20,1,"White",30.1355370266998,2.35747389909414
42,20,1,"White",29.9986154973527,2.3422410447104
43,20,1,"White",29.8647564658092,2.3300333994042
44,20,1,"White",29.7340248642396,2.31889043789823
45,20,1,"White",29.6064521790468,2.30685163491522
46,20,1,"White",29.4820364508658,2.29195646517786
47,20,1,"White",29.3607422745641,2.27224440340887
48,20,1,"White",29.2425007992414,2.24577752873089
49,20,1,"White",29.1272097282299,2.21197418426231
50,20,1,"White",29.0147333190939,2.17235492231497
51,20,1,"White",28.9049023836303,2.12862113040011
52,20,1,"White",28.7975142878682,2.08247419602901
53,20,1,"White",28.692332952069,2.03561550671292
54,20,1,"White",28.5890888507265,1.98974644996311
55,20,1,"White",28.4874790125668,1.94656841329083
56,20,1,"White",28.3871670205484,1.90778278420735
57,20,1,"White",28.287783011862,1.875060197864
58,20,1,"White",28.1889236779308,1.84913862799624
59,20,1,"White",28.0901522644103,1.82967779371965
60,20,1,"White",27.9909985711881,1.81627735094682
61,20,1,"White",27.8909589523845,1.80853695559034
62,20,1,"White",27.789496316352,1.8060562635628
63,20,1,"White",27.6859860912631,1.8084349307768
64,20,1,"White",27.5791218465773,1.81527261314491
65,20,1,"White",27.4663209145071,1.82616896657974
66,20,1,"White",27.3436703556063,1.84073190176404
67,20,1,"White",27.2059269587698,1.85871751901435
68,20,1,"White",27.0468789707023,1.88001009871819
69,20,1,"White",26.8633251200777,1.90449814770539
70,20,1,"White",26.6590536416969,1.93207017280578
71,20,1,"White",26.4447244858314,1.9626146808492
72,20,1,"White",26.2325945968322,1.99602017866548
73,20,1,"White",26.0312431917401,2.03217517308444
74,20,1,"White",25.845092240159,2.07096817093592
75,20,1,"White",25.6745664590058,2.11227008463833
76,20,1,"White",25.5178532547549,2.15574729157731
77,20,1,"White",25.3726626656841,2.20093421105281
78,20,1,"White",25.2364045633196,2.24736306306339
79,20,1,"White",25.106377926096,2.29456606760758
80,20,1,"White",24.9799601130155,2.34207544468392
81,20,1,"White",24.8546240703442,2.38942341429096
82,20,1,"White",24.7279383316124,2.43614219642724
83,20,1,"White",24.5975733259194,2.48176401109129
84,20,1,"White",24.4613707692923,2.52587002534038
85,20,1,"White",24.3174130560443,2.56843012864549
86,20,1,"White",24.1640295670799,2.60959958140841
87,20,1,"White",23.999796669895,2.6495347856533
88,20,1,"White",23.823537718577,2.68839214340429
89,20,1,"White",23.6343230538044,2.72632805668555
90,20,1,"White",23.4314700028473,2.76349892752121
91,20,1,"White",23.2145428795672,2.80006115793543
92,20,1,"White",22.9833529844167,2.83617114995235
93,20,1,"White",22.73795860444,2.87197066484755
94,20,1,"White",22.4786650132726,2.90751953861413
95,20,1,"White",22.2060244711415,2.94284912641396
96,20,1,"White",21.920836224865,2.97799075481373
97,20,1,"White",21.6241465078526,3.01297575038011
98,20,1,"White",21.3172485401054,3.04783543967978
99,20,1,"White",21.0016825282157,3.08260114927942
100,20,1,"White",20.6792356653675,3.1173042057457
101,20,1,"White",20.3519421313357,3.15197593564531
21,21,1,"White",33.1209343372543,2.31498531776826
22,21,1,"White",32.9879050898301,2.38659431489071
23,21,1,"White",32.8496160855912,2.45634588353887
24,21,1,"White",32.7068011720614,2.52238259523846
25,21,1,"White",32.5601607509968,2.58284702151519
26,21,1,"White",32.4103617783858,2.63588173389479
27,21,1,"White",32.258037764449,2.67962930390295
28,21,1,"White",32.1037887736396,2.71223230306541
29,21,1,"White",31.9481814246429,2.73183330290787
30,21,1,"White",31.7917488903767,2.73657596454987
31,21,1,"White",31.634990897991,2.72568918455889
32,21,1,"White",31.4783737288683,2.70152354580596
33,21,1,"White",31.3223302186233,2.6669875031996
34,21,1,"White",31.1672597571031,2.62498951164834
35,21,1,"White",31.013528288387,2.57843802606071
36,21,1,"White",30.8614683107869,2.53024150134522
37,21,1,"White",30.7113788768468,2.48330839241042
38,21,1,"White",30.5635255933431,2.44054715416481
39,21,1,"White",30.4181406212846,2.40485733620337
40,21,1,"White",30.2754226759124,2.3776924878327
41,21,1,"White",30.1355370266998,2.35747389909414
42,21,1,"White",29.9986154973527,2.3422410447104
43,21,1,"White",29.8647564658092,2.3300333994042
44,21,1,"White",29.7340248642396,2.31889043789823
45,21,1,"White",29.6064521790468,2.30685163491522
46,21,1,"White",29.4820364508658,2.29195646517786
47,21,1,"White",29.3607422745641,2.27224440340887
48,21,1,"White",29.2425007992414,2.24577752873089
49,21,1,"White",29.1272097282299,2.21197418426231
50,21,1,"White",29.0147333190939,2.17235492231497
51,21,1,"White",28.9049023836303,2.12862113040011
52,21,1,"White",28.7975142878682,2.08247419602901
53,21,1,"White",28.692332952069,2.03561550671292
54,21,1,"White",28.5890888507265,1.98974644996311
55,21,1,"White",28.4874790125668,1.94656841329083
56,21,1,"White",28.3871670205484,1.90778278420735
57,21,1,"White",28.287783011862,1.875060197864
58,21,1,"White",28.1889236779308,1.84913862799624
59,21,1,"White",28.0901522644103,1.82967779371965
60,21,1,"White",27.9909985711881,1.81627735094682
61,21,1,"White",27.8909589523845,1.80853695559034
62,21,1,"White",27.789496316352,1.8060562635628
63,21,1,"White",27.6859860912631,1.8084349307768
64,21,1,"White",27.5791218465773,1.81527261314491
65,21,1,"White",27.4663209145071,1.82616896657974
66,21,1,"White",27.3436703556063,1.84073190176404
67,21,1,"White",27.2059269587698,1.85871751901435
68,21,1,"White",27.0468789707023,1.88001009871819
69,21,1,"White",26.8633251200777,1.90449814770539
70,21,1,"White",26.6590536416969,1.93207017280578
71,21,1,"White",26.4447244858314,1.9626146808492
72,21,1,"White",26.2325945968322,1.99602017866548
73,21,1,"White",26.0312431917401,2.03217517308444
74,21,1,"White",25.845092240159,2.07096817093592
75,21,1,"White",25.6745664590058,2.11227008463833
76,21,1,"White",25.5178532547549,2.15574729157731
77,21,1,"White",25.3726626656841,2.20093421105281
78,21,1,"White",25.2364045633196,2.24736306306339
79,21,1,"White",25.106377926096,2.29456606760758
80,21,1,"White",24.9799601130155,2.34207544468392
81,21,1,"White",24.8546240703442,2.38942341429096
82,21,1,"White",24.7279383316124,2.43614219642724
83,21,1,"White",24.5975733259194,2.48176401109129
84,21,1,"White",24.4613707692923,2.52587002534038
85,21,1,"White",24.3174130560443,2.56843012864549
86,21,1,"White",24.1640295670799,2.60959958140841
87,21,1,"White",23.999796669895,2.6495347856533
88,21,1,"White",23.823537718577,2.68839214340429
89,21,1,"White",23.6343230538044,2.72632805668555
90,21,1,"White",23.4314700028473,2.76349892752121
91,21,1,"White",23.2145428795672,2.80006115793543
92,21,1,"White",22.9833529844167,2.83617114995235
93,21,1,"White",22.73795860444,2.87197066484755
94,21,1,"White",22.4786650132726,2.90751953861413
95,21,1,"White",22.2060244711415,2.94284912641396
96,21,1,"White",21.920836224865,2.97799075481373
97,21,1,"White",21.6241465078526,3.01297575038011
98,21,1,"White",21.3172485401054,3.04783543967978
99,21,1,"White",21.0016825282157,3.08260114927942
100,21,1,"White",20.6792356653675,3.1173042057457
101,21,1,"White",20.3519421313357,3.15197593564531
21,22,1,"White",33.1209343372543,2.31498531776826
22,22,1,"White",32.9879050898301,2.38659431489071
23,22,1,"White",32.8496160855912,2.45634588353887
24,22,1,"White",32.7068011720614,2.52238259523846
25,22,1,"White",32.5601607509968,2.58284702151519
26,22,1,"White",32.4103617783858,2.63588173389479
27,22,1,"White",32.258037764449,2.67962930390295
28,22,1,"White",32.1037887736396,2.71223230306541
29,22,1,"White",31.9481814246429,2.73183330290787
30,22,1,"White",31.7917488903767,2.73657596454987
31,22,1,"White",31.634990897991,2.72568918455889
32,22,1,"White",31.4783737288683,2.70152354580596
33,22,1,"White",31.3223302186233,2.6669875031996
34,22,1,"White",31.1672597571031,2.62498951164834
35,22,1,"White",31.013528288387,2.57843802606071
36,22,1,"White",30.8614683107869,2.53024150134522
37,22,1,"White",30.7113788768468,2.48330839241042
38,22,1,"White",30.5635255933431,2.44054715416481
39,22,1,"White",30.4181406212846,2.40485733620337
40,22,1,"White",30.2754226759124,2.3776924878327
41,22,1,"White",30.1355370266998,2.35747389909414
42,22,1,"White",29.9986154973527,2.3422410447104
43,22,1,"White",29.8647564658092,2.3300333994042
44,22,1,"White",29.7340248642396,2.31889043789823
45,22,1,"White",29.6064521790468,2.30685163491522
46,22,1,"White",29.4820364508658,2.29195646517786
47,22,1,"White",29.3607422745641,2.27224440340887
48,22,1,"White",29.2425007992414,2.24577752873089
49,22,1,"White",29.1272097282299,2.21197418426231
50,22,1,"White",29.0147333190939,2.17235492231497
51,22,1,"White",28.9049023836303,2.12862113040011
52,22,1,"White",28.7975142878682,2.08247419602901
53,22,1,"White",28.692332952069,2.03561550671292
54,22,1,"White",28.5890888507265,1.98974644996311
55,22,1,"White",28.4874790125668,1.94656841329083
56,22,1,"White",28.3871670205484,1.90778278420735
57,22,1,"White",28.287783011862,1.875060197864
58,22,1,"White",28.1889236779308,1.84913862799624
59,22,1,"White",28.0901522644103,1.82967779371965
60,22,1,"White",27.9909985711881,1.81627735094682
61,22,1,"White",27.8909589523845,1.80853695559034
62,22,1,"White",27.789496316352,1.8060562635628
63,22,1,"White",27.6859860912631,1.8084349307768
64,22,1,"White",27.5791218465773,1.81527261314491
65,22,1,"White",27.4663209145071,1.82616896657974
66,22,1,"White",27.3436703556063,1.84073190176404
67,22,1,"White",27.2059269587698,1.85871751901435
68,22,1,"White",27.0468789707023,1.88001009871819
69,22,1,"White",26.8633251200777,1.90449814770539
70,22,1,"White",26.6590536416969,1.93207017280578
71,22,1,"White",26.4447244858314,1.9626146808492
72,22,1,"White",26.2325945968322,1.99602017866548
73,22,1,"White",26.0312431917401,2.03217517308444
74,22,1,"White",25.845092240159,2.07096817093592
75,22,1,"White",25.6745664590058,2.11227008463833
76,22,1,"White",25.5178532547549,2.15574729157731
77,22,1,"White",25.3726626656841,2.20093421105281
78,22,1,"White",25.2364045633196,2.24736306306339
79,22,1,"White",25.106377926096,2.29456606760758
80,22,1,"White",24.9799601130155,2.34207544468392
81,22,1,"White",24.8546240703442,2.38942341429096
82,22,1,"White",24.7279383316124,2.43614219642724
83,22,1,"White",24.5975733259194,2.48176401109129
84,22,1,"White",24.4613707692923,2.52587002534038
85,22,1,"White",24.3174130560443,2.56843012864549
86,22,1,"White",24.1640295670799,2.60959958140841
87,22,1,"White",23.999796669895,2.6495347856533
88,22,1,"White",23.823537718577,2.68839214340429
89,22,1,"White",23.6343230538044,2.72632805668555
90,22,1,"White",23.4314700028473,2.76349892752121
91,22,1,"White",23.2145428795672,2.80006115793543
92,22,1,"White",22.9833529844167,2.83617114995235
93,22,1,"White",22.73795860444,2.87197066484755
94,22,1,"White",22.4786650132726,2.90751953861413
95,22,1,"White",22.2060244711415,2.94284912641396
96,22,1,"White",21.920836224865,2.97799075481373
97,22,1,"White",21.6241465078526,3.01297575038011
98,22,1,"White",21.3172485401054,3.04783543967978
99,22,1,"White",21.0016825282157,3.08260114927942
100,22,1,"White",20.6792356653675,3.1173042057457
101,22,1,"White",20.3519421313357,3.15197593564531
21,23,1,"White",33.1209343372543,2.31498531776826
22,23,1,"White",32.9879050898301,2.38659431489071
23,23,1,"White",32.8496160855912,2.45634588353887
24,23,1,"White",32.7068011720614,2.52238259523846
25,23,1,"White",32.5601607509968,2.58284702151519
26,23,1,"White",32.4103617783858,2.63588173389479
27,23,1,"White",32.258037764449,2.67962930390295
28,23,1,"White",32.1037887736396,2.71223230306541
29,23,1,"White",31.9481814246429,2.73183330290787
30,23,1,"White",31.7917488903767,2.73657596454987
31,23,1,"White",31.634990897991,2.72568918455889
32,23,1,"White",31.4783737288683,2.70152354580596
33,23,1,"White",31.3223302186233,2.6669875031996
34,23,1,"White",31.1672597571031,2.62498951164834
35,23,1,"White",31.013528288387,2.57843802606071
36,23,1,"White",30.8614683107869,2.53024150134522
37,23,1,"White",30.7113788768468,2.48330839241042
38,23,1,"White",30.5635255933431,2.44054715416481
39,23,1,"White",30.4181406212846,2.40485733620337
40,23,1,"White",30.2754226759124,2.3776924878327
41,23,1,"White",30.1355370266998,2.35747389909414
42,23,1,"White",29.9986154973527,2.3422410447104
43,23,1,"White",29.8647564658092,2.3300333994042
44,23,1,"White",29.7340248642396,2.31889043789823
45,23,1,"White",29.6064521790468,2.30685163491522
46,23,1,"White",29.4820364508658,2.29195646517786
47,23,1,"White",29.3607422745641,2.27224440340887
48,23,1,"White",29.2425007992414,2.24577752873089
49,23,1,"White",29.1272097282299,2.21197418426231
50,23,1,"White",29.0147333190939,2.17235492231497
51,23,1,"White",28.9049023836303,2.12862113040011
52,23,1,"White",28.7975142878682,2.08247419602901
53,23,1,"White",28.692332952069,2.03561550671292
54,23,1,"White",28.5890888507265,1.98974644996311
55,23,1,"White",28.4874790125668,1.94656841329083
56,23,1,"White",28.3871670205484,1.90778278420735
57,23,1,"White",28.287783011862,1.875060197864
58,23,1,"White",28.1889236779308,1.84913862799624
59,23,1,"White",28.0901522644103,1.82967779371965
60,23,1,"White",27.9909985711881,1.81627735094682
61,23,1,"White",27.8909589523845,1.80853695559034
62,23,1,"White",27.789496316352,1.8060562635628
63,23,1,"White",27.6859860912631,1.8084349307768
64,23,1,"White",27.5791218465773,1.81527261314491
65,23,1,"White",27.4663209145071,1.82616896657974
66,23,1,"White",27.3436703556063,1.84073190176404
67,23,1,"White",27.2059269587698,1.85871751901435
68,23,1,"White",27.0468789707023,1.88001009871819
69,23,1,"White",26.8633251200777,1.90449814770539
70,23,1,"White",26.6590536416969,1.93207017280578
71,23,1,"White",26.4447244858314,1.9626146808492
72,23,1,"White",26.2325945968322,1.99602017866548
73,23,1,"White",26.0312431917401,2.03217517308444
74,23,1,"White",25.845092240159,2.07096817093592
75,23,1,"White",25.6745664590058,2.11227008463833
76,23,1,"White",25.5178532547549,2.15574729157731
77,23,1,"White",25.3726626656841,2.20093421105281
78,23,1,"White",25.2364045633196,2.24736306306339
79,23,1,"White",25.106377926096,2.29456606760758
80,23,1,"White",24.9799601130155,2.34207544468392
81,23,1,"White",24.8546240703442,2.38942341429096
82,23,1,"White",24.7279383316124,2.43614219642724
83,23,1,"White",24.5975733259194,2.48176401109129
84,23,1,"White",24.4613707692923,2.52587002534038
85,23,1,"White",24.3174130560443,2.56843012864549
86,23,1,"White",24.1640295670799,2.60959958140841
87,23,1,"White",23.999796669895,2.6495347856533
88,23,1,"White",23.823537718577,2.68839214340429
89,23,1,"White",23.6343230538044,2.72632805668555
90,23,1,"White",23.4314700028473,2.76349892752121
91,23,1,"White",23.2145428795672,2.80006115793543
92,23,1,"White",22.9833529844167,2.83617114995235
93,23,1,"White",22.73795860444,2.87197066484755
94,23,1,"White",22.4786650132726,2.90751953861413
95,23,1,"White",22.2060244711415,2.94284912641396
96,23,1,"White",21.920836224865,2.97799075481373
97,23,1,"White",21.6241465078526,3.01297575038011
98,23,1,"White",21.3172485401054,3.04783543967978
99,23,1,"White",21.0016825282157,3.08260114927942
100,23,1,"White",20.6792356653675,3.1173042057457
101,23,1,"White",20.3519421313357,3.15197593564531
21,24,1,"White",33.1209343372543,2.31498531776826
22,24,1,"White",32.9879050898301,2.38659431489071
23,24,1,"White",32.8496160855912,2.45634588353887
24,24,1,"White",32.7068011720614,2.52238259523846
25,24,1,"White",32.5601607509968,2.58284702151519
26,24,1,"White",32.4103617783858,2.63588173389479
27,24,1,"White",32.258037764449,2.67962930390295
28,24,1,"White",32.1037887736396,2.71223230306541
29,24,1,"White",31.9481814246429,2.73183330290787
30,24,1,"White",31.7917488903767,2.73657596454987
31,24,1,"White",31.634990897991,2.72568918455889
32,24,1,"White",31.4783737288683,2.70152354580596
33,24,1,"White",31.3223302186233,2.6669875031996
34,24,1,"White",31.1672597571031,2.62498951164834
35,24,1,"White",31.013528288387,2.57843802606071
36,24,1,"White",30.8614683107869,2.53024150134522
37,24,1,"White",30.7113788768468,2.48330839241042
38,24,1,"White",30.5635255933431,2.44054715416481
39,24,1,"White",30.4181406212846,2.40485733620337
40,24,1,"White",30.2754226759124,2.3776924878327
41,24,1,"White",30.1355370266998,2.35747389909414
42,24,1,"White",29.9986154973527,2.3422410447104
43,24,1,"White",29.8647564658092,2.3300333994042
44,24,1,"White",29.7340248642396,2.31889043789823
45,24,1,"White",29.6064521790468,2.30685163491522
46,24,1,"White",29.4820364508658,2.29195646517786
47,24,1,"White",29.3607422745641,2.27224440340887
48,24,1,"White",29.2425007992414,2.24577752873089
49,24,1,"White",29.1272097282299,2.21197418426231
50,24,1,"White",29.0147333190939,2.17235492231497
51,24,1,"White",28.9049023836303,2.12862113040011
52,24,1,"White",28.7975142878682,2.08247419602901
53,24,1,"White",28.692332952069,2.03561550671292
54,24,1,"White",28.5890888507265,1.98974644996311
55,24,1,"White",28.4874790125668,1.94656841329083
56,24,1,"White",28.3871670205484,1.90778278420735
57,24,1,"White",28.287783011862,1.875060197864
58,24,1,"White",28.1889236779308,1.84913862799624
59,24,1,"White",28.0901522644103,1.82967779371965
60,24,1,"White",27.9909985711881,1.81627735094682
61,24,1,"White",27.8909589523845,1.80853695559034
62,24,1,"White",27.789496316352,1.8060562635628
63,24,1,"White",27.6859860912631,1.8084349307768
64,24,1,"White",27.5791218465773,1.81527261314491
65,24,1,"White",27.4663209145071,1.82616896657974
66,24,1,"White",27.3436703556063,1.84073190176404
67,24,1,"White",27.2059269587698,1.85871751901435
68,24,1,"White",27.0468789707023,1.88001009871819
69,24,1,"White",26.8633251200777,1.90449814770539
70,24,1,"White",26.6590536416969,1.93207017280578
71,24,1,"White",26.4447244858314,1.9626146808492
72,24,1,"White",26.2325945968322,1.99602017866548
73,24,1,"White",26.0312431917401,2.03217517308444
74,24,1,"White",25.845092240159,2.07096817093592
75,24,1,"White",25.6745664590058,2.11227008463833
76,24,1,"White",25.5178532547549,2.15574729157731
77,24,1,"White",25.3726626656841,2.20093421105281
78,24,1,"White",25.2364045633196,2.24736306306339
79,24,1,"White",25.106377926096,2.29456606760758
80,24,1,"White",24.9799601130155,2.34207544468392
81,24,1,"White",24.8546240703442,2.38942341429096
82,24,1,"White",24.7279383316124,2.43614219642724
83,24,1,"White",24.5975733259194,2.48176401109129
84,24,1,"White",24.4613707692923,2.52587002534038
85,24,1,"White",24.3174130560443,2.56843012864549
86,24,1,"White",24.1640295670799,2.60959958140841
87,24,1,"White",23.999796669895,2.6495347856533
88,24,1,"White",23.823537718577,2.68839214340429
89,24,1,"White",23.6343230538044,2.72632805668555
90,24,1,"White",23.4314700028473,2.76349892752121
91,24,1,"White",23.2145428795672,2.80006115793543
92,24,1,"White",22.9833529844167,2.83617114995235
93,24,1,"White",22.73795860444,2.87197066484755
94,24,1,"White",22.4786650132726,2.90751953861413
95,24,1,"White",22.2060244711415,2.94284912641396
96,24,1,"White",21.920836224865,2.97799075481373
97,24,1,"White",21.6241465078526,3.01297575038011
98,24,1,"White",21.3172485401054,3.04783543967978
99,24,1,"White",21.0016825282157,3.08260114927942
100,24,1,"White",20.6792356653675,3.1173042057457
101,24,1,"White",20.3519421313357,3.15197593564531
21,25,1,"White",33.1209343372543,2.31498531776826
22,25,1,"White",32.9879050898301,2.38659431489071
23,25,1,"White",32.8496160855912,2.45634588353887
24,25,1,"White",32.7068011720614,2.52238259523846
25,25,1,"White",32.5601607509968,2.58284702151519
26,25,1,"White",32.4103617783858,2.63588173389479
27,25,1,"White",32.258037764449,2.67962930390295
28,25,1,"White",32.1037887736396,2.71223230306541
29,25,1,"White",31.9481814246429,2.73183330290787
30,25,1,"White",31.7917488903767,2.73657596454987
31,25,1,"White",31.634990897991,2.72568918455889
32,25,1,"White",31.4783737288683,2.70152354580596
33,25,1,"White",31.3223302186233,2.6669875031996
34,25,1,"White",31.1672597571031,2.62498951164834
35,25,1,"White",31.013528288387,2.57843802606071
36,25,1,"White",30.8614683107869,2.53024150134522
37,25,1,"White",30.7113788768468,2.48330839241042
38,25,1,"White",30.5635255933431,2.44054715416481
39,25,1,"White",30.4181406212846,2.40485733620337
40,25,1,"White",30.2754226759124,2.3776924878327
41,25,1,"White",30.1355370266998,2.35747389909414
42,25,1,"White",29.9986154973527,2.3422410447104
43,25,1,"White",29.8647564658092,2.3300333994042
44,25,1,"White",29.7340248642396,2.31889043789823
45,25,1,"White",29.6064521790468,2.30685163491522
46,25,1,"White",29.4820364508658,2.29195646517786
47,25,1,"White",29.3607422745641,2.27224440340887
48,25,1,"White",29.2425007992414,2.24577752873089
49,25,1,"White",29.1272097282299,2.21197418426231
50,25,1,"White",29.0147333190939,2.17235492231497
51,25,1,"White",28.9049023836303,2.12862113040011
52,25,1,"White",28.7975142878682,2.08247419602901
53,25,1,"White",28.692332952069,2.03561550671292
54,25,1,"White",28.5890888507265,1.98974644996311
55,25,1,"White",28.4874790125668,1.94656841329083
56,25,1,"White",28.3871670205484,1.90778278420735
57,25,1,"White",28.287783011862,1.875060197864
58,25,1,"White",28.1889236779308,1.84913862799624
59,25,1,"White",28.0901522644103,1.82967779371965
60,25,1,"White",27.9909985711881,1.81627735094682
61,25,1,"White",27.8909589523845,1.80853695559034
62,25,1,"White",27.789496316352,1.8060562635628
63,25,1,"White",27.6859860912631,1.8084349307768
64,25,1,"White",27.5791218465773,1.81527261314491
65,25,1,"White",27.4663209145071,1.82616896657974
66,25,1,"White",27.3436703556063,1.84073190176404
67,25,1,"White",27.2059269587698,1.85871751901435
68,25,1,"White",27.0468789707023,1.88001009871819
69,25,1,"White",26.8633251200777,1.90449814770539
70,25,1,"White",26.6590536416969,1.93207017280578
71,25,1,"White",26.4447244858314,1.9626146808492
72,25,1,"White",26.2325945968322,1.99602017866548
73,25,1,"White",26.0312431917401,2.03217517308444
74,25,1,"White",25.845092240159,2.07096817093592
75,25,1,"White",25.6745664590058,2.11227008463833
76,25,1,"White",25.5178532547549,2.15574729157731
77,25,1,"White",25.3726626656841,2.20093421105281
78,25,1,"White",25.2364045633196,2.24736306306339
79,25,1,"White",25.106377926096,2.29456606760758
80,25,1,"White",24.9799601130155,2.34207544468392
81,25,1,"White",24.8546240703442,2.38942341429096
82,25,1,"White",24.7279383316124,2.43614219642724
83,25,1,"White",24.5975733259194,2.48176401109129
84,25,1,"White",24.4613707692923,2.52587002534038
85,25,1,"White",24.3174130560443,2.56843012864549
86,25,1,"White",24.1640295670799,2.60959958140841
87,25,1,"White",23.999796669895,2.6495347856533
88,25,1,"White",23.823537718577,2.68839214340429
89,25,1,"White",23.6343230538044,2.72632805668555
90,25,1,"White",23.4314700028473,2.76349892752121
91,25,1,"White",23.2145428795672,2.80006115793543
92,25,1,"White",22.9833529844167,2.83617114995235
93,25,1,"White",22.73795860444,2.87197066484755
94,25,1,"White",22.4786650132726,2.90751953861413
95,25,1,"White",22.2060244711415,2.94284912641396
96,25,1,"White",21.920836224865,2.97799075481373
97,25,1,"White",21.6241465078526,3.01297575038011
98,25,1,"White",21.3172485401054,3.04783543967978
99,25,1,"White",21.0016825282157,3.08260114927942
100,25,1,"White",20.6792356653675,3.1173042057457
101,25,1,"White",20.3519421313357,3.15197593564531
21,10,0,"Black",24.900906042331,11.205890094866
22,10,0,"Black",24.8913972805677,10.888655399204
23,10,0,"Black",24.8746682904316,10.571420703542
24,10,0,"Black",24.8508895043811,10.25418600788
25,10,0,"Black",24.8202357035352,9.93695131221801
26,10,0,"Black",24.7828860176733,9.61971661655602
27,10,0,"Black",24.7390239252353,9.30248192089402
28,10,0,"Black",24.6888372533217,8.98524722523203
29,10,0,"Black",24.6325181776932,8.66801252957003
30,10,0,"Black",24.5702632227714,8.35077783390803
31,10,0,"Black",24.5022732616381,8.03354313824603
32,10,0,"Black",24.4287535160357,7.71630844258403
33,10,0,"Black",24.3499135563671,7.39907374692204
34,10,0,"Black",24.2659673016956,7.08183905126004
35,10,0,"Black",24.1771330197453,6.76460435559804
36,10,0,"Black",24.0836333269003,6.44736965993605
37,10,0,"Black",23.9856951882057,6.13013496427405
38,10,0,"Black",23.8835499173667,5.81290026861205
39,10,0,"Black",23.7774331767493,5.49566557295006
40,10,0,"Black",23.6675849773798,5.17843087728806
41,10,0,"Black",23.5542496789449,4.86203996212953
42,10,0,"Black",23.4376759897922,4.55071172999185
43,10,0,"Black",23.3181169669294,4.24950886389583
44,10,0,"Black",23.1958300160248,3.96349404686232
45,10,0,"Black",23.0710768914073,3.69772996191216
46,10,0,"Black",22.9441236960662,3.45727929206618
47,10,0,"Black",22.8152408816514,3.2471924819075
48,10,0,"Black",22.6847032484731,3.07053275969494
49,10,0,"Black",22.5527899455022,2.92619616564468
50,10,0,"Black",22.41978447037,2.81255401695576
51,10,0,"Black",22.2859746693683,2.72797763082726
52,10,0,"Black",22.1516527374493,2.67083832445823
53,10,0,"Black",22.0171152182259,2.63950741504772
54,10,0,"Black",21.8826630039714,2.63229597846228
55,10,0,"Black",21.7486013356195,2.64568808390549
56,10,0,"Black",21.6152398027646,2.67405558885936
57,10,0,"Black",21.4828923436614,2.71165269195328
58,10,0,"Black",21.3518772452252,2.75273359181666
59,10,0,"Black",21.2225171430317,2.79155248707891
60,10,0,"Black",21.0951390213172,2.82236357636945
61,10,0,"Black",20.9700742129785,2.8399860598717
62,10,0,"Black",20.8476583995728,2.84580728083474
63,10,0,"Black",20.7281539294282,2.84545209416291
64,10,0,"Black",20.6108953168565,2.84461597995477
65,10,0,"Black",20.4934347413666,2.84899441830891
66,10,0,"Black",20.3714643657747,2.86428288932391
67,10,0,"Black",20.2388163362039,2.89617687309835
68,10,0,"Black",20.0876311113576,2.94911971738281
69,10,0,"Black",19.9102090845178,3.02054820903527
70,10,0,"Black",19.7008622055448,3.10546334620549
71,10,0,"Black",19.4562784196329,3.19886368147226
72,10,0,"Black",19.1776788716302,3.29574776741435
73,10,0,"Black",18.8729751103579,3.39111415661053
74,10,0,"Black",18.5569651980938,3.47996283608409
75,10,0,"Black",18.2505391268816,3.55872249958344
76,10,0,"Black",17.9719383979283,3.62793152435857
77,10,0,"Black",17.728015601003,3.68886272324506
78,10,0,"Black",17.5139236098463,3.7427889090785
79,10,0,"Black",17.3184371522778,3.79098289469449
80,10,0,"Black",17.1292743803038,3.83471749292862
81,10,0,"Black",16.9335806492186,3.87528951468741
82,10,0,"Black",16.7179285176034,3.91543565513322
83,10,0,"Black",16.4684592100241,3.96012443002498
84,10,0,"Black",16.1724387066951,4.01451633968907
85,10,0,"Black",15.8198138331434,4.08377188445186
86,10,0,"Black",15.4033537229059,4.17305156463972
87,10,0,"Black",14.9186498175287,4.28751588057902
88,10,0,"Black",14.3641158665677,4.43196474840776
89,10,0,"Black",13.7409879275885,4.60472487691408
90,10,0,"Black",13.0533243661658,4.79852382360893
91,10,0,"Black",12.3080058558843,5.0059045268988
92,10,0,"Black",11.5147353783382,5.21940992519018
93,10,0,"Black",10.6860382231311,5.43158295688958
94,10,0,"Black",9.83726198787628,5.63496656040347
95,10,0,"Black",8.98657657819657,5.82289558370053
96,10,0,"Black",8.15497420772437,5.99499397576215
97,10,0,"Black",7.36626939810165,6.15388478329934
98,10,0,"Black",6.64709897897996,6.30220952321698
99,10,0,"Black",6.02692208802039,6.44260971241996
100,10,0,"Black",5.53802017089361,6.57772686781317
101,10,0,"Black",5.21549698127987,6.71020250630149
21,11,0,"Black",24.900906042331,11.205890094866
22,11,0,"Black",24.8913972805677,10.888655399204
23,11,0,"Black",24.8746682904316,10.571420703542
24,11,0,"Black",24.8508895043811,10.25418600788
25,11,0,"Black",24.8202357035352,9.93695131221801
26,11,0,"Black",24.7828860176733,9.61971661655602
27,11,0,"Black",24.7390239252353,9.30248192089402
28,11,0,"Black",24.6888372533217,8.98524722523203
29,11,0,"Black",24.6325181776932,8.66801252957003
30,11,0,"Black",24.5702632227714,8.35077783390803
31,11,0,"Black",24.5022732616381,8.03354313824603
32,11,0,"Black",24.4287535160357,7.71630844258403
33,11,0,"Black",24.3499135563671,7.39907374692204
34,11,0,"Black",24.2659673016956,7.08183905126004
35,11,0,"Black",24.1771330197453,6.76460435559804
36,11,0,"Black",24.0836333269003,6.44736965993605
37,11,0,"Black",23.9856951882057,6.13013496427405
38,11,0,"Black",23.8835499173667,5.81290026861205
39,11,0,"Black",23.7774331767493,5.49566557295006
40,11,0,"Black",23.6675849773798,5.17843087728806
41,11,0,"Black",23.5542496789449,4.86203996212953
42,11,0,"Black",23.4376759897922,4.55071172999185
43,11,0,"Black",23.3181169669294,4.24950886389583
44,11,0,"Black",23.1958300160248,3.96349404686232
45,11,0,"Black",23.0710768914073,3.69772996191216
46,11,0,"Black",22.9441236960662,3.45727929206618
47,11,0,"Black",22.8152408816514,3.2471924819075
48,11,0,"Black",22.6847032484731,3.07053275969494
49,11,0,"Black",22.5527899455022,2.92619616564468
50,11,0,"Black",22.41978447037,2.81255401695576
51,11,0,"Black",22.2859746693683,2.72797763082726
52,11,0,"Black",22.1516527374493,2.67083832445823
53,11,0,"Black",22.0171152182259,2.63950741504772
54,11,0,"Black",21.8826630039714,2.63229597846228
55,11,0,"Black",21.7486013356195,2.64568808390549
56,11,0,"Black",21.6152398027646,2.67405558885936
57,11,0,"Black",21.4828923436614,2.71165269195328
58,11,0,"Black",21.3518772452252,2.75273359181666
59,11,0,"Black",21.2225171430317,2.79155248707891
60,11,0,"Black",21.0951390213172,2.82236357636945
61,11,0,"Black",20.9700742129785,2.8399860598717
62,11,0,"Black",20.8476583995728,2.84580728083474
63,11,0,"Black",20.7281539294282,2.84545209416291
64,11,0,"Black",20.6108953168565,2.84461597995477
65,11,0,"Black",20.4934347413666,2.84899441830891
66,11,0,"Black",20.3714643657747,2.86428288932391
67,11,0,"Black",20.2388163362039,2.89617687309835
68,11,0,"Black",20.0876311113576,2.94911971738281
69,11,0,"Black",19.9102090845178,3.02054820903527
70,11,0,"Black",19.7008622055448,3.10546334620549
71,11,0,"Black",19.4562784196329,3.19886368147226
72,11,0,"Black",19.1776788716302,3.29574776741435
73,11,0,"Black",18.8729751103579,3.39111415661053
74,11,0,"Black",18.5569651980938,3.47996283608409
75,11,0,"Black",18.2505391268816,3.55872249958344
76,11,0,"Black",17.9719383979283,3.62793152435857
77,11,0,"Black",17.728015601003,3.68886272324506
78,11,0,"Black",17.5139236098463,3.7427889090785
79,11,0,"Black",17.3184371522778,3.79098289469449
80,11,0,"Black",17.1292743803038,3.83471749292862
81,11,0,"Black",16.9335806492186,3.87528951468741
82,11,0,"Black",16.7179285176034,3.91543565513322
83,11,0,"Black",16.4684592100241,3.96012443002498
84,11,0,"Black",16.1724387066951,4.01451633968907
85,11,0,"Black",15.8198138331434,4.08377188445186
86,11,0,"Black",15.4033537229059,4.17305156463972
87,11,0,"Black",14.9186498175287,4.28751588057902
88,11,0,"Black",14.3641158665677,4.43196474840776
89,11,0,"Black",13.7409879275885,4.60472487691408
90,11,0,"Black",13.0533243661658,4.79852382360893
91,11,0,"Black",12.3080058558843,5.0059045268988
92,11,0,"Black",11.5147353783382,5.21940992519018
93,11,0,"Black",10.6860382231311,5.43158295688958
94,11,0,"Black",9.83726198787628,5.63496656040347
95,11,0,"Black",8.98657657819657,5.82289558370053
96,11,0,"Black",8.15497420772437,5.99499397576215
97,11,0,"Black",7.36626939810165,6.15388478329934
98,11,0,"Black",6.64709897897996,6.30220952321698
99,11,0,"Black",6.02692208802039,6.44260971241996
100,11,0,"Black",5.53802017089361,6.57772686781317
101,11,0,"Black",5.21549698127987,6.71020250630149
21,12,0,"Black",24.900906042331,11.205890094866
22,12,0,"Black",24.8913972805677,10.888655399204
23,12,0,"Black",24.8746682904316,10.571420703542
24,12,0,"Black",24.8508895043811,10.25418600788
25,12,0,"Black",24.8202357035352,9.93695131221801
26,12,0,"Black",24.7828860176733,9.61971661655602
27,12,0,"Black",24.7390239252353,9.30248192089402
28,12,0,"Black",24.6888372533217,8.98524722523203
29,12,0,"Black",24.6325181776932,8.66801252957003
30,12,0,"Black",24.5702632227714,8.35077783390803
31,12,0,"Black",24.5022732616381,8.03354313824603
32,12,0,"Black",24.4287535160357,7.71630844258403
33,12,0,"Black",24.3499135563671,7.39907374692204
34,12,0,"Black",24.2659673016956,7.08183905126004
35,12,0,"Black",24.1771330197453,6.76460435559804
36,12,0,"Black",24.0836333269003,6.44736965993605
37,12,0,"Black",23.9856951882057,6.13013496427405
38,12,0,"Black",23.8835499173667,5.81290026861205
39,12,0,"Black",23.7774331767493,5.49566557295006
40,12,0,"Black",23.6675849773798,5.17843087728806
41,12,0,"Black",23.5542496789449,4.86203996212953
42,12,0,"Black",23.4376759897922,4.55071172999185
43,12,0,"Black",23.3181169669294,4.24950886389583
44,12,0,"Black",23.1958300160248,3.96349404686232
45,12,0,"Black",23.0710768914073,3.69772996191216
46,12,0,"Black",22.9441236960662,3.45727929206618
47,12,0,"Black",22.8152408816514,3.2471924819075
48,12,0,"Black",22.6847032484731,3.07053275969494
49,12,0,"Black",22.5527899455022,2.92619616564468
50,12,0,"Black",22.41978447037,2.81255401695576
51,12,0,"Black",22.2859746693683,2.72797763082726
52,12,0,"Black",22.1516527374493,2.67083832445823
53,12,0,"Black",22.0171152182259,2.63950741504772
54,12,0,"Black",21.8826630039714,2.63229597846228
55,12,0,"Black",21.7486013356195,2.64568808390549
56,12,0,"Black",21.6152398027646,2.67405558885936
57,12,0,"Black",21.4828923436614,2.71165269195328
58,12,0,"Black",21.3518772452252,2.75273359181666
59,12,0,"Black",21.2225171430317,2.79155248707891
60,12,0,"Black",21.0951390213172,2.82236357636945
61,12,0,"Black",20.9700742129785,2.8399860598717
62,12,0,"Black",20.8476583995728,2.84580728083474
63,12,0,"Black",20.7281539294282,2.84545209416291
64,12,0,"Black",20.6108953168565,2.84461597995477
65,12,0,"Black",20.4934347413666,2.84899441830891
66,12,0,"Black",20.3714643657747,2.86428288932391
67,12,0,"Black",20.2388163362039,2.89617687309835
68,12,0,"Black",20.0876311113576,2.94911971738281
69,12,0,"Black",19.9102090845178,3.02054820903527
70,12,0,"Black",19.7008622055448,3.10546334620549
71,12,0,"Black",19.4562784196329,3.19886368147226
72,12,0,"Black",19.1776788716302,3.29574776741435
73,12,0,"Black",18.8729751103579,3.39111415661053
74,12,0,"Black",18.5569651980938,3.47996283608409
75,12,0,"Black",18.2505391268816,3.55872249958344
76,12,0,"Black",17.9719383979283,3.62793152435857
77,12,0,"Black",17.728015601003,3.68886272324506
78,12,0,"Black",17.5139236098463,3.7427889090785
79,12,0,"Black",17.3184371522778,3.79098289469449
80,12,0,"Black",17.1292743803038,3.83471749292862
81,12,0,"Black",16.9335806492186,3.87528951468741
82,12,0,"Black",16.7179285176034,3.91543565513322
83,12,0,"Black",16.4684592100241,3.96012443002498
84,12,0,"Black",16.1724387066951,4.01451633968907
85,12,0,"Black",15.8198138331434,4.08377188445186
86,12,0,"Black",15.4033537229059,4.17305156463972
87,12,0,"Black",14.9186498175287,4.28751588057902
88,12,0,"Black",14.3641158665677,4.43196474840776
89,12,0,"Black",13.7409879275885,4.60472487691408
90,12,0,"Black",13.0533243661658,4.79852382360893
91,12,0,"Black",12.3080058558843,5.0059045268988
92,12,0,"Black",11.5147353783382,5.21940992519018
93,12,0,"Black",10.6860382231311,5.43158295688958
94,12,0,"Black",9.83726198787628,5.63496656040347
95,12,0,"Black",8.98657657819657,5.82289558370053
96,12,0,"Black",8.15497420772437,5.99499397576215
97,12,0,"Black",7.36626939810165,6.15388478329934
98,12,0,"Black",6.64709897897996,6.30220952321698
99,12,0,"Black",6.02692208802039,6.44260971241996
100,12,0,"Black",5.53802017089361,6.57772686781317
101,12,0,"Black",5.21549698127987,6.71020250630149
21,13,0,"Black",25.1686140701294,11.205890094866
22,13,0,"Black",25.2572307906242,10.888655399204
23,13,0,"Black",25.3386272827463,10.571420703542
24,13,0,"Black",25.412973978954,10.25418600788
25,13,0,"Black",25.4804456603663,9.93695131221801
26,13,0,"Black",25.5412214567626,9.61971661655602
27,13,0,"Black",25.5954848465828,9.30248192089402
28,13,0,"Black",25.6434236569273,8.98524722523203
29,13,0,"Black",25.685230063557,8.66801252957003
30,13,0,"Black",25.7211005908934,8.35077783390803
31,13,0,"Black",25.7512361120182,8.03354313824603
32,13,0,"Black",25.775841848674,7.71630844258403
33,13,0,"Black",25.7951273712636,7.39907374692204
34,13,0,"Black",25.8093065988503,7.08183905126004
35,13,0,"Black",25.8185977991581,6.76460435559804
36,13,0,"Black",25.8232235885714,6.44736965993605
37,13,0,"Black",25.8234109321349,6.13013496427405
38,13,0,"Black",25.8193911435541,5.81290026861205
39,13,0,"Black",25.8113998851949,5.49566557295006
40,13,0,"Black",25.7996771680835,5.17843087728806
41,13,0,"Black",25.7844673519068,4.86203996212953
42,13,0,"Black",25.7660191450123,4.55071172999185
43,13,0,"Black",25.7445856044076,4.24950886389583
44,13,0,"Black",25.7204241357612,3.96349404686232
45,13,0,"Black",25.6937964934019,3.69772996191216
46,13,0,"Black",25.664968780319,3.45727929206618
47,13,0,"Black",25.6342114481623,3.2471924819075
48,13,0,"Black",25.6017992972422,3.07053275969494
49,13,0,"Black",25.5680114765295,2.92619616564468
50,13,0,"Black",25.5331314836555,2.81255401695576
51,13,0,"Black",25.4974471649119,2.72797763082726
52,13,0,"Black",25.4612507152511,2.67083832445823
53,13,0,"Black",25.4248386782859,2.63950741504772
54,13,0,"Black",25.3885119462896,2.63229597846228
55,13,0,"Black",25.3525757601959,2.64568808390549
56,13,0,"Black",25.3173397095991,2.67405558885936
57,13,0,"Black",25.2831177327541,2.71165269195328
58,13,0,"Black",25.250228116576,2.75273359181666
59,13,0,"Black",25.2189934966407,2.79155248707891
60,13,0,"Black",25.1897408571844,2.82236357636945
61,13,0,"Black",25.1628015311039,2.8399860598717
62,13,0,"Black",25.1385111999564,2.84580728083474
63,13,0,"Black",25.1171322120699,2.84545209416291
64,13,0,"Black",25.0979990817564,2.84461597995477
65,13,0,"Black",25.0786639885247,2.84899441830891
66,13,0,"Black",25.0548190951909,2.86428288932391
67,13,0,"Black",25.0202965478783,2.89617687309835
68,13,0,"Black",24.9672368052902,2.94911971738281
69,13,0,"Black",24.8879402607086,3.02054820903527
70,13,0,"Black",24.7767188639938,3.10546334620549
71,13,0,"Black",24.6302605603401,3.19886368147226
72,13,0,"Black",24.4497864945955,3.29574776741435
73,13,0,"Black",24.2432082155814,3.39111415661053
74,13,0,"Black",24.0253237855755,3.47996283608409
75,13,0,"Black",23.8170231966214,3.55872249958344
76,13,0,"Black",23.6365479499263,3.62793152435857
77,13,0,"Black",23.4907506352592,3.68886272324506
78,13,0,"Black",23.3747841263606,3.7427889090785
79,13,0,"Black",23.2774231510503,3.79098289469449
80,13,0,"Black",23.1863858613346,3.83471749292862
81,13,0,"Black",23.0888176125074,3.87528951468741
82,13,0,"Black",22.9712909631504,3.91543565513322
83,13,0,"Black",22.8199471378293,3.96012443002498
84,13,0,"Black",22.6220521167585,4.01451633968907
85,13,0,"Black",22.367552725465,4.08377188445186
86,13,0,"Black",22.0492180974856,4.17305156463972
87,13,0,"Black",21.6626396743666,4.28751588057902
88,13,0,"Black",21.2062312056638,4.43196474840776
89,13,0,"Black",20.6812287489427,4.60472487691408
90,13,0,"Black",20.0916906697783,4.79852382360893
91,13,0,"Black",19.444497641755,5.0059045268988
92,13,0,"Black",18.749352646467,5.21940992519018
93,13,0,"Black",18.0187809735181,5.43158295688958
94,13,0,"Black",17.2681302205214,5.63496656040347
95,13,0,"Black",16.5155702930999,5.82289558370053
96,13,0,"Black",15.7820934048859,5.99499397576215
97,13,0,"Black",15.0915140775213,6.15388478329934
98,13,0,"Black",14.4704691406578,6.30220952321698
99,13,0,"Black",13.9484177319564,6.44260971241996
100,13,0,"Black",13.5576412970878,6.57772686781317
101,13,0,"Black",13.3332435897322,6.71020250630149
21,14,0,"Black",25.1686140701294,11.205890094866
22,14,0,"Black",25.2572307906242,10.888655399204
23,14,0,"Black",25.3386272827463,10.571420703542
24,14,0,"Black",25.412973978954,10.25418600788
25,14,0,"Black",25.4804456603663,9.93695131221801
26,14,0,"Black",25.5412214567626,9.61971661655602
27,14,0,"Black",25.5954848465828,9.30248192089402
28,14,0,"Black",25.6434236569273,8.98524722523203
29,14,0,"Black",25.685230063557,8.66801252957003
30,14,0,"Black",25.7211005908934,8.35077783390803
31,14,0,"Black",25.7512361120182,8.03354313824603
32,14,0,"Black",25.775841848674,7.71630844258403
33,14,0,"Black",25.7951273712636,7.39907374692204
34,14,0,"Black",25.8093065988503,7.08183905126004
35,14,0,"Black",25.8185977991581,6.76460435559804
36,14,0,"Black",25.8232235885714,6.44736965993605
37,14,0,"Black",25.8234109321349,6.13013496427405
38,14,0,"Black",25.8193911435541,5.81290026861205
39,14,0,"Black",25.8113998851949,5.49566557295006
40,14,0,"Black",25.7996771680835,5.17843087728806
41,14,0,"Black",25.7844673519068,4.86203996212953
42,14,0,"Black",25.7660191450123,4.55071172999185
43,14,0,"Black",25.7445856044076,4.24950886389583
44,14,0,"Black",25.7204241357612,3.96349404686232
45,14,0,"Black",25.6937964934019,3.69772996191216
46,14,0,"Black",25.664968780319,3.45727929206618
47,14,0,"Black",25.6342114481623,3.2471924819075
48,14,0,"Black",25.6017992972422,3.07053275969494
49,14,0,"Black",25.5680114765295,2.92619616564468
50,14,0,"Black",25.5331314836555,2.81255401695576
51,14,0,"Black",25.4974471649119,2.72797763082726
52,14,0,"Black",25.4612507152511,2.67083832445823
53,14,0,"Black",25.4248386782859,2.63950741504772
54,14,0,"Black",25.3885119462896,2.63229597846228
55,14,0,"Black",25.3525757601959,2.64568808390549
56,14,0,"Black",25.3173397095991,2.67405558885936
57,14,0,"Black",25.2831177327541,2.71165269195328
58,14,0,"Black",25.250228116576,2.75273359181666
59,14,0,"Black",25.2189934966407,2.79155248707891
60,14,0,"Black",25.1897408571844,2.82236357636945
61,14,0,"Black",25.1628015311039,2.8399860598717
62,14,0,"Black",25.1385111999564,2.84580728083474
63,14,0,"Black",25.1171322120699,2.84545209416291
64,14,0,"Black",25.0979990817564,2.84461597995477
65,14,0,"Black",25.0786639885247,2.84899441830891
66,14,0,"Black",25.0548190951909,2.86428288932391
67,14,0,"Black",25.0202965478783,2.89617687309835
68,14,0,"Black",24.9672368052902,2.94911971738281
69,14,0,"Black",24.8879402607086,3.02054820903527
70,14,0,"Black",24.7767188639938,3.10546334620549
71,14,0,"Black",24.6302605603401,3.19886368147226
72,14,0,"Black",24.4497864945955,3.29574776741435
73,14,0,"Black",24.2432082155814,3.39111415661053
74,14,0,"Black",24.0253237855755,3.47996283608409
75,14,0,"Black",23.8170231966214,3.55872249958344
76,14,0,"Black",23.6365479499263,3.62793152435857
77,14,0,"Black",23.4907506352592,3.68886272324506
78,14,0,"Black",23.3747841263606,3.7427889090785
79,14,0,"Black",23.2774231510503,3.79098289469449
80,14,0,"Black",23.1863858613346,3.83471749292862
81,14,0,"Black",23.0888176125074,3.87528951468741
82,14,0,"Black",22.9712909631504,3.91543565513322
83,14,0,"Black",22.8199471378293,3.96012443002498
84,14,0,"Black",22.6220521167585,4.01451633968907
85,14,0,"Black",22.367552725465,4.08377188445186
86,14,0,"Black",22.0492180974856,4.17305156463972
87,14,0,"Black",21.6626396743666,4.28751588057902
88,14,0,"Black",21.2062312056638,4.43196474840776
89,14,0,"Black",20.6812287489427,4.60472487691408
90,14,0,"Black",20.0916906697783,4.79852382360893
91,14,0,"Black",19.444497641755,5.0059045268988
92,14,0,"Black",18.749352646467,5.21940992519018
93,14,0,"Black",18.0187809735181,5.43158295688958
94,14,0,"Black",17.2681302205214,5.63496656040347
95,14,0,"Black",16.5155702930999,5.82289558370053
96,14,0,"Black",15.7820934048859,5.99499397576215
97,14,0,"Black",15.0915140775213,6.15388478329934
98,14,0,"Black",14.4704691406578,6.30220952321698
99,14,0,"Black",13.9484177319564,6.44260971241996
100,14,0,"Black",13.5576412970878,6.57772686781317
101,14,0,"Black",13.3332435897322,6.71020250630149
21,15,0,"Black",25.1686140701294,11.205890094866
22,15,0,"Black",25.2572307906242,10.888655399204
23,15,0,"Black",25.3386272827463,10.571420703542
24,15,0,"Black",25.412973978954,10.25418600788
25,15,0,"Black",25.4804456603663,9.93695131221801
26,15,0,"Black",25.5412214567626,9.61971661655602
27,15,0,"Black",25.5954848465828,9.30248192089402
28,15,0,"Black",25.6434236569273,8.98524722523203
29,15,0,"Black",25.685230063557,8.66801252957003
30,15,0,"Black",25.7211005908934,8.35077783390803
31,15,0,"Black",25.7512361120182,8.03354313824603
32,15,0,"Black",25.775841848674,7.71630844258403
33,15,0,"Black",25.7951273712636,7.39907374692204
34,15,0,"Black",25.8093065988503,7.08183905126004
35,15,0,"Black",25.8185977991581,6.76460435559804
36,15,0,"Black",25.8232235885714,6.44736965993605
37,15,0,"Black",25.8234109321349,6.13013496427405
38,15,0,"Black",25.8193911435541,5.81290026861205
39,15,0,"Black",25.8113998851949,5.49566557295006
40,15,0,"Black",25.7996771680835,5.17843087728806
41,15,0,"Black",25.7844673519068,4.86203996212953
42,15,0,"Black",25.7660191450123,4.55071172999185
43,15,0,"Black",25.7445856044076,4.24950886389583
44,15,0,"Black",25.7204241357612,3.96349404686232
45,15,0,"Black",25.6937964934019,3.69772996191216
46,15,0,"Black",25.664968780319,3.45727929206618
47,15,0,"Black",25.6342114481623,3.2471924819075
48,15,0,"Black",25.6017992972422,3.07053275969494
49,15,0,"Black",25.5680114765295,2.92619616564468
50,15,0,"Black",25.5331314836555,2.81255401695576
51,15,0,"Black",25.4974471649119,2.72797763082726
52,15,0,"Black",25.4612507152511,2.67083832445823
53,15,0,"Black",25.4248386782859,2.63950741504772
54,15,0,"Black",25.3885119462896,2.63229597846228
55,15,0,"Black",25.3525757601959,2.64568808390549
56,15,0,"Black",25.3173397095991,2.67405558885936
57,15,0,"Black",25.2831177327541,2.71165269195328
58,15,0,"Black",25.250228116576,2.75273359181666
59,15,0,"Black",25.2189934966407,2.79155248707891
60,15,0,"Black",25.1897408571844,2.82236357636945
61,15,0,"Black",25.1628015311039,2.8399860598717
62,15,0,"Black",25.1385111999564,2.84580728083474
63,15,0,"Black",25.1171322120699,2.84545209416291
64,15,0,"Black",25.0979990817564,2.84461597995477
65,15,0,"Black",25.0786639885247,2.84899441830891
66,15,0,"Black",25.0548190951909,2.86428288932391
67,15,0,"Black",25.0202965478783,2.89617687309835
68,15,0,"Black",24.9672368052902,2.94911971738281
69,15,0,"Black",24.8879402607086,3.02054820903527
70,15,0,"Black",24.7767188639938,3.10546334620549
71,15,0,"Black",24.6302605603401,3.19886368147226
72,15,0,"Black",24.4497864945955,3.29574776741435
73,15,0,"Black",24.2432082155814,3.39111415661053
74,15,0,"Black",24.0253237855755,3.47996283608409
75,15,0,"Black",23.8170231966214,3.55872249958344
76,15,0,"Black",23.6365479499263,3.62793152435857
77,15,0,"Black",23.4907506352592,3.68886272324506
78,15,0,"Black",23.3747841263606,3.7427889090785
79,15,0,"Black",23.2774231510503,3.79098289469449
80,15,0,"Black",23.1863858613346,3.83471749292862
81,15,0,"Black",23.0888176125074,3.87528951468741
82,15,0,"Black",22.9712909631504,3.91543565513322
83,15,0,"Black",22.8199471378293,3.96012443002498
84,15,0,"Black",22.6220521167585,4.01451633968907
85,15,0,"Black",22.367552725465,4.08377188445186
86,15,0,"Black",22.0492180974856,4.17305156463972
87,15,0,"Black",21.6626396743666,4.28751588057902
88,15,0,"Black",21.2062312056638,4.43196474840776
89,15,0,"Black",20.6812287489427,4.60472487691408
90,15,0,"Black",20.0916906697783,4.79852382360893
91,15,0,"Black",19.444497641755,5.0059045268988
92,15,0,"Black",18.749352646467,5.21940992519018
93,15,0,"Black",18.0187809735181,5.43158295688958
94,15,0,"Black",17.2681302205214,5.63496656040347
95,15,0,"Black",16.5155702930999,5.82289558370053
96,15,0,"Black",15.7820934048859,5.99499397576215
97,15,0,"Black",15.0915140775213,6.15388478329934
98,15,0,"Black",14.4704691406578,6.30220952321698
99,15,0,"Black",13.9484177319564,6.44260971241996
100,15,0,"Black",13.5576412970878,6.57772686781317
101,15,0,"Black",13.3332435897322,6.71020250630149
21,16,0,"Black",25.1686140701294,11.205890094866
22,16,0,"Black",25.2572307906242,10.888655399204
23,16,0,"Black",25.3386272827463,10.571420703542
24,16,0,"Black",25.412973978954,10.25418600788
25,16,0,"Black",25.4804456603663,9.93695131221801
26,16,0,"Black",25.5412214567626,9.61971661655602
27,16,0,"Black",25.5954848465828,9.30248192089402
28,16,0,"Black",25.6434236569273,8.98524722523203
29,16,0,"Black",25.685230063557,8.66801252957003
30,16,0,"Black",25.7211005908934,8.35077783390803
31,16,0,"Black",25.7512361120182,8.03354313824603
32,16,0,"Black",25.775841848674,7.71630844258403
33,16,0,"Black",25.7951273712636,7.39907374692204
34,16,0,"Black",25.8093065988503,7.08183905126004
35,16,0,"Black",25.8185977991581,6.76460435559804
36,16,0,"Black",25.8232235885714,6.44736965993605
37,16,0,"Black",25.8234109321349,6.13013496427405
38,16,0,"Black",25.8193911435541,5.81290026861205
39,16,0,"Black",25.8113998851949,5.49566557295006
40,16,0,"Black",25.7996771680835,5.17843087728806
41,16,0,"Black",25.7844673519068,4.86203996212953
42,16,0,"Black",25.7660191450123,4.55071172999185
43,16,0,"Black",25.7445856044076,4.24950886389583
44,16,0,"Black",25.7204241357612,3.96349404686232
45,16,0,"Black",25.6937964934019,3.69772996191216
46,16,0,"Black",25.664968780319,3.45727929206618
47,16,0,"Black",25.6342114481623,3.2471924819075
48,16,0,"Black",25.6017992972422,3.07053275969494
49,16,0,"Black",25.5680114765295,2.92619616564468
50,16,0,"Black",25.5331314836555,2.81255401695576
51,16,0,"Black",25.4974471649119,2.72797763082726
52,16,0,"Black",25.4612507152511,2.67083832445823
53,16,0,"Black",25.4248386782859,2.63950741504772
54,16,0,"Black",25.3885119462896,2.63229597846228
55,16,0,"Black",25.3525757601959,2.64568808390549
56,16,0,"Black",25.3173397095991,2.67405558885936
57,16,0,"Black",25.2831177327541,2.71165269195328
58,16,0,"Black",25.250228116576,2.75273359181666
59,16,0,"Black",25.2189934966407,2.79155248707891
60,16,0,"Black",25.1897408571844,2.82236357636945
61,16,0,"Black",25.1628015311039,2.8399860598717
62,16,0,"Black",25.1385111999564,2.84580728083474
63,16,0,"Black",25.1171322120699,2.84545209416291
64,16,0,"Black",25.0979990817564,2.84461597995477
65,16,0,"Black",25.0786639885247,2.84899441830891
66,16,0,"Black",25.0548190951909,2.86428288932391
67,16,0,"Black",25.0202965478783,2.89617687309835
68,16,0,"Black",24.9672368052902,2.94911971738281
69,16,0,"Black",24.8879402607086,3.02054820903527
70,16,0,"Black",24.7767188639938,3.10546334620549
71,16,0,"Black",24.6302605603401,3.19886368147226
72,16,0,"Black",24.4497864945955,3.29574776741435
73,16,0,"Black",24.2432082155814,3.39111415661053
74,16,0,"Black",24.0253237855755,3.47996283608409
75,16,0,"Black",23.8170231966214,3.55872249958344
76,16,0,"Black",23.6365479499263,3.62793152435857
77,16,0,"Black",23.4907506352592,3.68886272324506
78,16,0,"Black",23.3747841263606,3.7427889090785
79,16,0,"Black",23.2774231510503,3.79098289469449
80,16,0,"Black",23.1863858613346,3.83471749292862
81,16,0,"Black",23.0888176125074,3.87528951468741
82,16,0,"Black",22.9712909631504,3.91543565513322
83,16,0,"Black",22.8199471378293,3.96012443002498
84,16,0,"Black",22.6220521167585,4.01451633968907
85,16,0,"Black",22.367552725465,4.08377188445186
86,16,0,"Black",22.0492180974856,4.17305156463972
87,16,0,"Black",21.6626396743666,4.28751588057902
88,16,0,"Black",21.2062312056638,4.43196474840776
89,16,0,"Black",20.6812287489427,4.60472487691408
90,16,0,"Black",20.0916906697783,4.79852382360893
91,16,0,"Black",19.444497641755,5.0059045268988
92,16,0,"Black",18.749352646467,5.21940992519018
93,16,0,"Black",18.0187809735181,5.43158295688958
94,16,0,"Black",17.2681302205214,5.63496656040347
95,16,0,"Black",16.5155702930999,5.82289558370053
96,16,0,"Black",15.7820934048859,5.99499397576215
97,16,0,"Black",15.0915140775213,6.15388478329934
98,16,0,"Black",14.4704691406578,6.30220952321698
99,16,0,"Black",13.9484177319564,6.44260971241996
100,16,0,"Black",13.5576412970878,6.57772686781317
101,16,0,"Black",13.3332435897322,6.71020250630149
21,17,0,"Black",24.2506707419717,11.205890094866
22,17,0,"Black",24.3769626703097,10.888655399204
23,17,0,"Black",24.4960343702749,10.571420703542
24,17,0,"Black",24.6080562743258,10.25418600788
25,17,0,"Black",24.7132031635812,9.93695131221801
26,17,0,"Black",24.8116541678207,9.61971661655602
27,17,0,"Black",24.903592765484,9.30248192089402
28,17,0,"Black",24.9892067836717,8.98524722523203
29,17,0,"Black",25.0686883981445,8.66801252957003
30,17,0,"Black",25.142234133324,8.35077783390803
31,17,0,"Black",25.210044862292,8.03354313824603
32,17,0,"Black",25.272325806791,7.71630844258403
33,17,0,"Black",25.3292865372237,7.39907374692204
34,17,0,"Black",25.3811409726536,7.08183905126004
35,17,0,"Black",25.4281073808046,6.76460435559804
36,17,0,"Black",25.470408378061,6.44736965993605
37,17,0,"Black",25.5082709294677,6.13013496427405
38,17,0,"Black",25.54192634873,5.81290026861205
39,17,0,"Black",25.5716102982139,5.49566557295006
40,17,0,"Black",25.5975627889457,5.17843087728806
41,17,0,"Black",25.6200281806122,4.86203996212953
42,17,0,"Black",25.6392551815608,4.55071172999185
43,17,0,"Black",25.6554968487993,4.24950886389583
44,17,0,"Black",25.669010587996,3.96349404686232
45,17,0,"Black",25.6800581534799,3.69772996191216
46,17,0,"Black",25.6889056482402,3.45727929206618
47,17,0,"Black",25.6958235239266,3.2471924819075
48,17,0,"Black",25.7010865808497,3.07053275969494
49,17,0,"Black",25.7049739679801,2.92619616564468
50,17,0,"Black",25.7077691829492,2.81255401695576
51,17,0,"Black",25.7097600720488,2.72797763082726
52,17,0,"Black",25.7112388302312,2.67083832445823
53,17,0,"Black",25.7125020011091,2.63950741504772
54,17,0,"Black",25.7138504769559,2.63229597846228
55,17,0,"Black",25.7155894987054,2.64568808390549
56,17,0,"Black",25.7180286559518,2.67405558885936
57,17,0,"Black",25.7214818869499,2.71165269195328
58,17,0,"Black",25.726267478615,2.75273359181666
59,17,0,"Black",25.7327080665229,2.79155248707891
60,17,0,"Black",25.7411306349097,2.82236357636945
61,17,0,"Black",25.7518665166723,2.8399860598717
62,17,0,"Black",25.765251393368,2.84580728083474
63,17,0,"Black",25.7815476133247,2.84545209416291
64,17,0,"Black",25.8000896908544,2.84461597995477
65,17,0,"Black",25.8184298054658,2.84899441830891
66,17,0,"Black",25.8322601199752,2.86428288932391
67,17,0,"Black",25.8354127805057,2.89617687309835
68,17,0,"Black",25.8200282457607,2.94911971738281
69,17,0,"Black",25.7784069090223,3.02054820903527
70,17,0,"Black",25.7048607201506,3.10546334620549
71,17,0,"Black",25.5960776243401,3.19886368147226
72,17,0,"Black",25.4532787664387,3.29574776741435
73,17,0,"Black",25.2843756952677,3.39111415661053
74,17,0,"Black",25.104166473105,3.47996283608409
75,17,0,"Black",24.933541091994,3.55872249958344
76,17,0,"Black",24.7907410531421,3.62793152435857
77,17,0,"Black",24.6826189463181,3.68886272324506
78,17,0,"Black",24.6043276452627,3.7427889090785
79,17,0,"Black",24.5446418777955,3.79098289469449
80,17,0,"Black",24.491279795923,3.83471749292862
81,17,0,"Black",24.431386754939,3.87528951468741
82,17,0,"Black",24.3515353134252,3.91543565513322
83,17,0,"Black",24.2378666959472,3.96012443002498
84,17,0,"Black",24.0776468827195,4.01451633968907
85,17,0,"Black",23.8608226992692,4.08377188445186
86,17,0,"Black",23.580163279133,4.17305156463972
87,17,0,"Black",23.2312600638571,4.28751588057902
88,17,0,"Black",22.8125268029975,4.43196474840776
89,17,0,"Black",22.3251995541195,4.60472487691408
90,17,0,"Black",21.7733366827982,4.79852382360893
91,17,0,"Black",21.1638188626181,5.0059045268988
92,17,0,"Black",20.5063490751733,5.21940992519018
93,17,0,"Black",19.8134526100675,5.43158295688958
94,17,0,"Black",19.100477064914,5.63496656040347
95,17,0,"Black",18.3855923453356,5.82289558370053
96,17,0,"Black",17.6897906649648,5.99499397576215
97,17,0,"Black",17.0368865454434,6.15388478329934
98,17,0,"Black",16.453516816423,6.30220952321698
99,17,0,"Black",15.9691406155648,6.44260971241996
100,17,0,"Black",15.6160393885393,6.57772686781317
101,17,0,"Black",15.4293168890269,6.71020250630149
21,18,0,"Black",24.2506707419717,11.205890094866
22,18,0,"Black",24.3769626703097,10.888655399204
23,18,0,"Black",24.4960343702749,10.571420703542
24,18,0,"Black",24.6080562743258,10.25418600788
25,18,0,"Black",24.7132031635812,9.93695131221801
26,18,0,"Black",24.8116541678207,9.61971661655602
27,18,0,"Black",24.903592765484,9.30248192089402
28,18,0,"Black",24.9892067836717,8.98524722523203
29,18,0,"Black",25.0686883981445,8.66801252957003
30,18,0,"Black",25.142234133324,8.35077783390803
31,18,0,"Black",25.210044862292,8.03354313824603
32,18,0,"Black",25.272325806791,7.71630844258403
33,18,0,"Black",25.3292865372237,7.39907374692204
34,18,0,"Black",25.3811409726536,7.08183905126004
35,18,0,"Black",25.4281073808046,6.76460435559804
36,18,0,"Black",25.470408378061,6.44736965993605
37,18,0,"Black",25.5082709294677,6.13013496427405
38,18,0,"Black",25.54192634873,5.81290026861205
39,18,0,"Black",25.5716102982139,5.49566557295006
40,18,0,"Black",25.5975627889457,5.17843087728806
41,18,0,"Black",25.6200281806122,4.86203996212953
42,18,0,"Black",25.6392551815608,4.55071172999185
43,18,0,"Black",25.6554968487993,4.24950886389583
44,18,0,"Black",25.669010587996,3.96349404686232
45,18,0,"Black",25.6800581534799,3.69772996191216
46,18,0,"Black",25.6889056482402,3.45727929206618
47,18,0,"Black",25.6958235239266,3.2471924819075
48,18,0,"Black",25.7010865808497,3.07053275969494
49,18,0,"Black",25.7049739679801,2.92619616564468
50,18,0,"Black",25.7077691829492,2.81255401695576
51,18,0,"Black",25.7097600720488,2.72797763082726
52,18,0,"Black",25.7112388302312,2.67083832445823
53,18,0,"Black",25.7125020011091,2.63950741504772
54,18,0,"Black",25.7138504769559,2.63229597846228
55,18,0,"Black",25.7155894987054,2.64568808390549
56,18,0,"Black",25.7180286559518,2.67405558885936
57,18,0,"Black",25.7214818869499,2.71165269195328
58,18,0,"Black",25.726267478615,2.75273359181666
59,18,0,"Black",25.7327080665229,2.79155248707891
60,18,0,"Black",25.7411306349097,2.82236357636945
61,18,0,"Black",25.7518665166723,2.8399860598717
62,18,0,"Black",25.765251393368,2.84580728083474
63,18,0,"Black",25.7815476133247,2.84545209416291
64,18,0,"Black",25.8000896908544,2.84461597995477
65,18,0,"Black",25.8184298054658,2.84899441830891
66,18,0,"Black",25.8322601199752,2.86428288932391
67,18,0,"Black",25.8354127805057,2.89617687309835
68,18,0,"Black",25.8200282457607,2.94911971738281
69,18,0,"Black",25.7784069090223,3.02054820903527
70,18,0,"Black",25.7048607201506,3.10546334620549
71,18,0,"Black",25.5960776243401,3.19886368147226
72,18,0,"Black",25.4532787664387,3.29574776741435
73,18,0,"Black",25.2843756952677,3.39111415661053
74,18,0,"Black",25.104166473105,3.47996283608409
75,18,0,"Black",24.933541091994,3.55872249958344
76,18,0,"Black",24.7907410531421,3.62793152435857
77,18,0,"Black",24.6826189463181,3.68886272324506
78,18,0,"Black",24.6043276452627,3.7427889090785
79,18,0,"Black",24.5446418777955,3.79098289469449
80,18,0,"Black",24.491279795923,3.83471749292862
81,18,0,"Black",24.431386754939,3.87528951468741
82,18,0,"Black",24.3515353134252,3.91543565513322
83,18,0,"Black",24.2378666959472,3.96012443002498
84,18,0,"Black",24.0776468827195,4.01451633968907
85,18,0,"Black",23.8608226992692,4.08377188445186
86,18,0,"Black",23.580163279133,4.17305156463972
87,18,0,"Black",23.2312600638571,4.28751588057902
88,18,0,"Black",22.8125268029975,4.43196474840776
89,18,0,"Black",22.3251995541195,4.60472487691408
90,18,0,"Black",21.7733366827982,4.79852382360893
91,18,0,"Black",21.1638188626181,5.0059045268988
92,18,0,"Black",20.5063490751733,5.21940992519018
93,18,0,"Black",19.8134526100675,5.43158295688958
94,18,0,"Black",19.100477064914,5.63496656040347
95,18,0,"Black",18.3855923453356,5.82289558370053
96,18,0,"Black",17.6897906649648,5.99499397576215
97,18,0,"Black",17.0368865454434,6.15388478329934
98,18,0,"Black",16.453516816423,6.30220952321698
99,18,0,"Black",15.9691406155648,6.44260971241996
100,18,0,"Black",15.6160393885393,6.57772686781317
101,18,0,"Black",15.4293168890269,6.71020250630149
21,19,0,"Black",24.2506707419717,11.205890094866
22,19,0,"Black",24.3769626703097,10.888655399204
23,19,0,"Black",24.4960343702749,10.571420703542
24,19,0,"Black",24.6080562743258,10.25418600788
25,19,0,"Black",24.7132031635812,9.93695131221801
26,19,0,"Black",24.8116541678207,9.61971661655602
27,19,0,"Black",24.903592765484,9.30248192089402
28,19,0,"Black",24.9892067836717,8.98524722523203
29,19,0,"Black",25.0686883981445,8.66801252957003
30,19,0,"Black",25.142234133324,8.35077783390803
31,19,0,"Black",25.210044862292,8.03354313824603
32,19,0,"Black",25.272325806791,7.71630844258403
33,19,0,"Black",25.3292865372237,7.39907374692204
34,19,0,"Black",25.3811409726536,7.08183905126004
35,19,0,"Black",25.4281073808046,6.76460435559804
36,19,0,"Black",25.470408378061,6.44736965993605
37,19,0,"Black",25.5082709294677,6.13013496427405
38,19,0,"Black",25.54192634873,5.81290026861205
39,19,0,"Black",25.5716102982139,5.49566557295006
40,19,0,"Black",25.5975627889457,5.17843087728806
41,19,0,"Black",25.6200281806122,4.86203996212953
42,19,0,"Black",25.6392551815608,4.55071172999185
43,19,0,"Black",25.6554968487993,4.24950886389583
44,19,0,"Black",25.669010587996,3.96349404686232
45,19,0,"Black",25.6800581534799,3.69772996191216
46,19,0,"Black",25.6889056482402,3.45727929206618
47,19,0,"Black",25.6958235239266,3.2471924819075
48,19,0,"Black",25.7010865808497,3.07053275969494
49,19,0,"Black",25.7049739679801,2.92619616564468
50,19,0,"Black",25.7077691829492,2.81255401695576
51,19,0,"Black",25.7097600720488,2.72797763082726
52,19,0,"Black",25.7112388302312,2.67083832445823
53,19,0,"Black",25.7125020011091,2.63950741504772
54,19,0,"Black",25.7138504769559,2.63229597846228
55,19,0,"Black",25.7155894987054,2.64568808390549
56,19,0,"Black",25.7180286559518,2.67405558885936
57,19,0,"Black",25.7214818869499,2.71165269195328
58,19,0,"Black",25.726267478615,2.75273359181666
59,19,0,"Black",25.7327080665229,2.79155248707891
60,19,0,"Black",25.7411306349097,2.82236357636945
61,19,0,"Black",25.7518665166723,2.8399860598717
62,19,0,"Black",25.765251393368,2.84580728083474
63,19,0,"Black",25.7815476133247,2.84545209416291
64,19,0,"Black",25.8000896908544,2.84461597995477
65,19,0,"Black",25.8184298054658,2.84899441830891
66,19,0,"Black",25.8322601199752,2.86428288932391
67,19,0,"Black",25.8354127805057,2.89617687309835
68,19,0,"Black",25.8200282457607,2.94911971738281
69,19,0,"Black",25.7784069090223,3.02054820903527
70,19,0,"Black",25.7048607201506,3.10546334620549
71,19,0,"Black",25.5960776243401,3.19886368147226
72,19,0,"Black",25.4532787664387,3.29574776741435
73,19,0,"Black",25.2843756952677,3.39111415661053
74,19,0,"Black",25.104166473105,3.47996283608409
75,19,0,"Black",24.933541091994,3.55872249958344
76,19,0,"Black",24.7907410531421,3.62793152435857
77,19,0,"Black",24.6826189463181,3.68886272324506
78,19,0,"Black",24.6043276452627,3.7427889090785
79,19,0,"Black",24.5446418777955,3.79098289469449
80,19,0,"Black",24.491279795923,3.83471749292862
81,19,0,"Black",24.431386754939,3.87528951468741
82,19,0,"Black",24.3515353134252,3.91543565513322
83,19,0,"Black",24.2378666959472,3.96012443002498
84,19,0,"Black",24.0776468827195,4.01451633968907
85,19,0,"Black",23.8608226992692,4.08377188445186
86,19,0,"Black",23.580163279133,4.17305156463972
87,19,0,"Black",23.2312600638571,4.28751588057902
88,19,0,"Black",22.8125268029975,4.43196474840776
89,19,0,"Black",22.3251995541195,4.60472487691408
90,19,0,"Black",21.7733366827982,4.79852382360893
91,19,0,"Black",21.1638188626181,5.0059045268988
92,19,0,"Black",20.5063490751733,5.21940992519018
93,19,0,"Black",19.8134526100675,5.43158295688958
94,19,0,"Black",19.100477064914,5.63496656040347
95,19,0,"Black",18.3855923453356,5.82289558370053
96,19,0,"Black",17.6897906649648,5.99499397576215
97,19,0,"Black",17.0368865454434,6.15388478329934
98,19,0,"Black",16.453516816423,6.30220952321698
99,19,0,"Black",15.9691406155648,6.44260971241996
100,19,0,"Black",15.6160393885393,6.57772686781317
101,19,0,"Black",15.4293168890269,6.71020250630149
21,20,0,"Black",24.2506707419717,11.205890094866
22,20,0,"Black",24.3769626703097,10.888655399204
23,20,0,"Black",24.4960343702749,10.571420703542
24,20,0,"Black",24.6080562743258,10.25418600788
25,20,0,"Black",24.7132031635812,9.93695131221801
26,20,0,"Black",24.8116541678207,9.61971661655602
27,20,0,"Black",24.903592765484,9.30248192089402
28,20,0,"Black",24.9892067836717,8.98524722523203
29,20,0,"Black",25.0686883981445,8.66801252957003
30,20,0,"Black",25.142234133324,8.35077783390803
31,20,0,"Black",25.210044862292,8.03354313824603
32,20,0,"Black",25.272325806791,7.71630844258403
33,20,0,"Black",25.3292865372237,7.39907374692204
34,20,0,"Black",25.3811409726536,7.08183905126004
35,20,0,"Black",25.4281073808046,6.76460435559804
36,20,0,"Black",25.470408378061,6.44736965993605
37,20,0,"Black",25.5082709294677,6.13013496427405
38,20,0,"Black",25.54192634873,5.81290026861205
39,20,0,"Black",25.5716102982139,5.49566557295006
40,20,0,"Black",25.5975627889457,5.17843087728806
41,20,0,"Black",25.6200281806122,4.86203996212953
42,20,0,"Black",25.6392551815608,4.55071172999185
43,20,0,"Black",25.6554968487993,4.24950886389583
44,20,0,"Black",25.669010587996,3.96349404686232
45,20,0,"Black",25.6800581534799,3.69772996191216
46,20,0,"Black",25.6889056482402,3.45727929206618
47,20,0,"Black",25.6958235239266,3.2471924819075
48,20,0,"Black",25.7010865808497,3.07053275969494
49,20,0,"Black",25.7049739679801,2.92619616564468
50,20,0,"Black",25.7077691829492,2.81255401695576
51,20,0,"Black",25.7097600720488,2.72797763082726
52,20,0,"Black",25.7112388302312,2.67083832445823
53,20,0,"Black",25.7125020011091,2.63950741504772
54,20,0,"Black",25.7138504769559,2.63229597846228
55,20,0,"Black",25.7155894987054,2.64568808390549
56,20,0,"Black",25.7180286559518,2.67405558885936
57,20,0,"Black",25.7214818869499,2.71165269195328
58,20,0,"Black",25.726267478615,2.75273359181666
59,20,0,"Black",25.7327080665229,2.79155248707891
60,20,0,"Black",25.7411306349097,2.82236357636945
61,20,0,"Black",25.7518665166723,2.8399860598717
62,20,0,"Black",25.765251393368,2.84580728083474
63,20,0,"Black",25.7815476133247,2.84545209416291
64,20,0,"Black",25.8000896908544,2.84461597995477
65,20,0,"Black",25.8184298054658,2.84899441830891
66,20,0,"Black",25.8322601199752,2.86428288932391
67,20,0,"Black",25.8354127805057,2.89617687309835
68,20,0,"Black",25.8200282457607,2.94911971738281
69,20,0,"Black",25.7784069090223,3.02054820903527
70,20,0,"Black",25.7048607201506,3.10546334620549
71,20,0,"Black",25.5960776243401,3.19886368147226
72,20,0,"Black",25.4532787664387,3.29574776741435
73,20,0,"Black",25.2843756952677,3.39111415661053
74,20,0,"Black",25.104166473105,3.47996283608409
75,20,0,"Black",24.933541091994,3.55872249958344
76,20,0,"Black",24.7907410531421,3.62793152435857
77,20,0,"Black",24.6826189463181,3.68886272324506
78,20,0,"Black",24.6043276452627,3.7427889090785
79,20,0,"Black",24.5446418777955,3.79098289469449
80,20,0,"Black",24.491279795923,3.83471749292862
81,20,0,"Black",24.431386754939,3.87528951468741
82,20,0,"Black",24.3515353134252,3.91543565513322
83,20,0,"Black",24.2378666959472,3.96012443002498
84,20,0,"Black",24.0776468827195,4.01451633968907
85,20,0,"Black",23.8608226992692,4.08377188445186
86,20,0,"Black",23.580163279133,4.17305156463972
87,20,0,"Black",23.2312600638571,4.28751588057902
88,20,0,"Black",22.8125268029975,4.43196474840776
89,20,0,"Black",22.3251995541195,4.60472487691408
90,20,0,"Black",21.7733366827982,4.79852382360893
91,20,0,"Black",21.1638188626181,5.0059045268988
92,20,0,"Black",20.5063490751733,5.21940992519018
93,20,0,"Black",19.8134526100675,5.43158295688958
94,20,0,"Black",19.100477064914,5.63496656040347
95,20,0,"Black",18.3855923453356,5.82289558370053
96,20,0,"Black",17.6897906649648,5.99499397576215
97,20,0,"Black",17.0368865454434,6.15388478329934
98,20,0,"Black",16.453516816423,6.30220952321698
99,20,0,"Black",15.9691406155648,6.44260971241996
100,20,0,"Black",15.6160393885393,6.57772686781317
101,20,0,"Black",15.4293168890269,6.71020250630149
21,21,0,"Black",24.2506707419717,11.205890094866
22,21,0,"Black",24.3769626703097,10.888655399204
23,21,0,"Black",24.4960343702749,10.571420703542
24,21,0,"Black",24.6080562743258,10.25418600788
25,21,0,"Black",24.7132031635812,9.93695131221801
26,21,0,"Black",24.8116541678207,9.61971661655602
27,21,0,"Black",24.903592765484,9.30248192089402
28,21,0,"Black",24.9892067836717,8.98524722523203
29,21,0,"Black",25.0686883981445,8.66801252957003
30,21,0,"Black",25.142234133324,8.35077783390803
31,21,0,"Black",25.210044862292,8.03354313824603
32,21,0,"Black",25.272325806791,7.71630844258403
33,21,0,"Black",25.3292865372237,7.39907374692204
34,21,0,"Black",25.3811409726536,7.08183905126004
35,21,0,"Black",25.4281073808046,6.76460435559804
36,21,0,"Black",25.470408378061,6.44736965993605
37,21,0,"Black",25.5082709294677,6.13013496427405
38,21,0,"Black",25.54192634873,5.81290026861205
39,21,0,"Black",25.5716102982139,5.49566557295006
40,21,0,"Black",25.5975627889457,5.17843087728806
41,21,0,"Black",25.6200281806122,4.86203996212953
42,21,0,"Black",25.6392551815608,4.55071172999185
43,21,0,"Black",25.6554968487993,4.24950886389583
44,21,0,"Black",25.669010587996,3.96349404686232
45,21,0,"Black",25.6800581534799,3.69772996191216
46,21,0,"Black",25.6889056482402,3.45727929206618
47,21,0,"Black",25.6958235239266,3.2471924819075
48,21,0,"Black",25.7010865808497,3.07053275969494
49,21,0,"Black",25.7049739679801,2.92619616564468
50,21,0,"Black",25.7077691829492,2.81255401695576
51,21,0,"Black",25.7097600720488,2.72797763082726
52,21,0,"Black",25.7112388302312,2.67083832445823
53,21,0,"Black",25.7125020011091,2.63950741504772
54,21,0,"Black",25.7138504769559,2.63229597846228
55,21,0,"Black",25.7155894987054,2.64568808390549
56,21,0,"Black",25.7180286559518,2.67405558885936
57,21,0,"Black",25.7214818869499,2.71165269195328
58,21,0,"Black",25.726267478615,2.75273359181666
59,21,0,"Black",25.7327080665229,2.79155248707891
60,21,0,"Black",25.7411306349097,2.82236357636945
61,21,0,"Black",25.7518665166723,2.8399860598717
62,21,0,"Black",25.765251393368,2.84580728083474
63,21,0,"Black",25.7815476133247,2.84545209416291
64,21,0,"Black",25.8000896908544,2.84461597995477
65,21,0,"Black",25.8184298054658,2.84899441830891
66,21,0,"Black",25.8322601199752,2.86428288932391
67,21,0,"Black",25.8354127805057,2.89617687309835
68,21,0,"Black",25.8200282457607,2.94911971738281
69,21,0,"Black",25.7784069090223,3.02054820903527
70,21,0,"Black",25.7048607201506,3.10546334620549
71,21,0,"Black",25.5960776243401,3.19886368147226
72,21,0,"Black",25.4532787664387,3.29574776741435
73,21,0,"Black",25.2843756952677,3.39111415661053
74,21,0,"Black",25.104166473105,3.47996283608409
75,21,0,"Black",24.933541091994,3.55872249958344
76,21,0,"Black",24.7907410531421,3.62793152435857
77,21,0,"Black",24.6826189463181,3.68886272324506
78,21,0,"Black",24.6043276452627,3.7427889090785
79,21,0,"Black",24.5446418777955,3.79098289469449
80,21,0,"Black",24.491279795923,3.83471749292862
81,21,0,"Black",24.431386754939,3.87528951468741
82,21,0,"Black",24.3515353134252,3.91543565513322
83,21,0,"Black",24.2378666959472,3.96012443002498
84,21,0,"Black",24.0776468827195,4.01451633968907
85,21,0,"Black",23.8608226992692,4.08377188445186
86,21,0,"Black",23.580163279133,4.17305156463972
87,21,0,"Black",23.2312600638571,4.28751588057902
88,21,0,"Black",22.8125268029975,4.43196474840776
89,21,0,"Black",22.3251995541195,4.60472487691408
90,21,0,"Black",21.7733366827982,4.79852382360893
91,21,0,"Black",21.1638188626181,5.0059045268988
92,21,0,"Black",20.5063490751733,5.21940992519018
93,21,0,"Black",19.8134526100675,5.43158295688958
94,21,0,"Black",19.100477064914,5.63496656040347
95,21,0,"Black",18.3855923453356,5.82289558370053
96,21,0,"Black",17.6897906649648,5.99499397576215
97,21,0,"Black",17.0368865454434,6.15388478329934
98,21,0,"Black",16.453516816423,6.30220952321698
99,21,0,"Black",15.9691406155648,6.44260971241996
100,21,0,"Black",15.6160393885393,6.57772686781317
101,21,0,"Black",15.4293168890269,6.71020250630149
21,22,0,"Black",24.2506707419717,11.205890094866
22,22,0,"Black",24.3769626703097,10.888655399204
23,22,0,"Black",24.4960343702749,10.571420703542
24,22,0,"Black",24.6080562743258,10.25418600788
25,22,0,"Black",24.7132031635812,9.93695131221801
26,22,0,"Black",24.8116541678207,9.61971661655602
27,22,0,"Black",24.903592765484,9.30248192089402
28,22,0,"Black",24.9892067836717,8.98524722523203
29,22,0,"Black",25.0686883981445,8.66801252957003
30,22,0,"Black",25.142234133324,8.35077783390803
31,22,0,"Black",25.210044862292,8.03354313824603
32,22,0,"Black",25.272325806791,7.71630844258403
33,22,0,"Black",25.3292865372237,7.39907374692204
34,22,0,"Black",25.3811409726536,7.08183905126004
35,22,0,"Black",25.4281073808046,6.76460435559804
36,22,0,"Black",25.470408378061,6.44736965993605
37,22,0,"Black",25.5082709294677,6.13013496427405
38,22,0,"Black",25.54192634873,5.81290026861205
39,22,0,"Black",25.5716102982139,5.49566557295006
40,22,0,"Black",25.5975627889457,5.17843087728806
41,22,0,"Black",25.6200281806122,4.86203996212953
42,22,0,"Black",25.6392551815608,4.55071172999185
43,22,0,"Black",25.6554968487993,4.24950886389583
44,22,0,"Black",25.669010587996,3.96349404686232
45,22,0,"Black",25.6800581534799,3.69772996191216
46,22,0,"Black",25.6889056482402,3.45727929206618
47,22,0,"Black",25.6958235239266,3.2471924819075
48,22,0,"Black",25.7010865808497,3.07053275969494
49,22,0,"Black",25.7049739679801,2.92619616564468
50,22,0,"Black",25.7077691829492,2.81255401695576
51,22,0,"Black",25.7097600720488,2.72797763082726
52,22,0,"Black",25.7112388302312,2.67083832445823
53,22,0,"Black",25.7125020011091,2.63950741504772
54,22,0,"Black",25.7138504769559,2.63229597846228
55,22,0,"Black",25.7155894987054,2.64568808390549
56,22,0,"Black",25.7180286559518,2.67405558885936
57,22,0,"Black",25.7214818869499,2.71165269195328
58,22,0,"Black",25.726267478615,2.75273359181666
59,22,0,"Black",25.7327080665229,2.79155248707891
60,22,0,"Black",25.7411306349097,2.82236357636945
61,22,0,"Black",25.7518665166723,2.8399860598717
62,22,0,"Black",25.765251393368,2.84580728083474
63,22,0,"Black",25.7815476133247,2.84545209416291
64,22,0,"Black",25.8000896908544,2.84461597995477
65,22,0,"Black",25.8184298054658,2.84899441830891
66,22,0,"Black",25.8322601199752,2.86428288932391
67,22,0,"Black",25.8354127805057,2.89617687309835
68,22,0,"Black",25.8200282457607,2.94911971738281
69,22,0,"Black",25.7784069090223,3.02054820903527
70,22,0,"Black",25.7048607201506,3.10546334620549
71,22,0,"Black",25.5960776243401,3.19886368147226
72,22,0,"Black",25.4532787664387,3.29574776741435
73,22,0,"Black",25.2843756952677,3.39111415661053
74,22,0,"Black",25.104166473105,3.47996283608409
75,22,0,"Black",24.933541091994,3.55872249958344
76,22,0,"Black",24.7907410531421,3.62793152435857
77,22,0,"Black",24.6826189463181,3.68886272324506
78,22,0,"Black",24.6043276452627,3.7427889090785
79,22,0,"Black",24.5446418777955,3.79098289469449
80,22,0,"Black",24.491279795923,3.83471749292862
81,22,0,"Black",24.431386754939,3.87528951468741
82,22,0,"Black",24.3515353134252,3.91543565513322
83,22,0,"Black",24.2378666959472,3.96012443002498
84,22,0,"Black",24.0776468827195,4.01451633968907
85,22,0,"Black",23.8608226992692,4.08377188445186
86,22,0,"Black",23.580163279133,4.17305156463972
87,22,0,"Black",23.2312600638571,4.28751588057902
88,22,0,"Black",22.8125268029975,4.43196474840776
89,22,0,"Black",22.3251995541195,4.60472487691408
90,22,0,"Black",21.7733366827982,4.79852382360893
91,22,0,"Black",21.1638188626181,5.0059045268988
92,22,0,"Black",20.5063490751733,5.21940992519018
93,22,0,"Black",19.8134526100675,5.43158295688958
94,22,0,"Black",19.100477064914,5.63496656040347
95,22,0,"Black",18.3855923453356,5.82289558370053
96,22,0,"Black",17.6897906649648,5.99499397576215
97,22,0,"Black",17.0368865454434,6.15388478329934
98,22,0,"Black",16.453516816423,6.30220952321698
99,22,0,"Black",15.9691406155648,6.44260971241996
100,22,0,"Black",15.6160393885393,6.57772686781317
101,22,0,"Black",15.4293168890269,6.71020250630149
21,23,0,"Black",24.2506707419717,11.205890094866
22,23,0,"Black",24.3769626703097,10.888655399204
23,23,0,"Black",24.4960343702749,10.571420703542
24,23,0,"Black",24.6080562743258,10.25418600788
25,23,0,"Black",24.7132031635812,9.93695131221801
26,23,0,"Black",24.8116541678207,9.61971661655602
27,23,0,"Black",24.903592765484,9.30248192089402
28,23,0,"Black",24.9892067836717,8.98524722523203
29,23,0,"Black",25.0686883981445,8.66801252957003
30,23,0,"Black",25.142234133324,8.35077783390803
31,23,0,"Black",25.210044862292,8.03354313824603
32,23,0,"Black",25.272325806791,7.71630844258403
33,23,0,"Black",25.3292865372237,7.39907374692204
34,23,0,"Black",25.3811409726536,7.08183905126004
35,23,0,"Black",25.4281073808046,6.76460435559804
36,23,0,"Black",25.470408378061,6.44736965993605
37,23,0,"Black",25.5082709294677,6.13013496427405
38,23,0,"Black",25.54192634873,5.81290026861205
39,23,0,"Black",25.5716102982139,5.49566557295006
40,23,0,"Black",25.5975627889457,5.17843087728806
41,23,0,"Black",25.6200281806122,4.86203996212953
42,23,0,"Black",25.6392551815608,4.55071172999185
43,23,0,"Black",25.6554968487993,4.24950886389583
44,23,0,"Black",25.669010587996,3.96349404686232
45,23,0,"Black",25.6800581534799,3.69772996191216
46,23,0,"Black",25.6889056482402,3.45727929206618
47,23,0,"Black",25.6958235239266,3.2471924819075
48,23,0,"Black",25.7010865808497,3.07053275969494
49,23,0,"Black",25.7049739679801,2.92619616564468
50,23,0,"Black",25.7077691829492,2.81255401695576
51,23,0,"Black",25.7097600720488,2.72797763082726
52,23,0,"Black",25.7112388302312,2.67083832445823
53,23,0,"Black",25.7125020011091,2.63950741504772
54,23,0,"Black",25.7138504769559,2.63229597846228
55,23,0,"Black",25.7155894987054,2.64568808390549
56,23,0,"Black",25.7180286559518,2.67405558885936
57,23,0,"Black",25.7214818869499,2.71165269195328
58,23,0,"Black",25.726267478615,2.75273359181666
59,23,0,"Black",25.7327080665229,2.79155248707891
60,23,0,"Black",25.7411306349097,2.82236357636945
61,23,0,"Black",25.7518665166723,2.8399860598717
62,23,0,"Black",25.765251393368,2.84580728083474
63,23,0,"Black",25.7815476133247,2.84545209416291
64,23,0,"Black",25.8000896908544,2.84461597995477
65,23,0,"Black",25.8184298054658,2.84899441830891
66,23,0,"Black",25.8322601199752,2.86428288932391
67,23,0,"Black",25.8354127805057,2.89617687309835
68,23,0,"Black",25.8200282457607,2.94911971738281
69,23,0,"Black",25.7784069090223,3.02054820903527
70,23,0,"Black",25.7048607201506,3.10546334620549
71,23,0,"Black",25.5960776243401,3.19886368147226
72,23,0,"Black",25.4532787664387,3.29574776741435
73,23,0,"Black",25.2843756952677,3.39111415661053
74,23,0,"Black",25.104166473105,3.47996283608409
75,23,0,"Black",24.933541091994,3.55872249958344
76,23,0,"Black",24.7907410531421,3.62793152435857
77,23,0,"Black",24.6826189463181,3.68886272324506
78,23,0,"Black",24.6043276452627,3.7427889090785
79,23,0,"Black",24.5446418777955,3.79098289469449
80,23,0,"Black",24.491279795923,3.83471749292862
81,23,0,"Black",24.431386754939,3.87528951468741
82,23,0,"Black",24.3515353134252,3.91543565513322
83,23,0,"Black",24.2378666959472,3.96012443002498
84,23,0,"Black",24.0776468827195,4.01451633968907
85,23,0,"Black",23.8608226992692,4.08377188445186
86,23,0,"Black",23.580163279133,4.17305156463972
87,23,0,"Black",23.2312600638571,4.28751588057902
88,23,0,"Black",22.8125268029975,4.43196474840776
89,23,0,"Black",22.3251995541195,4.60472487691408
90,23,0,"Black",21.7733366827982,4.79852382360893
91,23,0,"Black",21.1638188626181,5.0059045268988
92,23,0,"Black",20.5063490751733,5.21940992519018
93,23,0,"Black",19.8134526100675,5.43158295688958
94,23,0,"Black",19.100477064914,5.63496656040347
95,23,0,"Black",18.3855923453356,5.82289558370053
96,23,0,"Black",17.6897906649648,5.99499397576215
97,23,0,"Black",17.0368865454434,6.15388478329934
98,23,0,"Black",16.453516816423,6.30220952321698
99,23,0,"Black",15.9691406155648,6.44260971241996
100,23,0,"Black",15.6160393885393,6.57772686781317
101,23,0,"Black",15.4293168890269,6.71020250630149
21,24,0,"Black",24.2506707419717,11.205890094866
22,24,0,"Black",24.3769626703097,10.888655399204
23,24,0,"Black",24.4960343702749,10.571420703542
24,24,0,"Black",24.6080562743258,10.25418600788
25,24,0,"Black",24.7132031635812,9.93695131221801
26,24,0,"Black",24.8116541678207,9.61971661655602
27,24,0,"Black",24.903592765484,9.30248192089402
28,24,0,"Black",24.9892067836717,8.98524722523203
29,24,0,"Black",25.0686883981445,8.66801252957003
30,24,0,"Black",25.142234133324,8.35077783390803
31,24,0,"Black",25.210044862292,8.03354313824603
32,24,0,"Black",25.272325806791,7.71630844258403
33,24,0,"Black",25.3292865372237,7.39907374692204
34,24,0,"Black",25.3811409726536,7.08183905126004
35,24,0,"Black",25.4281073808046,6.76460435559804
36,24,0,"Black",25.470408378061,6.44736965993605
37,24,0,"Black",25.5082709294677,6.13013496427405
38,24,0,"Black",25.54192634873,5.81290026861205
39,24,0,"Black",25.5716102982139,5.49566557295006
40,24,0,"Black",25.5975627889457,5.17843087728806
41,24,0,"Black",25.6200281806122,4.86203996212953
42,24,0,"Black",25.6392551815608,4.55071172999185
43,24,0,"Black",25.6554968487993,4.24950886389583
44,24,0,"Black",25.669010587996,3.96349404686232
45,24,0,"Black",25.6800581534799,3.69772996191216
46,24,0,"Black",25.6889056482402,3.45727929206618
47,24,0,"Black",25.6958235239266,3.2471924819075
48,24,0,"Black",25.7010865808497,3.07053275969494
49,24,0,"Black",25.7049739679801,2.92619616564468
50,24,0,"Black",25.7077691829492,2.81255401695576
51,24,0,"Black",25.7097600720488,2.72797763082726
52,24,0,"Black",25.7112388302312,2.67083832445823
53,24,0,"Black",25.7125020011091,2.63950741504772
54,24,0,"Black",25.7138504769559,2.63229597846228
55,24,0,"Black",25.7155894987054,2.64568808390549
56,24,0,"Black",25.7180286559518,2.67405558885936
57,24,0,"Black",25.7214818869499,2.71165269195328
58,24,0,"Black",25.726267478615,2.75273359181666
59,24,0,"Black",25.7327080665229,2.79155248707891
60,24,0,"Black",25.7411306349097,2.82236357636945
61,24,0,"Black",25.7518665166723,2.8399860598717
62,24,0,"Black",25.765251393368,2.84580728083474
63,24,0,"Black",25.7815476133247,2.84545209416291
64,24,0,"Black",25.8000896908544,2.84461597995477
65,24,0,"Black",25.8184298054658,2.84899441830891
66,24,0,"Black",25.8322601199752,2.86428288932391
67,24,0,"Black",25.8354127805057,2.89617687309835
68,24,0,"Black",25.8200282457607,2.94911971738281
69,24,0,"Black",25.7784069090223,3.02054820903527
70,24,0,"Black",25.7048607201506,3.10546334620549
71,24,0,"Black",25.5960776243401,3.19886368147226
72,24,0,"Black",25.4532787664387,3.29574776741435
73,24,0,"Black",25.2843756952677,3.39111415661053
74,24,0,"Black",25.104166473105,3.47996283608409
75,24,0,"Black",24.933541091994,3.55872249958344
76,24,0,"Black",24.7907410531421,3.62793152435857
77,24,0,"Black",24.6826189463181,3.68886272324506
78,24,0,"Black",24.6043276452627,3.7427889090785
79,24,0,"Black",24.5446418777955,3.79098289469449
80,24,0,"Black",24.491279795923,3.83471749292862
81,24,0,"Black",24.431386754939,3.87528951468741
82,24,0,"Black",24.3515353134252,3.91543565513322
83,24,0,"Black",24.2378666959472,3.96012443002498
84,24,0,"Black",24.0776468827195,4.01451633968907
85,24,0,"Black",23.8608226992692,4.08377188445186
86,24,0,"Black",23.580163279133,4.17305156463972
87,24,0,"Black",23.2312600638571,4.28751588057902
88,24,0,"Black",22.8125268029975,4.43196474840776
89,24,0,"Black",22.3251995541195,4.60472487691408
90,24,0,"Black",21.7733366827982,4.79852382360893
91,24,0,"Black",21.1638188626181,5.0059045268988
92,24,0,"Black",20.5063490751733,5.21940992519018
93,24,0,"Black",19.8134526100675,5.43158295688958
94,24,0,"Black",19.100477064914,5.63496656040347
95,24,0,"Black",18.3855923453356,5.82289558370053
96,24,0,"Black",17.6897906649648,5.99499397576215
97,24,0,"Black",17.0368865454434,6.15388478329934
98,24,0,"Black",16.453516816423,6.30220952321698
99,24,0,"Black",15.9691406155648,6.44260971241996
100,24,0,"Black",15.6160393885393,6.57772686781317
101,24,0,"Black",15.4293168890269,6.71020250630149
21,25,0,"Black",24.2506707419717,11.205890094866
22,25,0,"Black",24.3769626703097,10.888655399204
23,25,0,"Black",24.4960343702749,10.571420703542
24,25,0,"Black",24.6080562743258,10.25418600788
25,25,0,"Black",24.7132031635812,9.93695131221801
26,25,0,"Black",24.8116541678207,9.61971661655602
27,25,0,"Black",24.903592765484,9.30248192089402
28,25,0,"Black",24.9892067836717,8.98524722523203
29,25,0,"Black",25.0686883981445,8.66801252957003
30,25,0,"Black",25.142234133324,8.35077783390803
31,25,0,"Black",25.210044862292,8.03354313824603
32,25,0,"Black",25.272325806791,7.71630844258403
33,25,0,"Black",25.3292865372237,7.39907374692204
34,25,0,"Black",25.3811409726536,7.08183905126004
35,25,0,"Black",25.4281073808046,6.76460435559804
36,25,0,"Black",25.470408378061,6.44736965993605
37,25,0,"Black",25.5082709294677,6.13013496427405
38,25,0,"Black",25.54192634873,5.81290026861205
39,25,0,"Black",25.5716102982139,5.49566557295006
40,25,0,"Black",25.5975627889457,5.17843087728806
41,25,0,"Black",25.6200281806122,4.86203996212953
42,25,0,"Black",25.6392551815608,4.55071172999185
43,25,0,"Black",25.6554968487993,4.24950886389583
44,25,0,"Black",25.669010587996,3.96349404686232
45,25,0,"Black",25.6800581534799,3.69772996191216
46,25,0,"Black",25.6889056482402,3.45727929206618
47,25,0,"Black",25.6958235239266,3.2471924819075
48,25,0,"Black",25.7010865808497,3.07053275969494
49,25,0,"Black",25.7049739679801,2.92619616564468
50,25,0,"Black",25.7077691829492,2.81255401695576
51,25,0,"Black",25.7097600720488,2.72797763082726
52,25,0,"Black",25.7112388302312,2.67083832445823
53,25,0,"Black",25.7125020011091,2.63950741504772
54,25,0,"Black",25.7138504769559,2.63229597846228
55,25,0,"Black",25.7155894987054,2.64568808390549
56,25,0,"Black",25.7180286559518,2.67405558885936
57,25,0,"Black",25.7214818869499,2.71165269195328
58,25,0,"Black",25.726267478615,2.75273359181666
59,25,0,"Black",25.7327080665229,2.79155248707891
60,25,0,"Black",25.7411306349097,2.82236357636945
61,25,0,"Black",25.7518665166723,2.8399860598717
62,25,0,"Black",25.765251393368,2.84580728083474
63,25,0,"Black",25.7815476133247,2.84545209416291
64,25,0,"Black",25.8000896908544,2.84461597995477
65,25,0,"Black",25.8184298054658,2.84899441830891
66,25,0,"Black",25.8322601199752,2.86428288932391
67,25,0,"Black",25.8354127805057,2.89617687309835
68,25,0,"Black",25.8200282457607,2.94911971738281
69,25,0,"Black",25.7784069090223,3.02054820903527
70,25,0,"Black",25.7048607201506,3.10546334620549
71,25,0,"Black",25.5960776243401,3.19886368147226
72,25,0,"Black",25.4532787664387,3.29574776741435
73,25,0,"Black",25.2843756952677,3.39111415661053
74,25,0,"Black",25.104166473105,3.47996283608409
75,25,0,"Black",24.933541091994,3.55872249958344
76,25,0,"Black",24.7907410531421,3.62793152435857
77,25,0,"Black",24.6826189463181,3.68886272324506
78,25,0,"Black",24.6043276452627,3.7427889090785
79,25,0,"Black",24.5446418777955,3.79098289469449
80,25,0,"Black",24.491279795923,3.83471749292862
81,25,0,"Black",24.431386754939,3.87528951468741
82,25,0,"Black",24.3515353134252,3.91543565513322
83,25,0,"Black",24.2378666959472,3.96012443002498
84,25,0,"Black",24.0776468827195,4.01451633968907
85,25,0,"Black",23.8608226992692,4.08377188445186
86,25,0,"Black",23.580163279133,4.17305156463972
87,25,0,"Black",23.2312600638571,4.28751588057902
88,25,0,"Black",22.8125268029975,4.43196474840776
89,25,0,"Black",22.3251995541195,4.60472487691408
90,25,0,"Black",21.7733366827982,4.79852382360893
91,25,0,"Black",21.1638188626181,5.0059045268988
92,25,0,"Black",20.5063490751733,5.21940992519018
93,25,0,"Black",19.8134526100675,5.43158295688958
94,25,0,"Black",19.100477064914,5.63496656040347
95,25,0,"Black",18.3855923453356,5.82289558370053
96,25,0,"Black",17.6897906649648,5.99499397576215
97,25,0,"Black",17.0368865454434,6.15388478329934
98,25,0,"Black",16.453516816423,6.30220952321698
99,25,0,"Black",15.9691406155648,6.44260971241996
100,25,0,"Black",15.6160393885393,6.57772686781317
101,25,0,"Black",15.4293168890269,6.71020250630149
21,10,1,"Black",21.8688357388507,11.205890094866
22,10,1,"Black",21.9374238724175,10.888655399204
23,10,1,"Black",21.9987917776115,10.571420703542
24,10,1,"Black",22.0531098868911,10.25418600788
25,10,1,"Black",22.1005529813754,9.93695131221801
26,10,1,"Black",22.1413001908436,9.61971661655602
27,10,1,"Black",22.1755349937357,9.30248192089402
28,10,1,"Black",22.2034452171521,8.98524722523203
29,10,1,"Black",22.2252230368538,8.66801252957003
30,10,1,"Black",22.2410649772621,8.35077783390803
31,10,1,"Black",22.2511719114589,8.03354313824603
32,10,1,"Black",22.2557490611866,7.71630844258403
33,10,1,"Black",22.2550059968481,7.39907374692204
34,10,1,"Black",22.2491566375068,7.08183905126004
35,10,1,"Black",22.2384192508865,6.76460435559804
36,10,1,"Black",22.2230164533717,6.44736965993605
37,10,1,"Black",22.2031752100072,6.13013496427405
38,10,1,"Black",22.1791268344983,5.81290026861205
39,10,1,"Black",22.151106989211,5.49566557295006
40,10,1,"Black",22.1193556851715,5.17843087728806
41,10,1,"Black",22.0841172820668,4.86203996212953
42,10,1,"Black",22.0456404882442,4.55071172999185
43,10,1,"Black",22.0041783607115,4.24950886389583
44,10,1,"Black",21.959988305137,3.96349404686232
45,10,1,"Black",21.9133320758496,3.69772996191216
46,10,1,"Black",21.8644757758387,3.45727929206618
47,10,1,"Black",21.813689856754,3.2471924819075
48,10,1,"Black",21.7612491189058,3.07053275969494
49,10,1,"Black",21.707432711265,2.92619616564468
50,10,1,"Black",21.6525241314629,2.81255401695576
51,10,1,"Black",21.5968112257913,2.72797763082726
52,10,1,"Black",21.5405861892024,2.67083832445823
53,10,1,"Black",21.4841455653091,2.63950741504772
54,10,1,"Black",21.4277902463847,2.63229597846228
55,10,1,"Black",21.371825473363,2.64568808390549
56,10,1,"Black",21.3165608358382,2.67405558885936
57,10,1,"Black",21.2623102720651,2.71165269195328
58,10,1,"Black",21.2093920689589,2.75273359181666
59,10,1,"Black",21.1581288620956,2.79155248707891
60,10,1,"Black",21.1088476357112,2.82236357636945
61,10,1,"Black",21.0618797227026,2.8399860598717
62,10,1,"Black",21.017560804627,2.84580728083474
63,10,1,"Black",20.9761532298125,2.84545209416291
64,10,1,"Black",20.936991512571,2.84461597995477
65,10,1,"Black",20.8976278324112,2.84899441830891
66,10,1,"Black",20.8537543521493,2.86428288932391
67,10,1,"Black",20.7992032179087,2.89617687309835
68,10,1,"Black",20.7261148883925,2.94911971738281
69,10,1,"Black",20.6267897568828,3.02054820903527
70,10,1,"Black",20.4955397732399,3.10546334620549
71,10,1,"Black",20.3290528826581,3.19886368147226
72,10,1,"Black",20.1285502299856,3.29574776741435
73,10,1,"Black",19.9019433640433,3.39111415661053
74,10,1,"Black",19.6640303471094,3.47996283608409
75,10,1,"Black",19.4357011712272,3.55872249958344
76,10,1,"Black",19.235197337604,3.62793152435857
77,10,1,"Black",19.0693714360089,3.68886272324506
78,10,1,"Black",18.9333763401823,3.7427889090785
79,10,1,"Black",18.8159867779438,3.79098289469449
80,10,1,"Black",18.7049209013001,3.83471749292862
81,10,1,"Black",18.5873240655449,3.87528951468741
82,10,1,"Black",18.4497688292598,3.91543565513322
83,10,1,"Black",18.2783964170107,3.96012443002498
84,10,1,"Black",18.0604728090117,4.01451633968907
85,10,1,"Black",17.7859448307902,4.08377188445186
86,10,1,"Black",17.4475816158827,4.17305156463972
87,10,1,"Black",17.0409746058357,4.28751588057902
88,10,1,"Black",16.5645375502048,4.43196474840776
89,10,1,"Black",16.0195065065557,4.60472487691408
90,10,1,"Black",15.4099398404631,4.79852382360893
91,10,1,"Black",14.7427182255118,5.0059045268988
92,10,1,"Black",14.0275446432957,5.21940992519018
93,10,1,"Black",13.2769443834187,5.43158295688958
94,10,1,"Black",12.506265043494,5.63496656040347
95,10,1,"Black",11.7336765291444,5.82289558370053
96,10,1,"Black",10.9801710540023,5.99499397576215
97,10,1,"Black",10.2695631397097,6.15388478329934
98,10,1,"Black",9.62848961591815,6.30220952321698
99,10,1,"Black",9.08640962028869,6.44260971241996
100,10,1,"Black",8.67560459849203,6.57772686781317
101,10,1,"Black",8.4311783042084,6.71020250630149
21,11,1,"Black",21.8688357388507,11.205890094866
22,11,1,"Black",21.9374238724175,10.888655399204
23,11,1,"Black",21.9987917776115,10.571420703542
24,11,1,"Black",22.0531098868911,10.25418600788
25,11,1,"Black",22.1005529813754,9.93695131221801
26,11,1,"Black",22.1413001908436,9.61971661655602
27,11,1,"Black",22.1755349937357,9.30248192089402
28,11,1,"Black",22.2034452171521,8.98524722523203
29,11,1,"Black",22.2252230368538,8.66801252957003
30,11,1,"Black",22.2410649772621,8.35077783390803
31,11,1,"Black",22.2511719114589,8.03354313824603
32,11,1,"Black",22.2557490611866,7.71630844258403
33,11,1,"Black",22.2550059968481,7.39907374692204
34,11,1,"Black",22.2491566375068,7.08183905126004
35,11,1,"Black",22.2384192508865,6.76460435559804
36,11,1,"Black",22.2230164533717,6.44736965993605
37,11,1,"Black",22.2031752100072,6.13013496427405
38,11,1,"Black",22.1791268344983,5.81290026861205
39,11,1,"Black",22.151106989211,5.49566557295006
40,11,1,"Black",22.1193556851715,5.17843087728806
41,11,1,"Black",22.0841172820668,4.86203996212953
42,11,1,"Black",22.0456404882442,4.55071172999185
43,11,1,"Black",22.0041783607115,4.24950886389583
44,11,1,"Black",21.959988305137,3.96349404686232
45,11,1,"Black",21.9133320758496,3.69772996191216
46,11,1,"Black",21.8644757758387,3.45727929206618
47,11,1,"Black",21.813689856754,3.2471924819075
48,11,1,"Black",21.7612491189058,3.07053275969494
49,11,1,"Black",21.707432711265,2.92619616564468
50,11,1,"Black",21.6525241314629,2.81255401695576
51,11,1,"Black",21.5968112257913,2.72797763082726
52,11,1,"Black",21.5405861892024,2.67083832445823
53,11,1,"Black",21.4841455653091,2.63950741504772
54,11,1,"Black",21.4277902463847,2.63229597846228
55,11,1,"Black",21.371825473363,2.64568808390549
56,11,1,"Black",21.3165608358382,2.67405558885936
57,11,1,"Black",21.2623102720651,2.71165269195328
58,11,1,"Black",21.2093920689589,2.75273359181666
59,11,1,"Black",21.1581288620956,2.79155248707891
60,11,1,"Black",21.1088476357112,2.82236357636945
61,11,1,"Black",21.0618797227026,2.8399860598717
62,11,1,"Black",21.017560804627,2.84580728083474
63,11,1,"Black",20.9761532298125,2.84545209416291
64,11,1,"Black",20.936991512571,2.84461597995477
65,11,1,"Black",20.8976278324112,2.84899441830891
66,11,1,"Black",20.8537543521493,2.86428288932391
67,11,1,"Black",20.7992032179087,2.89617687309835
68,11,1,"Black",20.7261148883925,2.94911971738281
69,11,1,"Black",20.6267897568828,3.02054820903527
70,11,1,"Black",20.4955397732399,3.10546334620549
71,11,1,"Black",20.3290528826581,3.19886368147226
72,11,1,"Black",20.1285502299856,3.29574776741435
73,11,1,"Black",19.9019433640433,3.39111415661053
74,11,1,"Black",19.6640303471094,3.47996283608409
75,11,1,"Black",19.4357011712272,3.55872249958344
76,11,1,"Black",19.235197337604,3.62793152435857
77,11,1,"Black",19.0693714360089,3.68886272324506
78,11,1,"Black",18.9333763401823,3.7427889090785
79,11,1,"Black",18.8159867779438,3.79098289469449
80,11,1,"Black",18.7049209013001,3.83471749292862
81,11,1,"Black",18.5873240655449,3.87528951468741
82,11,1,"Black",18.4497688292598,3.91543565513322
83,11,1,"Black",18.2783964170107,3.96012443002498
84,11,1,"Black",18.0604728090117,4.01451633968907
85,11,1,"Black",17.7859448307902,4.08377188445186
86,11,1,"Black",17.4475816158827,4.17305156463972
87,11,1,"Black",17.0409746058357,4.28751588057902
88,11,1,"Black",16.5645375502048,4.43196474840776
89,11,1,"Black",16.0195065065557,4.60472487691408
90,11,1,"Black",15.4099398404631,4.79852382360893
91,11,1,"Black",14.7427182255118,5.0059045268988
92,11,1,"Black",14.0275446432957,5.21940992519018
93,11,1,"Black",13.2769443834187,5.43158295688958
94,11,1,"Black",12.506265043494,5.63496656040347
95,11,1,"Black",11.7336765291444,5.82289558370053
96,11,1,"Black",10.9801710540023,5.99499397576215
97,11,1,"Black",10.2695631397097,6.15388478329934
98,11,1,"Black",9.62848961591815,6.30220952321698
99,11,1,"Black",9.08640962028869,6.44260971241996
100,11,1,"Black",8.67560459849203,6.57772686781317
101,11,1,"Black",8.4311783042084,6.71020250630149
21,12,1,"Black",21.8688357388507,11.205890094866
22,12,1,"Black",21.9374238724175,10.888655399204
23,12,1,"Black",21.9987917776115,10.571420703542
24,12,1,"Black",22.0531098868911,10.25418600788
25,12,1,"Black",22.1005529813754,9.93695131221801
26,12,1,"Black",22.1413001908436,9.61971661655602
27,12,1,"Black",22.1755349937357,9.30248192089402
28,12,1,"Black",22.2034452171521,8.98524722523203
29,12,1,"Black",22.2252230368538,8.66801252957003
30,12,1,"Black",22.2410649772621,8.35077783390803
31,12,1,"Black",22.2511719114589,8.03354313824603
32,12,1,"Black",22.2557490611866,7.71630844258403
33,12,1,"Black",22.2550059968481,7.39907374692204
34,12,1,"Black",22.2491566375068,7.08183905126004
35,12,1,"Black",22.2384192508865,6.76460435559804
36,12,1,"Black",22.2230164533717,6.44736965993605
37,12,1,"Black",22.2031752100072,6.13013496427405
38,12,1,"Black",22.1791268344983,5.81290026861205
39,12,1,"Black",22.151106989211,5.49566557295006
40,12,1,"Black",22.1193556851715,5.17843087728806
41,12,1,"Black",22.0841172820668,4.86203996212953
42,12,1,"Black",22.0456404882442,4.55071172999185
43,12,1,"Black",22.0041783607115,4.24950886389583
44,12,1,"Black",21.959988305137,3.96349404686232
45,12,1,"Black",21.9133320758496,3.69772996191216
46,12,1,"Black",21.8644757758387,3.45727929206618
47,12,1,"Black",21.813689856754,3.2471924819075
48,12,1,"Black",21.7612491189058,3.07053275969494
49,12,1,"Black",21.707432711265,2.92619616564468
50,12,1,"Black",21.6525241314629,2.81255401695576
51,12,1,"Black",21.5968112257913,2.72797763082726
52,12,1,"Black",21.5405861892024,2.67083832445823
53,12,1,"Black",21.4841455653091,2.63950741504772
54,12,1,"Black",21.4277902463847,2.63229597846228
55,12,1,"Black",21.371825473363,2.64568808390549
56,12,1,"Black",21.3165608358382,2.67405558885936
57,12,1,"Black",21.2623102720651,2.71165269195328
58,12,1,"Black",21.2093920689589,2.75273359181666
59,12,1,"Black",21.1581288620956,2.79155248707891
60,12,1,"Black",21.1088476357112,2.82236357636945
61,12,1,"Black",21.0618797227026,2.8399860598717
62,12,1,"Black",21.017560804627,2.84580728083474
63,12,1,"Black",20.9761532298125,2.84545209416291
64,12,1,"Black",20.936991512571,2.84461597995477
65,12,1,"Black",20.8976278324112,2.84899441830891
66,12,1,"Black",20.8537543521493,2.86428288932391
67,12,1,"Black",20.7992032179087,2.89617687309835
68,12,1,"Black",20.7261148883925,2.94911971738281
69,12,1,"Black",20.6267897568828,3.02054820903527
70,12,1,"Black",20.4955397732399,3.10546334620549
71,12,1,"Black",20.3290528826581,3.19886368147226
72,12,1,"Black",20.1285502299856,3.29574776741435
73,12,1,"Black",19.9019433640433,3.39111415661053
74,12,1,"Black",19.6640303471094,3.47996283608409
75,12,1,"Black",19.4357011712272,3.55872249958344
76,12,1,"Black",19.235197337604,3.62793152435857
77,12,1,"Black",19.0693714360089,3.68886272324506
78,12,1,"Black",18.9333763401823,3.7427889090785
79,12,1,"Black",18.8159867779438,3.79098289469449
80,12,1,"Black",18.7049209013001,3.83471749292862
81,12,1,"Black",18.5873240655449,3.87528951468741
82,12,1,"Black",18.4497688292598,3.91543565513322
83,12,1,"Black",18.2783964170107,3.96012443002498
84,12,1,"Black",18.0604728090117,4.01451633968907
85,12,1,"Black",17.7859448307902,4.08377188445186
86,12,1,"Black",17.4475816158827,4.17305156463972
87,12,1,"Black",17.0409746058357,4.28751588057902
88,12,1,"Black",16.5645375502048,4.43196474840776
89,12,1,"Black",16.0195065065557,4.60472487691408
90,12,1,"Black",15.4099398404631,4.79852382360893
91,12,1,"Black",14.7427182255118,5.0059045268988
92,12,1,"Black",14.0275446432957,5.21940992519018
93,12,1,"Black",13.2769443834187,5.43158295688958
94,12,1,"Black",12.506265043494,5.63496656040347
95,12,1,"Black",11.7336765291444,5.82289558370053
96,12,1,"Black",10.9801710540023,5.99499397576215
97,12,1,"Black",10.2695631397097,6.15388478329934
98,12,1,"Black",9.62848961591815,6.30220952321698
99,12,1,"Black",9.08640962028869,6.44260971241996
100,12,1,"Black",8.67560459849203,6.57772686781317
101,12,1,"Black",8.4311783042084,6.71020250630149
21,13,1,"Black",22.1365437666491,11.205890094866
22,13,1,"Black",22.303257382474,10.888655399204
23,13,1,"Black",22.4627507699262,10.571420703542
24,13,1,"Black",22.6151943614641,10.25418600788
25,13,1,"Black",22.7607629382065,9.93695131221801
26,13,1,"Black",22.8996356299329,9.61971661655602
27,13,1,"Black",23.0319959150832,9.30248192089402
28,13,1,"Black",23.1580316207578,8.98524722523203
29,13,1,"Black",23.2779349227176,8.66801252957003
30,13,1,"Black",23.391902345384,8.35077783390803
31,13,1,"Black",23.500134761839,8.03354313824603
32,13,1,"Black",23.6028373938249,7.71630844258403
33,13,1,"Black",23.7002198117446,7.39907374692204
34,13,1,"Black",23.7924959346614,7.08183905126004
35,13,1,"Black",23.8798840302994,6.76460435559804
36,13,1,"Black",23.9626067150427,6.44736965993605
37,13,1,"Black",24.0408909539364,6.13013496427405
38,13,1,"Black",24.1149680606857,5.81290026861205
39,13,1,"Black",24.1850736976565,5.49566557295006
40,13,1,"Black",24.2514478758753,5.17843087728806
41,13,1,"Black",24.3143349550287,4.86203996212953
42,13,1,"Black",24.3739836434643,4.55071172999185
43,13,1,"Black",24.4306469981897,4.24950886389583
44,13,1,"Black",24.4845824248734,3.96349404686232
45,13,1,"Black",24.5360516778442,3.69772996191216
46,13,1,"Black",24.5853208600915,3.45727929206618
47,13,1,"Black",24.6326604232649,3.2471924819075
48,13,1,"Black",24.6783451676749,3.07053275969494
49,13,1,"Black",24.7226542422923,2.92619616564468
50,13,1,"Black",24.7658711447484,2.81255401695576
51,13,1,"Black",24.8082837213349,2.72797763082726
52,13,1,"Black",24.8501841670042,2.67083832445823
53,13,1,"Black",24.8918690253691,2.63950741504772
54,13,1,"Black",24.9336391887029,2.63229597846228
55,13,1,"Black",24.9757998979393,2.64568808390549
56,13,1,"Black",25.0186607426727,2.67405558885936
57,13,1,"Black",25.0625356611577,2.71165269195328
58,13,1,"Black",25.1077429403098,2.75273359181666
59,13,1,"Black",25.1546052157046,2.79155248707891
60,13,1,"Black",25.2034494715784,2.82236357636945
61,13,1,"Black",25.254607040828,2.8399860598717
62,13,1,"Black",25.3084136050106,2.84580728083474
63,13,1,"Black",25.3651315124543,2.84545209416291
64,13,1,"Black",25.4240952774709,2.84461597995477
65,13,1,"Black",25.4828570795693,2.84899441830891
66,13,1,"Black",25.5371090815656,2.86428288932391
67,13,1,"Black",25.5806834295831,2.89617687309835
68,13,1,"Black",25.6057205823251,2.94911971738281
69,13,1,"Black",25.6045209330736,3.02054820903527
70,13,1,"Black",25.5713964316889,3.10546334620549
71,13,1,"Black",25.5030350233653,3.19886368147226
72,13,1,"Black",25.4006578529509,3.29574776741435
73,13,1,"Black",25.2721764692668,3.39111415661053
74,13,1,"Black",25.1323889345911,3.47996283608409
75,13,1,"Black",25.002185240967,3.55872249958344
76,13,1,"Black",24.899806889602,3.62793152435857
77,13,1,"Black",24.8321064702651,3.68886272324506
78,13,1,"Black",24.7942368566966,3.7427889090785
79,13,1,"Black",24.7749727767164,3.79098289469449
80,13,1,"Black",24.7620323823308,3.83471749292862
81,13,1,"Black",24.7425610288338,3.87528951468741
82,13,1,"Black",24.7031312748069,3.91543565513322
83,13,1,"Black",24.6298843448159,3.96012443002498
84,13,1,"Black",24.5100862190751,4.01451633968907
85,13,1,"Black",24.3336837231118,4.08377188445186
86,13,1,"Black",24.0934459904625,4.17305156463972
87,13,1,"Black",23.7849644626736,4.28751588057902
88,13,1,"Black",23.4066528893009,4.43196474840776
89,13,1,"Black",22.9597473279099,4.60472487691408
90,13,1,"Black",22.4483061440756,4.79852382360893
91,13,1,"Black",21.8792100113824,5.0059045268988
92,13,1,"Black",21.2621619114245,5.21940992519018
93,13,1,"Black",20.6096871338057,5.43158295688958
94,13,1,"Black",19.9371332761392,5.63496656040347
95,13,1,"Black",19.2626702440478,5.82289558370053
96,13,1,"Black",18.6072902511638,5.99499397576215
97,13,1,"Black",17.9948078191294,6.15388478329934
98,13,1,"Black",17.451859777596,6.30220952321698
99,13,1,"Black",17.0079052642247,6.44260971241996
100,13,1,"Black",16.6952257246862,6.57772686781317
101,13,1,"Black",16.5489249126608,6.71020250630149
21,14,1,"Black",22.1365437666491,11.205890094866
22,14,1,"Black",22.303257382474,10.888655399204
23,14,1,"Black",22.4627507699262,10.571420703542
24,14,1,"Black",22.6151943614641,10.25418600788
25,14,1,"Black",22.7607629382065,9.93695131221801
26,14,1,"Black",22.8996356299329,9.61971661655602
27,14,1,"Black",23.0319959150832,9.30248192089402
28,14,1,"Black",23.1580316207578,8.98524722523203
29,14,1,"Black",23.2779349227176,8.66801252957003
30,14,1,"Black",23.391902345384,8.35077783390803
31,14,1,"Black",23.500134761839,8.03354313824603
32,14,1,"Black",23.6028373938249,7.71630844258403
33,14,1,"Black",23.7002198117446,7.39907374692204
34,14,1,"Black",23.7924959346614,7.08183905126004
35,14,1,"Black",23.8798840302994,6.76460435559804
36,14,1,"Black",23.9626067150427,6.44736965993605
37,14,1,"Black",24.0408909539364,6.13013496427405
38,14,1,"Black",24.1149680606857,5.81290026861205
39,14,1,"Black",24.1850736976565,5.49566557295006
40,14,1,"Black",24.2514478758753,5.17843087728806
41,14,1,"Black",24.3143349550287,4.86203996212953
42,14,1,"Black",24.3739836434643,4.55071172999185
43,14,1,"Black",24.4306469981897,4.24950886389583
44,14,1,"Black",24.4845824248734,3.96349404686232
45,14,1,"Black",24.5360516778442,3.69772996191216
46,14,1,"Black",24.5853208600915,3.45727929206618
47,14,1,"Black",24.6326604232649,3.2471924819075
48,14,1,"Black",24.6783451676749,3.07053275969494
49,14,1,"Black",24.7226542422923,2.92619616564468
50,14,1,"Black",24.7658711447484,2.81255401695576
51,14,1,"Black",24.8082837213349,2.72797763082726
52,14,1,"Black",24.8501841670042,2.67083832445823
53,14,1,"Black",24.8918690253691,2.63950741504772
54,14,1,"Black",24.9336391887029,2.63229597846228
55,14,1,"Black",24.9757998979393,2.64568808390549
56,14,1,"Black",25.0186607426727,2.67405558885936
57,14,1,"Black",25.0625356611577,2.71165269195328
58,14,1,"Black",25.1077429403098,2.75273359181666
59,14,1,"Black",25.1546052157046,2.79155248707891
60,14,1,"Black",25.2034494715784,2.82236357636945
61,14,1,"Black",25.254607040828,2.8399860598717
62,14,1,"Black",25.3084136050106,2.84580728083474
63,14,1,"Black",25.3651315124543,2.84545209416291
64,14,1,"Black",25.4240952774709,2.84461597995477
65,14,1,"Black",25.4828570795693,2.84899441830891
66,14,1,"Black",25.5371090815656,2.86428288932391
67,14,1,"Black",25.5806834295831,2.89617687309835
68,14,1,"Black",25.6057205823251,2.94911971738281
69,14,1,"Black",25.6045209330736,3.02054820903527
70,14,1,"Black",25.5713964316889,3.10546334620549
71,14,1,"Black",25.5030350233653,3.19886368147226
72,14,1,"Black",25.4006578529509,3.29574776741435
73,14,1,"Black",25.2721764692668,3.39111415661053
74,14,1,"Black",25.1323889345911,3.47996283608409
75,14,1,"Black",25.002185240967,3.55872249958344
76,14,1,"Black",24.899806889602,3.62793152435857
77,14,1,"Black",24.8321064702651,3.68886272324506
78,14,1,"Black",24.7942368566966,3.7427889090785
79,14,1,"Black",24.7749727767164,3.79098289469449
80,14,1,"Black",24.7620323823308,3.83471749292862
81,14,1,"Black",24.7425610288338,3.87528951468741
82,14,1,"Black",24.7031312748069,3.91543565513322
83,14,1,"Black",24.6298843448159,3.96012443002498
84,14,1,"Black",24.5100862190751,4.01451633968907
85,14,1,"Black",24.3336837231118,4.08377188445186
86,14,1,"Black",24.0934459904625,4.17305156463972
87,14,1,"Black",23.7849644626736,4.28751588057902
88,14,1,"Black",23.4066528893009,4.43196474840776
89,14,1,"Black",22.9597473279099,4.60472487691408
90,14,1,"Black",22.4483061440756,4.79852382360893
91,14,1,"Black",21.8792100113824,5.0059045268988
92,14,1,"Black",21.2621619114245,5.21940992519018
93,14,1,"Black",20.6096871338057,5.43158295688958
94,14,1,"Black",19.9371332761392,5.63496656040347
95,14,1,"Black",19.2626702440478,5.82289558370053
96,14,1,"Black",18.6072902511638,5.99499397576215
97,14,1,"Black",17.9948078191294,6.15388478329934
98,14,1,"Black",17.451859777596,6.30220952321698
99,14,1,"Black",17.0079052642247,6.44260971241996
100,14,1,"Black",16.6952257246862,6.57772686781317
101,14,1,"Black",16.5489249126608,6.71020250630149
21,15,1,"Black",22.1365437666491,11.205890094866
22,15,1,"Black",22.303257382474,10.888655399204
23,15,1,"Black",22.4627507699262,10.571420703542
24,15,1,"Black",22.6151943614641,10.25418600788
25,15,1,"Black",22.7607629382065,9.93695131221801
26,15,1,"Black",22.8996356299329,9.61971661655602
27,15,1,"Black",23.0319959150832,9.30248192089402
28,15,1,"Black",23.1580316207578,8.98524722523203
29,15,1,"Black",23.2779349227176,8.66801252957003
30,15,1,"Black",23.391902345384,8.35077783390803
31,15,1,"Black",23.500134761839,8.03354313824603
32,15,1,"Black",23.6028373938249,7.71630844258403
33,15,1,"Black",23.7002198117446,7.39907374692204
34,15,1,"Black",23.7924959346614,7.08183905126004
35,15,1,"Black",23.8798840302994,6.76460435559804
36,15,1,"Black",23.9626067150427,6.44736965993605
37,15,1,"Black",24.0408909539364,6.13013496427405
38,15,1,"Black",24.1149680606857,5.81290026861205
39,15,1,"Black",24.1850736976565,5.49566557295006
40,15,1,"Black",24.2514478758753,5.17843087728806
41,15,1,"Black",24.3143349550287,4.86203996212953
42,15,1,"Black",24.3739836434643,4.55071172999185
43,15,1,"Black",24.4306469981897,4.24950886389583
44,15,1,"Black",24.4845824248734,3.96349404686232
45,15,1,"Black",24.5360516778442,3.69772996191216
46,15,1,"Black",24.5853208600915,3.45727929206618
47,15,1,"Black",24.6326604232649,3.2471924819075
48,15,1,"Black",24.6783451676749,3.07053275969494
49,15,1,"Black",24.7226542422923,2.92619616564468
50,15,1,"Black",24.7658711447484,2.81255401695576
51,15,1,"Black",24.8082837213349,2.72797763082726
52,15,1,"Black",24.8501841670042,2.67083832445823
53,15,1,"Black",24.8918690253691,2.63950741504772
54,15,1,"Black",24.9336391887029,2.63229597846228
55,15,1,"Black",24.9757998979393,2.64568808390549
56,15,1,"Black",25.0186607426727,2.67405558885936
57,15,1,"Black",25.0625356611577,2.71165269195328
58,15,1,"Black",25.1077429403098,2.75273359181666
59,15,1,"Black",25.1546052157046,2.79155248707891
60,15,1,"Black",25.2034494715784,2.82236357636945
61,15,1,"Black",25.254607040828,2.8399860598717
62,15,1,"Black",25.3084136050106,2.84580728083474
63,15,1,"Black",25.3651315124543,2.84545209416291
64,15,1,"Black",25.4240952774709,2.84461597995477
65,15,1,"Black",25.4828570795693,2.84899441830891
66,15,1,"Black",25.5371090815656,2.86428288932391
67,15,1,"Black",25.5806834295831,2.89617687309835
68,15,1,"Black",25.6057205823251,2.94911971738281
69,15,1,"Black",25.6045209330736,3.02054820903527
70,15,1,"Black",25.5713964316889,3.10546334620549
71,15,1,"Black",25.5030350233653,3.19886368147226
72,15,1,"Black",25.4006578529509,3.29574776741435
73,15,1,"Black",25.2721764692668,3.39111415661053
74,15,1,"Black",25.1323889345911,3.47996283608409
75,15,1,"Black",25.002185240967,3.55872249958344
76,15,1,"Black",24.899806889602,3.62793152435857
77,15,1,"Black",24.8321064702651,3.68886272324506
78,15,1,"Black",24.7942368566966,3.7427889090785
79,15,1,"Black",24.7749727767164,3.79098289469449
80,15,1,"Black",24.7620323823308,3.83471749292862
81,15,1,"Black",24.7425610288338,3.87528951468741
82,15,1,"Black",24.7031312748069,3.91543565513322
83,15,1,"Black",24.6298843448159,3.96012443002498
84,15,1,"Black",24.5100862190751,4.01451633968907
85,15,1,"Black",24.3336837231118,4.08377188445186
86,15,1,"Black",24.0934459904625,4.17305156463972
87,15,1,"Black",23.7849644626736,4.28751588057902
88,15,1,"Black",23.4066528893009,4.43196474840776
89,15,1,"Black",22.9597473279099,4.60472487691408
90,15,1,"Black",22.4483061440756,4.79852382360893
91,15,1,"Black",21.8792100113824,5.0059045268988
92,15,1,"Black",21.2621619114245,5.21940992519018
93,15,1,"Black",20.6096871338057,5.43158295688958
94,15,1,"Black",19.9371332761392,5.63496656040347
95,15,1,"Black",19.2626702440478,5.82289558370053
96,15,1,"Black",18.6072902511638,5.99499397576215
97,15,1,"Black",17.9948078191294,6.15388478329934
98,15,1,"Black",17.451859777596,6.30220952321698
99,15,1,"Black",17.0079052642247,6.44260971241996
100,15,1,"Black",16.6952257246862,6.57772686781317
101,15,1,"Black",16.5489249126608,6.71020250630149
21,16,1,"Black",22.1365437666491,11.205890094866
22,16,1,"Black",22.303257382474,10.888655399204
23,16,1,"Black",22.4627507699262,10.571420703542
24,16,1,"Black",22.6151943614641,10.25418600788
25,16,1,"Black",22.7607629382065,9.93695131221801
26,16,1,"Black",22.8996356299329,9.61971661655602
27,16,1,"Black",23.0319959150832,9.30248192089402
28,16,1,"Black",23.1580316207578,8.98524722523203
29,16,1,"Black",23.2779349227176,8.66801252957003
30,16,1,"Black",23.391902345384,8.35077783390803
31,16,1,"Black",23.500134761839,8.03354313824603
32,16,1,"Black",23.6028373938249,7.71630844258403
33,16,1,"Black",23.7002198117446,7.39907374692204
34,16,1,"Black",23.7924959346614,7.08183905126004
35,16,1,"Black",23.8798840302994,6.76460435559804
36,16,1,"Black",23.9626067150427,6.44736965993605
37,16,1,"Black",24.0408909539364,6.13013496427405
38,16,1,"Black",24.1149680606857,5.81290026861205
39,16,1,"Black",24.1850736976565,5.49566557295006
40,16,1,"Black",24.2514478758753,5.17843087728806
41,16,1,"Black",24.3143349550287,4.86203996212953
42,16,1,"Black",24.3739836434643,4.55071172999185
43,16,1,"Black",24.4306469981897,4.24950886389583
44,16,1,"Black",24.4845824248734,3.96349404686232
45,16,1,"Black",24.5360516778442,3.69772996191216
46,16,1,"Black",24.5853208600915,3.45727929206618
47,16,1,"Black",24.6326604232649,3.2471924819075
48,16,1,"Black",24.6783451676749,3.07053275969494
49,16,1,"Black",24.7226542422923,2.92619616564468
50,16,1,"Black",24.7658711447484,2.81255401695576
51,16,1,"Black",24.8082837213349,2.72797763082726
52,16,1,"Black",24.8501841670042,2.67083832445823
53,16,1,"Black",24.8918690253691,2.63950741504772
54,16,1,"Black",24.9336391887029,2.63229597846228
55,16,1,"Black",24.9757998979393,2.64568808390549
56,16,1,"Black",25.0186607426727,2.67405558885936
57,16,1,"Black",25.0625356611577,2.71165269195328
58,16,1,"Black",25.1077429403098,2.75273359181666
59,16,1,"Black",25.1546052157046,2.79155248707891
60,16,1,"Black",25.2034494715784,2.82236357636945
61,16,1,"Black",25.254607040828,2.8399860598717
62,16,1,"Black",25.3084136050106,2.84580728083474
63,16,1,"Black",25.3651315124543,2.84545209416291
64,16,1,"Black",25.4240952774709,2.84461597995477
65,16,1,"Black",25.4828570795693,2.84899441830891
66,16,1,"Black",25.5371090815656,2.86428288932391
67,16,1,"Black",25.5806834295831,2.89617687309835
68,16,1,"Black",25.6057205823251,2.94911971738281
69,16,1,"Black",25.6045209330736,3.02054820903527
70,16,1,"Black",25.5713964316889,3.10546334620549
71,16,1,"Black",25.5030350233653,3.19886368147226
72,16,1,"Black",25.4006578529509,3.29574776741435
73,16,1,"Black",25.2721764692668,3.39111415661053
74,16,1,"Black",25.1323889345911,3.47996283608409
75,16,1,"Black",25.002185240967,3.55872249958344
76,16,1,"Black",24.899806889602,3.62793152435857
77,16,1,"Black",24.8321064702651,3.68886272324506
78,16,1,"Black",24.7942368566966,3.7427889090785
79,16,1,"Black",24.7749727767164,3.79098289469449
80,16,1,"Black",24.7620323823308,3.83471749292862
81,16,1,"Black",24.7425610288338,3.87528951468741
82,16,1,"Black",24.7031312748069,3.91543565513322
83,16,1,"Black",24.6298843448159,3.96012443002498
84,16,1,"Black",24.5100862190751,4.01451633968907
85,16,1,"Black",24.3336837231118,4.08377188445186
86,16,1,"Black",24.0934459904625,4.17305156463972
87,16,1,"Black",23.7849644626736,4.28751588057902
88,16,1,"Black",23.4066528893009,4.43196474840776
89,16,1,"Black",22.9597473279099,4.60472487691408
90,16,1,"Black",22.4483061440756,4.79852382360893
91,16,1,"Black",21.8792100113824,5.0059045268988
92,16,1,"Black",21.2621619114245,5.21940992519018
93,16,1,"Black",20.6096871338057,5.43158295688958
94,16,1,"Black",19.9371332761392,5.63496656040347
95,16,1,"Black",19.2626702440478,5.82289558370053
96,16,1,"Black",18.6072902511638,5.99499397576215
97,16,1,"Black",17.9948078191294,6.15388478329934
98,16,1,"Black",17.451859777596,6.30220952321698
99,16,1,"Black",17.0079052642247,6.44260971241996
100,16,1,"Black",16.6952257246862,6.57772686781317
101,16,1,"Black",16.5489249126608,6.71020250630149
21,17,1,"Black",21.2186004384913,11.205890094866
22,17,1,"Black",21.4229892621595,10.888655399204
23,17,1,"Black",21.6201578574548,10.571420703542
24,17,1,"Black",21.8102766568358,10.25418600788
25,17,1,"Black",21.9935204414214,9.93695131221801
26,17,1,"Black",22.1700683409909,9.61971661655602
27,17,1,"Black",22.3401038339844,9.30248192089402
28,17,1,"Black",22.5038147475021,8.98524722523203
29,17,1,"Black",22.6613932573051,8.66801252957003
30,17,1,"Black",22.8130358878147,8.35077783390803
31,17,1,"Black",22.9589435121128,8.03354313824603
32,17,1,"Black",23.0993213519419,7.71630844258403
33,17,1,"Black",23.2343789777047,7.39907374692204
34,17,1,"Black",23.3643303084647,7.08183905126004
35,17,1,"Black",23.4893936119458,6.76460435559804
36,17,1,"Black",23.6097915045323,6.44736965993605
37,17,1,"Black",23.7257509512691,6.13013496427405
38,17,1,"Black",23.8375032658616,5.81290026861205
39,17,1,"Black",23.9452841106756,5.49566557295006
40,17,1,"Black",24.0493334967375,5.17843087728806
41,17,1,"Black",24.1498957837341,4.86203996212953
42,17,1,"Black",24.2472196800128,4.55071172999185
43,17,1,"Black",24.3415582425814,4.24950886389583
44,17,1,"Black",24.4331688771083,3.96349404686232
45,17,1,"Black",24.5223133379222,3.69772996191216
46,17,1,"Black",24.6092577280126,3.45727929206618
47,17,1,"Black",24.6942724990292,3.2471924819075
48,17,1,"Black",24.7776324512824,3.07053275969494
49,17,1,"Black",24.8596167337429,2.92619616564468
50,17,1,"Black",24.9405088440421,2.81255401695576
51,17,1,"Black",25.0205966284718,2.72797763082726
52,17,1,"Black",25.1001722819843,2.67083832445823
53,17,1,"Black",25.1795323481924,2.63950741504772
54,17,1,"Black",25.2589777193693,2.63229597846228
55,17,1,"Black",25.3388136364489,2.64568808390549
56,17,1,"Black",25.4193496890254,2.67405558885936
57,17,1,"Black",25.5008998153536,2.71165269195328
58,17,1,"Black",25.5837823023488,2.75273359181666
59,17,1,"Black",25.6683197855868,2.79155248707891
60,17,1,"Black",25.7548392493037,2.82236357636945
61,17,1,"Black",25.8436720263965,2.8399860598717
62,17,1,"Black",25.9351537984222,2.84580728083474
63,17,1,"Black",26.029546913709,2.84545209416291
64,17,1,"Black",26.1261858865688,2.84461597995477
65,17,1,"Black",26.2226228965104,2.84899441830891
66,17,1,"Black",26.3145501063498,2.86428288932391
67,17,1,"Black",26.3957996622105,2.89617687309835
68,17,1,"Black",26.4585120227956,2.94911971738281
69,17,1,"Black",26.4949875813873,3.02054820903527
70,17,1,"Black",26.4995382878457,3.10546334620549
71,17,1,"Black",26.4688520873653,3.19886368147226
72,17,1,"Black",26.404150124794,3.29574776741435
73,17,1,"Black",26.3133439489532,3.39111415661053
74,17,1,"Black",26.2112316221205,3.47996283608409
75,17,1,"Black",26.1187031363397,3.55872249958344
76,17,1,"Black",26.0539999928178,3.62793152435857
77,17,1,"Black",26.023974781324,3.68886272324506
78,17,1,"Black",26.0237803755987,3.7427889090785
79,17,1,"Black",26.0421915034616,3.79098289469449
80,17,1,"Black",26.0669263169192,3.83471749292862
81,17,1,"Black",26.0851301712653,3.87528951468741
82,17,1,"Black",26.0833756250816,3.91543565513322
83,17,1,"Black",26.0478039029338,3.96012443002498
84,17,1,"Black",25.9656809850362,4.01451633968907
85,17,1,"Black",25.826953696916,4.08377188445186
86,17,1,"Black",25.6243911721098,4.17305156463972
87,17,1,"Black",25.3535848521641,4.28751588057902
88,17,1,"Black",25.0129484866346,4.43196474840776
89,17,1,"Black",24.6037181330867,4.60472487691408
90,17,1,"Black",24.1299521570955,4.79852382360893
91,17,1,"Black",23.5985312322455,5.0059045268988
92,17,1,"Black",23.0191583401308,5.21940992519018
93,17,1,"Black",22.4043587703552,5.43158295688958
94,17,1,"Black",21.7694801205318,5.63496656040347
95,17,1,"Black",21.1326922962835,5.82289558370053
96,17,1,"Black",20.5149875112427,5.99499397576215
97,17,1,"Black",19.9401802870515,6.15388478329934
98,17,1,"Black",19.4349074533612,6.30220952321698
99,17,1,"Black",19.0286281478331,6.44260971241996
100,17,1,"Black",18.7536238161377,6.57772686781317
101,17,1,"Black",18.6449982119554,6.71020250630149
21,18,1,"Black",21.2186004384913,11.205890094866
22,18,1,"Black",21.4229892621595,10.888655399204
23,18,1,"Black",21.6201578574548,10.571420703542
24,18,1,"Black",21.8102766568358,10.25418600788
25,18,1,"Black",21.9935204414214,9.93695131221801
26,18,1,"Black",22.1700683409909,9.61971661655602
27,18,1,"Black",22.3401038339844,9.30248192089402
28,18,1,"Black",22.5038147475021,8.98524722523203
29,18,1,"Black",22.6613932573051,8.66801252957003
30,18,1,"Black",22.8130358878147,8.35077783390803
31,18,1,"Black",22.9589435121128,8.03354313824603
32,18,1,"Black",23.0993213519419,7.71630844258403
33,18,1,"Black",23.2343789777047,7.39907374692204
34,18,1,"Black",23.3643303084647,7.08183905126004
35,18,1,"Black",23.4893936119458,6.76460435559804
36,18,1,"Black",23.6097915045323,6.44736965993605
37,18,1,"Black",23.7257509512691,6.13013496427405
38,18,1,"Black",23.8375032658616,5.81290026861205
39,18,1,"Black",23.9452841106756,5.49566557295006
40,18,1,"Black",24.0493334967375,5.17843087728806
41,18,1,"Black",24.1498957837341,4.86203996212953
42,18,1,"Black",24.2472196800128,4.55071172999185
43,18,1,"Black",24.3415582425814,4.24950886389583
44,18,1,"Black",24.4331688771083,3.96349404686232
45,18,1,"Black",24.5223133379222,3.69772996191216
46,18,1,"Black",24.6092577280126,3.45727929206618
47,18,1,"Black",24.6942724990292,3.2471924819075
48,18,1,"Black",24.7776324512824,3.07053275969494
49,18,1,"Black",24.8596167337429,2.92619616564468
50,18,1,"Black",24.9405088440421,2.81255401695576
51,18,1,"Black",25.0205966284718,2.72797763082726
52,18,1,"Black",25.1001722819843,2.67083832445823
53,18,1,"Black",25.1795323481924,2.63950741504772
54,18,1,"Black",25.2589777193693,2.63229597846228
55,18,1,"Black",25.3388136364489,2.64568808390549
56,18,1,"Black",25.4193496890254,2.67405558885936
57,18,1,"Black",25.5008998153536,2.71165269195328
58,18,1,"Black",25.5837823023488,2.75273359181666
59,18,1,"Black",25.6683197855868,2.79155248707891
60,18,1,"Black",25.7548392493037,2.82236357636945
61,18,1,"Black",25.8436720263965,2.8399860598717
62,18,1,"Black",25.9351537984222,2.84580728083474
63,18,1,"Black",26.029546913709,2.84545209416291
64,18,1,"Black",26.1261858865688,2.84461597995477
65,18,1,"Black",26.2226228965104,2.84899441830891
66,18,1,"Black",26.3145501063498,2.86428288932391
67,18,1,"Black",26.3957996622105,2.89617687309835
68,18,1,"Black",26.4585120227956,2.94911971738281
69,18,1,"Black",26.4949875813873,3.02054820903527
70,18,1,"Black",26.4995382878457,3.10546334620549
71,18,1,"Black",26.4688520873653,3.19886368147226
72,18,1,"Black",26.404150124794,3.29574776741435
73,18,1,"Black",26.3133439489532,3.39111415661053
74,18,1,"Black",26.2112316221205,3.47996283608409
75,18,1,"Black",26.1187031363397,3.55872249958344
76,18,1,"Black",26.0539999928178,3.62793152435857
77,18,1,"Black",26.023974781324,3.68886272324506
78,18,1,"Black",26.0237803755987,3.7427889090785
79,18,1,"Black",26.0421915034616,3.79098289469449
80,18,1,"Black",26.0669263169192,3.83471749292862
81,18,1,"Black",26.0851301712653,3.87528951468741
82,18,1,"Black",26.0833756250816,3.91543565513322
83,18,1,"Black",26.0478039029338,3.96012443002498
84,18,1,"Black",25.9656809850362,4.01451633968907
85,18,1,"Black",25.826953696916,4.08377188445186
86,18,1,"Black",25.6243911721098,4.17305156463972
87,18,1,"Black",25.3535848521641,4.28751588057902
88,18,1,"Black",25.0129484866346,4.43196474840776
89,18,1,"Black",24.6037181330867,4.60472487691408
90,18,1,"Black",24.1299521570955,4.79852382360893
91,18,1,"Black",23.5985312322455,5.0059045268988
92,18,1,"Black",23.0191583401308,5.21940992519018
93,18,1,"Black",22.4043587703552,5.43158295688958
94,18,1,"Black",21.7694801205318,5.63496656040347
95,18,1,"Black",21.1326922962835,5.82289558370053
96,18,1,"Black",20.5149875112427,5.99499397576215
97,18,1,"Black",19.9401802870515,6.15388478329934
98,18,1,"Black",19.4349074533612,6.30220952321698
99,18,1,"Black",19.0286281478331,6.44260971241996
100,18,1,"Black",18.7536238161377,6.57772686781317
101,18,1,"Black",18.6449982119554,6.71020250630149
21,19,1,"Black",21.2186004384913,11.205890094866
22,19,1,"Black",21.4229892621595,10.888655399204
23,19,1,"Black",21.6201578574548,10.571420703542
24,19,1,"Black",21.8102766568358,10.25418600788
25,19,1,"Black",21.9935204414214,9.93695131221801
26,19,1,"Black",22.1700683409909,9.61971661655602
27,19,1,"Black",22.3401038339844,9.30248192089402
28,19,1,"Black",22.5038147475021,8.98524722523203
29,19,1,"Black",22.6613932573051,8.66801252957003
30,19,1,"Black",22.8130358878147,8.35077783390803
31,19,1,"Black",22.9589435121128,8.03354313824603
32,19,1,"Black",23.0993213519419,7.71630844258403
33,19,1,"Black",23.2343789777047,7.39907374692204
34,19,1,"Black",23.3643303084647,7.08183905126004
35,19,1,"Black",23.4893936119458,6.76460435559804
36,19,1,"Black",23.6097915045323,6.44736965993605
37,19,1,"Black",23.7257509512691,6.13013496427405
38,19,1,"Black",23.8375032658616,5.81290026861205
39,19,1,"Black",23.9452841106756,5.49566557295006
40,19,1,"Black",24.0493334967375,5.17843087728806
41,19,1,"Black",24.1498957837341,4.86203996212953
42,19,1,"Black",24.2472196800128,4.55071172999185
43,19,1,"Black",24.3415582425814,4.24950886389583
44,19,1,"Black",24.4331688771083,3.96349404686232
45,19,1,"Black",24.5223133379222,3.69772996191216
46,19,1,"Black",24.6092577280126,3.45727929206618
47,19,1,"Black",24.6942724990292,3.2471924819075
48,19,1,"Black",24.7776324512824,3.07053275969494
49,19,1,"Black",24.8596167337429,2.92619616564468
50,19,1,"Black",24.9405088440421,2.81255401695576
51,19,1,"Black",25.0205966284718,2.72797763082726
52,19,1,"Black",25.1001722819843,2.67083832445823
53,19,1,"Black",25.1795323481924,2.63950741504772
54,19,1,"Black",25.2589777193693,2.63229597846228
55,19,1,"Black",25.3388136364489,2.64568808390549
56,19,1,"Black",25.4193496890254,2.67405558885936
57,19,1,"Black",25.5008998153536,2.71165269195328
58,19,1,"Black",25.5837823023488,2.75273359181666
59,19,1,"Black",25.6683197855868,2.79155248707891
60,19,1,"Black",25.7548392493037,2.82236357636945
61,19,1,"Black",25.8436720263965,2.8399860598717
62,19,1,"Black",25.9351537984222,2.84580728083474
63,19,1,"Black",26.029546913709,2.84545209416291
64,19,1,"Black",26.1261858865688,2.84461597995477
65,19,1,"Black",26.2226228965104,2.84899441830891
66,19,1,"Black",26.3145501063498,2.86428288932391
67,19,1,"Black",26.3957996622105,2.89617687309835
68,19,1,"Black",26.4585120227956,2.94911971738281
69,19,1,"Black",26.4949875813873,3.02054820903527
70,19,1,"Black",26.4995382878457,3.10546334620549
71,19,1,"Black",26.4688520873653,3.19886368147226
72,19,1,"Black",26.404150124794,3.29574776741435
73,19,1,"Black",26.3133439489532,3.39111415661053
74,19,1,"Black",26.2112316221205,3.47996283608409
75,19,1,"Black",26.1187031363397,3.55872249958344
76,19,1,"Black",26.0539999928178,3.62793152435857
77,19,1,"Black",26.023974781324,3.68886272324506
78,19,1,"Black",26.0237803755987,3.7427889090785
79,19,1,"Black",26.0421915034616,3.79098289469449
80,19,1,"Black",26.0669263169192,3.83471749292862
81,19,1,"Black",26.0851301712653,3.87528951468741
82,19,1,"Black",26.0833756250816,3.91543565513322
83,19,1,"Black",26.0478039029338,3.96012443002498
84,19,1,"Black",25.9656809850362,4.01451633968907
85,19,1,"Black",25.826953696916,4.08377188445186
86,19,1,"Black",25.6243911721098,4.17305156463972
87,19,1,"Black",25.3535848521641,4.28751588057902
88,19,1,"Black",25.0129484866346,4.43196474840776
89,19,1,"Black",24.6037181330867,4.60472487691408
90,19,1,"Black",24.1299521570955,4.79852382360893
91,19,1,"Black",23.5985312322455,5.0059045268988
92,19,1,"Black",23.0191583401308,5.21940992519018
93,19,1,"Black",22.4043587703552,5.43158295688958
94,19,1,"Black",21.7694801205318,5.63496656040347
95,19,1,"Black",21.1326922962835,5.82289558370053
96,19,1,"Black",20.5149875112427,5.99499397576215
97,19,1,"Black",19.9401802870515,6.15388478329934
98,19,1,"Black",19.4349074533612,6.30220952321698
99,19,1,"Black",19.0286281478331,6.44260971241996
100,19,1,"Black",18.7536238161377,6.57772686781317
101,19,1,"Black",18.6449982119554,6.71020250630149
21,20,1,"Black",21.2186004384913,11.205890094866
22,20,1,"Black",21.4229892621595,10.888655399204
23,20,1,"Black",21.6201578574548,10.571420703542
24,20,1,"Black",21.8102766568358,10.25418600788
25,20,1,"Black",21.9935204414214,9.93695131221801
26,20,1,"Black",22.1700683409909,9.61971661655602
27,20,1,"Black",22.3401038339844,9.30248192089402
28,20,1,"Black",22.5038147475021,8.98524722523203
29,20,1,"Black",22.6613932573051,8.66801252957003
30,20,1,"Black",22.8130358878147,8.35077783390803
31,20,1,"Black",22.9589435121128,8.03354313824603
32,20,1,"Black",23.0993213519419,7.71630844258403
33,20,1,"Black",23.2343789777047,7.39907374692204
34,20,1,"Black",23.3643303084647,7.08183905126004
35,20,1,"Black",23.4893936119458,6.76460435559804
36,20,1,"Black",23.6097915045323,6.44736965993605
37,20,1,"Black",23.7257509512691,6.13013496427405
38,20,1,"Black",23.8375032658616,5.81290026861205
39,20,1,"Black",23.9452841106756,5.49566557295006
40,20,1,"Black",24.0493334967375,5.17843087728806
41,20,1,"Black",24.1498957837341,4.86203996212953
42,20,1,"Black",24.2472196800128,4.55071172999185
43,20,1,"Black",24.3415582425814,4.24950886389583
44,20,1,"Black",24.4331688771083,3.96349404686232
45,20,1,"Black",24.5223133379222,3.69772996191216
46,20,1,"Black",24.6092577280126,3.45727929206618
47,20,1,"Black",24.6942724990292,3.2471924819075
48,20,1,"Black",24.7776324512824,3.07053275969494
49,20,1,"Black",24.8596167337429,2.92619616564468
50,20,1,"Black",24.9405088440421,2.81255401695576
51,20,1,"Black",25.0205966284718,2.72797763082726
52,20,1,"Black",25.1001722819843,2.67083832445823
53,20,1,"Black",25.1795323481924,2.63950741504772
54,20,1,"Black",25.2589777193693,2.63229597846228
55,20,1,"Black",25.3388136364489,2.64568808390549
56,20,1,"Black",25.4193496890254,2.67405558885936
57,20,1,"Black",25.5008998153536,2.71165269195328
58,20,1,"Black",25.5837823023488,2.75273359181666
59,20,1,"Black",25.6683197855868,2.79155248707891
60,20,1,"Black",25.7548392493037,2.82236357636945
61,20,1,"Black",25.8436720263965,2.8399860598717
62,20,1,"Black",25.9351537984222,2.84580728083474
63,20,1,"Black",26.029546913709,2.84545209416291
64,20,1,"Black",26.1261858865688,2.84461597995477
65,20,1,"Black",26.2226228965104,2.84899441830891
66,20,1,"Black",26.3145501063498,2.86428288932391
67,20,1,"Black",26.3957996622105,2.89617687309835
68,20,1,"Black",26.4585120227956,2.94911971738281
69,20,1,"Black",26.4949875813873,3.02054820903527
70,20,1,"Black",26.4995382878457,3.10546334620549
71,20,1,"Black",26.4688520873653,3.19886368147226
72,20,1,"Black",26.404150124794,3.29574776741435
73,20,1,"Black",26.3133439489532,3.39111415661053
74,20,1,"Black",26.2112316221205,3.47996283608409
75,20,1,"Black",26.1187031363397,3.55872249958344
76,20,1,"Black",26.0539999928178,3.62793152435857
77,20,1,"Black",26.023974781324,3.68886272324506
78,20,1,"Black",26.0237803755987,3.7427889090785
79,20,1,"Black",26.0421915034616,3.79098289469449
80,20,1,"Black",26.0669263169192,3.83471749292862
81,20,1,"Black",26.0851301712653,3.87528951468741
82,20,1,"Black",26.0833756250816,3.91543565513322
83,20,1,"Black",26.0478039029338,3.96012443002498
84,20,1,"Black",25.9656809850362,4.01451633968907
85,20,1,"Black",25.826953696916,4.08377188445186
86,20,1,"Black",25.6243911721098,4.17305156463972
87,20,1,"Black",25.3535848521641,4.28751588057902
88,20,1,"Black",25.0129484866346,4.43196474840776
89,20,1,"Black",24.6037181330867,4.60472487691408
90,20,1,"Black",24.1299521570955,4.79852382360893
91,20,1,"Black",23.5985312322455,5.0059045268988
92,20,1,"Black",23.0191583401308,5.21940992519018
93,20,1,"Black",22.4043587703552,5.43158295688958
94,20,1,"Black",21.7694801205318,5.63496656040347
95,20,1,"Black",21.1326922962835,5.82289558370053
96,20,1,"Black",20.5149875112427,5.99499397576215
97,20,1,"Black",19.9401802870515,6.15388478329934
98,20,1,"Black",19.4349074533612,6.30220952321698
99,20,1,"Black",19.0286281478331,6.44260971241996
100,20,1,"Black",18.7536238161377,6.57772686781317
101,20,1,"Black",18.6449982119554,6.71020250630149
21,21,1,"Black",21.2186004384913,11.205890094866
22,21,1,"Black",21.4229892621595,10.888655399204
23,21,1,"Black",21.6201578574548,10.571420703542
24,21,1,"Black",21.8102766568358,10.25418600788
25,21,1,"Black",21.9935204414214,9.93695131221801
26,21,1,"Black",22.1700683409909,9.61971661655602
27,21,1,"Black",22.3401038339844,9.30248192089402
28,21,1,"Black",22.5038147475021,8.98524722523203
29,21,1,"Black",22.6613932573051,8.66801252957003
30,21,1,"Black",22.8130358878147,8.35077783390803
31,21,1,"Black",22.9589435121128,8.03354313824603
32,21,1,"Black",23.0993213519419,7.71630844258403
33,21,1,"Black",23.2343789777047,7.39907374692204
34,21,1,"Black",23.3643303084647,7.08183905126004
35,21,1,"Black",23.4893936119458,6.76460435559804
36,21,1,"Black",23.6097915045323,6.44736965993605
37,21,1,"Black",23.7257509512691,6.13013496427405
38,21,1,"Black",23.8375032658616,5.81290026861205
39,21,1,"Black",23.9452841106756,5.49566557295006
40,21,1,"Black",24.0493334967375,5.17843087728806
41,21,1,"Black",24.1498957837341,4.86203996212953
42,21,1,"Black",24.2472196800128,4.55071172999185
43,21,1,"Black",24.3415582425814,4.24950886389583
44,21,1,"Black",24.4331688771083,3.96349404686232
45,21,1,"Black",24.5223133379222,3.69772996191216
46,21,1,"Black",24.6092577280126,3.45727929206618
47,21,1,"Black",24.6942724990292,3.2471924819075
48,21,1,"Black",24.7776324512824,3.07053275969494
49,21,1,"Black",24.8596167337429,2.92619616564468
50,21,1,"Black",24.9405088440421,2.81255401695576
51,21,1,"Black",25.0205966284718,2.72797763082726
52,21,1,"Black",25.1001722819843,2.67083832445823
53,21,1,"Black",25.1795323481924,2.63950741504772
54,21,1,"Black",25.2589777193693,2.63229597846228
55,21,1,"Black",25.3388136364489,2.64568808390549
56,21,1,"Black",25.4193496890254,2.67405558885936
57,21,1,"Black",25.5008998153536,2.71165269195328
58,21,1,"Black",25.5837823023488,2.75273359181666
59,21,1,"Black",25.6683197855868,2.79155248707891
60,21,1,"Black",25.7548392493037,2.82236357636945
61,21,1,"Black",25.8436720263965,2.8399860598717
62,21,1,"Black",25.9351537984222,2.84580728083474
63,21,1,"Black",26.029546913709,2.84545209416291
64,21,1,"Black",26.1261858865688,2.84461597995477
65,21,1,"Black",26.2226228965104,2.84899441830891
66,21,1,"Black",26.3145501063498,2.86428288932391
67,21,1,"Black",26.3957996622105,2.89617687309835
68,21,1,"Black",26.4585120227956,2.94911971738281
69,21,1,"Black",26.4949875813873,3.02054820903527
70,21,1,"Black",26.4995382878457,3.10546334620549
71,21,1,"Black",26.4688520873653,3.19886368147226
72,21,1,"Black",26.404150124794,3.29574776741435
73,21,1,"Black",26.3133439489532,3.39111415661053
74,21,1,"Black",26.2112316221205,3.47996283608409
75,21,1,"Black",26.1187031363397,3.55872249958344
76,21,1,"Black",26.0539999928178,3.62793152435857
77,21,1,"Black",26.023974781324,3.68886272324506
78,21,1,"Black",26.0237803755987,3.7427889090785
79,21,1,"Black",26.0421915034616,3.79098289469449
80,21,1,"Black",26.0669263169192,3.83471749292862
81,21,1,"Black",26.0851301712653,3.87528951468741
82,21,1,"Black",26.0833756250816,3.91543565513322
83,21,1,"Black",26.0478039029338,3.96012443002498
84,21,1,"Black",25.9656809850362,4.01451633968907
85,21,1,"Black",25.826953696916,4.08377188445186
86,21,1,"Black",25.6243911721098,4.17305156463972
87,21,1,"Black",25.3535848521641,4.28751588057902
88,21,1,"Black",25.0129484866346,4.43196474840776
89,21,1,"Black",24.6037181330867,4.60472487691408
90,21,1,"Black",24.1299521570955,4.79852382360893
91,21,1,"Black",23.5985312322455,5.0059045268988
92,21,1,"Black",23.0191583401308,5.21940992519018
93,21,1,"Black",22.4043587703552,5.43158295688958
94,21,1,"Black",21.7694801205318,5.63496656040347
95,21,1,"Black",21.1326922962835,5.82289558370053
96,21,1,"Black",20.5149875112427,5.99499397576215
97,21,1,"Black",19.9401802870515,6.15388478329934
98,21,1,"Black",19.4349074533612,6.30220952321698
99,21,1,"Black",19.0286281478331,6.44260971241996
100,21,1,"Black",18.7536238161377,6.57772686781317
101,21,1,"Black",18.6449982119554,6.71020250630149
21,22,1,"Black",21.2186004384913,11.205890094866
22,22,1,"Black",21.4229892621595,10.888655399204
23,22,1,"Black",21.6201578574548,10.571420703542
24,22,1,"Black",21.8102766568358,10.25418600788
25,22,1,"Black",21.9935204414214,9.93695131221801
26,22,1,"Black",22.1700683409909,9.61971661655602
27,22,1,"Black",22.3401038339844,9.30248192089402
28,22,1,"Black",22.5038147475021,8.98524722523203
29,22,1,"Black",22.6613932573051,8.66801252957003
30,22,1,"Black",22.8130358878147,8.35077783390803
31,22,1,"Black",22.9589435121128,8.03354313824603
32,22,1,"Black",23.0993213519419,7.71630844258403
33,22,1,"Black",23.2343789777047,7.39907374692204
34,22,1,"Black",23.3643303084647,7.08183905126004
35,22,1,"Black",23.4893936119458,6.76460435559804
36,22,1,"Black",23.6097915045323,6.44736965993605
37,22,1,"Black",23.7257509512691,6.13013496427405
38,22,1,"Black",23.8375032658616,5.81290026861205
39,22,1,"Black",23.9452841106756,5.49566557295006
40,22,1,"Black",24.0493334967375,5.17843087728806
41,22,1,"Black",24.1498957837341,4.86203996212953
42,22,1,"Black",24.2472196800128,4.55071172999185
43,22,1,"Black",24.3415582425814,4.24950886389583
44,22,1,"Black",24.4331688771083,3.96349404686232
45,22,1,"Black",24.5223133379222,3.69772996191216
46,22,1,"Black",24.6092577280126,3.45727929206618
47,22,1,"Black",24.6942724990292,3.2471924819075
48,22,1,"Black",24.7776324512824,3.07053275969494
49,22,1,"Black",24.8596167337429,2.92619616564468
50,22,1,"Black",24.9405088440421,2.81255401695576
51,22,1,"Black",25.0205966284718,2.72797763082726
52,22,1,"Black",25.1001722819843,2.67083832445823
53,22,1,"Black",25.1795323481924,2.63950741504772
54,22,1,"Black",25.2589777193693,2.63229597846228
55,22,1,"Black",25.3388136364489,2.64568808390549
56,22,1,"Black",25.4193496890254,2.67405558885936
57,22,1,"Black",25.5008998153536,2.71165269195328
58,22,1,"Black",25.5837823023488,2.75273359181666
59,22,1,"Black",25.6683197855868,2.79155248707891
60,22,1,"Black",25.7548392493037,2.82236357636945
61,22,1,"Black",25.8436720263965,2.8399860598717
62,22,1,"Black",25.9351537984222,2.84580728083474
63,22,1,"Black",26.029546913709,2.84545209416291
64,22,1,"Black",26.1261858865688,2.84461597995477
65,22,1,"Black",26.2226228965104,2.84899441830891
66,22,1,"Black",26.3145501063498,2.86428288932391
67,22,1,"Black",26.3957996622105,2.89617687309835
68,22,1,"Black",26.4585120227956,2.94911971738281
69,22,1,"Black",26.4949875813873,3.02054820903527
70,22,1,"Black",26.4995382878457,3.10546334620549
71,22,1,"Black",26.4688520873653,3.19886368147226
72,22,1,"Black",26.404150124794,3.29574776741435
73,22,1,"Black",26.3133439489532,3.39111415661053
74,22,1,"Black",26.2112316221205,3.47996283608409
75,22,1,"Black",26.1187031363397,3.55872249958344
76,22,1,"Black",26.0539999928178,3.62793152435857
77,22,1,"Black",26.023974781324,3.68886272324506
78,22,1,"Black",26.0237803755987,3.7427889090785
79,22,1,"Black",26.0421915034616,3.79098289469449
80,22,1,"Black",26.0669263169192,3.83471749292862
81,22,1,"Black",26.0851301712653,3.87528951468741
82,22,1,"Black",26.0833756250816,3.91543565513322
83,22,1,"Black",26.0478039029338,3.96012443002498
84,22,1,"Black",25.9656809850362,4.01451633968907
85,22,1,"Black",25.826953696916,4.08377188445186
86,22,1,"Black",25.6243911721098,4.17305156463972
87,22,1,"Black",25.3535848521641,4.28751588057902
88,22,1,"Black",25.0129484866346,4.43196474840776
89,22,1,"Black",24.6037181330867,4.60472487691408
90,22,1,"Black",24.1299521570955,4.79852382360893
91,22,1,"Black",23.5985312322455,5.0059045268988
92,22,1,"Black",23.0191583401308,5.21940992519018
93,22,1,"Black",22.4043587703552,5.43158295688958
94,22,1,"Black",21.7694801205318,5.63496656040347
95,22,1,"Black",21.1326922962835,5.82289558370053
96,22,1,"Black",20.5149875112427,5.99499397576215
97,22,1,"Black",19.9401802870515,6.15388478329934
98,22,1,"Black",19.4349074533612,6.30220952321698
99,22,1,"Black",19.0286281478331,6.44260971241996
100,22,1,"Black",18.7536238161377,6.57772686781317
101,22,1,"Black",18.6449982119554,6.71020250630149
21,23,1,"Black",21.2186004384913,11.205890094866
22,23,1,"Black",21.4229892621595,10.888655399204
23,23,1,"Black",21.6201578574548,10.571420703542
24,23,1,"Black",21.8102766568358,10.25418600788
25,23,1,"Black",21.9935204414214,9.93695131221801
26,23,1,"Black",22.1700683409909,9.61971661655602
27,23,1,"Black",22.3401038339844,9.30248192089402
28,23,1,"Black",22.5038147475021,8.98524722523203
29,23,1,"Black",22.6613932573051,8.66801252957003
30,23,1,"Black",22.8130358878147,8.35077783390803
31,23,1,"Black",22.9589435121128,8.03354313824603
32,23,1,"Black",23.0993213519419,7.71630844258403
33,23,1,"Black",23.2343789777047,7.39907374692204
34,23,1,"Black",23.3643303084647,7.08183905126004
35,23,1,"Black",23.4893936119458,6.76460435559804
36,23,1,"Black",23.6097915045323,6.44736965993605
37,23,1,"Black",23.7257509512691,6.13013496427405
38,23,1,"Black",23.8375032658616,5.81290026861205
39,23,1,"Black",23.9452841106756,5.49566557295006
40,23,1,"Black",24.0493334967375,5.17843087728806
41,23,1,"Black",24.1498957837341,4.86203996212953
42,23,1,"Black",24.2472196800128,4.55071172999185
43,23,1,"Black",24.3415582425814,4.24950886389583
44,23,1,"Black",24.4331688771083,3.96349404686232
45,23,1,"Black",24.5223133379222,3.69772996191216
46,23,1,"Black",24.6092577280126,3.45727929206618
47,23,1,"Black",24.6942724990292,3.2471924819075
48,23,1,"Black",24.7776324512824,3.07053275969494
49,23,1,"Black",24.8596167337429,2.92619616564468
50,23,1,"Black",24.9405088440421,2.81255401695576
51,23,1,"Black",25.0205966284718,2.72797763082726
52,23,1,"Black",25.1001722819843,2.67083832445823
53,23,1,"Black",25.1795323481924,2.63950741504772
54,23,1,"Black",25.2589777193693,2.63229597846228
55,23,1,"Black",25.3388136364489,2.64568808390549
56,23,1,"Black",25.4193496890254,2.67405558885936
57,23,1,"Black",25.5008998153536,2.71165269195328
58,23,1,"Black",25.5837823023488,2.75273359181666
59,23,1,"Black",25.6683197855868,2.79155248707891
60,23,1,"Black",25.7548392493037,2.82236357636945
61,23,1,"Black",25.8436720263965,2.8399860598717
62,23,1,"Black",25.9351537984222,2.84580728083474
63,23,1,"Black",26.029546913709,2.84545209416291
64,23,1,"Black",26.1261858865688,2.84461597995477
65,23,1,"Black",26.2226228965104,2.84899441830891
66,23,1,"Black",26.3145501063498,2.86428288932391
67,23,1,"Black",26.3957996622105,2.89617687309835
68,23,1,"Black",26.4585120227956,2.94911971738281
69,23,1,"Black",26.4949875813873,3.02054820903527
70,23,1,"Black",26.4995382878457,3.10546334620549
71,23,1,"Black",26.4688520873653,3.19886368147226
72,23,1,"Black",26.404150124794,3.29574776741435
73,23,1,"Black",26.3133439489532,3.39111415661053
74,23,1,"Black",26.2112316221205,3.47996283608409
75,23,1,"Black",26.1187031363397,3.55872249958344
76,23,1,"Black",26.0539999928178,3.62793152435857
77,23,1,"Black",26.023974781324,3.68886272324506
78,23,1,"Black",26.0237803755987,3.7427889090785
79,23,1,"Black",26.0421915034616,3.79098289469449
80,23,1,"Black",26.0669263169192,3.83471749292862
81,23,1,"Black",26.0851301712653,3.87528951468741
82,23,1,"Black",26.0833756250816,3.91543565513322
83,23,1,"Black",26.0478039029338,3.96012443002498
84,23,1,"Black",25.9656809850362,4.01451633968907
85,23,1,"Black",25.826953696916,4.08377188445186
86,23,1,"Black",25.6243911721098,4.17305156463972
87,23,1,"Black",25.3535848521641,4.28751588057902
88,23,1,"Black",25.0129484866346,4.43196474840776
89,23,1,"Black",24.6037181330867,4.60472487691408
90,23,1,"Black",24.1299521570955,4.79852382360893
91,23,1,"Black",23.5985312322455,5.0059045268988
92,23,1,"Black",23.0191583401308,5.21940992519018
93,23,1,"Black",22.4043587703552,5.43158295688958
94,23,1,"Black",21.7694801205318,5.63496656040347
95,23,1,"Black",21.1326922962835,5.82289558370053
96,23,1,"Black",20.5149875112427,5.99499397576215
97,23,1,"Black",19.9401802870515,6.15388478329934
98,23,1,"Black",19.4349074533612,6.30220952321698
99,23,1,"Black",19.0286281478331,6.44260971241996
100,23,1,"Black",18.7536238161377,6.57772686781317
101,23,1,"Black",18.6449982119554,6.71020250630149
21,24,1,"Black",21.2186004384913,11.205890094866
22,24,1,"Black",21.4229892621595,10.888655399204
23,24,1,"Black",21.6201578574548,10.571420703542
24,24,1,"Black",21.8102766568358,10.25418600788
25,24,1,"Black",21.9935204414214,9.93695131221801
26,24,1,"Black",22.1700683409909,9.61971661655602
27,24,1,"Black",22.3401038339844,9.30248192089402
28,24,1,"Black",22.5038147475021,8.98524722523203
29,24,1,"Black",22.6613932573051,8.66801252957003
30,24,1,"Black",22.8130358878147,8.35077783390803
31,24,1,"Black",22.9589435121128,8.03354313824603
32,24,1,"Black",23.0993213519419,7.71630844258403
33,24,1,"Black",23.2343789777047,7.39907374692204
34,24,1,"Black",23.3643303084647,7.08183905126004
35,24,1,"Black",23.4893936119458,6.76460435559804
36,24,1,"Black",23.6097915045323,6.44736965993605
37,24,1,"Black",23.7257509512691,6.13013496427405
38,24,1,"Black",23.8375032658616,5.81290026861205
39,24,1,"Black",23.9452841106756,5.49566557295006
40,24,1,"Black",24.0493334967375,5.17843087728806
41,24,1,"Black",24.1498957837341,4.86203996212953
42,24,1,"Black",24.2472196800128,4.55071172999185
43,24,1,"Black",24.3415582425814,4.24950886389583
44,24,1,"Black",24.4331688771083,3.96349404686232
45,24,1,"Black",24.5223133379222,3.69772996191216
46,24,1,"Black",24.6092577280126,3.45727929206618
47,24,1,"Black",24.6942724990292,3.2471924819075
48,24,1,"Black",24.7776324512824,3.07053275969494
49,24,1,"Black",24.8596167337429,2.92619616564468
50,24,1,"Black",24.9405088440421,2.81255401695576
51,24,1,"Black",25.0205966284718,2.72797763082726
52,24,1,"Black",25.1001722819843,2.67083832445823
53,24,1,"Black",25.1795323481924,2.63950741504772
54,24,1,"Black",25.2589777193693,2.63229597846228
55,24,1,"Black",25.3388136364489,2.64568808390549
56,24,1,"Black",25.4193496890254,2.67405558885936
57,24,1,"Black",25.5008998153536,2.71165269195328
58,24,1,"Black",25.5837823023488,2.75273359181666
59,24,1,"Black",25.6683197855868,2.79155248707891
60,24,1,"Black",25.7548392493037,2.82236357636945
61,24,1,"Black",25.8436720263965,2.8399860598717
62,24,1,"Black",25.9351537984222,2.84580728083474
63,24,1,"Black",26.029546913709,2.84545209416291
64,24,1,"Black",26.1261858865688,2.84461597995477
65,24,1,"Black",26.2226228965104,2.84899441830891
66,24,1,"Black",26.3145501063498,2.86428288932391
67,24,1,"Black",26.3957996622105,2.89617687309835
68,24,1,"Black",26.4585120227956,2.94911971738281
69,24,1,"Black",26.4949875813873,3.02054820903527
70,24,1,"Black",26.4995382878457,3.10546334620549
71,24,1,"Black",26.4688520873653,3.19886368147226
72,24,1,"Black",26.404150124794,3.29574776741435
73,24,1,"Black",26.3133439489532,3.39111415661053
74,24,1,"Black",26.2112316221205,3.47996283608409
75,24,1,"Black",26.1187031363397,3.55872249958344
76,24,1,"Black",26.0539999928178,3.62793152435857
77,24,1,"Black",26.023974781324,3.68886272324506
78,24,1,"Black",26.0237803755987,3.7427889090785
79,24,1,"Black",26.0421915034616,3.79098289469449
80,24,1,"Black",26.0669263169192,3.83471749292862
81,24,1,"Black",26.0851301712653,3.87528951468741
82,24,1,"Black",26.0833756250816,3.91543565513322
83,24,1,"Black",26.0478039029338,3.96012443002498
84,24,1,"Black",25.9656809850362,4.01451633968907
85,24,1,"Black",25.826953696916,4.08377188445186
86,24,1,"Black",25.6243911721098,4.17305156463972
87,24,1,"Black",25.3535848521641,4.28751588057902
88,24,1,"Black",25.0129484866346,4.43196474840776
89,24,1,"Black",24.6037181330867,4.60472487691408
90,24,1,"Black",24.1299521570955,4.79852382360893
91,24,1,"Black",23.5985312322455,5.0059045268988
92,24,1,"Black",23.0191583401308,5.21940992519018
93,24,1,"Black",22.4043587703552,5.43158295688958
94,24,1,"Black",21.7694801205318,5.63496656040347
95,24,1,"Black",21.1326922962835,5.82289558370053
96,24,1,"Black",20.5149875112427,5.99499397576215
97,24,1,"Black",19.9401802870515,6.15388478329934
98,24,1,"Black",19.4349074533612,6.30220952321698
99,24,1,"Black",19.0286281478331,6.44260971241996
100,24,1,"Black",18.7536238161377,6.57772686781317
101,24,1,"Black",18.6449982119554,6.71020250630149
21,25,1,"Black",21.2186004384913,11.205890094866
22,25,1,"Black",21.4229892621595,10.888655399204
23,25,1,"Black",21.6201578574548,10.571420703542
24,25,1,"Black",21.8102766568358,10.25418600788
25,25,1,"Black",21.9935204414214,9.93695131221801
26,25,1,"Black",22.1700683409909,9.61971661655602
27,25,1,"Black",22.3401038339844,9.30248192089402
28,25,1,"Black",22.5038147475021,8.98524722523203
29,25,1,"Black",22.6613932573051,8.66801252957003
30,25,1,"Black",22.8130358878147,8.35077783390803
31,25,1,"Black",22.9589435121128,8.03354313824603
32,25,1,"Black",23.0993213519419,7.71630844258403
33,25,1,"Black",23.2343789777047,7.39907374692204
34,25,1,"Black",23.3643303084647,7.08183905126004
35,25,1,"Black",23.4893936119458,6.76460435559804
36,25,1,"Black",23.6097915045323,6.44736965993605
37,25,1,"Black",23.7257509512691,6.13013496427405
38,25,1,"Black",23.8375032658616,5.81290026861205
39,25,1,"Black",23.9452841106756,5.49566557295006
40,25,1,"Black",24.0493334967375,5.17843087728806
41,25,1,"Black",24.1498957837341,4.86203996212953
42,25,1,"Black",24.2472196800128,4.55071172999185
43,25,1,"Black",24.3415582425814,4.24950886389583
44,25,1,"Black",24.4331688771083,3.96349404686232
45,25,1,"Black",24.5223133379222,3.69772996191216
46,25,1,"Black",24.6092577280126,3.45727929206618
47,25,1,"Black",24.6942724990292,3.2471924819075
48,25,1,"Black",24.7776324512824,3.07053275969494
49,25,1,"Black",24.8596167337429,2.92619616564468
50,25,1,"Black",24.9405088440421,2.81255401695576
51,25,1,"Black",25.0205966284718,2.72797763082726
52,25,1,"Black",25.1001722819843,2.67083832445823
53,25,1,"Black",25.1795323481924,2.63950741504772
54,25,1,"Black",25.2589777193693,2.63229597846228
55,25,1,"Black",25.3388136364489,2.64568808390549
56,25,1,"Black",25.4193496890254,2.67405558885936
57,25,1,"Black",25.5008998153536,2.71165269195328
58,25,1,"Black",25.5837823023488,2.75273359181666
59,25,1,"Black",25.6683197855868,2.79155248707891
60,25,1,"Black",25.7548392493037,2.82236357636945
61,25,1,"Black",25.8436720263965,2.8399860598717
62,25,1,"Black",25.9351537984222,2.84580728083474
63,25,1,"Black",26.029546913709,2.84545209416291
64,25,1,"Black",26.1261858865688,2.84461597995477
65,25,1,"Black",26.2226228965104,2.84899441830891
66,25,1,"Black",26.3145501063498,2.86428288932391
67,25,1,"Black",26.3957996622105,2.89617687309835
68,25,1,"Black",26.4585120227956,2.94911971738281
69,25,1,"Black",26.4949875813873,3.02054820903527
70,25,1,"Black",26.4995382878457,3.10546334620549
71,25,1,"Black",26.4688520873653,3.19886368147226
72,25,1,"Black",26.404150124794,3.29574776741435
73,25,1,"Black",26.3133439489532,3.39111415661053
74,25,1,"Black",26.2112316221205,3.47996283608409
75,25,1,"Black",26.1187031363397,3.55872249958344
76,25,1,"Black",26.0539999928178,3.62793152435857
77,25,1,"Black",26.023974781324,3.68886272324506
78,25,1,"Black",26.0237803755987,3.7427889090785
79,25,1,"Black",26.0421915034616,3.79098289469449
80,25,1,"Black",26.0669263169192,3.83471749292862
81,25,1,"Black",26.0851301712653,3.87528951468741
82,25,1,"Black",26.0833756250816,3.91543565513322
83,25,1,"Black",26.0478039029338,3.96012443002498
84,25,1,"Black",25.9656809850362,4.01451633968907
85,25,1,"Black",25.826953696916,4.08377188445186
86,25,1,"Black",25.6243911721098,4.17305156463972
87,25,1,"Black",25.3535848521641,4.28751588057902
88,25,1,"Black",25.0129484866346,4.43196474840776
89,25,1,"Black",24.6037181330867,4.60472487691408
90,25,1,"Black",24.1299521570955,4.79852382360893
91,25,1,"Black",23.5985312322455,5.0059045268988
92,25,1,"Black",23.0191583401308,5.21940992519018
93,25,1,"Black",22.4043587703552,5.43158295688958
94,25,1,"Black",21.7694801205318,5.63496656040347
95,25,1,"Black",21.1326922962835,5.82289558370053
96,25,1,"Black",20.5149875112427,5.99499397576215
97,25,1,"Black",19.9401802870515,6.15388478329934
98,25,1,"Black",19.4349074533612,6.30220952321698
99,25,1,"Black",19.0286281478331,6.44260971241996
100,25,1,"Black",18.7536238161377,6.57772686781317
101,25,1,"Black",18.6449982119554,6.71020250630149
