"NACCAGE","EDUC","SEX","RACE","sdpred","sd","EDUCCATsomecollege","EDUCCAThigherthancollege","SEX:NACCAGE","EDUCCATsomecollege:NACCAGE","EDUCCAThigherthancollege:NACCAGE","mean.adj","sd.adj"
40,10,0,0,15.0408368537426,14.8458964098694,0,0,0,0,0,123.442302583337,15.0408368537426
41,10,0,0,15.1832217972575,14.7064745295789,0,0,0,0,0,123.301367757562,15.1832217972575
42,10,0,0,15.3254085701517,14.5903959850718,0,0,0,0,0,123.148446161725,15.3254085701517
43,10,0,0,15.4672701083172,14.1484858802971,0,0,0,0,0,122.980643604013,15.4672701083172
44,10,0,0,15.6086793476463,14.6486308948898,0,0,0,0,0,122.795065892612,15.6086793476463
45,10,0,0,15.7495092240313,14.3993473291931,0,0,0,0,0,122.588818835709,15.7495092240313
46,10,0,0,15.8896326733644,14.8664692132804,0,0,0,0,0,122.359008241491,15.8896326733644
47,10,0,0,16.0289226315379,16.2534829242851,0,0,0,0,0,122.102739918145,16.0289226315379
48,10,0,0,16.1672520812322,16.6086189247047,0,0,0,0,0,121.817126294187,16.1672520812322
49,10,0,0,16.3045177734869,16.5786892158232,0,0,0,0,0,121.502642925746,16.3045177734869
50,10,0,0,16.4406788278908,16.5803773607615,0,0,0,0,0,121.168590268766,16.4406788278908
51,10,0,0,16.5757044702645,17.5613420830946,0,0,0,0,0,120.825698770459,16.5757044702645
52,10,0,0,16.7095639264283,17.0985697142496,0,0,0,0,0,120.484698878038,16.7095639264283
53,10,0,0,16.8422264222026,17.2727124072878,0,0,0,0,0,120.156321038714,16.8422264222026
54,10,0,0,16.9736611834077,17.2976689182719,0,0,0,0,0,119.851295699699,16.9736611834077
55,10,0,0,17.1038374358642,17.4335445931616,0,0,0,0,0,119.580353308207,17.1038374358642
56,10,0,0,17.2327249421087,17.4194042555548,0,0,0,0,0,119.354156574262,17.2327249421087
57,10,0,0,17.3603402260979,17.4423436982991,0,0,0,0,0,119.17746660546,17.3603402260979
58,10,0,0,17.4867821977621,17.3610836305767,0,0,0,0,0,119.044646851174,17.4867821977621
59,10,0,0,17.6121581532257,17.5427409888897,0,0,0,0,0,118.949002367226,17.6121581532257
60,10,0,0,17.7365753886133,17.4236570717676,0,0,0,0,0,118.88383820944,17.7365753886133
61,10,0,0,17.8601412000493,17.747671468144,0,0,0,0,0,118.842459433638,17.8601412000493
62,10,0,0,17.9829628836584,17.8245673046858,0,0,0,0,0,118.818171095644,17.9829628836584
63,10,0,0,18.105147735565,18.2716029351972,0,0,0,0,0,118.80427825128,18.105147735565
64,10,0,0,18.2268058293131,18.3062768937603,0,0,0,0,0,118.794068181452,18.2268058293131
65,10,0,0,18.3481389961573,18.4780977097957,0,0,0,0,0,118.780240936414,18.3481389961573
66,10,0,0,18.4694596497948,18.534534595552,0,0,0,0,0,118.754788861322,18.4694596497948
67,10,0,0,18.5910867874355,18.7347046364175,0,0,0,0,0,118.709662168192,18.5910867874355
68,10,0,0,18.7133394062895,18.8832392579597,0,0,0,0,0,118.63681106904,18.7133394062895
69,10,0,0,18.8365365035667,18.9178585149584,0,0,0,0,0,118.528185775882,18.8365365035667
70,10,0,0,18.9609970764773,19.011105080457,0,0,0,0,0,118.375736500733,18.9609970764773
71,10,0,0,19.0870401222311,19.1639208584865,0,0,0,0,0,118.171413455608,19.0870401222311
72,10,0,0,19.2149877623876,19.1352214258965,0,0,0,0,0,117.907874505726,19.2149877623876
73,10,0,0,19.3452145978128,19.2936305901227,0,0,0,0,0,117.589663878674,19.3452145978128
74,10,0,0,19.4781387749925,19.3448512242556,0,0,0,0,0,117.23118871854,19.4781387749925
75,10,0,0,19.6141797584976,19.4853154240321,0,0,0,0,0,116.847154710603,19.6141797584976
76,10,0,0,19.7537570128988,19.6552857138096,0,0,0,0,0,116.452267540146,19.7537570128988
77,10,0,0,19.897290002767,19.7678810625474,0,0,0,0,0,116.061232892448,19.897290002767
78,10,0,0,20.0451981926728,19.8743717001582,0,0,0,0,0,115.688756452791,20.0451981926728
79,10,0,0,20.1979010471872,19.9108111689557,0,0,0,0,0,115.349543906456,20.1979010471872
80,10,0,0,20.3557699799675,20.1669560594387,0,0,0,0,0,115.057084671305,20.3557699799675
81,10,0,0,20.5187043524989,20.2823343212933,0,0,0,0,0,114.812919554082,20.5187043524989
82,10,0,0,20.6863355943736,20.6825408415541,0,0,0,0,0,114.611807454407,20.6863355943736
83,10,0,0,20.8582920599256,21.1438952449116,0,0,0,0,0,114.448429430784,20.8582920599256
84,10,0,0,21.0342021034888,21.077731571107,0,0,0,0,0,114.317466541718,21.0342021034888
85,10,0,0,21.213694079397,21.239342958058,0,0,0,0,0,114.213599845714,21.213694079397
86,10,0,0,21.3963963419843,21.5098780421646,0,0,0,0,0,114.131510401275,21.3963963419843
87,10,0,0,21.5819372455845,21.5532454555998,0,0,0,0,0,114.065879266907,21.5819372455845
88,10,0,0,21.7699528997968,21.8196934967737,0,0,0,0,0,114.011800009954,21.7699528997968
89,10,0,0,21.9601272742598,21.976227026532,0,0,0,0,0,113.96691191203,21.9601272742598
90,10,0,0,22.1521625778472,22.7360767689763,0,0,0,0,0,113.92982441443,22.1521625778472
91,10,0,0,22.3457610553365,22.854204619467,0,0,0,0,0,113.899148868209,22.3457610553365
92,10,0,0,22.5406249515053,23.1044271402683,0,0,0,0,0,113.873496624424,22.5406249515053
93,10,0,0,22.7364565111313,22.9511249885049,0,0,0,0,0,113.85147903413,22.7364565111313
94,10,0,0,22.932957978992,22.6579691059003,0,0,0,0,0,113.831707448385,22.932957978992
95,10,0,0,23.129831599865,23.0730926239768,0,0,0,0,0,113.812793218243,23.129831599865
40,11,0,0,15.0408368537426,14.8458964098694,0,0,0,0,0,124.344998235489,15.0408368537426
41,11,0,0,15.1832217972575,14.7064745295789,0,0,0,0,0,124.204063409714,15.1832217972575
42,11,0,0,15.3254085701517,14.5903959850718,0,0,0,0,0,124.051141813878,15.3254085701517
43,11,0,0,15.4672701083172,14.1484858802971,0,0,0,0,0,123.883339256165,15.4672701083172
44,11,0,0,15.6086793476463,14.6486308948898,0,0,0,0,0,123.697761544764,15.6086793476463
45,11,0,0,15.7495092240313,14.3993473291931,0,0,0,0,0,123.491514487861,15.7495092240313
46,11,0,0,15.8896326733644,14.8664692132804,0,0,0,0,0,123.261703893643,15.8896326733644
47,11,0,0,16.0289226315379,16.2534829242851,0,0,0,0,0,123.005435570297,16.0289226315379
48,11,0,0,16.1672520812322,16.6086189247047,0,0,0,0,0,122.719821946339,16.1672520812322
49,11,0,0,16.3045177734869,16.5786892158232,0,0,0,0,0,122.405338577898,16.3045177734869
50,11,0,0,16.4406788278908,16.5803773607615,0,0,0,0,0,122.071285920918,16.4406788278908
51,11,0,0,16.5757044702645,17.5613420830946,0,0,0,0,0,121.728394422611,16.5757044702645
52,11,0,0,16.7095639264283,17.0985697142496,0,0,0,0,0,121.38739453019,16.7095639264283
53,11,0,0,16.8422264222026,17.2727124072878,0,0,0,0,0,121.059016690866,16.8422264222026
54,11,0,0,16.9736611834077,17.2976689182719,0,0,0,0,0,120.753991351852,16.9736611834077
55,11,0,0,17.1038374358642,17.4335445931616,0,0,0,0,0,120.483048960359,17.1038374358642
56,11,0,0,17.2327249421087,17.4194042555548,0,0,0,0,0,120.256852226414,17.2327249421087
57,11,0,0,17.3603402260979,17.4423436982991,0,0,0,0,0,120.080162257612,17.3603402260979
58,11,0,0,17.4867821977621,17.3610836305767,0,0,0,0,0,119.947342503326,17.4867821977621
59,11,0,0,17.6121581532257,17.5427409888897,0,0,0,0,0,119.851698019378,17.6121581532257
60,11,0,0,17.7365753886133,17.4236570717676,0,0,0,0,0,119.786533861592,17.7365753886133
61,11,0,0,17.8601412000493,17.747671468144,0,0,0,0,0,119.74515508579,17.8601412000493
62,11,0,0,17.9829628836584,17.8245673046858,0,0,0,0,0,119.720866747796,17.9829628836584
63,11,0,0,18.105147735565,18.2716029351972,0,0,0,0,0,119.706973903432,18.105147735565
64,11,0,0,18.2268058293131,18.3062768937603,0,0,0,0,0,119.696763833604,18.2268058293131
65,11,0,0,18.3481389961573,18.4780977097957,0,0,0,0,0,119.682936588566,18.3481389961573
66,11,0,0,18.4694596497948,18.534534595552,0,0,0,0,0,119.657484513474,18.4694596497948
67,11,0,0,18.5910867874355,18.7347046364175,0,0,0,0,0,119.612357820344,18.5910867874355
68,11,0,0,18.7133394062895,18.8832392579597,0,0,0,0,0,119.539506721192,18.7133394062895
69,11,0,0,18.8365365035667,18.9178585149584,0,0,0,0,0,119.430881428034,18.8365365035667
70,11,0,0,18.9609970764773,19.011105080457,0,0,0,0,0,119.278432152885,18.9609970764773
71,11,0,0,19.0870401222311,19.1639208584865,0,0,0,0,0,119.07410910776,19.0870401222311
72,11,0,0,19.2149877623876,19.1352214258965,0,0,0,0,0,118.810570157878,19.2149877623876
73,11,0,0,19.3452145978128,19.2936305901227,0,0,0,0,0,118.492359530827,19.3452145978128
74,11,0,0,19.4781387749925,19.3448512242556,0,0,0,0,0,118.133884370692,19.4781387749925
75,11,0,0,19.6141797584976,19.4853154240321,0,0,0,0,0,117.749850362756,19.6141797584976
76,11,0,0,19.7537570128988,19.6552857138096,0,0,0,0,0,117.354963192298,19.7537570128988
77,11,0,0,19.897290002767,19.7678810625474,0,0,0,0,0,116.9639285446,19.897290002767
78,11,0,0,20.0451981926728,19.8743717001582,0,0,0,0,0,116.591452104943,20.0451981926728
79,11,0,0,20.1979010471872,19.9108111689557,0,0,0,0,0,116.252239558608,20.1979010471872
80,11,0,0,20.3557699799675,20.1669560594387,0,0,0,0,0,115.959780323457,20.3557699799675
81,11,0,0,20.5187043524989,20.2823343212933,0,0,0,0,0,115.715615206234,20.5187043524989
82,11,0,0,20.6863355943736,20.6825408415541,0,0,0,0,0,115.514503106559,20.6863355943736
83,11,0,0,20.8582920599256,21.1438952449116,0,0,0,0,0,115.351125082936,20.8582920599256
84,11,0,0,21.0342021034888,21.077731571107,0,0,0,0,0,115.22016219387,21.0342021034888
85,11,0,0,21.213694079397,21.239342958058,0,0,0,0,0,115.116295497866,21.213694079397
86,11,0,0,21.3963963419843,21.5098780421646,0,0,0,0,0,115.034206053427,21.3963963419843
87,11,0,0,21.5819372455845,21.5532454555998,0,0,0,0,0,114.968574919059,21.5819372455845
88,11,0,0,21.7699528997968,21.8196934967737,0,0,0,0,0,114.914495662106,21.7699528997968
89,11,0,0,21.9601272742598,21.976227026532,0,0,0,0,0,114.869607564182,21.9601272742598
90,11,0,0,22.1521625778472,22.7360767689763,0,0,0,0,0,114.832520066582,22.1521625778472
91,11,0,0,22.3457610553365,22.854204619467,0,0,0,0,0,114.801844520361,22.3457610553365
92,11,0,0,22.5406249515053,23.1044271402683,0,0,0,0,0,114.776192276576,22.5406249515053
93,11,0,0,22.7364565111313,22.9511249885049,0,0,0,0,0,114.754174686282,22.7364565111313
94,11,0,0,22.932957978992,22.6579691059003,0,0,0,0,0,114.734403100537,22.932957978992
95,11,0,0,23.129831599865,23.0730926239768,0,0,0,0,0,114.715488870396,23.129831599865
40,12,0,0,15.0408368537426,14.8458964098694,0,0,0,0,0,125.247693887641,15.0408368537426
41,12,0,0,15.1832217972575,14.7064745295789,0,0,0,0,0,125.106759061867,15.1832217972575
42,12,0,0,15.3254085701517,14.5903959850718,0,0,0,0,0,124.95383746603,15.3254085701517
43,12,0,0,15.4672701083172,14.1484858802971,0,0,0,0,0,124.786034908317,15.4672701083172
44,12,0,0,15.6086793476463,14.6486308948898,0,0,0,0,0,124.600457196916,15.6086793476463
45,12,0,0,15.7495092240313,14.3993473291931,0,0,0,0,0,124.394210140014,15.7495092240313
46,12,0,0,15.8896326733644,14.8664692132804,0,0,0,0,0,124.164399545796,15.8896326733644
47,12,0,0,16.0289226315379,16.2534829242851,0,0,0,0,0,123.908131222449,16.0289226315379
48,12,0,0,16.1672520812322,16.6086189247047,0,0,0,0,0,123.622517598491,16.1672520812322
49,12,0,0,16.3045177734869,16.5786892158232,0,0,0,0,0,123.30803423005,16.3045177734869
50,12,0,0,16.4406788278908,16.5803773607615,0,0,0,0,0,122.97398157307,16.4406788278908
51,12,0,0,16.5757044702645,17.5613420830946,0,0,0,0,0,122.631090074763,16.5757044702645
52,12,0,0,16.7095639264283,17.0985697142496,0,0,0,0,0,122.290090182342,16.7095639264283
53,12,0,0,16.8422264222026,17.2727124072878,0,0,0,0,0,121.961712343018,16.8422264222026
54,12,0,0,16.9736611834077,17.2976689182719,0,0,0,0,0,121.656687004004,16.9736611834077
55,12,0,0,17.1038374358642,17.4335445931616,0,0,0,0,0,121.385744612511,17.1038374358642
56,12,0,0,17.2327249421087,17.4194042555548,0,0,0,0,0,121.159547878566,17.2327249421087
57,12,0,0,17.3603402260979,17.4423436982991,0,0,0,0,0,120.982857909765,17.3603402260979
58,12,0,0,17.4867821977621,17.3610836305767,0,0,0,0,0,120.850038155478,17.4867821977621
59,12,0,0,17.6121581532257,17.5427409888897,0,0,0,0,0,120.75439367153,17.6121581532257
60,12,0,0,17.7365753886133,17.4236570717676,0,0,0,0,0,120.689229513744,17.7365753886133
61,12,0,0,17.8601412000493,17.747671468144,0,0,0,0,0,120.647850737942,17.8601412000493
62,12,0,0,17.9829628836584,17.8245673046858,0,0,0,0,0,120.623562399948,17.9829628836584
63,12,0,0,18.105147735565,18.2716029351972,0,0,0,0,0,120.609669555585,18.105147735565
64,12,0,0,18.2268058293131,18.3062768937603,0,0,0,0,0,120.599459485756,18.2268058293131
65,12,0,0,18.3481389961573,18.4780977097957,0,0,0,0,0,120.585632240718,18.3481389961573
66,12,0,0,18.4694596497948,18.534534595552,0,0,0,0,0,120.560180165626,18.4694596497948
67,12,0,0,18.5910867874355,18.7347046364175,0,0,0,0,0,120.515053472496,18.5910867874355
68,12,0,0,18.7133394062895,18.8832392579597,0,0,0,0,0,120.442202373345,18.7133394062895
69,12,0,0,18.8365365035667,18.9178585149584,0,0,0,0,0,120.333577080186,18.8365365035667
70,12,0,0,18.9609970764773,19.011105080457,0,0,0,0,0,120.181127805037,18.9609970764773
71,12,0,0,19.0870401222311,19.1639208584865,0,0,0,0,0,119.976804759913,19.0870401222311
72,12,0,0,19.2149877623876,19.1352214258965,0,0,0,0,0,119.71326581003,19.2149877623876
73,12,0,0,19.3452145978128,19.2936305901227,0,0,0,0,0,119.395055182979,19.3452145978128
74,12,0,0,19.4781387749925,19.3448512242556,0,0,0,0,0,119.036580022844,19.4781387749925
75,12,0,0,19.6141797584976,19.4853154240321,0,0,0,0,0,118.652546014908,19.6141797584976
76,12,0,0,19.7537570128988,19.6552857138096,0,0,0,0,0,118.25765884445,19.7537570128988
77,12,0,0,19.897290002767,19.7678810625474,0,0,0,0,0,117.866624196753,19.897290002767
78,12,0,0,20.0451981926728,19.8743717001582,0,0,0,0,0,117.494147757096,20.0451981926728
79,12,0,0,20.1979010471872,19.9108111689557,0,0,0,0,0,117.15493521076,20.1979010471872
80,12,0,0,20.3557699799675,20.1669560594387,0,0,0,0,0,116.862475975609,20.3557699799675
81,12,0,0,20.5187043524989,20.2823343212933,0,0,0,0,0,116.618310858386,20.5187043524989
82,12,0,0,20.6863355943736,20.6825408415541,0,0,0,0,0,116.417198758711,20.6863355943736
83,12,0,0,20.8582920599256,21.1438952449116,0,0,0,0,0,116.253820735088,20.8582920599256
84,12,0,0,21.0342021034888,21.077731571107,0,0,0,0,0,116.122857846022,21.0342021034888
85,12,0,0,21.213694079397,21.239342958058,0,0,0,0,0,116.018991150018,21.213694079397
86,12,0,0,21.3963963419843,21.5098780421646,0,0,0,0,0,115.936901705579,21.3963963419843
87,12,0,0,21.5819372455845,21.5532454555998,0,0,0,0,0,115.871270571212,21.5819372455845
88,12,0,0,21.7699528997968,21.8196934967737,0,0,0,0,0,115.817191314258,21.7699528997968
89,12,0,0,21.9601272742598,21.976227026532,0,0,0,0,0,115.772303216335,21.9601272742598
90,12,0,0,22.1521625778472,22.7360767689763,0,0,0,0,0,115.735215718734,22.1521625778472
91,12,0,0,22.3457610553365,22.854204619467,0,0,0,0,0,115.704540172513,22.3457610553365
92,12,0,0,22.5406249515053,23.1044271402683,0,0,0,0,0,115.678887928728,22.5406249515053
93,12,0,0,22.7364565111313,22.9511249885049,0,0,0,0,0,115.656870338434,22.7364565111313
94,12,0,0,22.932957978992,22.6579691059003,0,0,0,0,0,115.637098752689,22.932957978992
95,12,0,0,23.129831599865,23.0730926239768,0,0,0,0,0,115.618184522548,23.129831599865
40,13,0,0,15.0408368537426,14.8458964098694,1,0,0,40,0,126.150389539793,15.0408368537426
41,13,0,0,15.1832217972575,14.7064745295789,1,0,0,41,0,126.009454714019,15.1832217972575
42,13,0,0,15.3254085701517,14.5903959850718,1,0,0,42,0,125.856533118182,15.3254085701517
43,13,0,0,15.4672701083172,14.1484858802971,1,0,0,43,0,125.688730560469,15.4672701083172
44,13,0,0,15.6086793476463,14.6486308948898,1,0,0,44,0,125.503152849068,15.6086793476463
45,13,0,0,15.7495092240313,14.3993473291931,1,0,0,45,0,125.296905792166,15.7495092240313
46,13,0,0,15.8896326733644,14.8664692132804,1,0,0,46,0,125.067095197948,15.8896326733644
47,13,0,0,16.0289226315379,16.2534829242851,1,0,0,47,0,124.810826874601,16.0289226315379
48,13,0,0,16.1672520812322,16.6086189247047,1,0,0,48,0,124.525213250644,16.1672520812322
49,13,0,0,16.3045177734869,16.5786892158232,1,0,0,49,0,124.210729882202,16.3045177734869
50,13,0,0,16.4406788278908,16.5803773607615,1,0,0,50,0,123.876677225222,16.4406788278908
51,13,0,0,16.5757044702645,17.5613420830946,1,0,0,51,0,123.533785726915,16.5757044702645
52,13,0,0,16.7095639264283,17.0985697142496,1,0,0,52,0,123.192785834494,16.7095639264283
53,13,0,0,16.8422264222026,17.2727124072878,1,0,0,53,0,122.86440799517,16.8422264222026
54,13,0,0,16.9736611834077,17.2976689182719,1,0,0,54,0,122.559382656156,16.9736611834077
55,13,0,0,17.1038374358642,17.4335445931616,1,0,0,55,0,122.288440264664,17.1038374358642
56,13,0,0,17.2327249421087,17.4194042555548,1,0,0,56,0,122.062243530718,17.2327249421087
57,13,0,0,17.3603402260979,17.4423436982991,1,0,0,57,0,121.885553561917,17.3603402260979
58,13,0,0,17.4867821977621,17.3610836305767,1,0,0,58,0,121.75273380763,17.4867821977621
59,13,0,0,17.6121581532257,17.5427409888897,1,0,0,59,0,121.657089323682,17.6121581532257
60,13,0,0,17.7365753886133,17.4236570717676,1,0,0,60,0,121.591925165896,17.7365753886133
61,13,0,0,17.8601412000493,17.747671468144,1,0,0,61,0,121.550546390094,17.8601412000493
62,13,0,0,17.9829628836584,17.8245673046858,1,0,0,62,0,121.5262580521,17.9829628836584
63,13,0,0,18.105147735565,18.2716029351972,1,0,0,63,0,121.512365207737,18.105147735565
64,13,0,0,18.2268058293131,18.3062768937603,1,0,0,64,0,121.502155137908,18.2268058293131
65,13,0,0,18.3481389961573,18.4780977097957,1,0,0,65,0,121.48832789287,18.3481389961573
66,13,0,0,18.4694596497948,18.534534595552,1,0,0,66,0,121.462875817778,18.4694596497948
67,13,0,0,18.5910867874355,18.7347046364175,1,0,0,67,0,121.417749124649,18.5910867874355
68,13,0,0,18.7133394062895,18.8832392579597,1,0,0,68,0,121.344898025497,18.7133394062895
69,13,0,0,18.8365365035667,18.9178585149584,1,0,0,69,0,121.236272732338,18.8365365035667
70,13,0,0,18.9609970764773,19.011105080457,1,0,0,70,0,121.083823457189,18.9609970764773
71,13,0,0,19.0870401222311,19.1639208584865,1,0,0,71,0,120.879500412065,19.0870401222311
72,13,0,0,19.2149877623876,19.1352214258965,1,0,0,72,0,120.615961462182,19.2149877623876
73,13,0,0,19.3452145978128,19.2936305901227,1,0,0,73,0,120.297750835131,19.3452145978128
74,13,0,0,19.4781387749925,19.3448512242556,1,0,0,74,0,119.939275674996,19.4781387749925
75,13,0,0,19.6141797584976,19.4853154240321,1,0,0,75,0,119.55524166706,19.6141797584976
76,13,0,0,19.7537570128988,19.6552857138096,1,0,0,76,0,119.160354496602,19.7537570128988
77,13,0,0,19.897290002767,19.7678810625474,1,0,0,77,0,118.769319848905,19.897290002767
78,13,0,0,20.0451981926728,19.8743717001582,1,0,0,78,0,118.396843409248,20.0451981926728
79,13,0,0,20.1979010471872,19.9108111689557,1,0,0,79,0,118.057630862912,20.1979010471872
80,13,0,0,20.3557699799675,20.1669560594387,1,0,0,80,0,117.765171627761,20.3557699799675
81,13,0,0,20.5187043524989,20.2823343212933,1,0,0,81,0,117.521006510538,20.5187043524989
82,13,0,0,20.6863355943736,20.6825408415541,1,0,0,82,0,117.319894410863,20.6863355943736
83,13,0,0,20.8582920599256,21.1438952449116,1,0,0,83,0,117.15651638724,20.8582920599256
84,13,0,0,21.0342021034888,21.077731571107,1,0,0,84,0,117.025553498174,21.0342021034888
85,13,0,0,21.213694079397,21.239342958058,1,0,0,85,0,116.92168680217,21.213694079397
86,13,0,0,21.3963963419843,21.5098780421646,1,0,0,86,0,116.839597357732,21.3963963419843
87,13,0,0,21.5819372455845,21.5532454555998,1,0,0,87,0,116.773966223364,21.5819372455845
88,13,0,0,21.7699528997968,21.8196934967737,1,0,0,88,0,116.71988696641,21.7699528997968
89,13,0,0,21.9601272742598,21.976227026532,1,0,0,89,0,116.674998868487,21.9601272742598
90,13,0,0,22.1521625778472,22.7360767689763,1,0,0,90,0,116.637911370886,22.1521625778472
91,13,0,0,22.3457610553365,22.854204619467,1,0,0,91,0,116.607235824665,22.3457610553365
92,13,0,0,22.5406249515053,23.1044271402683,1,0,0,92,0,116.58158358088,22.5406249515053
93,13,0,0,22.7364565111313,22.9511249885049,1,0,0,93,0,116.559565990586,22.7364565111313
94,13,0,0,22.932957978992,22.6579691059003,1,0,0,94,0,116.539794404841,22.932957978992
95,13,0,0,23.129831599865,23.0730926239768,1,0,0,95,0,116.5208801747,23.129831599865
40,14,0,0,15.0408368537426,14.8458964098694,1,0,0,40,0,127.053085191946,15.0408368537426
41,14,0,0,15.1832217972575,14.7064745295789,1,0,0,41,0,126.912150366171,15.1832217972575
42,14,0,0,15.3254085701517,14.5903959850718,1,0,0,42,0,126.759228770334,15.3254085701517
43,14,0,0,15.4672701083172,14.1484858802971,1,0,0,43,0,126.591426212622,15.4672701083172
44,14,0,0,15.6086793476463,14.6486308948898,1,0,0,44,0,126.405848501221,15.6086793476463
45,14,0,0,15.7495092240313,14.3993473291931,1,0,0,45,0,126.199601444318,15.7495092240313
46,14,0,0,15.8896326733644,14.8664692132804,1,0,0,46,0,125.9697908501,15.8896326733644
47,14,0,0,16.0289226315379,16.2534829242851,1,0,0,47,0,125.713522526754,16.0289226315379
48,14,0,0,16.1672520812322,16.6086189247047,1,0,0,48,0,125.427908902796,16.1672520812322
49,14,0,0,16.3045177734869,16.5786892158232,1,0,0,49,0,125.113425534355,16.3045177734869
50,14,0,0,16.4406788278908,16.5803773607615,1,0,0,50,0,124.779372877374,16.4406788278908
51,14,0,0,16.5757044702645,17.5613420830946,1,0,0,51,0,124.436481379068,16.5757044702645
52,14,0,0,16.7095639264283,17.0985697142496,1,0,0,52,0,124.095481486646,16.7095639264283
53,14,0,0,16.8422264222026,17.2727124072878,1,0,0,53,0,123.767103647322,16.8422264222026
54,14,0,0,16.9736611834077,17.2976689182719,1,0,0,54,0,123.462078308308,16.9736611834077
55,14,0,0,17.1038374358642,17.4335445931616,1,0,0,55,0,123.191135916816,17.1038374358642
56,14,0,0,17.2327249421087,17.4194042555548,1,0,0,56,0,122.964939182871,17.2327249421087
57,14,0,0,17.3603402260979,17.4423436982991,1,0,0,57,0,122.788249214069,17.3603402260979
58,14,0,0,17.4867821977621,17.3610836305767,1,0,0,58,0,122.655429459782,17.4867821977621
59,14,0,0,17.6121581532257,17.5427409888897,1,0,0,59,0,122.559784975835,17.6121581532257
60,14,0,0,17.7365753886133,17.4236570717676,1,0,0,60,0,122.494620818048,17.7365753886133
61,14,0,0,17.8601412000493,17.747671468144,1,0,0,61,0,122.453242042246,17.8601412000493
62,14,0,0,17.9829628836584,17.8245673046858,1,0,0,62,0,122.428953704252,17.9829628836584
63,14,0,0,18.105147735565,18.2716029351972,1,0,0,63,0,122.415060859889,18.105147735565
64,14,0,0,18.2268058293131,18.3062768937603,1,0,0,64,0,122.40485079006,18.2268058293131
65,14,0,0,18.3481389961573,18.4780977097957,1,0,0,65,0,122.391023545022,18.3481389961573
66,14,0,0,18.4694596497948,18.534534595552,1,0,0,66,0,122.36557146993,18.4694596497948
67,14,0,0,18.5910867874355,18.7347046364175,1,0,0,67,0,122.320444776801,18.5910867874355
68,14,0,0,18.7133394062895,18.8832392579597,1,0,0,68,0,122.247593677649,18.7133394062895
69,14,0,0,18.8365365035667,18.9178585149584,1,0,0,69,0,122.13896838449,18.8365365035667
70,14,0,0,18.9609970764773,19.011105080457,1,0,0,70,0,121.986519109341,18.9609970764773
71,14,0,0,19.0870401222311,19.1639208584865,1,0,0,71,0,121.782196064217,19.0870401222311
72,14,0,0,19.2149877623876,19.1352214258965,1,0,0,72,0,121.518657114334,19.2149877623876
73,14,0,0,19.3452145978128,19.2936305901227,1,0,0,73,0,121.200446487283,19.3452145978128
74,14,0,0,19.4781387749925,19.3448512242556,1,0,0,74,0,120.841971327148,19.4781387749925
75,14,0,0,19.6141797584976,19.4853154240321,1,0,0,75,0,120.457937319212,19.6141797584976
76,14,0,0,19.7537570128988,19.6552857138096,1,0,0,76,0,120.063050148754,19.7537570128988
77,14,0,0,19.897290002767,19.7678810625474,1,0,0,77,0,119.672015501057,19.897290002767
78,14,0,0,20.0451981926728,19.8743717001582,1,0,0,78,0,119.2995390614,20.0451981926728
79,14,0,0,20.1979010471872,19.9108111689557,1,0,0,79,0,118.960326515064,20.1979010471872
80,14,0,0,20.3557699799675,20.1669560594387,1,0,0,80,0,118.667867279913,20.3557699799675
81,14,0,0,20.5187043524989,20.2823343212933,1,0,0,81,0,118.42370216269,20.5187043524989
82,14,0,0,20.6863355943736,20.6825408415541,1,0,0,82,0,118.222590063015,20.6863355943736
83,14,0,0,20.8582920599256,21.1438952449116,1,0,0,83,0,118.059212039393,20.8582920599256
84,14,0,0,21.0342021034888,21.077731571107,1,0,0,84,0,117.928249150327,21.0342021034888
85,14,0,0,21.213694079397,21.239342958058,1,0,0,85,0,117.824382454322,21.213694079397
86,14,0,0,21.3963963419843,21.5098780421646,1,0,0,86,0,117.742293009884,21.3963963419843
87,14,0,0,21.5819372455845,21.5532454555998,1,0,0,87,0,117.676661875516,21.5819372455845
88,14,0,0,21.7699528997968,21.8196934967737,1,0,0,88,0,117.622582618562,21.7699528997968
89,14,0,0,21.9601272742598,21.976227026532,1,0,0,89,0,117.577694520639,21.9601272742598
90,14,0,0,22.1521625778472,22.7360767689763,1,0,0,90,0,117.540607023038,22.1521625778472
91,14,0,0,22.3457610553365,22.854204619467,1,0,0,91,0,117.509931476817,22.3457610553365
92,14,0,0,22.5406249515053,23.1044271402683,1,0,0,92,0,117.484279233032,22.5406249515053
93,14,0,0,22.7364565111313,22.9511249885049,1,0,0,93,0,117.462261642738,22.7364565111313
94,14,0,0,22.932957978992,22.6579691059003,1,0,0,94,0,117.442490056993,22.932957978992
95,14,0,0,23.129831599865,23.0730926239768,1,0,0,95,0,117.423575826852,23.129831599865
40,15,0,0,15.0408368537426,14.8458964098694,1,0,0,40,0,127.955780844098,15.0408368537426
41,15,0,0,15.1832217972575,14.7064745295789,1,0,0,41,0,127.814846018323,15.1832217972575
42,15,0,0,15.3254085701517,14.5903959850718,1,0,0,42,0,127.661924422486,15.3254085701517
43,15,0,0,15.4672701083172,14.1484858802971,1,0,0,43,0,127.494121864774,15.4672701083172
44,15,0,0,15.6086793476463,14.6486308948898,1,0,0,44,0,127.308544153373,15.6086793476463
45,15,0,0,15.7495092240313,14.3993473291931,1,0,0,45,0,127.10229709647,15.7495092240313
46,15,0,0,15.8896326733644,14.8664692132804,1,0,0,46,0,126.872486502252,15.8896326733644
47,15,0,0,16.0289226315379,16.2534829242851,1,0,0,47,0,126.616218178906,16.0289226315379
48,15,0,0,16.1672520812322,16.6086189247047,1,0,0,48,0,126.330604554948,16.1672520812322
49,15,0,0,16.3045177734869,16.5786892158232,1,0,0,49,0,126.016121186507,16.3045177734869
50,15,0,0,16.4406788278908,16.5803773607615,1,0,0,50,0,125.682068529527,16.4406788278908
51,15,0,0,16.5757044702645,17.5613420830946,1,0,0,51,0,125.33917703122,16.5757044702645
52,15,0,0,16.7095639264283,17.0985697142496,1,0,0,52,0,124.998177138798,16.7095639264283
53,15,0,0,16.8422264222026,17.2727124072878,1,0,0,53,0,124.669799299474,16.8422264222026
54,15,0,0,16.9736611834077,17.2976689182719,1,0,0,54,0,124.36477396046,16.9736611834077
55,15,0,0,17.1038374358642,17.4335445931616,1,0,0,55,0,124.093831568968,17.1038374358642
56,15,0,0,17.2327249421087,17.4194042555548,1,0,0,56,0,123.867634835023,17.2327249421087
57,15,0,0,17.3603402260979,17.4423436982991,1,0,0,57,0,123.690944866221,17.3603402260979
58,15,0,0,17.4867821977621,17.3610836305767,1,0,0,58,0,123.558125111935,17.4867821977621
59,15,0,0,17.6121581532257,17.5427409888897,1,0,0,59,0,123.462480627987,17.6121581532257
60,15,0,0,17.7365753886133,17.4236570717676,1,0,0,60,0,123.3973164702,17.7365753886133
61,15,0,0,17.8601412000493,17.747671468144,1,0,0,61,0,123.355937694398,17.8601412000493
62,15,0,0,17.9829628836584,17.8245673046858,1,0,0,62,0,123.331649356404,17.9829628836584
63,15,0,0,18.105147735565,18.2716029351972,1,0,0,63,0,123.317756512041,18.105147735565
64,15,0,0,18.2268058293131,18.3062768937603,1,0,0,64,0,123.307546442213,18.2268058293131
65,15,0,0,18.3481389961573,18.4780977097957,1,0,0,65,0,123.293719197174,18.3481389961573
66,15,0,0,18.4694596497948,18.534534595552,1,0,0,66,0,123.268267122082,18.4694596497948
67,15,0,0,18.5910867874355,18.7347046364175,1,0,0,67,0,123.223140428953,18.5910867874355
68,15,0,0,18.7133394062895,18.8832392579597,1,0,0,68,0,123.150289329801,18.7133394062895
69,15,0,0,18.8365365035667,18.9178585149584,1,0,0,69,0,123.041664036643,18.8365365035667
70,15,0,0,18.9609970764773,19.011105080457,1,0,0,70,0,122.889214761493,18.9609970764773
71,15,0,0,19.0870401222311,19.1639208584865,1,0,0,71,0,122.684891716369,19.0870401222311
72,15,0,0,19.2149877623876,19.1352214258965,1,0,0,72,0,122.421352766487,19.2149877623876
73,15,0,0,19.3452145978128,19.2936305901227,1,0,0,73,0,122.103142139435,19.3452145978128
74,15,0,0,19.4781387749925,19.3448512242556,1,0,0,74,0,121.744666979301,19.4781387749925
75,15,0,0,19.6141797584976,19.4853154240321,1,0,0,75,0,121.360632971364,19.6141797584976
76,15,0,0,19.7537570128988,19.6552857138096,1,0,0,76,0,120.965745800907,19.7537570128988
77,15,0,0,19.897290002767,19.7678810625474,1,0,0,77,0,120.574711153209,19.897290002767
78,15,0,0,20.0451981926728,19.8743717001582,1,0,0,78,0,120.202234713552,20.0451981926728
79,15,0,0,20.1979010471872,19.9108111689557,1,0,0,79,0,119.863022167217,20.1979010471872
80,15,0,0,20.3557699799675,20.1669560594387,1,0,0,80,0,119.570562932065,20.3557699799675
81,15,0,0,20.5187043524989,20.2823343212933,1,0,0,81,0,119.326397814843,20.5187043524989
82,15,0,0,20.6863355943736,20.6825408415541,1,0,0,82,0,119.125285715167,20.6863355943736
83,15,0,0,20.8582920599256,21.1438952449116,1,0,0,83,0,118.961907691545,20.8582920599256
84,15,0,0,21.0342021034888,21.077731571107,1,0,0,84,0,118.830944802479,21.0342021034888
85,15,0,0,21.213694079397,21.239342958058,1,0,0,85,0,118.727078106474,21.213694079397
86,15,0,0,21.3963963419843,21.5098780421646,1,0,0,86,0,118.644988662036,21.3963963419843
87,15,0,0,21.5819372455845,21.5532454555998,1,0,0,87,0,118.579357527668,21.5819372455845
88,15,0,0,21.7699528997968,21.8196934967737,1,0,0,88,0,118.525278270714,21.7699528997968
89,15,0,0,21.9601272742598,21.976227026532,1,0,0,89,0,118.480390172791,21.9601272742598
90,15,0,0,22.1521625778472,22.7360767689763,1,0,0,90,0,118.443302675191,22.1521625778472
91,15,0,0,22.3457610553365,22.854204619467,1,0,0,91,0,118.41262712897,22.3457610553365
92,15,0,0,22.5406249515053,23.1044271402683,1,0,0,92,0,118.386974885184,22.5406249515053
93,15,0,0,22.7364565111313,22.9511249885049,1,0,0,93,0,118.364957294891,22.7364565111313
94,15,0,0,22.932957978992,22.6579691059003,1,0,0,94,0,118.345185709145,22.932957978992
95,15,0,0,23.129831599865,23.0730926239768,1,0,0,95,0,118.326271479004,23.129831599865
40,16,0,0,15.0408368537426,14.8458964098694,1,0,0,40,0,128.85847649625,15.0408368537426
41,16,0,0,15.1832217972575,14.7064745295789,1,0,0,41,0,128.717541670475,15.1832217972575
42,16,0,0,15.3254085701517,14.5903959850718,1,0,0,42,0,128.564620074638,15.3254085701517
43,16,0,0,15.4672701083172,14.1484858802971,1,0,0,43,0,128.396817516926,15.4672701083172
44,16,0,0,15.6086793476463,14.6486308948898,1,0,0,44,0,128.211239805525,15.6086793476463
45,16,0,0,15.7495092240313,14.3993473291931,1,0,0,45,0,128.004992748622,15.7495092240313
46,16,0,0,15.8896326733644,14.8664692132804,1,0,0,46,0,127.775182154404,15.8896326733644
47,16,0,0,16.0289226315379,16.2534829242851,1,0,0,47,0,127.518913831058,16.0289226315379
48,16,0,0,16.1672520812322,16.6086189247047,1,0,0,48,0,127.2333002071,16.1672520812322
49,16,0,0,16.3045177734869,16.5786892158232,1,0,0,49,0,126.918816838659,16.3045177734869
50,16,0,0,16.4406788278908,16.5803773607615,1,0,0,50,0,126.584764181679,16.4406788278908
51,16,0,0,16.5757044702645,17.5613420830946,1,0,0,51,0,126.241872683372,16.5757044702645
52,16,0,0,16.7095639264283,17.0985697142496,1,0,0,52,0,125.90087279095,16.7095639264283
53,16,0,0,16.8422264222026,17.2727124072878,1,0,0,53,0,125.572494951626,16.8422264222026
54,16,0,0,16.9736611834077,17.2976689182719,1,0,0,54,0,125.267469612612,16.9736611834077
55,16,0,0,17.1038374358642,17.4335445931616,1,0,0,55,0,124.99652722112,17.1038374358642
56,16,0,0,17.2327249421087,17.4194042555548,1,0,0,56,0,124.770330487175,17.2327249421087
57,16,0,0,17.3603402260979,17.4423436982991,1,0,0,57,0,124.593640518373,17.3603402260979
58,16,0,0,17.4867821977621,17.3610836305767,1,0,0,58,0,124.460820764087,17.4867821977621
59,16,0,0,17.6121581532257,17.5427409888897,1,0,0,59,0,124.365176280139,17.6121581532257
60,16,0,0,17.7365753886133,17.4236570717676,1,0,0,60,0,124.300012122352,17.7365753886133
61,16,0,0,17.8601412000493,17.747671468144,1,0,0,61,0,124.258633346551,17.8601412000493
62,16,0,0,17.9829628836584,17.8245673046858,1,0,0,62,0,124.234345008556,17.9829628836584
63,16,0,0,18.105147735565,18.2716029351972,1,0,0,63,0,124.220452164193,18.105147735565
64,16,0,0,18.2268058293131,18.3062768937603,1,0,0,64,0,124.210242094365,18.2268058293131
65,16,0,0,18.3481389961573,18.4780977097957,1,0,0,65,0,124.196414849326,18.3481389961573
66,16,0,0,18.4694596497948,18.534534595552,1,0,0,66,0,124.170962774235,18.4694596497948
67,16,0,0,18.5910867874355,18.7347046364175,1,0,0,67,0,124.125836081105,18.5910867874355
68,16,0,0,18.7133394062895,18.8832392579597,1,0,0,68,0,124.052984981953,18.7133394062895
69,16,0,0,18.8365365035667,18.9178585149584,1,0,0,69,0,123.944359688795,18.8365365035667
70,16,0,0,18.9609970764773,19.011105080457,1,0,0,70,0,123.791910413645,18.9609970764773
71,16,0,0,19.0870401222311,19.1639208584865,1,0,0,71,0,123.587587368521,19.0870401222311
72,16,0,0,19.2149877623876,19.1352214258965,1,0,0,72,0,123.324048418639,19.2149877623876
73,16,0,0,19.3452145978128,19.2936305901227,1,0,0,73,0,123.005837791587,19.3452145978128
74,16,0,0,19.4781387749925,19.3448512242556,1,0,0,74,0,122.647362631453,19.4781387749925
75,16,0,0,19.6141797584976,19.4853154240321,1,0,0,75,0,122.263328623516,19.6141797584976
76,16,0,0,19.7537570128988,19.6552857138096,1,0,0,76,0,121.868441453059,19.7537570128988
77,16,0,0,19.897290002767,19.7678810625474,1,0,0,77,0,121.477406805361,19.897290002767
78,16,0,0,20.0451981926728,19.8743717001582,1,0,0,78,0,121.104930365704,20.0451981926728
79,16,0,0,20.1979010471872,19.9108111689557,1,0,0,79,0,120.765717819369,20.1979010471872
80,16,0,0,20.3557699799675,20.1669560594387,1,0,0,80,0,120.473258584218,20.3557699799675
81,16,0,0,20.5187043524989,20.2823343212933,1,0,0,81,0,120.229093466995,20.5187043524989
82,16,0,0,20.6863355943736,20.6825408415541,1,0,0,82,0,120.02798136732,20.6863355943736
83,16,0,0,20.8582920599256,21.1438952449116,1,0,0,83,0,119.864603343697,20.8582920599256
84,16,0,0,21.0342021034888,21.077731571107,1,0,0,84,0,119.733640454631,21.0342021034888
85,16,0,0,21.213694079397,21.239342958058,1,0,0,85,0,119.629773758626,21.213694079397
86,16,0,0,21.3963963419843,21.5098780421646,1,0,0,86,0,119.547684314188,21.3963963419843
87,16,0,0,21.5819372455845,21.5532454555998,1,0,0,87,0,119.48205317982,21.5819372455845
88,16,0,0,21.7699528997968,21.8196934967737,1,0,0,88,0,119.427973922867,21.7699528997968
89,16,0,0,21.9601272742598,21.976227026532,1,0,0,89,0,119.383085824943,21.9601272742598
90,16,0,0,22.1521625778472,22.7360767689763,1,0,0,90,0,119.345998327343,22.1521625778472
91,16,0,0,22.3457610553365,22.854204619467,1,0,0,91,0,119.315322781122,22.3457610553365
92,16,0,0,22.5406249515053,23.1044271402683,1,0,0,92,0,119.289670537336,22.5406249515053
93,16,0,0,22.7364565111313,22.9511249885049,1,0,0,93,0,119.267652947043,22.7364565111313
94,16,0,0,22.932957978992,22.6579691059003,1,0,0,94,0,119.247881361297,22.932957978992
95,16,0,0,23.129831599865,23.0730926239768,1,0,0,95,0,119.228967131156,23.129831599865
40,17,0,0,15.0408368537426,14.8458964098694,0,1,0,0,40,129.761172148402,15.0408368537426
41,17,0,0,15.1832217972575,14.7064745295789,0,1,0,0,41,129.620237322627,15.1832217972575
42,17,0,0,15.3254085701517,14.5903959850718,0,1,0,0,42,129.46731572679,15.3254085701517
43,17,0,0,15.4672701083172,14.1484858802971,0,1,0,0,43,129.299513169078,15.4672701083172
44,17,0,0,15.6086793476463,14.6486308948898,0,1,0,0,44,129.113935457677,15.6086793476463
45,17,0,0,15.7495092240313,14.3993473291931,0,1,0,0,45,128.907688400774,15.7495092240313
46,17,0,0,15.8896326733644,14.8664692132804,0,1,0,0,46,128.677877806556,15.8896326733644
47,17,0,0,16.0289226315379,16.2534829242851,0,1,0,0,47,128.42160948321,16.0289226315379
48,17,0,0,16.1672520812322,16.6086189247047,0,1,0,0,48,128.135995859252,16.1672520812322
49,17,0,0,16.3045177734869,16.5786892158232,0,1,0,0,49,127.821512490811,16.3045177734869
50,17,0,0,16.4406788278908,16.5803773607615,0,1,0,0,50,127.487459833831,16.4406788278908
51,17,0,0,16.5757044702645,17.5613420830946,0,1,0,0,51,127.144568335524,16.5757044702645
52,17,0,0,16.7095639264283,17.0985697142496,0,1,0,0,52,126.803568443102,16.7095639264283
53,17,0,0,16.8422264222026,17.2727124072878,0,1,0,0,53,126.475190603778,16.8422264222026
54,17,0,0,16.9736611834077,17.2976689182719,0,1,0,0,54,126.170165264764,16.9736611834077
55,17,0,0,17.1038374358642,17.4335445931616,0,1,0,0,55,125.899222873272,17.1038374358642
56,17,0,0,17.2327249421087,17.4194042555548,0,1,0,0,56,125.673026139327,17.2327249421087
57,17,0,0,17.3603402260979,17.4423436982991,0,1,0,0,57,125.496336170525,17.3603402260979
58,17,0,0,17.4867821977621,17.3610836305767,0,1,0,0,58,125.363516416239,17.4867821977621
59,17,0,0,17.6121581532257,17.5427409888897,0,1,0,0,59,125.267871932291,17.6121581532257
60,17,0,0,17.7365753886133,17.4236570717676,0,1,0,0,60,125.202707774505,17.7365753886133
61,17,0,0,17.8601412000493,17.747671468144,0,1,0,0,61,125.161328998703,17.8601412000493
62,17,0,0,17.9829628836584,17.8245673046858,0,1,0,0,62,125.137040660709,17.9829628836584
63,17,0,0,18.105147735565,18.2716029351972,0,1,0,0,63,125.123147816345,18.105147735565
64,17,0,0,18.2268058293131,18.3062768937603,0,1,0,0,64,125.112937746517,18.2268058293131
65,17,0,0,18.3481389961573,18.4780977097957,0,1,0,0,65,125.099110501478,18.3481389961573
66,17,0,0,18.4694596497948,18.534534595552,0,1,0,0,66,125.073658426387,18.4694596497948
67,17,0,0,18.5910867874355,18.7347046364175,0,1,0,0,67,125.028531733257,18.5910867874355
68,17,0,0,18.7133394062895,18.8832392579597,0,1,0,0,68,124.955680634105,18.7133394062895
69,17,0,0,18.8365365035667,18.9178585149584,0,1,0,0,69,124.847055340947,18.8365365035667
70,17,0,0,18.9609970764773,19.011105080457,0,1,0,0,70,124.694606065798,18.9609970764773
71,17,0,0,19.0870401222311,19.1639208584865,0,1,0,0,71,124.490283020673,19.0870401222311
72,17,0,0,19.2149877623876,19.1352214258965,0,1,0,0,72,124.226744070791,19.2149877623876
73,17,0,0,19.3452145978128,19.2936305901227,0,1,0,0,73,123.908533443739,19.3452145978128
74,17,0,0,19.4781387749925,19.3448512242556,0,1,0,0,74,123.550058283605,19.4781387749925
75,17,0,0,19.6141797584976,19.4853154240321,0,1,0,0,75,123.166024275668,19.6141797584976
76,17,0,0,19.7537570128988,19.6552857138096,0,1,0,0,76,122.771137105211,19.7537570128988
77,17,0,0,19.897290002767,19.7678810625474,0,1,0,0,77,122.380102457513,19.897290002767
78,17,0,0,20.0451981926728,19.8743717001582,0,1,0,0,78,122.007626017856,20.0451981926728
79,17,0,0,20.1979010471872,19.9108111689557,0,1,0,0,79,121.668413471521,20.1979010471872
80,17,0,0,20.3557699799675,20.1669560594387,0,1,0,0,80,121.37595423637,20.3557699799675
81,17,0,0,20.5187043524989,20.2823343212933,0,1,0,0,81,121.131789119147,20.5187043524989
82,17,0,0,20.6863355943736,20.6825408415541,0,1,0,0,82,120.930677019472,20.6863355943736
83,17,0,0,20.8582920599256,21.1438952449116,0,1,0,0,83,120.767298995849,20.8582920599256
84,17,0,0,21.0342021034888,21.077731571107,0,1,0,0,84,120.636336106783,21.0342021034888
85,17,0,0,21.213694079397,21.239342958058,0,1,0,0,85,120.532469410778,21.213694079397
86,17,0,0,21.3963963419843,21.5098780421646,0,1,0,0,86,120.45037996634,21.3963963419843
87,17,0,0,21.5819372455845,21.5532454555998,0,1,0,0,87,120.384748831972,21.5819372455845
88,17,0,0,21.7699528997968,21.8196934967737,0,1,0,0,88,120.330669575019,21.7699528997968
89,17,0,0,21.9601272742598,21.976227026532,0,1,0,0,89,120.285781477095,21.9601272742598
90,17,0,0,22.1521625778472,22.7360767689763,0,1,0,0,90,120.248693979495,22.1521625778472
91,17,0,0,22.3457610553365,22.854204619467,0,1,0,0,91,120.218018433274,22.3457610553365
92,17,0,0,22.5406249515053,23.1044271402683,0,1,0,0,92,120.192366189488,22.5406249515053
93,17,0,0,22.7364565111313,22.9511249885049,0,1,0,0,93,120.170348599195,22.7364565111313
94,17,0,0,22.932957978992,22.6579691059003,0,1,0,0,94,120.150577013449,22.932957978992
95,17,0,0,23.129831599865,23.0730926239768,0,1,0,0,95,120.131662783308,23.129831599865
40,18,0,0,15.0408368537426,14.8458964098694,0,1,0,0,40,130.663867800554,15.0408368537426
41,18,0,0,15.1832217972575,14.7064745295789,0,1,0,0,41,130.522932974779,15.1832217972575
42,18,0,0,15.3254085701517,14.5903959850718,0,1,0,0,42,130.370011378942,15.3254085701517
43,18,0,0,15.4672701083172,14.1484858802971,0,1,0,0,43,130.20220882123,15.4672701083172
44,18,0,0,15.6086793476463,14.6486308948898,0,1,0,0,44,130.016631109829,15.6086793476463
45,18,0,0,15.7495092240313,14.3993473291931,0,1,0,0,45,129.810384052926,15.7495092240313
46,18,0,0,15.8896326733644,14.8664692132804,0,1,0,0,46,129.580573458708,15.8896326733644
47,18,0,0,16.0289226315379,16.2534829242851,0,1,0,0,47,129.324305135362,16.0289226315379
48,18,0,0,16.1672520812322,16.6086189247047,0,1,0,0,48,129.038691511404,16.1672520812322
49,18,0,0,16.3045177734869,16.5786892158232,0,1,0,0,49,128.724208142963,16.3045177734869
50,18,0,0,16.4406788278908,16.5803773607615,0,1,0,0,50,128.390155485983,16.4406788278908
51,18,0,0,16.5757044702645,17.5613420830946,0,1,0,0,51,128.047263987676,16.5757044702645
52,18,0,0,16.7095639264283,17.0985697142496,0,1,0,0,52,127.706264095254,16.7095639264283
53,18,0,0,16.8422264222026,17.2727124072878,0,1,0,0,53,127.377886255931,16.8422264222026
54,18,0,0,16.9736611834077,17.2976689182719,0,1,0,0,54,127.072860916916,16.9736611834077
55,18,0,0,17.1038374358642,17.4335445931616,0,1,0,0,55,126.801918525424,17.1038374358642
56,18,0,0,17.2327249421087,17.4194042555548,0,1,0,0,56,126.575721791479,17.2327249421087
57,18,0,0,17.3603402260979,17.4423436982991,0,1,0,0,57,126.399031822677,17.3603402260979
58,18,0,0,17.4867821977621,17.3610836305767,0,1,0,0,58,126.266212068391,17.4867821977621
59,18,0,0,17.6121581532257,17.5427409888897,0,1,0,0,59,126.170567584443,17.6121581532257
60,18,0,0,17.7365753886133,17.4236570717676,0,1,0,0,60,126.105403426657,17.7365753886133
61,18,0,0,17.8601412000493,17.747671468144,0,1,0,0,61,126.064024650855,17.8601412000493
62,18,0,0,17.9829628836584,17.8245673046858,0,1,0,0,62,126.039736312861,17.9829628836584
63,18,0,0,18.105147735565,18.2716029351972,0,1,0,0,63,126.025843468497,18.105147735565
64,18,0,0,18.2268058293131,18.3062768937603,0,1,0,0,64,126.015633398669,18.2268058293131
65,18,0,0,18.3481389961573,18.4780977097957,0,1,0,0,65,126.001806153631,18.3481389961573
66,18,0,0,18.4694596497948,18.534534595552,0,1,0,0,66,125.976354078539,18.4694596497948
67,18,0,0,18.5910867874355,18.7347046364175,0,1,0,0,67,125.931227385409,18.5910867874355
68,18,0,0,18.7133394062895,18.8832392579597,0,1,0,0,68,125.858376286257,18.7133394062895
69,18,0,0,18.8365365035667,18.9178585149584,0,1,0,0,69,125.749750993099,18.8365365035667
70,18,0,0,18.9609970764773,19.011105080457,0,1,0,0,70,125.59730171795,18.9609970764773
71,18,0,0,19.0870401222311,19.1639208584865,0,1,0,0,71,125.392978672825,19.0870401222311
72,18,0,0,19.2149877623876,19.1352214258965,0,1,0,0,72,125.129439722943,19.2149877623876
73,18,0,0,19.3452145978128,19.2936305901227,0,1,0,0,73,124.811229095891,19.3452145978128
74,18,0,0,19.4781387749925,19.3448512242556,0,1,0,0,74,124.452753935757,19.4781387749925
75,18,0,0,19.6141797584976,19.4853154240321,0,1,0,0,75,124.06871992782,19.6141797584976
76,18,0,0,19.7537570128988,19.6552857138096,0,1,0,0,76,123.673832757363,19.7537570128988
77,18,0,0,19.897290002767,19.7678810625474,0,1,0,0,77,123.282798109665,19.897290002767
78,18,0,0,20.0451981926728,19.8743717001582,0,1,0,0,78,122.910321670008,20.0451981926728
79,18,0,0,20.1979010471872,19.9108111689557,0,1,0,0,79,122.571109123673,20.1979010471872
80,18,0,0,20.3557699799675,20.1669560594387,0,1,0,0,80,122.278649888522,20.3557699799675
81,18,0,0,20.5187043524989,20.2823343212933,0,1,0,0,81,122.034484771299,20.5187043524989
82,18,0,0,20.6863355943736,20.6825408415541,0,1,0,0,82,121.833372671624,20.6863355943736
83,18,0,0,20.8582920599256,21.1438952449116,0,1,0,0,83,121.669994648001,20.8582920599256
84,18,0,0,21.0342021034888,21.077731571107,0,1,0,0,84,121.539031758935,21.0342021034888
85,18,0,0,21.213694079397,21.239342958058,0,1,0,0,85,121.435165062931,21.213694079397
86,18,0,0,21.3963963419843,21.5098780421646,0,1,0,0,86,121.353075618492,21.3963963419843
87,18,0,0,21.5819372455845,21.5532454555998,0,1,0,0,87,121.287444484124,21.5819372455845
88,18,0,0,21.7699528997968,21.8196934967737,0,1,0,0,88,121.233365227171,21.7699528997968
89,18,0,0,21.9601272742598,21.976227026532,0,1,0,0,89,121.188477129247,21.9601272742598
90,18,0,0,22.1521625778472,22.7360767689763,0,1,0,0,90,121.151389631647,22.1521625778472
91,18,0,0,22.3457610553365,22.854204619467,0,1,0,0,91,121.120714085426,22.3457610553365
92,18,0,0,22.5406249515053,23.1044271402683,0,1,0,0,92,121.095061841641,22.5406249515053
93,18,0,0,22.7364565111313,22.9511249885049,0,1,0,0,93,121.073044251347,22.7364565111313
94,18,0,0,22.932957978992,22.6579691059003,0,1,0,0,94,121.053272665601,22.932957978992
95,18,0,0,23.129831599865,23.0730926239768,0,1,0,0,95,121.03435843546,23.129831599865
40,19,0,0,15.0408368537426,14.8458964098694,0,1,0,0,40,131.566563452706,15.0408368537426
41,19,0,0,15.1832217972575,14.7064745295789,0,1,0,0,41,131.425628626931,15.1832217972575
42,19,0,0,15.3254085701517,14.5903959850718,0,1,0,0,42,131.272707031095,15.3254085701517
43,19,0,0,15.4672701083172,14.1484858802971,0,1,0,0,43,131.104904473382,15.4672701083172
44,19,0,0,15.6086793476463,14.6486308948898,0,1,0,0,44,130.919326761981,15.6086793476463
45,19,0,0,15.7495092240313,14.3993473291931,0,1,0,0,45,130.713079705078,15.7495092240313
46,19,0,0,15.8896326733644,14.8664692132804,0,1,0,0,46,130.48326911086,15.8896326733644
47,19,0,0,16.0289226315379,16.2534829242851,0,1,0,0,47,130.227000787514,16.0289226315379
48,19,0,0,16.1672520812322,16.6086189247047,0,1,0,0,48,129.941387163556,16.1672520812322
49,19,0,0,16.3045177734869,16.5786892158232,0,1,0,0,49,129.626903795115,16.3045177734869
50,19,0,0,16.4406788278908,16.5803773607615,0,1,0,0,50,129.292851138135,16.4406788278908
51,19,0,0,16.5757044702645,17.5613420830946,0,1,0,0,51,128.949959639828,16.5757044702645
52,19,0,0,16.7095639264283,17.0985697142496,0,1,0,0,52,128.608959747407,16.7095639264283
53,19,0,0,16.8422264222026,17.2727124072878,0,1,0,0,53,128.280581908083,16.8422264222026
54,19,0,0,16.9736611834077,17.2976689182719,0,1,0,0,54,127.975556569069,16.9736611834077
55,19,0,0,17.1038374358642,17.4335445931616,0,1,0,0,55,127.704614177576,17.1038374358642
56,19,0,0,17.2327249421087,17.4194042555548,0,1,0,0,56,127.478417443631,17.2327249421087
57,19,0,0,17.3603402260979,17.4423436982991,0,1,0,0,57,127.301727474829,17.3603402260979
58,19,0,0,17.4867821977621,17.3610836305767,0,1,0,0,58,127.168907720543,17.4867821977621
59,19,0,0,17.6121581532257,17.5427409888897,0,1,0,0,59,127.073263236595,17.6121581532257
60,19,0,0,17.7365753886133,17.4236570717676,0,1,0,0,60,127.008099078809,17.7365753886133
61,19,0,0,17.8601412000493,17.747671468144,0,1,0,0,61,126.966720303007,17.8601412000493
62,19,0,0,17.9829628836584,17.8245673046858,0,1,0,0,62,126.942431965013,17.9829628836584
63,19,0,0,18.105147735565,18.2716029351972,0,1,0,0,63,126.928539120649,18.105147735565
64,19,0,0,18.2268058293131,18.3062768937603,0,1,0,0,64,126.918329050821,18.2268058293131
65,19,0,0,18.3481389961573,18.4780977097957,0,1,0,0,65,126.904501805783,18.3481389961573
66,19,0,0,18.4694596497948,18.534534595552,0,1,0,0,66,126.879049730691,18.4694596497948
67,19,0,0,18.5910867874355,18.7347046364175,0,1,0,0,67,126.833923037561,18.5910867874355
68,19,0,0,18.7133394062895,18.8832392579597,0,1,0,0,68,126.761071938409,18.7133394062895
69,19,0,0,18.8365365035667,18.9178585149584,0,1,0,0,69,126.652446645251,18.8365365035667
70,19,0,0,18.9609970764773,19.011105080457,0,1,0,0,70,126.499997370102,18.9609970764773
71,19,0,0,19.0870401222311,19.1639208584865,0,1,0,0,71,126.295674324977,19.0870401222311
72,19,0,0,19.2149877623876,19.1352214258965,0,1,0,0,72,126.032135375095,19.2149877623876
73,19,0,0,19.3452145978128,19.2936305901227,0,1,0,0,73,125.713924748043,19.3452145978128
74,19,0,0,19.4781387749925,19.3448512242556,0,1,0,0,74,125.355449587909,19.4781387749925
75,19,0,0,19.6141797584976,19.4853154240321,0,1,0,0,75,124.971415579973,19.6141797584976
76,19,0,0,19.7537570128988,19.6552857138096,0,1,0,0,76,124.576528409515,19.7537570128988
77,19,0,0,19.897290002767,19.7678810625474,0,1,0,0,77,124.185493761817,19.897290002767
78,19,0,0,20.0451981926728,19.8743717001582,0,1,0,0,78,123.81301732216,20.0451981926728
79,19,0,0,20.1979010471872,19.9108111689557,0,1,0,0,79,123.473804775825,20.1979010471872
80,19,0,0,20.3557699799675,20.1669560594387,0,1,0,0,80,123.181345540674,20.3557699799675
81,19,0,0,20.5187043524989,20.2823343212933,0,1,0,0,81,122.937180423451,20.5187043524989
82,19,0,0,20.6863355943736,20.6825408415541,0,1,0,0,82,122.736068323776,20.6863355943736
83,19,0,0,20.8582920599256,21.1438952449116,0,1,0,0,83,122.572690300153,20.8582920599256
84,19,0,0,21.0342021034888,21.077731571107,0,1,0,0,84,122.441727411087,21.0342021034888
85,19,0,0,21.213694079397,21.239342958058,0,1,0,0,85,122.337860715083,21.213694079397
86,19,0,0,21.3963963419843,21.5098780421646,0,1,0,0,86,122.255771270644,21.3963963419843
87,19,0,0,21.5819372455845,21.5532454555998,0,1,0,0,87,122.190140136276,21.5819372455845
88,19,0,0,21.7699528997968,21.8196934967737,0,1,0,0,88,122.136060879323,21.7699528997968
89,19,0,0,21.9601272742598,21.976227026532,0,1,0,0,89,122.091172781399,21.9601272742598
90,19,0,0,22.1521625778472,22.7360767689763,0,1,0,0,90,122.054085283799,22.1521625778472
91,19,0,0,22.3457610553365,22.854204619467,0,1,0,0,91,122.023409737578,22.3457610553365
92,19,0,0,22.5406249515053,23.1044271402683,0,1,0,0,92,121.997757493793,22.5406249515053
93,19,0,0,22.7364565111313,22.9511249885049,0,1,0,0,93,121.975739903499,22.7364565111313
94,19,0,0,22.932957978992,22.6579691059003,0,1,0,0,94,121.955968317754,22.932957978992
95,19,0,0,23.129831599865,23.0730926239768,0,1,0,0,95,121.937054087613,23.129831599865
40,20,0,0,15.0408368537426,14.8458964098694,0,1,0,0,40,132.469259104858,15.0408368537426
41,20,0,0,15.1832217972575,14.7064745295789,0,1,0,0,41,132.328324279084,15.1832217972575
42,20,0,0,15.3254085701517,14.5903959850718,0,1,0,0,42,132.175402683247,15.3254085701517
43,20,0,0,15.4672701083172,14.1484858802971,0,1,0,0,43,132.007600125534,15.4672701083172
44,20,0,0,15.6086793476463,14.6486308948898,0,1,0,0,44,131.822022414133,15.6086793476463
45,20,0,0,15.7495092240313,14.3993473291931,0,1,0,0,45,131.615775357231,15.7495092240313
46,20,0,0,15.8896326733644,14.8664692132804,0,1,0,0,46,131.385964763013,15.8896326733644
47,20,0,0,16.0289226315379,16.2534829242851,0,1,0,0,47,131.129696439666,16.0289226315379
48,20,0,0,16.1672520812322,16.6086189247047,0,1,0,0,48,130.844082815708,16.1672520812322
49,20,0,0,16.3045177734869,16.5786892158232,0,1,0,0,49,130.529599447267,16.3045177734869
50,20,0,0,16.4406788278908,16.5803773607615,0,1,0,0,50,130.195546790287,16.4406788278908
51,20,0,0,16.5757044702645,17.5613420830946,0,1,0,0,51,129.85265529198,16.5757044702645
52,20,0,0,16.7095639264283,17.0985697142496,0,1,0,0,52,129.511655399559,16.7095639264283
53,20,0,0,16.8422264222026,17.2727124072878,0,1,0,0,53,129.183277560235,16.8422264222026
54,20,0,0,16.9736611834077,17.2976689182719,0,1,0,0,54,128.878252221221,16.9736611834077
55,20,0,0,17.1038374358642,17.4335445931616,0,1,0,0,55,128.607309829728,17.1038374358642
56,20,0,0,17.2327249421087,17.4194042555548,0,1,0,0,56,128.381113095783,17.2327249421087
57,20,0,0,17.3603402260979,17.4423436982991,0,1,0,0,57,128.204423126982,17.3603402260979
58,20,0,0,17.4867821977621,17.3610836305767,0,1,0,0,58,128.071603372695,17.4867821977621
59,20,0,0,17.6121581532257,17.5427409888897,0,1,0,0,59,127.975958888747,17.6121581532257
60,20,0,0,17.7365753886133,17.4236570717676,0,1,0,0,60,127.910794730961,17.7365753886133
61,20,0,0,17.8601412000493,17.747671468144,0,1,0,0,61,127.869415955159,17.8601412000493
62,20,0,0,17.9829628836584,17.8245673046858,0,1,0,0,62,127.845127617165,17.9829628836584
63,20,0,0,18.105147735565,18.2716029351972,0,1,0,0,63,127.831234772802,18.105147735565
64,20,0,0,18.2268058293131,18.3062768937603,0,1,0,0,64,127.821024702973,18.2268058293131
65,20,0,0,18.3481389961573,18.4780977097957,0,1,0,0,65,127.807197457935,18.3481389961573
66,20,0,0,18.4694596497948,18.534534595552,0,1,0,0,66,127.781745382843,18.4694596497948
67,20,0,0,18.5910867874355,18.7347046364175,0,1,0,0,67,127.736618689713,18.5910867874355
68,20,0,0,18.7133394062895,18.8832392579597,0,1,0,0,68,127.663767590562,18.7133394062895
69,20,0,0,18.8365365035667,18.9178585149584,0,1,0,0,69,127.555142297403,18.8365365035667
70,20,0,0,18.9609970764773,19.011105080457,0,1,0,0,70,127.402693022254,18.9609970764773
71,20,0,0,19.0870401222311,19.1639208584865,0,1,0,0,71,127.19836997713,19.0870401222311
72,20,0,0,19.2149877623876,19.1352214258965,0,1,0,0,72,126.934831027247,19.2149877623876
73,20,0,0,19.3452145978128,19.2936305901227,0,1,0,0,73,126.616620400196,19.3452145978128
74,20,0,0,19.4781387749925,19.3448512242556,0,1,0,0,74,126.258145240061,19.4781387749925
75,20,0,0,19.6141797584976,19.4853154240321,0,1,0,0,75,125.874111232125,19.6141797584976
76,20,0,0,19.7537570128988,19.6552857138096,0,1,0,0,76,125.479224061667,19.7537570128988
77,20,0,0,19.897290002767,19.7678810625474,0,1,0,0,77,125.08818941397,19.897290002767
78,20,0,0,20.0451981926728,19.8743717001582,0,1,0,0,78,124.715712974313,20.0451981926728
79,20,0,0,20.1979010471872,19.9108111689557,0,1,0,0,79,124.376500427977,20.1979010471872
80,20,0,0,20.3557699799675,20.1669560594387,0,1,0,0,80,124.084041192826,20.3557699799675
81,20,0,0,20.5187043524989,20.2823343212933,0,1,0,0,81,123.839876075603,20.5187043524989
82,20,0,0,20.6863355943736,20.6825408415541,0,1,0,0,82,123.638763975928,20.6863355943736
83,20,0,0,20.8582920599256,21.1438952449116,0,1,0,0,83,123.475385952305,20.8582920599256
84,20,0,0,21.0342021034888,21.077731571107,0,1,0,0,84,123.344423063239,21.0342021034888
85,20,0,0,21.213694079397,21.239342958058,0,1,0,0,85,123.240556367235,21.213694079397
86,20,0,0,21.3963963419843,21.5098780421646,0,1,0,0,86,123.158466922796,21.3963963419843
87,20,0,0,21.5819372455845,21.5532454555998,0,1,0,0,87,123.092835788428,21.5819372455845
88,20,0,0,21.7699528997968,21.8196934967737,0,1,0,0,88,123.038756531475,21.7699528997968
89,20,0,0,21.9601272742598,21.976227026532,0,1,0,0,89,122.993868433552,21.9601272742598
90,20,0,0,22.1521625778472,22.7360767689763,0,1,0,0,90,122.956780935951,22.1521625778472
91,20,0,0,22.3457610553365,22.854204619467,0,1,0,0,91,122.92610538973,22.3457610553365
92,20,0,0,22.5406249515053,23.1044271402683,0,1,0,0,92,122.900453145945,22.5406249515053
93,20,0,0,22.7364565111313,22.9511249885049,0,1,0,0,93,122.878435555651,22.7364565111313
94,20,0,0,22.932957978992,22.6579691059003,0,1,0,0,94,122.858663969906,22.932957978992
95,20,0,0,23.129831599865,23.0730926239768,0,1,0,0,95,122.839749739765,23.129831599865
40,21,0,0,15.0408368537426,14.8458964098694,0,1,0,0,40,133.37195475701,15.0408368537426
41,21,0,0,15.1832217972575,14.7064745295789,0,1,0,0,41,133.231019931236,15.1832217972575
42,21,0,0,15.3254085701517,14.5903959850718,0,1,0,0,42,133.078098335399,15.3254085701517
43,21,0,0,15.4672701083172,14.1484858802971,0,1,0,0,43,132.910295777686,15.4672701083172
44,21,0,0,15.6086793476463,14.6486308948898,0,1,0,0,44,132.724718066285,15.6086793476463
45,21,0,0,15.7495092240313,14.3993473291931,0,1,0,0,45,132.518471009383,15.7495092240313
46,21,0,0,15.8896326733644,14.8664692132804,0,1,0,0,46,132.288660415165,15.8896326733644
47,21,0,0,16.0289226315379,16.2534829242851,0,1,0,0,47,132.032392091818,16.0289226315379
48,21,0,0,16.1672520812322,16.6086189247047,0,1,0,0,48,131.74677846786,16.1672520812322
49,21,0,0,16.3045177734869,16.5786892158232,0,1,0,0,49,131.432295099419,16.3045177734869
50,21,0,0,16.4406788278908,16.5803773607615,0,1,0,0,50,131.098242442439,16.4406788278908
51,21,0,0,16.5757044702645,17.5613420830946,0,1,0,0,51,130.755350944132,16.5757044702645
52,21,0,0,16.7095639264283,17.0985697142496,0,1,0,0,52,130.414351051711,16.7095639264283
53,21,0,0,16.8422264222026,17.2727124072878,0,1,0,0,53,130.085973212387,16.8422264222026
54,21,0,0,16.9736611834077,17.2976689182719,0,1,0,0,54,129.780947873373,16.9736611834077
55,21,0,0,17.1038374358642,17.4335445931616,0,1,0,0,55,129.510005481881,17.1038374358642
56,21,0,0,17.2327249421087,17.4194042555548,0,1,0,0,56,129.283808747935,17.2327249421087
57,21,0,0,17.3603402260979,17.4423436982991,0,1,0,0,57,129.107118779134,17.3603402260979
58,21,0,0,17.4867821977621,17.3610836305767,0,1,0,0,58,128.974299024847,17.4867821977621
59,21,0,0,17.6121581532257,17.5427409888897,0,1,0,0,59,128.878654540899,17.6121581532257
60,21,0,0,17.7365753886133,17.4236570717676,0,1,0,0,60,128.813490383113,17.7365753886133
61,21,0,0,17.8601412000493,17.747671468144,0,1,0,0,61,128.772111607311,17.8601412000493
62,21,0,0,17.9829628836584,17.8245673046858,0,1,0,0,62,128.747823269317,17.9829628836584
63,21,0,0,18.105147735565,18.2716029351972,0,1,0,0,63,128.733930424954,18.105147735565
64,21,0,0,18.2268058293131,18.3062768937603,0,1,0,0,64,128.723720355125,18.2268058293131
65,21,0,0,18.3481389961573,18.4780977097957,0,1,0,0,65,128.709893110087,18.3481389961573
66,21,0,0,18.4694596497948,18.534534595552,0,1,0,0,66,128.684441034995,18.4694596497948
67,21,0,0,18.5910867874355,18.7347046364175,0,1,0,0,67,128.639314341865,18.5910867874355
68,21,0,0,18.7133394062895,18.8832392579597,0,1,0,0,68,128.566463242714,18.7133394062895
69,21,0,0,18.8365365035667,18.9178585149584,0,1,0,0,69,128.457837949555,18.8365365035667
70,21,0,0,18.9609970764773,19.011105080457,0,1,0,0,70,128.305388674406,18.9609970764773
71,21,0,0,19.0870401222311,19.1639208584865,0,1,0,0,71,128.101065629282,19.0870401222311
72,21,0,0,19.2149877623876,19.1352214258965,0,1,0,0,72,127.837526679399,19.2149877623876
73,21,0,0,19.3452145978128,19.2936305901227,0,1,0,0,73,127.519316052348,19.3452145978128
74,21,0,0,19.4781387749925,19.3448512242556,0,1,0,0,74,127.160840892213,19.4781387749925
75,21,0,0,19.6141797584976,19.4853154240321,0,1,0,0,75,126.776806884277,19.6141797584976
76,21,0,0,19.7537570128988,19.6552857138096,0,1,0,0,76,126.381919713819,19.7537570128988
77,21,0,0,19.897290002767,19.7678810625474,0,1,0,0,77,125.990885066122,19.897290002767
78,21,0,0,20.0451981926728,19.8743717001582,0,1,0,0,78,125.618408626465,20.0451981926728
79,21,0,0,20.1979010471872,19.9108111689557,0,1,0,0,79,125.279196080129,20.1979010471872
80,21,0,0,20.3557699799675,20.1669560594387,0,1,0,0,80,124.986736844978,20.3557699799675
81,21,0,0,20.5187043524989,20.2823343212933,0,1,0,0,81,124.742571727755,20.5187043524989
82,21,0,0,20.6863355943736,20.6825408415541,0,1,0,0,82,124.54145962808,20.6863355943736
83,21,0,0,20.8582920599256,21.1438952449116,0,1,0,0,83,124.378081604457,20.8582920599256
84,21,0,0,21.0342021034888,21.077731571107,0,1,0,0,84,124.247118715391,21.0342021034888
85,21,0,0,21.213694079397,21.239342958058,0,1,0,0,85,124.143252019387,21.213694079397
86,21,0,0,21.3963963419843,21.5098780421646,0,1,0,0,86,124.061162574948,21.3963963419843
87,21,0,0,21.5819372455845,21.5532454555998,0,1,0,0,87,123.995531440581,21.5819372455845
88,21,0,0,21.7699528997968,21.8196934967737,0,1,0,0,88,123.941452183627,21.7699528997968
89,21,0,0,21.9601272742598,21.976227026532,0,1,0,0,89,123.896564085704,21.9601272742598
90,21,0,0,22.1521625778472,22.7360767689763,0,1,0,0,90,123.859476588103,22.1521625778472
91,21,0,0,22.3457610553365,22.854204619467,0,1,0,0,91,123.828801041882,22.3457610553365
92,21,0,0,22.5406249515053,23.1044271402683,0,1,0,0,92,123.803148798097,22.5406249515053
93,21,0,0,22.7364565111313,22.9511249885049,0,1,0,0,93,123.781131207803,22.7364565111313
94,21,0,0,22.932957978992,22.6579691059003,0,1,0,0,94,123.761359622058,22.932957978992
95,21,0,0,23.129831599865,23.0730926239768,0,1,0,0,95,123.742445391917,23.129831599865
40,22,0,0,15.0408368537426,14.8458964098694,0,1,0,0,40,134.274650409163,15.0408368537426
41,22,0,0,15.1832217972575,14.7064745295789,0,1,0,0,41,134.133715583388,15.1832217972575
42,22,0,0,15.3254085701517,14.5903959850718,0,1,0,0,42,133.980793987551,15.3254085701517
43,22,0,0,15.4672701083172,14.1484858802971,0,1,0,0,43,133.812991429839,15.4672701083172
44,22,0,0,15.6086793476463,14.6486308948898,0,1,0,0,44,133.627413718438,15.6086793476463
45,22,0,0,15.7495092240313,14.3993473291931,0,1,0,0,45,133.421166661535,15.7495092240313
46,22,0,0,15.8896326733644,14.8664692132804,0,1,0,0,46,133.191356067317,15.8896326733644
47,22,0,0,16.0289226315379,16.2534829242851,0,1,0,0,47,132.935087743971,16.0289226315379
48,22,0,0,16.1672520812322,16.6086189247047,0,1,0,0,48,132.649474120013,16.1672520812322
49,22,0,0,16.3045177734869,16.5786892158232,0,1,0,0,49,132.334990751572,16.3045177734869
50,22,0,0,16.4406788278908,16.5803773607615,0,1,0,0,50,132.000938094591,16.4406788278908
51,22,0,0,16.5757044702645,17.5613420830946,0,1,0,0,51,131.658046596284,16.5757044702645
52,22,0,0,16.7095639264283,17.0985697142496,0,1,0,0,52,131.317046703863,16.7095639264283
53,22,0,0,16.8422264222026,17.2727124072878,0,1,0,0,53,130.988668864539,16.8422264222026
54,22,0,0,16.9736611834077,17.2976689182719,0,1,0,0,54,130.683643525525,16.9736611834077
55,22,0,0,17.1038374358642,17.4335445931616,0,1,0,0,55,130.412701134033,17.1038374358642
56,22,0,0,17.2327249421087,17.4194042555548,0,1,0,0,56,130.186504400088,17.2327249421087
57,22,0,0,17.3603402260979,17.4423436982991,0,1,0,0,57,130.009814431286,17.3603402260979
58,22,0,0,17.4867821977621,17.3610836305767,0,1,0,0,58,129.876994676999,17.4867821977621
59,22,0,0,17.6121581532257,17.5427409888897,0,1,0,0,59,129.781350193052,17.6121581532257
60,22,0,0,17.7365753886133,17.4236570717676,0,1,0,0,60,129.716186035265,17.7365753886133
61,22,0,0,17.8601412000493,17.747671468144,0,1,0,0,61,129.674807259463,17.8601412000493
62,22,0,0,17.9829628836584,17.8245673046858,0,1,0,0,62,129.650518921469,17.9829628836584
63,22,0,0,18.105147735565,18.2716029351972,0,1,0,0,63,129.636626077106,18.105147735565
64,22,0,0,18.2268058293131,18.3062768937603,0,1,0,0,64,129.626416007277,18.2268058293131
65,22,0,0,18.3481389961573,18.4780977097957,0,1,0,0,65,129.612588762239,18.3481389961573
66,22,0,0,18.4694596497948,18.534534595552,0,1,0,0,66,129.587136687147,18.4694596497948
67,22,0,0,18.5910867874355,18.7347046364175,0,1,0,0,67,129.542009994018,18.5910867874355
68,22,0,0,18.7133394062895,18.8832392579597,0,1,0,0,68,129.469158894866,18.7133394062895
69,22,0,0,18.8365365035667,18.9178585149584,0,1,0,0,69,129.360533601707,18.8365365035667
70,22,0,0,18.9609970764773,19.011105080457,0,1,0,0,70,129.208084326558,18.9609970764773
71,22,0,0,19.0870401222311,19.1639208584865,0,1,0,0,71,129.003761281434,19.0870401222311
72,22,0,0,19.2149877623876,19.1352214258965,0,1,0,0,72,128.740222331551,19.2149877623876
73,22,0,0,19.3452145978128,19.2936305901227,0,1,0,0,73,128.4220117045,19.3452145978128
74,22,0,0,19.4781387749925,19.3448512242556,0,1,0,0,74,128.063536544365,19.4781387749925
75,22,0,0,19.6141797584976,19.4853154240321,0,1,0,0,75,127.679502536429,19.6141797584976
76,22,0,0,19.7537570128988,19.6552857138096,0,1,0,0,76,127.284615365971,19.7537570128988
77,22,0,0,19.897290002767,19.7678810625474,0,1,0,0,77,126.893580718274,19.897290002767
78,22,0,0,20.0451981926728,19.8743717001582,0,1,0,0,78,126.521104278617,20.0451981926728
79,22,0,0,20.1979010471872,19.9108111689557,0,1,0,0,79,126.181891732281,20.1979010471872
80,22,0,0,20.3557699799675,20.1669560594387,0,1,0,0,80,125.88943249713,20.3557699799675
81,22,0,0,20.5187043524989,20.2823343212933,0,1,0,0,81,125.645267379907,20.5187043524989
82,22,0,0,20.6863355943736,20.6825408415541,0,1,0,0,82,125.444155280232,20.6863355943736
83,22,0,0,20.8582920599256,21.1438952449116,0,1,0,0,83,125.280777256609,20.8582920599256
84,22,0,0,21.0342021034888,21.077731571107,0,1,0,0,84,125.149814367544,21.0342021034888
85,22,0,0,21.213694079397,21.239342958058,0,1,0,0,85,125.045947671539,21.213694079397
86,22,0,0,21.3963963419843,21.5098780421646,0,1,0,0,86,124.963858227101,21.3963963419843
87,22,0,0,21.5819372455845,21.5532454555998,0,1,0,0,87,124.898227092733,21.5819372455845
88,22,0,0,21.7699528997968,21.8196934967737,0,1,0,0,88,124.844147835779,21.7699528997968
89,22,0,0,21.9601272742598,21.976227026532,0,1,0,0,89,124.799259737856,21.9601272742598
90,22,0,0,22.1521625778472,22.7360767689763,0,1,0,0,90,124.762172240255,22.1521625778472
91,22,0,0,22.3457610553365,22.854204619467,0,1,0,0,91,124.731496694034,22.3457610553365
92,22,0,0,22.5406249515053,23.1044271402683,0,1,0,0,92,124.705844450249,22.5406249515053
93,22,0,0,22.7364565111313,22.9511249885049,0,1,0,0,93,124.683826859955,22.7364565111313
94,22,0,0,22.932957978992,22.6579691059003,0,1,0,0,94,124.66405527421,22.932957978992
95,22,0,0,23.129831599865,23.0730926239768,0,1,0,0,95,124.645141044069,23.129831599865
40,23,0,0,15.0408368537426,14.8458964098694,0,1,0,0,40,135.177346061315,15.0408368537426
41,23,0,0,15.1832217972575,14.7064745295789,0,1,0,0,41,135.03641123554,15.1832217972575
42,23,0,0,15.3254085701517,14.5903959850718,0,1,0,0,42,134.883489639703,15.3254085701517
43,23,0,0,15.4672701083172,14.1484858802971,0,1,0,0,43,134.715687081991,15.4672701083172
44,23,0,0,15.6086793476463,14.6486308948898,0,1,0,0,44,134.53010937059,15.6086793476463
45,23,0,0,15.7495092240313,14.3993473291931,0,1,0,0,45,134.323862313687,15.7495092240313
46,23,0,0,15.8896326733644,14.8664692132804,0,1,0,0,46,134.094051719469,15.8896326733644
47,23,0,0,16.0289226315379,16.2534829242851,0,1,0,0,47,133.837783396123,16.0289226315379
48,23,0,0,16.1672520812322,16.6086189247047,0,1,0,0,48,133.552169772165,16.1672520812322
49,23,0,0,16.3045177734869,16.5786892158232,0,1,0,0,49,133.237686403724,16.3045177734869
50,23,0,0,16.4406788278908,16.5803773607615,0,1,0,0,50,132.903633746744,16.4406788278908
51,23,0,0,16.5757044702645,17.5613420830946,0,1,0,0,51,132.560742248437,16.5757044702645
52,23,0,0,16.7095639264283,17.0985697142496,0,1,0,0,52,132.219742356015,16.7095639264283
53,23,0,0,16.8422264222026,17.2727124072878,0,1,0,0,53,131.891364516691,16.8422264222026
54,23,0,0,16.9736611834077,17.2976689182719,0,1,0,0,54,131.586339177677,16.9736611834077
55,23,0,0,17.1038374358642,17.4335445931616,0,1,0,0,55,131.315396786185,17.1038374358642
56,23,0,0,17.2327249421087,17.4194042555548,0,1,0,0,56,131.08920005224,17.2327249421087
57,23,0,0,17.3603402260979,17.4423436982991,0,1,0,0,57,130.912510083438,17.3603402260979
58,23,0,0,17.4867821977621,17.3610836305767,0,1,0,0,58,130.779690329152,17.4867821977621
59,23,0,0,17.6121581532257,17.5427409888897,0,1,0,0,59,130.684045845204,17.6121581532257
60,23,0,0,17.7365753886133,17.4236570717676,0,1,0,0,60,130.618881687417,17.7365753886133
61,23,0,0,17.8601412000493,17.747671468144,0,1,0,0,61,130.577502911615,17.8601412000493
62,23,0,0,17.9829628836584,17.8245673046858,0,1,0,0,62,130.553214573621,17.9829628836584
63,23,0,0,18.105147735565,18.2716029351972,0,1,0,0,63,130.539321729258,18.105147735565
64,23,0,0,18.2268058293131,18.3062768937603,0,1,0,0,64,130.529111659429,18.2268058293131
65,23,0,0,18.3481389961573,18.4780977097957,0,1,0,0,65,130.515284414391,18.3481389961573
66,23,0,0,18.4694596497948,18.534534595552,0,1,0,0,66,130.489832339299,18.4694596497948
67,23,0,0,18.5910867874355,18.7347046364175,0,1,0,0,67,130.44470564617,18.5910867874355
68,23,0,0,18.7133394062895,18.8832392579597,0,1,0,0,68,130.371854547018,18.7133394062895
69,23,0,0,18.8365365035667,18.9178585149584,0,1,0,0,69,130.26322925386,18.8365365035667
70,23,0,0,18.9609970764773,19.011105080457,0,1,0,0,70,130.11077997871,18.9609970764773
71,23,0,0,19.0870401222311,19.1639208584865,0,1,0,0,71,129.906456933586,19.0870401222311
72,23,0,0,19.2149877623876,19.1352214258965,0,1,0,0,72,129.642917983704,19.2149877623876
73,23,0,0,19.3452145978128,19.2936305901227,0,1,0,0,73,129.324707356652,19.3452145978128
74,23,0,0,19.4781387749925,19.3448512242556,0,1,0,0,74,128.966232196517,19.4781387749925
75,23,0,0,19.6141797584976,19.4853154240321,0,1,0,0,75,128.582198188581,19.6141797584976
76,23,0,0,19.7537570128988,19.6552857138096,0,1,0,0,76,128.187311018124,19.7537570128988
77,23,0,0,19.897290002767,19.7678810625474,0,1,0,0,77,127.796276370426,19.897290002767
78,23,0,0,20.0451981926728,19.8743717001582,0,1,0,0,78,127.423799930769,20.0451981926728
79,23,0,0,20.1979010471872,19.9108111689557,0,1,0,0,79,127.084587384434,20.1979010471872
80,23,0,0,20.3557699799675,20.1669560594387,0,1,0,0,80,126.792128149282,20.3557699799675
81,23,0,0,20.5187043524989,20.2823343212933,0,1,0,0,81,126.547963032059,20.5187043524989
82,23,0,0,20.6863355943736,20.6825408415541,0,1,0,0,82,126.346850932384,20.6863355943736
83,23,0,0,20.8582920599256,21.1438952449116,0,1,0,0,83,126.183472908762,20.8582920599256
84,23,0,0,21.0342021034888,21.077731571107,0,1,0,0,84,126.052510019696,21.0342021034888
85,23,0,0,21.213694079397,21.239342958058,0,1,0,0,85,125.948643323691,21.213694079397
86,23,0,0,21.3963963419843,21.5098780421646,0,1,0,0,86,125.866553879253,21.3963963419843
87,23,0,0,21.5819372455845,21.5532454555998,0,1,0,0,87,125.800922744885,21.5819372455845
88,23,0,0,21.7699528997968,21.8196934967737,0,1,0,0,88,125.746843487931,21.7699528997968
89,23,0,0,21.9601272742598,21.976227026532,0,1,0,0,89,125.701955390008,21.9601272742598
90,23,0,0,22.1521625778472,22.7360767689763,0,1,0,0,90,125.664867892407,22.1521625778472
91,23,0,0,22.3457610553365,22.854204619467,0,1,0,0,91,125.634192346186,22.3457610553365
92,23,0,0,22.5406249515053,23.1044271402683,0,1,0,0,92,125.608540102401,22.5406249515053
93,23,0,0,22.7364565111313,22.9511249885049,0,1,0,0,93,125.586522512108,22.7364565111313
94,23,0,0,22.932957978992,22.6579691059003,0,1,0,0,94,125.566750926362,22.932957978992
95,23,0,0,23.129831599865,23.0730926239768,0,1,0,0,95,125.547836696221,23.129831599865
40,24,0,0,15.0408368537426,14.8458964098694,0,1,0,0,40,136.080041713467,15.0408368537426
41,24,0,0,15.1832217972575,14.7064745295789,0,1,0,0,41,135.939106887692,15.1832217972575
42,24,0,0,15.3254085701517,14.5903959850718,0,1,0,0,42,135.786185291855,15.3254085701517
43,24,0,0,15.4672701083172,14.1484858802971,0,1,0,0,43,135.618382734143,15.4672701083172
44,24,0,0,15.6086793476463,14.6486308948898,0,1,0,0,44,135.432805022742,15.6086793476463
45,24,0,0,15.7495092240313,14.3993473291931,0,1,0,0,45,135.226557965839,15.7495092240313
46,24,0,0,15.8896326733644,14.8664692132804,0,1,0,0,46,134.996747371621,15.8896326733644
47,24,0,0,16.0289226315379,16.2534829242851,0,1,0,0,47,134.740479048275,16.0289226315379
48,24,0,0,16.1672520812322,16.6086189247047,0,1,0,0,48,134.454865424317,16.1672520812322
49,24,0,0,16.3045177734869,16.5786892158232,0,1,0,0,49,134.140382055876,16.3045177734869
50,24,0,0,16.4406788278908,16.5803773607615,0,1,0,0,50,133.806329398896,16.4406788278908
51,24,0,0,16.5757044702645,17.5613420830946,0,1,0,0,51,133.463437900589,16.5757044702645
52,24,0,0,16.7095639264283,17.0985697142496,0,1,0,0,52,133.122438008167,16.7095639264283
53,24,0,0,16.8422264222026,17.2727124072878,0,1,0,0,53,132.794060168843,16.8422264222026
54,24,0,0,16.9736611834077,17.2976689182719,0,1,0,0,54,132.489034829829,16.9736611834077
55,24,0,0,17.1038374358642,17.4335445931616,0,1,0,0,55,132.218092438337,17.1038374358642
56,24,0,0,17.2327249421087,17.4194042555548,0,1,0,0,56,131.991895704392,17.2327249421087
57,24,0,0,17.3603402260979,17.4423436982991,0,1,0,0,57,131.81520573559,17.3603402260979
58,24,0,0,17.4867821977621,17.3610836305767,0,1,0,0,58,131.682385981304,17.4867821977621
59,24,0,0,17.6121581532257,17.5427409888897,0,1,0,0,59,131.586741497356,17.6121581532257
60,24,0,0,17.7365753886133,17.4236570717676,0,1,0,0,60,131.521577339569,17.7365753886133
61,24,0,0,17.8601412000493,17.747671468144,0,1,0,0,61,131.480198563768,17.8601412000493
62,24,0,0,17.9829628836584,17.8245673046858,0,1,0,0,62,131.455910225773,17.9829628836584
63,24,0,0,18.105147735565,18.2716029351972,0,1,0,0,63,131.44201738141,18.105147735565
64,24,0,0,18.2268058293131,18.3062768937603,0,1,0,0,64,131.431807311582,18.2268058293131
65,24,0,0,18.3481389961573,18.4780977097957,0,1,0,0,65,131.417980066543,18.3481389961573
66,24,0,0,18.4694596497948,18.534534595552,0,1,0,0,66,131.392527991451,18.4694596497948
67,24,0,0,18.5910867874355,18.7347046364175,0,1,0,0,67,131.347401298322,18.5910867874355
68,24,0,0,18.7133394062895,18.8832392579597,0,1,0,0,68,131.27455019917,18.7133394062895
69,24,0,0,18.8365365035667,18.9178585149584,0,1,0,0,69,131.165924906012,18.8365365035667
70,24,0,0,18.9609970764773,19.011105080457,0,1,0,0,70,131.013475630862,18.9609970764773
71,24,0,0,19.0870401222311,19.1639208584865,0,1,0,0,71,130.809152585738,19.0870401222311
72,24,0,0,19.2149877623876,19.1352214258965,0,1,0,0,72,130.545613635856,19.2149877623876
73,24,0,0,19.3452145978128,19.2936305901227,0,1,0,0,73,130.227403008804,19.3452145978128
74,24,0,0,19.4781387749925,19.3448512242556,0,1,0,0,74,129.86892784867,19.4781387749925
75,24,0,0,19.6141797584976,19.4853154240321,0,1,0,0,75,129.484893840733,19.6141797584976
76,24,0,0,19.7537570128988,19.6552857138096,0,1,0,0,76,129.090006670276,19.7537570128988
77,24,0,0,19.897290002767,19.7678810625474,0,1,0,0,77,128.698972022578,19.897290002767
78,24,0,0,20.0451981926728,19.8743717001582,0,1,0,0,78,128.326495582921,20.0451981926728
79,24,0,0,20.1979010471872,19.9108111689557,0,1,0,0,79,127.987283036586,20.1979010471872
80,24,0,0,20.3557699799675,20.1669560594387,0,1,0,0,80,127.694823801434,20.3557699799675
81,24,0,0,20.5187043524989,20.2823343212933,0,1,0,0,81,127.450658684212,20.5187043524989
82,24,0,0,20.6863355943736,20.6825408415541,0,1,0,0,82,127.249546584537,20.6863355943736
83,24,0,0,20.8582920599256,21.1438952449116,0,1,0,0,83,127.086168560914,20.8582920599256
84,24,0,0,21.0342021034888,21.077731571107,0,1,0,0,84,126.955205671848,21.0342021034888
85,24,0,0,21.213694079397,21.239342958058,0,1,0,0,85,126.851338975843,21.213694079397
86,24,0,0,21.3963963419843,21.5098780421646,0,1,0,0,86,126.769249531405,21.3963963419843
87,24,0,0,21.5819372455845,21.5532454555998,0,1,0,0,87,126.703618397037,21.5819372455845
88,24,0,0,21.7699528997968,21.8196934967737,0,1,0,0,88,126.649539140083,21.7699528997968
89,24,0,0,21.9601272742598,21.976227026532,0,1,0,0,89,126.60465104216,21.9601272742598
90,24,0,0,22.1521625778472,22.7360767689763,0,1,0,0,90,126.56756354456,22.1521625778472
91,24,0,0,22.3457610553365,22.854204619467,0,1,0,0,91,126.536887998339,22.3457610553365
92,24,0,0,22.5406249515053,23.1044271402683,0,1,0,0,92,126.511235754553,22.5406249515053
93,24,0,0,22.7364565111313,22.9511249885049,0,1,0,0,93,126.48921816426,22.7364565111313
94,24,0,0,22.932957978992,22.6579691059003,0,1,0,0,94,126.469446578514,22.932957978992
95,24,0,0,23.129831599865,23.0730926239768,0,1,0,0,95,126.450532348373,23.129831599865
40,25,0,0,15.0408368537426,14.8458964098694,0,1,0,0,40,136.982737365619,15.0408368537426
41,25,0,0,15.1832217972575,14.7064745295789,0,1,0,0,41,136.841802539844,15.1832217972575
42,25,0,0,15.3254085701517,14.5903959850718,0,1,0,0,42,136.688880944007,15.3254085701517
43,25,0,0,15.4672701083172,14.1484858802971,0,1,0,0,43,136.521078386295,15.4672701083172
44,25,0,0,15.6086793476463,14.6486308948898,0,1,0,0,44,136.335500674894,15.6086793476463
45,25,0,0,15.7495092240313,14.3993473291931,0,1,0,0,45,136.129253617991,15.7495092240313
46,25,0,0,15.8896326733644,14.8664692132804,0,1,0,0,46,135.899443023773,15.8896326733644
47,25,0,0,16.0289226315379,16.2534829242851,0,1,0,0,47,135.643174700427,16.0289226315379
48,25,0,0,16.1672520812322,16.6086189247047,0,1,0,0,48,135.357561076469,16.1672520812322
49,25,0,0,16.3045177734869,16.5786892158232,0,1,0,0,49,135.043077708028,16.3045177734869
50,25,0,0,16.4406788278908,16.5803773607615,0,1,0,0,50,134.709025051048,16.4406788278908
51,25,0,0,16.5757044702645,17.5613420830946,0,1,0,0,51,134.366133552741,16.5757044702645
52,25,0,0,16.7095639264283,17.0985697142496,0,1,0,0,52,134.025133660319,16.7095639264283
53,25,0,0,16.8422264222026,17.2727124072878,0,1,0,0,53,133.696755820995,16.8422264222026
54,25,0,0,16.9736611834077,17.2976689182719,0,1,0,0,54,133.391730481981,16.9736611834077
55,25,0,0,17.1038374358642,17.4335445931616,0,1,0,0,55,133.120788090489,17.1038374358642
56,25,0,0,17.2327249421087,17.4194042555548,0,1,0,0,56,132.894591356544,17.2327249421087
57,25,0,0,17.3603402260979,17.4423436982991,0,1,0,0,57,132.717901387742,17.3603402260979
58,25,0,0,17.4867821977621,17.3610836305767,0,1,0,0,58,132.585081633456,17.4867821977621
59,25,0,0,17.6121581532257,17.5427409888897,0,1,0,0,59,132.489437149508,17.6121581532257
60,25,0,0,17.7365753886133,17.4236570717676,0,1,0,0,60,132.424272991721,17.7365753886133
61,25,0,0,17.8601412000493,17.747671468144,0,1,0,0,61,132.38289421592,17.8601412000493
62,25,0,0,17.9829628836584,17.8245673046858,0,1,0,0,62,132.358605877926,17.9829628836584
63,25,0,0,18.105147735565,18.2716029351972,0,1,0,0,63,132.344713033562,18.105147735565
64,25,0,0,18.2268058293131,18.3062768937603,0,1,0,0,64,132.334502963734,18.2268058293131
65,25,0,0,18.3481389961573,18.4780977097957,0,1,0,0,65,132.320675718695,18.3481389961573
66,25,0,0,18.4694596497948,18.534534595552,0,1,0,0,66,132.295223643604,18.4694596497948
67,25,0,0,18.5910867874355,18.7347046364175,0,1,0,0,67,132.250096950474,18.5910867874355
68,25,0,0,18.7133394062895,18.8832392579597,0,1,0,0,68,132.177245851322,18.7133394062895
69,25,0,0,18.8365365035667,18.9178585149584,0,1,0,0,69,132.068620558164,18.8365365035667
70,25,0,0,18.9609970764773,19.011105080457,0,1,0,0,70,131.916171283015,18.9609970764773
71,25,0,0,19.0870401222311,19.1639208584865,0,1,0,0,71,131.71184823789,19.0870401222311
72,25,0,0,19.2149877623876,19.1352214258965,0,1,0,0,72,131.448309288008,19.2149877623876
73,25,0,0,19.3452145978128,19.2936305901227,0,1,0,0,73,131.130098660956,19.3452145978128
74,25,0,0,19.4781387749925,19.3448512242556,0,1,0,0,74,130.771623500822,19.4781387749925
75,25,0,0,19.6141797584976,19.4853154240321,0,1,0,0,75,130.387589492885,19.6141797584976
76,25,0,0,19.7537570128988,19.6552857138096,0,1,0,0,76,129.992702322428,19.7537570128988
77,25,0,0,19.897290002767,19.7678810625474,0,1,0,0,77,129.60166767473,19.897290002767
78,25,0,0,20.0451981926728,19.8743717001582,0,1,0,0,78,129.229191235073,20.0451981926728
79,25,0,0,20.1979010471872,19.9108111689557,0,1,0,0,79,128.889978688738,20.1979010471872
80,25,0,0,20.3557699799675,20.1669560594387,0,1,0,0,80,128.597519453587,20.3557699799675
81,25,0,0,20.5187043524989,20.2823343212933,0,1,0,0,81,128.353354336364,20.5187043524989
82,25,0,0,20.6863355943736,20.6825408415541,0,1,0,0,82,128.152242236689,20.6863355943736
83,25,0,0,20.8582920599256,21.1438952449116,0,1,0,0,83,127.988864213066,20.8582920599256
84,25,0,0,21.0342021034888,21.077731571107,0,1,0,0,84,127.857901324,21.0342021034888
85,25,0,0,21.213694079397,21.239342958058,0,1,0,0,85,127.754034627995,21.213694079397
86,25,0,0,21.3963963419843,21.5098780421646,0,1,0,0,86,127.671945183557,21.3963963419843
87,25,0,0,21.5819372455845,21.5532454555998,0,1,0,0,87,127.606314049189,21.5819372455845
88,25,0,0,21.7699528997968,21.8196934967737,0,1,0,0,88,127.552234792236,21.7699528997968
89,25,0,0,21.9601272742598,21.976227026532,0,1,0,0,89,127.507346694312,21.9601272742598
90,25,0,0,22.1521625778472,22.7360767689763,0,1,0,0,90,127.470259196712,22.1521625778472
91,25,0,0,22.3457610553365,22.854204619467,0,1,0,0,91,127.439583650491,22.3457610553365
92,25,0,0,22.5406249515053,23.1044271402683,0,1,0,0,92,127.413931406705,22.5406249515053
93,25,0,0,22.7364565111313,22.9511249885049,0,1,0,0,93,127.391913816412,22.7364565111313
94,25,0,0,22.932957978992,22.6579691059003,0,1,0,0,94,127.372142230666,22.932957978992
95,25,0,0,23.129831599865,23.0730926239768,0,1,0,0,95,127.353228000525,23.129831599865
40,10,1,0,15.0408368537426,14.8458964098694,0,0,40,0,0,121.037429340075,15.0408368537426
41,10,1,0,15.1832217972575,14.7064745295789,0,0,41,0,0,120.8964945143,15.1832217972575
42,10,1,0,15.3254085701517,14.5903959850718,0,0,42,0,0,120.743572918463,15.3254085701517
43,10,1,0,15.4672701083172,14.1484858802971,0,0,43,0,0,120.575770360751,15.4672701083172
44,10,1,0,15.6086793476463,14.6486308948898,0,0,44,0,0,120.39019264935,15.6086793476463
45,10,1,0,15.7495092240313,14.3993473291931,0,0,45,0,0,120.183945592447,15.7495092240313
46,10,1,0,15.8896326733644,14.8664692132804,0,0,46,0,0,119.954134998229,15.8896326733644
47,10,1,0,16.0289226315379,16.2534829242851,0,0,47,0,0,119.697866674883,16.0289226315379
48,10,1,0,16.1672520812322,16.6086189247047,0,0,48,0,0,119.412253050925,16.1672520812322
49,10,1,0,16.3045177734869,16.5786892158232,0,0,49,0,0,119.097769682484,16.3045177734869
50,10,1,0,16.4406788278908,16.5803773607615,0,0,50,0,0,118.763717025503,16.4406788278908
51,10,1,0,16.5757044702645,17.5613420830946,0,0,51,0,0,118.420825527197,16.5757044702645
52,10,1,0,16.7095639264283,17.0985697142496,0,0,52,0,0,118.079825634775,16.7095639264283
53,10,1,0,16.8422264222026,17.2727124072878,0,0,53,0,0,117.751447795451,16.8422264222026
54,10,1,0,16.9736611834077,17.2976689182719,0,0,54,0,0,117.446422456437,16.9736611834077
55,10,1,0,17.1038374358642,17.4335445931616,0,0,55,0,0,117.175480064945,17.1038374358642
56,10,1,0,17.2327249421087,17.4194042555548,0,0,56,0,0,116.949283331,17.2327249421087
57,10,1,0,17.3603402260979,17.4423436982991,0,0,57,0,0,116.772593362198,17.3603402260979
58,10,1,0,17.4867821977621,17.3610836305767,0,0,58,0,0,116.639773607912,17.4867821977621
59,10,1,0,17.6121581532257,17.5427409888897,0,0,59,0,0,116.544129123964,17.6121581532257
60,10,1,0,17.7365753886133,17.4236570717676,0,0,60,0,0,116.478964966177,17.7365753886133
61,10,1,0,17.8601412000493,17.747671468144,0,0,61,0,0,116.437586190375,17.8601412000493
62,10,1,0,17.9829628836584,17.8245673046858,0,0,62,0,0,116.413297852381,17.9829628836584
63,10,1,0,18.105147735565,18.2716029351972,0,0,63,0,0,116.399405008018,18.105147735565
64,10,1,0,18.2268058293131,18.3062768937603,0,0,64,0,0,116.389194938189,18.2268058293131
65,10,1,0,18.3481389961573,18.4780977097957,0,0,65,0,0,116.375367693151,18.3481389961573
66,10,1,0,18.4694596497948,18.534534595552,0,0,66,0,0,116.349915618059,18.4694596497948
67,10,1,0,18.5910867874355,18.7347046364175,0,0,67,0,0,116.30478892493,18.5910867874355
68,10,1,0,18.7133394062895,18.8832392579597,0,0,68,0,0,116.231937825778,18.7133394062895
69,10,1,0,18.8365365035667,18.9178585149584,0,0,69,0,0,116.12331253262,18.8365365035667
70,10,1,0,18.9609970764773,19.011105080457,0,0,70,0,0,115.97086325747,18.9609970764773
71,10,1,0,19.0870401222311,19.1639208584865,0,0,71,0,0,115.766540212346,19.0870401222311
72,10,1,0,19.2149877623876,19.1352214258965,0,0,72,0,0,115.503001262464,19.2149877623876
73,10,1,0,19.3452145978128,19.2936305901227,0,0,73,0,0,115.184790635412,19.3452145978128
74,10,1,0,19.4781387749925,19.3448512242556,0,0,74,0,0,114.826315475277,19.4781387749925
75,10,1,0,19.6141797584976,19.4853154240321,0,0,75,0,0,114.442281467341,19.6141797584976
76,10,1,0,19.7537570128988,19.6552857138096,0,0,76,0,0,114.047394296884,19.7537570128988
77,10,1,0,19.897290002767,19.7678810625474,0,0,77,0,0,113.656359649186,19.897290002767
78,10,1,0,20.0451981926728,19.8743717001582,0,0,78,0,0,113.283883209529,20.0451981926728
79,10,1,0,20.1979010471872,19.9108111689557,0,0,79,0,0,112.944670663194,20.1979010471872
80,10,1,0,20.3557699799675,20.1669560594387,0,0,80,0,0,112.652211428042,20.3557699799675
81,10,1,0,20.5187043524989,20.2823343212933,0,0,81,0,0,112.408046310819,20.5187043524989
82,10,1,0,20.6863355943736,20.6825408415541,0,0,82,0,0,112.206934211144,20.6863355943736
83,10,1,0,20.8582920599256,21.1438952449116,0,0,83,0,0,112.043556187522,20.8582920599256
84,10,1,0,21.0342021034888,21.077731571107,0,0,84,0,0,111.912593298456,21.0342021034888
85,10,1,0,21.213694079397,21.239342958058,0,0,85,0,0,111.808726602451,21.213694079397
86,10,1,0,21.3963963419843,21.5098780421646,0,0,86,0,0,111.726637158013,21.3963963419843
87,10,1,0,21.5819372455845,21.5532454555998,0,0,87,0,0,111.661006023645,21.5819372455845
88,10,1,0,21.7699528997968,21.8196934967737,0,0,88,0,0,111.606926766691,21.7699528997968
89,10,1,0,21.9601272742598,21.976227026532,0,0,89,0,0,111.562038668768,21.9601272742598
90,10,1,0,22.1521625778472,22.7360767689763,0,0,90,0,0,111.524951171168,22.1521625778472
91,10,1,0,22.3457610553365,22.854204619467,0,0,91,0,0,111.494275624946,22.3457610553365
92,10,1,0,22.5406249515053,23.1044271402683,0,0,92,0,0,111.468623381161,22.5406249515053
93,10,1,0,22.7364565111313,22.9511249885049,0,0,93,0,0,111.446605790868,22.7364565111313
94,10,1,0,22.932957978992,22.6579691059003,0,0,94,0,0,111.426834205122,22.932957978992
95,10,1,0,23.129831599865,23.0730926239768,0,0,95,0,0,111.407919974981,23.129831599865
40,11,1,0,15.0408368537426,14.8458964098694,0,0,40,0,0,121.940124992227,15.0408368537426
41,11,1,0,15.1832217972575,14.7064745295789,0,0,41,0,0,121.799190166452,15.1832217972575
42,11,1,0,15.3254085701517,14.5903959850718,0,0,42,0,0,121.646268570615,15.3254085701517
43,11,1,0,15.4672701083172,14.1484858802971,0,0,43,0,0,121.478466012903,15.4672701083172
44,11,1,0,15.6086793476463,14.6486308948898,0,0,44,0,0,121.292888301502,15.6086793476463
45,11,1,0,15.7495092240313,14.3993473291931,0,0,45,0,0,121.086641244599,15.7495092240313
46,11,1,0,15.8896326733644,14.8664692132804,0,0,46,0,0,120.856830650381,15.8896326733644
47,11,1,0,16.0289226315379,16.2534829242851,0,0,47,0,0,120.600562327035,16.0289226315379
48,11,1,0,16.1672520812322,16.6086189247047,0,0,48,0,0,120.314948703077,16.1672520812322
49,11,1,0,16.3045177734869,16.5786892158232,0,0,49,0,0,120.000465334636,16.3045177734869
50,11,1,0,16.4406788278908,16.5803773607615,0,0,50,0,0,119.666412677656,16.4406788278908
51,11,1,0,16.5757044702645,17.5613420830946,0,0,51,0,0,119.323521179349,16.5757044702645
52,11,1,0,16.7095639264283,17.0985697142496,0,0,52,0,0,118.982521286927,16.7095639264283
53,11,1,0,16.8422264222026,17.2727124072878,0,0,53,0,0,118.654143447603,16.8422264222026
54,11,1,0,16.9736611834077,17.2976689182719,0,0,54,0,0,118.349118108589,16.9736611834077
55,11,1,0,17.1038374358642,17.4335445931616,0,0,55,0,0,118.078175717097,17.1038374358642
56,11,1,0,17.2327249421087,17.4194042555548,0,0,56,0,0,117.851978983152,17.2327249421087
57,11,1,0,17.3603402260979,17.4423436982991,0,0,57,0,0,117.67528901435,17.3603402260979
58,11,1,0,17.4867821977621,17.3610836305767,0,0,58,0,0,117.542469260064,17.4867821977621
59,11,1,0,17.6121581532257,17.5427409888897,0,0,59,0,0,117.446824776116,17.6121581532257
60,11,1,0,17.7365753886133,17.4236570717676,0,0,60,0,0,117.381660618329,17.7365753886133
61,11,1,0,17.8601412000493,17.747671468144,0,0,61,0,0,117.340281842528,17.8601412000493
62,11,1,0,17.9829628836584,17.8245673046858,0,0,62,0,0,117.315993504533,17.9829628836584
63,11,1,0,18.105147735565,18.2716029351972,0,0,63,0,0,117.30210066017,18.105147735565
64,11,1,0,18.2268058293131,18.3062768937603,0,0,64,0,0,117.291890590342,18.2268058293131
65,11,1,0,18.3481389961573,18.4780977097957,0,0,65,0,0,117.278063345303,18.3481389961573
66,11,1,0,18.4694596497948,18.534534595552,0,0,66,0,0,117.252611270212,18.4694596497948
67,11,1,0,18.5910867874355,18.7347046364175,0,0,67,0,0,117.207484577082,18.5910867874355
68,11,1,0,18.7133394062895,18.8832392579597,0,0,68,0,0,117.13463347793,18.7133394062895
69,11,1,0,18.8365365035667,18.9178585149584,0,0,69,0,0,117.026008184772,18.8365365035667
70,11,1,0,18.9609970764773,19.011105080457,0,0,70,0,0,116.873558909622,18.9609970764773
71,11,1,0,19.0870401222311,19.1639208584865,0,0,71,0,0,116.669235864498,19.0870401222311
72,11,1,0,19.2149877623876,19.1352214258965,0,0,72,0,0,116.405696914616,19.2149877623876
73,11,1,0,19.3452145978128,19.2936305901227,0,0,73,0,0,116.087486287564,19.3452145978128
74,11,1,0,19.4781387749925,19.3448512242556,0,0,74,0,0,115.72901112743,19.4781387749925
75,11,1,0,19.6141797584976,19.4853154240321,0,0,75,0,0,115.344977119493,19.6141797584976
76,11,1,0,19.7537570128988,19.6552857138096,0,0,76,0,0,114.950089949036,19.7537570128988
77,11,1,0,19.897290002767,19.7678810625474,0,0,77,0,0,114.559055301338,19.897290002767
78,11,1,0,20.0451981926728,19.8743717001582,0,0,78,0,0,114.186578861681,20.0451981926728
79,11,1,0,20.1979010471872,19.9108111689557,0,0,79,0,0,113.847366315346,20.1979010471872
80,11,1,0,20.3557699799675,20.1669560594387,0,0,80,0,0,113.554907080194,20.3557699799675
81,11,1,0,20.5187043524989,20.2823343212933,0,0,81,0,0,113.310741962972,20.5187043524989
82,11,1,0,20.6863355943736,20.6825408415541,0,0,82,0,0,113.109629863297,20.6863355943736
83,11,1,0,20.8582920599256,21.1438952449116,0,0,83,0,0,112.946251839674,20.8582920599256
84,11,1,0,21.0342021034888,21.077731571107,0,0,84,0,0,112.815288950608,21.0342021034888
85,11,1,0,21.213694079397,21.239342958058,0,0,85,0,0,112.711422254603,21.213694079397
86,11,1,0,21.3963963419843,21.5098780421646,0,0,86,0,0,112.629332810165,21.3963963419843
87,11,1,0,21.5819372455845,21.5532454555998,0,0,87,0,0,112.563701675797,21.5819372455845
88,11,1,0,21.7699528997968,21.8196934967737,0,0,88,0,0,112.509622418843,21.7699528997968
89,11,1,0,21.9601272742598,21.976227026532,0,0,89,0,0,112.46473432092,21.9601272742598
90,11,1,0,22.1521625778472,22.7360767689763,0,0,90,0,0,112.42764682332,22.1521625778472
91,11,1,0,22.3457610553365,22.854204619467,0,0,91,0,0,112.396971277099,22.3457610553365
92,11,1,0,22.5406249515053,23.1044271402683,0,0,92,0,0,112.371319033313,22.5406249515053
93,11,1,0,22.7364565111313,22.9511249885049,0,0,93,0,0,112.34930144302,22.7364565111313
94,11,1,0,22.932957978992,22.6579691059003,0,0,94,0,0,112.329529857274,22.932957978992
95,11,1,0,23.129831599865,23.0730926239768,0,0,95,0,0,112.310615627133,23.129831599865
40,12,1,0,15.0408368537426,14.8458964098694,0,0,40,0,0,122.842820644379,15.0408368537426
41,12,1,0,15.1832217972575,14.7064745295789,0,0,41,0,0,122.701885818604,15.1832217972575
42,12,1,0,15.3254085701517,14.5903959850718,0,0,42,0,0,122.548964222767,15.3254085701517
43,12,1,0,15.4672701083172,14.1484858802971,0,0,43,0,0,122.381161665055,15.4672701083172
44,12,1,0,15.6086793476463,14.6486308948898,0,0,44,0,0,122.195583953654,15.6086793476463
45,12,1,0,15.7495092240313,14.3993473291931,0,0,45,0,0,121.989336896751,15.7495092240313
46,12,1,0,15.8896326733644,14.8664692132804,0,0,46,0,0,121.759526302533,15.8896326733644
47,12,1,0,16.0289226315379,16.2534829242851,0,0,47,0,0,121.503257979187,16.0289226315379
48,12,1,0,16.1672520812322,16.6086189247047,0,0,48,0,0,121.217644355229,16.1672520812322
49,12,1,0,16.3045177734869,16.5786892158232,0,0,49,0,0,120.903160986788,16.3045177734869
50,12,1,0,16.4406788278908,16.5803773607615,0,0,50,0,0,120.569108329808,16.4406788278908
51,12,1,0,16.5757044702645,17.5613420830946,0,0,51,0,0,120.226216831501,16.5757044702645
52,12,1,0,16.7095639264283,17.0985697142496,0,0,52,0,0,119.885216939079,16.7095639264283
53,12,1,0,16.8422264222026,17.2727124072878,0,0,53,0,0,119.556839099755,16.8422264222026
54,12,1,0,16.9736611834077,17.2976689182719,0,0,54,0,0,119.251813760741,16.9736611834077
55,12,1,0,17.1038374358642,17.4335445931616,0,0,55,0,0,118.980871369249,17.1038374358642
56,12,1,0,17.2327249421087,17.4194042555548,0,0,56,0,0,118.754674635304,17.2327249421087
57,12,1,0,17.3603402260979,17.4423436982991,0,0,57,0,0,118.577984666502,17.3603402260979
58,12,1,0,17.4867821977621,17.3610836305767,0,0,58,0,0,118.445164912216,17.4867821977621
59,12,1,0,17.6121581532257,17.5427409888897,0,0,59,0,0,118.349520428268,17.6121581532257
60,12,1,0,17.7365753886133,17.4236570717676,0,0,60,0,0,118.284356270481,17.7365753886133
61,12,1,0,17.8601412000493,17.747671468144,0,0,61,0,0,118.24297749468,17.8601412000493
62,12,1,0,17.9829628836584,17.8245673046858,0,0,62,0,0,118.218689156686,17.9829628836584
63,12,1,0,18.105147735565,18.2716029351972,0,0,63,0,0,118.204796312322,18.105147735565
64,12,1,0,18.2268058293131,18.3062768937603,0,0,64,0,0,118.194586242494,18.2268058293131
65,12,1,0,18.3481389961573,18.4780977097957,0,0,65,0,0,118.180758997455,18.3481389961573
66,12,1,0,18.4694596497948,18.534534595552,0,0,66,0,0,118.155306922364,18.4694596497948
67,12,1,0,18.5910867874355,18.7347046364175,0,0,67,0,0,118.110180229234,18.5910867874355
68,12,1,0,18.7133394062895,18.8832392579597,0,0,68,0,0,118.037329130082,18.7133394062895
69,12,1,0,18.8365365035667,18.9178585149584,0,0,69,0,0,117.928703836924,18.8365365035667
70,12,1,0,18.9609970764773,19.011105080457,0,0,70,0,0,117.776254561775,18.9609970764773
71,12,1,0,19.0870401222311,19.1639208584865,0,0,71,0,0,117.57193151665,19.0870401222311
72,12,1,0,19.2149877623876,19.1352214258965,0,0,72,0,0,117.308392566768,19.2149877623876
73,12,1,0,19.3452145978128,19.2936305901227,0,0,73,0,0,116.990181939716,19.3452145978128
74,12,1,0,19.4781387749925,19.3448512242556,0,0,74,0,0,116.631706779582,19.4781387749925
75,12,1,0,19.6141797584976,19.4853154240321,0,0,75,0,0,116.247672771645,19.6141797584976
76,12,1,0,19.7537570128988,19.6552857138096,0,0,76,0,0,115.852785601188,19.7537570128988
77,12,1,0,19.897290002767,19.7678810625474,0,0,77,0,0,115.46175095349,19.897290002767
78,12,1,0,20.0451981926728,19.8743717001582,0,0,78,0,0,115.089274513833,20.0451981926728
79,12,1,0,20.1979010471872,19.9108111689557,0,0,79,0,0,114.750061967498,20.1979010471872
80,12,1,0,20.3557699799675,20.1669560594387,0,0,80,0,0,114.457602732347,20.3557699799675
81,12,1,0,20.5187043524989,20.2823343212933,0,0,81,0,0,114.213437615124,20.5187043524989
82,12,1,0,20.6863355943736,20.6825408415541,0,0,82,0,0,114.012325515449,20.6863355943736
83,12,1,0,20.8582920599256,21.1438952449116,0,0,83,0,0,113.848947491826,20.8582920599256
84,12,1,0,21.0342021034888,21.077731571107,0,0,84,0,0,113.71798460276,21.0342021034888
85,12,1,0,21.213694079397,21.239342958058,0,0,85,0,0,113.614117906755,21.213694079397
86,12,1,0,21.3963963419843,21.5098780421646,0,0,86,0,0,113.532028462317,21.3963963419843
87,12,1,0,21.5819372455845,21.5532454555998,0,0,87,0,0,113.466397327949,21.5819372455845
88,12,1,0,21.7699528997968,21.8196934967737,0,0,88,0,0,113.412318070996,21.7699528997968
89,12,1,0,21.9601272742598,21.976227026532,0,0,89,0,0,113.367429973072,21.9601272742598
90,12,1,0,22.1521625778472,22.7360767689763,0,0,90,0,0,113.330342475472,22.1521625778472
91,12,1,0,22.3457610553365,22.854204619467,0,0,91,0,0,113.299666929251,22.3457610553365
92,12,1,0,22.5406249515053,23.1044271402683,0,0,92,0,0,113.274014685465,22.5406249515053
93,12,1,0,22.7364565111313,22.9511249885049,0,0,93,0,0,113.251997095172,22.7364565111313
94,12,1,0,22.932957978992,22.6579691059003,0,0,94,0,0,113.232225509426,22.932957978992
95,12,1,0,23.129831599865,23.0730926239768,0,0,95,0,0,113.213311279285,23.129831599865
40,13,1,0,15.0408368537426,14.8458964098694,1,0,40,40,0,123.745516296531,15.0408368537426
41,13,1,0,15.1832217972575,14.7064745295789,1,0,41,41,0,123.604581470756,15.1832217972575
42,13,1,0,15.3254085701517,14.5903959850718,1,0,42,42,0,123.451659874919,15.3254085701517
43,13,1,0,15.4672701083172,14.1484858802971,1,0,43,43,0,123.283857317207,15.4672701083172
44,13,1,0,15.6086793476463,14.6486308948898,1,0,44,44,0,123.098279605806,15.6086793476463
45,13,1,0,15.7495092240313,14.3993473291931,1,0,45,45,0,122.892032548903,15.7495092240313
46,13,1,0,15.8896326733644,14.8664692132804,1,0,46,46,0,122.662221954685,15.8896326733644
47,13,1,0,16.0289226315379,16.2534829242851,1,0,47,47,0,122.405953631339,16.0289226315379
48,13,1,0,16.1672520812322,16.6086189247047,1,0,48,48,0,122.120340007381,16.1672520812322
49,13,1,0,16.3045177734869,16.5786892158232,1,0,49,49,0,121.80585663894,16.3045177734869
50,13,1,0,16.4406788278908,16.5803773607615,1,0,50,50,0,121.47180398196,16.4406788278908
51,13,1,0,16.5757044702645,17.5613420830946,1,0,51,51,0,121.128912483653,16.5757044702645
52,13,1,0,16.7095639264283,17.0985697142496,1,0,52,52,0,120.787912591231,16.7095639264283
53,13,1,0,16.8422264222026,17.2727124072878,1,0,53,53,0,120.459534751907,16.8422264222026
54,13,1,0,16.9736611834077,17.2976689182719,1,0,54,54,0,120.154509412893,16.9736611834077
55,13,1,0,17.1038374358642,17.4335445931616,1,0,55,55,0,119.883567021401,17.1038374358642
56,13,1,0,17.2327249421087,17.4194042555548,1,0,56,56,0,119.657370287456,17.2327249421087
57,13,1,0,17.3603402260979,17.4423436982991,1,0,57,57,0,119.480680318654,17.3603402260979
58,13,1,0,17.4867821977621,17.3610836305767,1,0,58,58,0,119.347860564368,17.4867821977621
59,13,1,0,17.6121581532257,17.5427409888897,1,0,59,59,0,119.25221608042,17.6121581532257
60,13,1,0,17.7365753886133,17.4236570717676,1,0,60,60,0,119.187051922634,17.7365753886133
61,13,1,0,17.8601412000493,17.747671468144,1,0,61,61,0,119.145673146832,17.8601412000493
62,13,1,0,17.9829628836584,17.8245673046858,1,0,62,62,0,119.121384808838,17.9829628836584
63,13,1,0,18.105147735565,18.2716029351972,1,0,63,63,0,119.107491964474,18.105147735565
64,13,1,0,18.2268058293131,18.3062768937603,1,0,64,64,0,119.097281894646,18.2268058293131
65,13,1,0,18.3481389961573,18.4780977097957,1,0,65,65,0,119.083454649608,18.3481389961573
66,13,1,0,18.4694596497948,18.534534595552,1,0,66,66,0,119.058002574516,18.4694596497948
67,13,1,0,18.5910867874355,18.7347046364175,1,0,67,67,0,119.012875881386,18.5910867874355
68,13,1,0,18.7133394062895,18.8832392579597,1,0,68,68,0,118.940024782234,18.7133394062895
69,13,1,0,18.8365365035667,18.9178585149584,1,0,69,69,0,118.831399489076,18.8365365035667
70,13,1,0,18.9609970764773,19.011105080457,1,0,70,70,0,118.678950213927,18.9609970764773
71,13,1,0,19.0870401222311,19.1639208584865,1,0,71,71,0,118.474627168802,19.0870401222311
72,13,1,0,19.2149877623876,19.1352214258965,1,0,72,72,0,118.21108821892,19.2149877623876
73,13,1,0,19.3452145978128,19.2936305901227,1,0,73,73,0,117.892877591868,19.3452145978128
74,13,1,0,19.4781387749925,19.3448512242556,1,0,74,74,0,117.534402431734,19.4781387749925
75,13,1,0,19.6141797584976,19.4853154240321,1,0,75,75,0,117.150368423797,19.6141797584976
76,13,1,0,19.7537570128988,19.6552857138096,1,0,76,76,0,116.75548125334,19.7537570128988
77,13,1,0,19.897290002767,19.7678810625474,1,0,77,77,0,116.364446605642,19.897290002767
78,13,1,0,20.0451981926728,19.8743717001582,1,0,78,78,0,115.991970165985,20.0451981926728
79,13,1,0,20.1979010471872,19.9108111689557,1,0,79,79,0,115.65275761965,20.1979010471872
80,13,1,0,20.3557699799675,20.1669560594387,1,0,80,80,0,115.360298384499,20.3557699799675
81,13,1,0,20.5187043524989,20.2823343212933,1,0,81,81,0,115.116133267276,20.5187043524989
82,13,1,0,20.6863355943736,20.6825408415541,1,0,82,82,0,114.915021167601,20.6863355943736
83,13,1,0,20.8582920599256,21.1438952449116,1,0,83,83,0,114.751643143978,20.8582920599256
84,13,1,0,21.0342021034888,21.077731571107,1,0,84,84,0,114.620680254912,21.0342021034888
85,13,1,0,21.213694079397,21.239342958058,1,0,85,85,0,114.516813558908,21.213694079397
86,13,1,0,21.3963963419843,21.5098780421646,1,0,86,86,0,114.434724114469,21.3963963419843
87,13,1,0,21.5819372455845,21.5532454555998,1,0,87,87,0,114.369092980101,21.5819372455845
88,13,1,0,21.7699528997968,21.8196934967737,1,0,88,88,0,114.315013723148,21.7699528997968
89,13,1,0,21.9601272742598,21.976227026532,1,0,89,89,0,114.270125625224,21.9601272742598
90,13,1,0,22.1521625778472,22.7360767689763,1,0,90,90,0,114.233038127624,22.1521625778472
91,13,1,0,22.3457610553365,22.854204619467,1,0,91,91,0,114.202362581403,22.3457610553365
92,13,1,0,22.5406249515053,23.1044271402683,1,0,92,92,0,114.176710337617,22.5406249515053
93,13,1,0,22.7364565111313,22.9511249885049,1,0,93,93,0,114.154692747324,22.7364565111313
94,13,1,0,22.932957978992,22.6579691059003,1,0,94,94,0,114.134921161578,22.932957978992
95,13,1,0,23.129831599865,23.0730926239768,1,0,95,95,0,114.116006931437,23.129831599865
40,14,1,0,15.0408368537426,14.8458964098694,1,0,40,40,0,124.648211948683,15.0408368537426
41,14,1,0,15.1832217972575,14.7064745295789,1,0,41,41,0,124.507277122908,15.1832217972575
42,14,1,0,15.3254085701517,14.5903959850718,1,0,42,42,0,124.354355527071,15.3254085701517
43,14,1,0,15.4672701083172,14.1484858802971,1,0,43,43,0,124.186552969359,15.4672701083172
44,14,1,0,15.6086793476463,14.6486308948898,1,0,44,44,0,124.000975257958,15.6086793476463
45,14,1,0,15.7495092240313,14.3993473291931,1,0,45,45,0,123.794728201055,15.7495092240313
46,14,1,0,15.8896326733644,14.8664692132804,1,0,46,46,0,123.564917606837,15.8896326733644
47,14,1,0,16.0289226315379,16.2534829242851,1,0,47,47,0,123.308649283491,16.0289226315379
48,14,1,0,16.1672520812322,16.6086189247047,1,0,48,48,0,123.023035659533,16.1672520812322
49,14,1,0,16.3045177734869,16.5786892158232,1,0,49,49,0,122.708552291092,16.3045177734869
50,14,1,0,16.4406788278908,16.5803773607615,1,0,50,50,0,122.374499634112,16.4406788278908
51,14,1,0,16.5757044702645,17.5613420830946,1,0,51,51,0,122.031608135805,16.5757044702645
52,14,1,0,16.7095639264283,17.0985697142496,1,0,52,52,0,121.690608243384,16.7095639264283
53,14,1,0,16.8422264222026,17.2727124072878,1,0,53,53,0,121.36223040406,16.8422264222026
54,14,1,0,16.9736611834077,17.2976689182719,1,0,54,54,0,121.057205065045,16.9736611834077
55,14,1,0,17.1038374358642,17.4335445931616,1,0,55,55,0,120.786262673553,17.1038374358642
56,14,1,0,17.2327249421087,17.4194042555548,1,0,56,56,0,120.560065939608,17.2327249421087
57,14,1,0,17.3603402260979,17.4423436982991,1,0,57,57,0,120.383375970806,17.3603402260979
58,14,1,0,17.4867821977621,17.3610836305767,1,0,58,58,0,120.25055621652,17.4867821977621
59,14,1,0,17.6121581532257,17.5427409888897,1,0,59,59,0,120.154911732572,17.6121581532257
60,14,1,0,17.7365753886133,17.4236570717676,1,0,60,60,0,120.089747574786,17.7365753886133
61,14,1,0,17.8601412000493,17.747671468144,1,0,61,61,0,120.048368798984,17.8601412000493
62,14,1,0,17.9829628836584,17.8245673046858,1,0,62,62,0,120.02408046099,17.9829628836584
63,14,1,0,18.105147735565,18.2716029351972,1,0,63,63,0,120.010187616626,18.105147735565
64,14,1,0,18.2268058293131,18.3062768937603,1,0,64,64,0,119.999977546798,18.2268058293131
65,14,1,0,18.3481389961573,18.4780977097957,1,0,65,65,0,119.98615030176,18.3481389961573
66,14,1,0,18.4694596497948,18.534534595552,1,0,66,66,0,119.960698226668,18.4694596497948
67,14,1,0,18.5910867874355,18.7347046364175,1,0,67,67,0,119.915571533538,18.5910867874355
68,14,1,0,18.7133394062895,18.8832392579597,1,0,68,68,0,119.842720434386,18.7133394062895
69,14,1,0,18.8365365035667,18.9178585149584,1,0,69,69,0,119.734095141228,18.8365365035667
70,14,1,0,18.9609970764773,19.011105080457,1,0,70,70,0,119.581645866079,18.9609970764773
71,14,1,0,19.0870401222311,19.1639208584865,1,0,71,71,0,119.377322820954,19.0870401222311
72,14,1,0,19.2149877623876,19.1352214258965,1,0,72,72,0,119.113783871072,19.2149877623876
73,14,1,0,19.3452145978128,19.2936305901227,1,0,73,73,0,118.79557324402,19.3452145978128
74,14,1,0,19.4781387749925,19.3448512242556,1,0,74,74,0,118.437098083886,19.4781387749925
75,14,1,0,19.6141797584976,19.4853154240321,1,0,75,75,0,118.05306407595,19.6141797584976
76,14,1,0,19.7537570128988,19.6552857138096,1,0,76,76,0,117.658176905492,19.7537570128988
77,14,1,0,19.897290002767,19.7678810625474,1,0,77,77,0,117.267142257794,19.897290002767
78,14,1,0,20.0451981926728,19.8743717001582,1,0,78,78,0,116.894665818137,20.0451981926728
79,14,1,0,20.1979010471872,19.9108111689557,1,0,79,79,0,116.555453271802,20.1979010471872
80,14,1,0,20.3557699799675,20.1669560594387,1,0,80,80,0,116.262994036651,20.3557699799675
81,14,1,0,20.5187043524989,20.2823343212933,1,0,81,81,0,116.018828919428,20.5187043524989
82,14,1,0,20.6863355943736,20.6825408415541,1,0,82,82,0,115.817716819753,20.6863355943736
83,14,1,0,20.8582920599256,21.1438952449116,1,0,83,83,0,115.65433879613,20.8582920599256
84,14,1,0,21.0342021034888,21.077731571107,1,0,84,84,0,115.523375907064,21.0342021034888
85,14,1,0,21.213694079397,21.239342958058,1,0,85,85,0,115.41950921106,21.213694079397
86,14,1,0,21.3963963419843,21.5098780421646,1,0,86,86,0,115.337419766621,21.3963963419843
87,14,1,0,21.5819372455845,21.5532454555998,1,0,87,87,0,115.271788632253,21.5819372455845
88,14,1,0,21.7699528997968,21.8196934967737,1,0,88,88,0,115.2177093753,21.7699528997968
89,14,1,0,21.9601272742598,21.976227026532,1,0,89,89,0,115.172821277376,21.9601272742598
90,14,1,0,22.1521625778472,22.7360767689763,1,0,90,90,0,115.135733779776,22.1521625778472
91,14,1,0,22.3457610553365,22.854204619467,1,0,91,91,0,115.105058233555,22.3457610553365
92,14,1,0,22.5406249515053,23.1044271402683,1,0,92,92,0,115.07940598977,22.5406249515053
93,14,1,0,22.7364565111313,22.9511249885049,1,0,93,93,0,115.057388399476,22.7364565111313
94,14,1,0,22.932957978992,22.6579691059003,1,0,94,94,0,115.037616813731,22.932957978992
95,14,1,0,23.129831599865,23.0730926239768,1,0,95,95,0,115.018702583589,23.129831599865
40,15,1,0,15.0408368537426,14.8458964098694,1,0,40,40,0,125.550907600835,15.0408368537426
41,15,1,0,15.1832217972575,14.7064745295789,1,0,41,41,0,125.40997277506,15.1832217972575
42,15,1,0,15.3254085701517,14.5903959850718,1,0,42,42,0,125.257051179224,15.3254085701517
43,15,1,0,15.4672701083172,14.1484858802971,1,0,43,43,0,125.089248621511,15.4672701083172
44,15,1,0,15.6086793476463,14.6486308948898,1,0,44,44,0,124.90367091011,15.6086793476463
45,15,1,0,15.7495092240313,14.3993473291931,1,0,45,45,0,124.697423853207,15.7495092240313
46,15,1,0,15.8896326733644,14.8664692132804,1,0,46,46,0,124.46761325899,15.8896326733644
47,15,1,0,16.0289226315379,16.2534829242851,1,0,47,47,0,124.211344935643,16.0289226315379
48,15,1,0,16.1672520812322,16.6086189247047,1,0,48,48,0,123.925731311685,16.1672520812322
49,15,1,0,16.3045177734869,16.5786892158232,1,0,49,49,0,123.611247943244,16.3045177734869
50,15,1,0,16.4406788278908,16.5803773607615,1,0,50,50,0,123.277195286264,16.4406788278908
51,15,1,0,16.5757044702645,17.5613420830946,1,0,51,51,0,122.934303787957,16.5757044702645
52,15,1,0,16.7095639264283,17.0985697142496,1,0,52,52,0,122.593303895536,16.7095639264283
53,15,1,0,16.8422264222026,17.2727124072878,1,0,53,53,0,122.264926056212,16.8422264222026
54,15,1,0,16.9736611834077,17.2976689182719,1,0,54,54,0,121.959900717198,16.9736611834077
55,15,1,0,17.1038374358642,17.4335445931616,1,0,55,55,0,121.688958325705,17.1038374358642
56,15,1,0,17.2327249421087,17.4194042555548,1,0,56,56,0,121.46276159176,17.2327249421087
57,15,1,0,17.3603402260979,17.4423436982991,1,0,57,57,0,121.286071622958,17.3603402260979
58,15,1,0,17.4867821977621,17.3610836305767,1,0,58,58,0,121.153251868672,17.4867821977621
59,15,1,0,17.6121581532257,17.5427409888897,1,0,59,59,0,121.057607384724,17.6121581532257
60,15,1,0,17.7365753886133,17.4236570717676,1,0,60,60,0,120.992443226938,17.7365753886133
61,15,1,0,17.8601412000493,17.747671468144,1,0,61,61,0,120.951064451136,17.8601412000493
62,15,1,0,17.9829628836584,17.8245673046858,1,0,62,62,0,120.926776113142,17.9829628836584
63,15,1,0,18.105147735565,18.2716029351972,1,0,63,63,0,120.912883268778,18.105147735565
64,15,1,0,18.2268058293131,18.3062768937603,1,0,64,64,0,120.90267319895,18.2268058293131
65,15,1,0,18.3481389961573,18.4780977097957,1,0,65,65,0,120.888845953912,18.3481389961573
66,15,1,0,18.4694596497948,18.534534595552,1,0,66,66,0,120.86339387882,18.4694596497948
67,15,1,0,18.5910867874355,18.7347046364175,1,0,67,67,0,120.81826718569,18.5910867874355
68,15,1,0,18.7133394062895,18.8832392579597,1,0,68,68,0,120.745416086538,18.7133394062895
69,15,1,0,18.8365365035667,18.9178585149584,1,0,69,69,0,120.63679079338,18.8365365035667
70,15,1,0,18.9609970764773,19.011105080457,1,0,70,70,0,120.484341518231,18.9609970764773
71,15,1,0,19.0870401222311,19.1639208584865,1,0,71,71,0,120.280018473106,19.0870401222311
72,15,1,0,19.2149877623876,19.1352214258965,1,0,72,72,0,120.016479523224,19.2149877623876
73,15,1,0,19.3452145978128,19.2936305901227,1,0,73,73,0,119.698268896173,19.3452145978128
74,15,1,0,19.4781387749925,19.3448512242556,1,0,74,74,0,119.339793736038,19.4781387749925
75,15,1,0,19.6141797584976,19.4853154240321,1,0,75,75,0,118.955759728102,19.6141797584976
76,15,1,0,19.7537570128988,19.6552857138096,1,0,76,76,0,118.560872557644,19.7537570128988
77,15,1,0,19.897290002767,19.7678810625474,1,0,77,77,0,118.169837909946,19.897290002767
78,15,1,0,20.0451981926728,19.8743717001582,1,0,78,78,0,117.79736147029,20.0451981926728
79,15,1,0,20.1979010471872,19.9108111689557,1,0,79,79,0,117.458148923954,20.1979010471872
80,15,1,0,20.3557699799675,20.1669560594387,1,0,80,80,0,117.165689688803,20.3557699799675
81,15,1,0,20.5187043524989,20.2823343212933,1,0,81,81,0,116.92152457158,20.5187043524989
82,15,1,0,20.6863355943736,20.6825408415541,1,0,82,82,0,116.720412471905,20.6863355943736
83,15,1,0,20.8582920599256,21.1438952449116,1,0,83,83,0,116.557034448282,20.8582920599256
84,15,1,0,21.0342021034888,21.077731571107,1,0,84,84,0,116.426071559216,21.0342021034888
85,15,1,0,21.213694079397,21.239342958058,1,0,85,85,0,116.322204863212,21.213694079397
86,15,1,0,21.3963963419843,21.5098780421646,1,0,86,86,0,116.240115418773,21.3963963419843
87,15,1,0,21.5819372455845,21.5532454555998,1,0,87,87,0,116.174484284405,21.5819372455845
88,15,1,0,21.7699528997968,21.8196934967737,1,0,88,88,0,116.120405027452,21.7699528997968
89,15,1,0,21.9601272742598,21.976227026532,1,0,89,89,0,116.075516929528,21.9601272742598
90,15,1,0,22.1521625778472,22.7360767689763,1,0,90,90,0,116.038429431928,22.1521625778472
91,15,1,0,22.3457610553365,22.854204619467,1,0,91,91,0,116.007753885707,22.3457610553365
92,15,1,0,22.5406249515053,23.1044271402683,1,0,92,92,0,115.982101641922,22.5406249515053
93,15,1,0,22.7364565111313,22.9511249885049,1,0,93,93,0,115.960084051628,22.7364565111313
94,15,1,0,22.932957978992,22.6579691059003,1,0,94,94,0,115.940312465883,22.932957978992
95,15,1,0,23.129831599865,23.0730926239768,1,0,95,95,0,115.921398235742,23.129831599865
40,16,1,0,15.0408368537426,14.8458964098694,1,0,40,40,0,126.453603252987,15.0408368537426
41,16,1,0,15.1832217972575,14.7064745295789,1,0,41,41,0,126.312668427213,15.1832217972575
42,16,1,0,15.3254085701517,14.5903959850718,1,0,42,42,0,126.159746831376,15.3254085701517
43,16,1,0,15.4672701083172,14.1484858802971,1,0,43,43,0,125.991944273663,15.4672701083172
44,16,1,0,15.6086793476463,14.6486308948898,1,0,44,44,0,125.806366562262,15.6086793476463
45,16,1,0,15.7495092240313,14.3993473291931,1,0,45,45,0,125.60011950536,15.7495092240313
46,16,1,0,15.8896326733644,14.8664692132804,1,0,46,46,0,125.370308911142,15.8896326733644
47,16,1,0,16.0289226315379,16.2534829242851,1,0,47,47,0,125.114040587795,16.0289226315379
48,16,1,0,16.1672520812322,16.6086189247047,1,0,48,48,0,124.828426963837,16.1672520812322
49,16,1,0,16.3045177734869,16.5786892158232,1,0,49,49,0,124.513943595396,16.3045177734869
50,16,1,0,16.4406788278908,16.5803773607615,1,0,50,50,0,124.179890938416,16.4406788278908
51,16,1,0,16.5757044702645,17.5613420830946,1,0,51,51,0,123.836999440109,16.5757044702645
52,16,1,0,16.7095639264283,17.0985697142496,1,0,52,52,0,123.495999547688,16.7095639264283
53,16,1,0,16.8422264222026,17.2727124072878,1,0,53,53,0,123.167621708364,16.8422264222026
54,16,1,0,16.9736611834077,17.2976689182719,1,0,54,54,0,122.86259636935,16.9736611834077
55,16,1,0,17.1038374358642,17.4335445931616,1,0,55,55,0,122.591653977858,17.1038374358642
56,16,1,0,17.2327249421087,17.4194042555548,1,0,56,56,0,122.365457243912,17.2327249421087
57,16,1,0,17.3603402260979,17.4423436982991,1,0,57,57,0,122.188767275111,17.3603402260979
58,16,1,0,17.4867821977621,17.3610836305767,1,0,58,58,0,122.055947520824,17.4867821977621
59,16,1,0,17.6121581532257,17.5427409888897,1,0,59,59,0,121.960303036876,17.6121581532257
60,16,1,0,17.7365753886133,17.4236570717676,1,0,60,60,0,121.89513887909,17.7365753886133
61,16,1,0,17.8601412000493,17.747671468144,1,0,61,61,0,121.853760103288,17.8601412000493
62,16,1,0,17.9829628836584,17.8245673046858,1,0,62,62,0,121.829471765294,17.9829628836584
63,16,1,0,18.105147735565,18.2716029351972,1,0,63,63,0,121.815578920931,18.105147735565
64,16,1,0,18.2268058293131,18.3062768937603,1,0,64,64,0,121.805368851102,18.2268058293131
65,16,1,0,18.3481389961573,18.4780977097957,1,0,65,65,0,121.791541606064,18.3481389961573
66,16,1,0,18.4694596497948,18.534534595552,1,0,66,66,0,121.766089530972,18.4694596497948
67,16,1,0,18.5910867874355,18.7347046364175,1,0,67,67,0,121.720962837842,18.5910867874355
68,16,1,0,18.7133394062895,18.8832392579597,1,0,68,68,0,121.648111738691,18.7133394062895
69,16,1,0,18.8365365035667,18.9178585149584,1,0,69,69,0,121.539486445532,18.8365365035667
70,16,1,0,18.9609970764773,19.011105080457,1,0,70,70,0,121.387037170383,18.9609970764773
71,16,1,0,19.0870401222311,19.1639208584865,1,0,71,71,0,121.182714125259,19.0870401222311
72,16,1,0,19.2149877623876,19.1352214258965,1,0,72,72,0,120.919175175376,19.2149877623876
73,16,1,0,19.3452145978128,19.2936305901227,1,0,73,73,0,120.600964548325,19.3452145978128
74,16,1,0,19.4781387749925,19.3448512242556,1,0,74,74,0,120.24248938819,19.4781387749925
75,16,1,0,19.6141797584976,19.4853154240321,1,0,75,75,0,119.858455380254,19.6141797584976
76,16,1,0,19.7537570128988,19.6552857138096,1,0,76,76,0,119.463568209796,19.7537570128988
77,16,1,0,19.897290002767,19.7678810625474,1,0,77,77,0,119.072533562099,19.897290002767
78,16,1,0,20.0451981926728,19.8743717001582,1,0,78,78,0,118.700057122442,20.0451981926728
79,16,1,0,20.1979010471872,19.9108111689557,1,0,79,79,0,118.360844576106,20.1979010471872
80,16,1,0,20.3557699799675,20.1669560594387,1,0,80,80,0,118.068385340955,20.3557699799675
81,16,1,0,20.5187043524989,20.2823343212933,1,0,81,81,0,117.824220223732,20.5187043524989
82,16,1,0,20.6863355943736,20.6825408415541,1,0,82,82,0,117.623108124057,20.6863355943736
83,16,1,0,20.8582920599256,21.1438952449116,1,0,83,83,0,117.459730100434,20.8582920599256
84,16,1,0,21.0342021034888,21.077731571107,1,0,84,84,0,117.328767211368,21.0342021034888
85,16,1,0,21.213694079397,21.239342958058,1,0,85,85,0,117.224900515364,21.213694079397
86,16,1,0,21.3963963419843,21.5098780421646,1,0,86,86,0,117.142811070925,21.3963963419843
87,16,1,0,21.5819372455845,21.5532454555998,1,0,87,87,0,117.077179936558,21.5819372455845
88,16,1,0,21.7699528997968,21.8196934967737,1,0,88,88,0,117.023100679604,21.7699528997968
89,16,1,0,21.9601272742598,21.976227026532,1,0,89,89,0,116.978212581681,21.9601272742598
90,16,1,0,22.1521625778472,22.7360767689763,1,0,90,90,0,116.94112508408,22.1521625778472
91,16,1,0,22.3457610553365,22.854204619467,1,0,91,91,0,116.910449537859,22.3457610553365
92,16,1,0,22.5406249515053,23.1044271402683,1,0,92,92,0,116.884797294074,22.5406249515053
93,16,1,0,22.7364565111313,22.9511249885049,1,0,93,93,0,116.86277970378,22.7364565111313
94,16,1,0,22.932957978992,22.6579691059003,1,0,94,94,0,116.843008118035,22.932957978992
95,16,1,0,23.129831599865,23.0730926239768,1,0,95,95,0,116.824093887894,23.129831599865
40,17,1,0,15.0408368537426,14.8458964098694,0,1,40,0,40,127.35629890514,15.0408368537426
41,17,1,0,15.1832217972575,14.7064745295789,0,1,41,0,41,127.215364079365,15.1832217972575
42,17,1,0,15.3254085701517,14.5903959850718,0,1,42,0,42,127.062442483528,15.3254085701517
43,17,1,0,15.4672701083172,14.1484858802971,0,1,43,0,43,126.894639925815,15.4672701083172
44,17,1,0,15.6086793476463,14.6486308948898,0,1,44,0,44,126.709062214415,15.6086793476463
45,17,1,0,15.7495092240313,14.3993473291931,0,1,45,0,45,126.502815157512,15.7495092240313
46,17,1,0,15.8896326733644,14.8664692132804,0,1,46,0,46,126.273004563294,15.8896326733644
47,17,1,0,16.0289226315379,16.2534829242851,0,1,47,0,47,126.016736239947,16.0289226315379
48,17,1,0,16.1672520812322,16.6086189247047,0,1,48,0,48,125.73112261599,16.1672520812322
49,17,1,0,16.3045177734869,16.5786892158232,0,1,49,0,49,125.416639247548,16.3045177734869
50,17,1,0,16.4406788278908,16.5803773607615,0,1,50,0,50,125.082586590568,16.4406788278908
51,17,1,0,16.5757044702645,17.5613420830946,0,1,51,0,51,124.739695092261,16.5757044702645
52,17,1,0,16.7095639264283,17.0985697142496,0,1,52,0,52,124.39869519984,16.7095639264283
53,17,1,0,16.8422264222026,17.2727124072878,0,1,53,0,53,124.070317360516,16.8422264222026
54,17,1,0,16.9736611834077,17.2976689182719,0,1,54,0,54,123.765292021502,16.9736611834077
55,17,1,0,17.1038374358642,17.4335445931616,0,1,55,0,55,123.49434963001,17.1038374358642
56,17,1,0,17.2327249421087,17.4194042555548,0,1,56,0,56,123.268152896064,17.2327249421087
57,17,1,0,17.3603402260979,17.4423436982991,0,1,57,0,57,123.091462927263,17.3603402260979
58,17,1,0,17.4867821977621,17.3610836305767,0,1,58,0,58,122.958643172976,17.4867821977621
59,17,1,0,17.6121581532257,17.5427409888897,0,1,59,0,59,122.862998689028,17.6121581532257
60,17,1,0,17.7365753886133,17.4236570717676,0,1,60,0,60,122.797834531242,17.7365753886133
61,17,1,0,17.8601412000493,17.747671468144,0,1,61,0,61,122.75645575544,17.8601412000493
62,17,1,0,17.9829628836584,17.8245673046858,0,1,62,0,62,122.732167417446,17.9829628836584
63,17,1,0,18.105147735565,18.2716029351972,0,1,63,0,63,122.718274573083,18.105147735565
64,17,1,0,18.2268058293131,18.3062768937603,0,1,64,0,64,122.708064503254,18.2268058293131
65,17,1,0,18.3481389961573,18.4780977097957,0,1,65,0,65,122.694237258216,18.3481389961573
66,17,1,0,18.4694596497948,18.534534595552,0,1,66,0,66,122.668785183124,18.4694596497948
67,17,1,0,18.5910867874355,18.7347046364175,0,1,67,0,67,122.623658489995,18.5910867874355
68,17,1,0,18.7133394062895,18.8832392579597,0,1,68,0,68,122.550807390843,18.7133394062895
69,17,1,0,18.8365365035667,18.9178585149584,0,1,69,0,69,122.442182097684,18.8365365035667
70,17,1,0,18.9609970764773,19.011105080457,0,1,70,0,70,122.289732822535,18.9609970764773
71,17,1,0,19.0870401222311,19.1639208584865,0,1,71,0,71,122.085409777411,19.0870401222311
72,17,1,0,19.2149877623876,19.1352214258965,0,1,72,0,72,121.821870827528,19.2149877623876
73,17,1,0,19.3452145978128,19.2936305901227,0,1,73,0,73,121.503660200477,19.3452145978128
74,17,1,0,19.4781387749925,19.3448512242556,0,1,74,0,74,121.145185040342,19.4781387749925
75,17,1,0,19.6141797584976,19.4853154240321,0,1,75,0,75,120.761151032406,19.6141797584976
76,17,1,0,19.7537570128988,19.6552857138096,0,1,76,0,76,120.366263861948,19.7537570128988
77,17,1,0,19.897290002767,19.7678810625474,0,1,77,0,77,119.975229214251,19.897290002767
78,17,1,0,20.0451981926728,19.8743717001582,0,1,78,0,78,119.602752774594,20.0451981926728
79,17,1,0,20.1979010471872,19.9108111689557,0,1,79,0,79,119.263540228258,20.1979010471872
80,17,1,0,20.3557699799675,20.1669560594387,0,1,80,0,80,118.971080993107,20.3557699799675
81,17,1,0,20.5187043524989,20.2823343212933,0,1,81,0,81,118.726915875884,20.5187043524989
82,17,1,0,20.6863355943736,20.6825408415541,0,1,82,0,82,118.525803776209,20.6863355943736
83,17,1,0,20.8582920599256,21.1438952449116,0,1,83,0,83,118.362425752586,20.8582920599256
84,17,1,0,21.0342021034888,21.077731571107,0,1,84,0,84,118.23146286352,21.0342021034888
85,17,1,0,21.213694079397,21.239342958058,0,1,85,0,85,118.127596167516,21.213694079397
86,17,1,0,21.3963963419843,21.5098780421646,0,1,86,0,86,118.045506723078,21.3963963419843
87,17,1,0,21.5819372455845,21.5532454555998,0,1,87,0,87,117.97987558871,21.5819372455845
88,17,1,0,21.7699528997968,21.8196934967737,0,1,88,0,88,117.925796331756,21.7699528997968
89,17,1,0,21.9601272742598,21.976227026532,0,1,89,0,89,117.880908233833,21.9601272742598
90,17,1,0,22.1521625778472,22.7360767689763,0,1,90,0,90,117.843820736232,22.1521625778472
91,17,1,0,22.3457610553365,22.854204619467,0,1,91,0,91,117.813145190011,22.3457610553365
92,17,1,0,22.5406249515053,23.1044271402683,0,1,92,0,92,117.787492946226,22.5406249515053
93,17,1,0,22.7364565111313,22.9511249885049,0,1,93,0,93,117.765475355932,22.7364565111313
94,17,1,0,22.932957978992,22.6579691059003,0,1,94,0,94,117.745703770187,22.932957978992
95,17,1,0,23.129831599865,23.0730926239768,0,1,95,0,95,117.726789540046,23.129831599865
40,18,1,0,15.0408368537426,14.8458964098694,0,1,40,0,40,128.258994557292,15.0408368537426
41,18,1,0,15.1832217972575,14.7064745295789,0,1,41,0,41,128.118059731517,15.1832217972575
42,18,1,0,15.3254085701517,14.5903959850718,0,1,42,0,42,127.96513813568,15.3254085701517
43,18,1,0,15.4672701083172,14.1484858802971,0,1,43,0,43,127.797335577968,15.4672701083172
44,18,1,0,15.6086793476463,14.6486308948898,0,1,44,0,44,127.611757866567,15.6086793476463
45,18,1,0,15.7495092240313,14.3993473291931,0,1,45,0,45,127.405510809664,15.7495092240313
46,18,1,0,15.8896326733644,14.8664692132804,0,1,46,0,46,127.175700215446,15.8896326733644
47,18,1,0,16.0289226315379,16.2534829242851,0,1,47,0,47,126.9194318921,16.0289226315379
48,18,1,0,16.1672520812322,16.6086189247047,0,1,48,0,48,126.633818268142,16.1672520812322
49,18,1,0,16.3045177734869,16.5786892158232,0,1,49,0,49,126.319334899701,16.3045177734869
50,18,1,0,16.4406788278908,16.5803773607615,0,1,50,0,50,125.98528224272,16.4406788278908
51,18,1,0,16.5757044702645,17.5613420830946,0,1,51,0,51,125.642390744414,16.5757044702645
52,18,1,0,16.7095639264283,17.0985697142496,0,1,52,0,52,125.301390851992,16.7095639264283
53,18,1,0,16.8422264222026,17.2727124072878,0,1,53,0,53,124.973013012668,16.8422264222026
54,18,1,0,16.9736611834077,17.2976689182719,0,1,54,0,54,124.667987673654,16.9736611834077
55,18,1,0,17.1038374358642,17.4335445931616,0,1,55,0,55,124.397045282162,17.1038374358642
56,18,1,0,17.2327249421087,17.4194042555548,0,1,56,0,56,124.170848548217,17.2327249421087
57,18,1,0,17.3603402260979,17.4423436982991,0,1,57,0,57,123.994158579415,17.3603402260979
58,18,1,0,17.4867821977621,17.3610836305767,0,1,58,0,58,123.861338825128,17.4867821977621
59,18,1,0,17.6121581532257,17.5427409888897,0,1,59,0,59,123.765694341181,17.6121581532257
60,18,1,0,17.7365753886133,17.4236570717676,0,1,60,0,60,123.700530183394,17.7365753886133
61,18,1,0,17.8601412000493,17.747671468144,0,1,61,0,61,123.659151407592,17.8601412000493
62,18,1,0,17.9829628836584,17.8245673046858,0,1,62,0,62,123.634863069598,17.9829628836584
63,18,1,0,18.105147735565,18.2716029351972,0,1,63,0,63,123.620970225235,18.105147735565
64,18,1,0,18.2268058293131,18.3062768937603,0,1,64,0,64,123.610760155406,18.2268058293131
65,18,1,0,18.3481389961573,18.4780977097957,0,1,65,0,65,123.596932910368,18.3481389961573
66,18,1,0,18.4694596497948,18.534534595552,0,1,66,0,66,123.571480835276,18.4694596497948
67,18,1,0,18.5910867874355,18.7347046364175,0,1,67,0,67,123.526354142147,18.5910867874355
68,18,1,0,18.7133394062895,18.8832392579597,0,1,68,0,68,123.453503042995,18.7133394062895
69,18,1,0,18.8365365035667,18.9178585149584,0,1,69,0,69,123.344877749836,18.8365365035667
70,18,1,0,18.9609970764773,19.011105080457,0,1,70,0,70,123.192428474687,18.9609970764773
71,18,1,0,19.0870401222311,19.1639208584865,0,1,71,0,71,122.988105429563,19.0870401222311
72,18,1,0,19.2149877623876,19.1352214258965,0,1,72,0,72,122.72456647968,19.2149877623876
73,18,1,0,19.3452145978128,19.2936305901227,0,1,73,0,73,122.406355852629,19.3452145978128
74,18,1,0,19.4781387749925,19.3448512242556,0,1,74,0,74,122.047880692494,19.4781387749925
75,18,1,0,19.6141797584976,19.4853154240321,0,1,75,0,75,121.663846684558,19.6141797584976
76,18,1,0,19.7537570128988,19.6552857138096,0,1,76,0,76,121.2689595141,19.7537570128988
77,18,1,0,19.897290002767,19.7678810625474,0,1,77,0,77,120.877924866403,19.897290002767
78,18,1,0,20.0451981926728,19.8743717001582,0,1,78,0,78,120.505448426746,20.0451981926728
79,18,1,0,20.1979010471872,19.9108111689557,0,1,79,0,79,120.166235880411,20.1979010471872
80,18,1,0,20.3557699799675,20.1669560594387,0,1,80,0,80,119.873776645259,20.3557699799675
81,18,1,0,20.5187043524989,20.2823343212933,0,1,81,0,81,119.629611528036,20.5187043524989
82,18,1,0,20.6863355943736,20.6825408415541,0,1,82,0,82,119.428499428361,20.6863355943736
83,18,1,0,20.8582920599256,21.1438952449116,0,1,83,0,83,119.265121404739,20.8582920599256
84,18,1,0,21.0342021034888,21.077731571107,0,1,84,0,84,119.134158515673,21.0342021034888
85,18,1,0,21.213694079397,21.239342958058,0,1,85,0,85,119.030291819668,21.213694079397
86,18,1,0,21.3963963419843,21.5098780421646,0,1,86,0,86,118.94820237523,21.3963963419843
87,18,1,0,21.5819372455845,21.5532454555998,0,1,87,0,87,118.882571240862,21.5819372455845
88,18,1,0,21.7699528997968,21.8196934967737,0,1,88,0,88,118.828491983908,21.7699528997968
89,18,1,0,21.9601272742598,21.976227026532,0,1,89,0,89,118.783603885985,21.9601272742598
90,18,1,0,22.1521625778472,22.7360767689763,0,1,90,0,90,118.746516388384,22.1521625778472
91,18,1,0,22.3457610553365,22.854204619467,0,1,91,0,91,118.715840842163,22.3457610553365
92,18,1,0,22.5406249515053,23.1044271402683,0,1,92,0,92,118.690188598378,22.5406249515053
93,18,1,0,22.7364565111313,22.9511249885049,0,1,93,0,93,118.668171008085,22.7364565111313
94,18,1,0,22.932957978992,22.6579691059003,0,1,94,0,94,118.648399422339,22.932957978992
95,18,1,0,23.129831599865,23.0730926239768,0,1,95,0,95,118.629485192198,23.129831599865
40,19,1,0,15.0408368537426,14.8458964098694,0,1,40,0,40,129.161690209444,15.0408368537426
41,19,1,0,15.1832217972575,14.7064745295789,0,1,41,0,41,129.020755383669,15.1832217972575
42,19,1,0,15.3254085701517,14.5903959850718,0,1,42,0,42,128.867833787832,15.3254085701517
43,19,1,0,15.4672701083172,14.1484858802971,0,1,43,0,43,128.70003123012,15.4672701083172
44,19,1,0,15.6086793476463,14.6486308948898,0,1,44,0,44,128.514453518719,15.6086793476463
45,19,1,0,15.7495092240313,14.3993473291931,0,1,45,0,45,128.308206461816,15.7495092240313
46,19,1,0,15.8896326733644,14.8664692132804,0,1,46,0,46,128.078395867598,15.8896326733644
47,19,1,0,16.0289226315379,16.2534829242851,0,1,47,0,47,127.822127544252,16.0289226315379
48,19,1,0,16.1672520812322,16.6086189247047,0,1,48,0,48,127.536513920294,16.1672520812322
49,19,1,0,16.3045177734869,16.5786892158232,0,1,49,0,49,127.222030551853,16.3045177734869
50,19,1,0,16.4406788278908,16.5803773607615,0,1,50,0,50,126.887977894873,16.4406788278908
51,19,1,0,16.5757044702645,17.5613420830946,0,1,51,0,51,126.545086396566,16.5757044702645
52,19,1,0,16.7095639264283,17.0985697142496,0,1,52,0,52,126.204086504144,16.7095639264283
53,19,1,0,16.8422264222026,17.2727124072878,0,1,53,0,53,125.87570866482,16.8422264222026
54,19,1,0,16.9736611834077,17.2976689182719,0,1,54,0,54,125.570683325806,16.9736611834077
55,19,1,0,17.1038374358642,17.4335445931616,0,1,55,0,55,125.299740934314,17.1038374358642
56,19,1,0,17.2327249421087,17.4194042555548,0,1,56,0,56,125.073544200369,17.2327249421087
57,19,1,0,17.3603402260979,17.4423436982991,0,1,57,0,57,124.896854231567,17.3603402260979
58,19,1,0,17.4867821977621,17.3610836305767,0,1,58,0,58,124.764034477281,17.4867821977621
59,19,1,0,17.6121581532257,17.5427409888897,0,1,59,0,59,124.668389993333,17.6121581532257
60,19,1,0,17.7365753886133,17.4236570717676,0,1,60,0,60,124.603225835546,17.7365753886133
61,19,1,0,17.8601412000493,17.747671468144,0,1,61,0,61,124.561847059745,17.8601412000493
62,19,1,0,17.9829628836584,17.8245673046858,0,1,62,0,62,124.53755872175,17.9829628836584
63,19,1,0,18.105147735565,18.2716029351972,0,1,63,0,63,124.523665877387,18.105147735565
64,19,1,0,18.2268058293131,18.3062768937603,0,1,64,0,64,124.513455807559,18.2268058293131
65,19,1,0,18.3481389961573,18.4780977097957,0,1,65,0,65,124.49962856252,18.3481389961573
66,19,1,0,18.4694596497948,18.534534595552,0,1,66,0,66,124.474176487428,18.4694596497948
67,19,1,0,18.5910867874355,18.7347046364175,0,1,67,0,67,124.429049794299,18.5910867874355
68,19,1,0,18.7133394062895,18.8832392579597,0,1,68,0,68,124.356198695147,18.7133394062895
69,19,1,0,18.8365365035667,18.9178585149584,0,1,69,0,69,124.247573401989,18.8365365035667
70,19,1,0,18.9609970764773,19.011105080457,0,1,70,0,70,124.095124126839,18.9609970764773
71,19,1,0,19.0870401222311,19.1639208584865,0,1,71,0,71,123.890801081715,19.0870401222311
72,19,1,0,19.2149877623876,19.1352214258965,0,1,72,0,72,123.627262131833,19.2149877623876
73,19,1,0,19.3452145978128,19.2936305901227,0,1,73,0,73,123.309051504781,19.3452145978128
74,19,1,0,19.4781387749925,19.3448512242556,0,1,74,0,74,122.950576344647,19.4781387749925
75,19,1,0,19.6141797584976,19.4853154240321,0,1,75,0,75,122.56654233671,19.6141797584976
76,19,1,0,19.7537570128988,19.6552857138096,0,1,76,0,76,122.171655166253,19.7537570128988
77,19,1,0,19.897290002767,19.7678810625474,0,1,77,0,77,121.780620518555,19.897290002767
78,19,1,0,20.0451981926728,19.8743717001582,0,1,78,0,78,121.408144078898,20.0451981926728
79,19,1,0,20.1979010471872,19.9108111689557,0,1,79,0,79,121.068931532563,20.1979010471872
80,19,1,0,20.3557699799675,20.1669560594387,0,1,80,0,80,120.776472297411,20.3557699799675
81,19,1,0,20.5187043524989,20.2823343212933,0,1,81,0,81,120.532307180189,20.5187043524989
82,19,1,0,20.6863355943736,20.6825408415541,0,1,82,0,82,120.331195080513,20.6863355943736
83,19,1,0,20.8582920599256,21.1438952449116,0,1,83,0,83,120.167817056891,20.8582920599256
84,19,1,0,21.0342021034888,21.077731571107,0,1,84,0,84,120.036854167825,21.0342021034888
85,19,1,0,21.213694079397,21.239342958058,0,1,85,0,85,119.93298747182,21.213694079397
86,19,1,0,21.3963963419843,21.5098780421646,0,1,86,0,86,119.850898027382,21.3963963419843
87,19,1,0,21.5819372455845,21.5532454555998,0,1,87,0,87,119.785266893014,21.5819372455845
88,19,1,0,21.7699528997968,21.8196934967737,0,1,88,0,88,119.73118763606,21.7699528997968
89,19,1,0,21.9601272742598,21.976227026532,0,1,89,0,89,119.686299538137,21.9601272742598
90,19,1,0,22.1521625778472,22.7360767689763,0,1,90,0,90,119.649212040537,22.1521625778472
91,19,1,0,22.3457610553365,22.854204619467,0,1,91,0,91,119.618536494316,22.3457610553365
92,19,1,0,22.5406249515053,23.1044271402683,0,1,92,0,92,119.59288425053,22.5406249515053
93,19,1,0,22.7364565111313,22.9511249885049,0,1,93,0,93,119.570866660237,22.7364565111313
94,19,1,0,22.932957978992,22.6579691059003,0,1,94,0,94,119.551095074491,22.932957978992
95,19,1,0,23.129831599865,23.0730926239768,0,1,95,0,95,119.53218084435,23.129831599865
40,20,1,0,15.0408368537426,14.8458964098694,0,1,40,0,40,130.064385861596,15.0408368537426
41,20,1,0,15.1832217972575,14.7064745295789,0,1,41,0,41,129.923451035821,15.1832217972575
42,20,1,0,15.3254085701517,14.5903959850718,0,1,42,0,42,129.770529439984,15.3254085701517
43,20,1,0,15.4672701083172,14.1484858802971,0,1,43,0,43,129.602726882272,15.4672701083172
44,20,1,0,15.6086793476463,14.6486308948898,0,1,44,0,44,129.417149170871,15.6086793476463
45,20,1,0,15.7495092240313,14.3993473291931,0,1,45,0,45,129.210902113968,15.7495092240313
46,20,1,0,15.8896326733644,14.8664692132804,0,1,46,0,46,128.98109151975,15.8896326733644
47,20,1,0,16.0289226315379,16.2534829242851,0,1,47,0,47,128.724823196404,16.0289226315379
48,20,1,0,16.1672520812322,16.6086189247047,0,1,48,0,48,128.439209572446,16.1672520812322
49,20,1,0,16.3045177734869,16.5786892158232,0,1,49,0,49,128.124726204005,16.3045177734869
50,20,1,0,16.4406788278908,16.5803773607615,0,1,50,0,50,127.790673547025,16.4406788278908
51,20,1,0,16.5757044702645,17.5613420830946,0,1,51,0,51,127.447782048718,16.5757044702645
52,20,1,0,16.7095639264283,17.0985697142496,0,1,52,0,52,127.106782156296,16.7095639264283
53,20,1,0,16.8422264222026,17.2727124072878,0,1,53,0,53,126.778404316972,16.8422264222026
54,20,1,0,16.9736611834077,17.2976689182719,0,1,54,0,54,126.473378977958,16.9736611834077
55,20,1,0,17.1038374358642,17.4335445931616,0,1,55,0,55,126.202436586466,17.1038374358642
56,20,1,0,17.2327249421087,17.4194042555548,0,1,56,0,56,125.976239852521,17.2327249421087
57,20,1,0,17.3603402260979,17.4423436982991,0,1,57,0,57,125.799549883719,17.3603402260979
58,20,1,0,17.4867821977621,17.3610836305767,0,1,58,0,58,125.666730129433,17.4867821977621
59,20,1,0,17.6121581532257,17.5427409888897,0,1,59,0,59,125.571085645485,17.6121581532257
60,20,1,0,17.7365753886133,17.4236570717676,0,1,60,0,60,125.505921487698,17.7365753886133
61,20,1,0,17.8601412000493,17.747671468144,0,1,61,0,61,125.464542711897,17.8601412000493
62,20,1,0,17.9829628836584,17.8245673046858,0,1,62,0,62,125.440254373902,17.9829628836584
63,20,1,0,18.105147735565,18.2716029351972,0,1,63,0,63,125.426361529539,18.105147735565
64,20,1,0,18.2268058293131,18.3062768937603,0,1,64,0,64,125.416151459711,18.2268058293131
65,20,1,0,18.3481389961573,18.4780977097957,0,1,65,0,65,125.402324214672,18.3481389961573
66,20,1,0,18.4694596497948,18.534534595552,0,1,66,0,66,125.376872139581,18.4694596497948
67,20,1,0,18.5910867874355,18.7347046364175,0,1,67,0,67,125.331745446451,18.5910867874355
68,20,1,0,18.7133394062895,18.8832392579597,0,1,68,0,68,125.258894347299,18.7133394062895
69,20,1,0,18.8365365035667,18.9178585149584,0,1,69,0,69,125.150269054141,18.8365365035667
70,20,1,0,18.9609970764773,19.011105080457,0,1,70,0,70,124.997819778991,18.9609970764773
71,20,1,0,19.0870401222311,19.1639208584865,0,1,71,0,71,124.793496733867,19.0870401222311
72,20,1,0,19.2149877623876,19.1352214258965,0,1,72,0,72,124.529957783985,19.2149877623876
73,20,1,0,19.3452145978128,19.2936305901227,0,1,73,0,73,124.211747156933,19.3452145978128
74,20,1,0,19.4781387749925,19.3448512242556,0,1,74,0,74,123.853271996799,19.4781387749925
75,20,1,0,19.6141797584976,19.4853154240321,0,1,75,0,75,123.469237988862,19.6141797584976
76,20,1,0,19.7537570128988,19.6552857138096,0,1,76,0,76,123.074350818405,19.7537570128988
77,20,1,0,19.897290002767,19.7678810625474,0,1,77,0,77,122.683316170707,19.897290002767
78,20,1,0,20.0451981926728,19.8743717001582,0,1,78,0,78,122.31083973105,20.0451981926728
79,20,1,0,20.1979010471872,19.9108111689557,0,1,79,0,79,121.971627184715,20.1979010471872
80,20,1,0,20.3557699799675,20.1669560594387,0,1,80,0,80,121.679167949564,20.3557699799675
81,20,1,0,20.5187043524989,20.2823343212933,0,1,81,0,81,121.435002832341,20.5187043524989
82,20,1,0,20.6863355943736,20.6825408415541,0,1,82,0,82,121.233890732666,20.6863355943736
83,20,1,0,20.8582920599256,21.1438952449116,0,1,83,0,83,121.070512709043,20.8582920599256
84,20,1,0,21.0342021034888,21.077731571107,0,1,84,0,84,120.939549819977,21.0342021034888
85,20,1,0,21.213694079397,21.239342958058,0,1,85,0,85,120.835683123972,21.213694079397
86,20,1,0,21.3963963419843,21.5098780421646,0,1,86,0,86,120.753593679534,21.3963963419843
87,20,1,0,21.5819372455845,21.5532454555998,0,1,87,0,87,120.687962545166,21.5819372455845
88,20,1,0,21.7699528997968,21.8196934967737,0,1,88,0,88,120.633883288213,21.7699528997968
89,20,1,0,21.9601272742598,21.976227026532,0,1,89,0,89,120.588995190289,21.9601272742598
90,20,1,0,22.1521625778472,22.7360767689763,0,1,90,0,90,120.551907692689,22.1521625778472
91,20,1,0,22.3457610553365,22.854204619467,0,1,91,0,91,120.521232146468,22.3457610553365
92,20,1,0,22.5406249515053,23.1044271402683,0,1,92,0,92,120.495579902682,22.5406249515053
93,20,1,0,22.7364565111313,22.9511249885049,0,1,93,0,93,120.473562312389,22.7364565111313
94,20,1,0,22.932957978992,22.6579691059003,0,1,94,0,94,120.453790726643,22.932957978992
95,20,1,0,23.129831599865,23.0730926239768,0,1,95,0,95,120.434876496502,23.129831599865
40,21,1,0,15.0408368537426,14.8458964098694,0,1,40,0,40,130.967081513748,15.0408368537426
41,21,1,0,15.1832217972575,14.7064745295789,0,1,41,0,41,130.826146687973,15.1832217972575
42,21,1,0,15.3254085701517,14.5903959850718,0,1,42,0,42,130.673225092136,15.3254085701517
43,21,1,0,15.4672701083172,14.1484858802971,0,1,43,0,43,130.505422534424,15.4672701083172
44,21,1,0,15.6086793476463,14.6486308948898,0,1,44,0,44,130.319844823023,15.6086793476463
45,21,1,0,15.7495092240313,14.3993473291931,0,1,45,0,45,130.11359776612,15.7495092240313
46,21,1,0,15.8896326733644,14.8664692132804,0,1,46,0,46,129.883787171902,15.8896326733644
47,21,1,0,16.0289226315379,16.2534829242851,0,1,47,0,47,129.627518848556,16.0289226315379
48,21,1,0,16.1672520812322,16.6086189247047,0,1,48,0,48,129.341905224598,16.1672520812322
49,21,1,0,16.3045177734869,16.5786892158232,0,1,49,0,49,129.027421856157,16.3045177734869
50,21,1,0,16.4406788278908,16.5803773607615,0,1,50,0,50,128.693369199177,16.4406788278908
51,21,1,0,16.5757044702645,17.5613420830946,0,1,51,0,51,128.35047770087,16.5757044702645
52,21,1,0,16.7095639264283,17.0985697142496,0,1,52,0,52,128.009477808448,16.7095639264283
53,21,1,0,16.8422264222026,17.2727124072878,0,1,53,0,53,127.681099969124,16.8422264222026
54,21,1,0,16.9736611834077,17.2976689182719,0,1,54,0,54,127.37607463011,16.9736611834077
55,21,1,0,17.1038374358642,17.4335445931616,0,1,55,0,55,127.105132238618,17.1038374358642
56,21,1,0,17.2327249421087,17.4194042555548,0,1,56,0,56,126.878935504673,17.2327249421087
57,21,1,0,17.3603402260979,17.4423436982991,0,1,57,0,57,126.702245535871,17.3603402260979
58,21,1,0,17.4867821977621,17.3610836305767,0,1,58,0,58,126.569425781585,17.4867821977621
59,21,1,0,17.6121581532257,17.5427409888897,0,1,59,0,59,126.473781297637,17.6121581532257
60,21,1,0,17.7365753886133,17.4236570717676,0,1,60,0,60,126.408617139851,17.7365753886133
61,21,1,0,17.8601412000493,17.747671468144,0,1,61,0,61,126.367238364049,17.8601412000493
62,21,1,0,17.9829628836584,17.8245673046858,0,1,62,0,62,126.342950026055,17.9829628836584
63,21,1,0,18.105147735565,18.2716029351972,0,1,63,0,63,126.329057181691,18.105147735565
64,21,1,0,18.2268058293131,18.3062768937603,0,1,64,0,64,126.318847111863,18.2268058293131
65,21,1,0,18.3481389961573,18.4780977097957,0,1,65,0,65,126.305019866825,18.3481389961573
66,21,1,0,18.4694596497948,18.534534595552,0,1,66,0,66,126.279567791733,18.4694596497948
67,21,1,0,18.5910867874355,18.7347046364175,0,1,67,0,67,126.234441098603,18.5910867874355
68,21,1,0,18.7133394062895,18.8832392579597,0,1,68,0,68,126.161589999451,18.7133394062895
69,21,1,0,18.8365365035667,18.9178585149584,0,1,69,0,69,126.052964706293,18.8365365035667
70,21,1,0,18.9609970764773,19.011105080457,0,1,70,0,70,125.900515431144,18.9609970764773
71,21,1,0,19.0870401222311,19.1639208584865,0,1,71,0,71,125.696192386019,19.0870401222311
72,21,1,0,19.2149877623876,19.1352214258965,0,1,72,0,72,125.432653436137,19.2149877623876
73,21,1,0,19.3452145978128,19.2936305901227,0,1,73,0,73,125.114442809085,19.3452145978128
74,21,1,0,19.4781387749925,19.3448512242556,0,1,74,0,74,124.755967648951,19.4781387749925
75,21,1,0,19.6141797584976,19.4853154240321,0,1,75,0,75,124.371933641014,19.6141797584976
76,21,1,0,19.7537570128988,19.6552857138096,0,1,76,0,76,123.977046470557,19.7537570128988
77,21,1,0,19.897290002767,19.7678810625474,0,1,77,0,77,123.586011822859,19.897290002767
78,21,1,0,20.0451981926728,19.8743717001582,0,1,78,0,78,123.213535383202,20.0451981926728
79,21,1,0,20.1979010471872,19.9108111689557,0,1,79,0,79,122.874322836867,20.1979010471872
80,21,1,0,20.3557699799675,20.1669560594387,0,1,80,0,80,122.581863601716,20.3557699799675
81,21,1,0,20.5187043524989,20.2823343212933,0,1,81,0,81,122.337698484493,20.5187043524989
82,21,1,0,20.6863355943736,20.6825408415541,0,1,82,0,82,122.136586384818,20.6863355943736
83,21,1,0,20.8582920599256,21.1438952449116,0,1,83,0,83,121.973208361195,20.8582920599256
84,21,1,0,21.0342021034888,21.077731571107,0,1,84,0,84,121.842245472129,21.0342021034888
85,21,1,0,21.213694079397,21.239342958058,0,1,85,0,85,121.738378776124,21.213694079397
86,21,1,0,21.3963963419843,21.5098780421646,0,1,86,0,86,121.656289331686,21.3963963419843
87,21,1,0,21.5819372455845,21.5532454555998,0,1,87,0,87,121.590658197318,21.5819372455845
88,21,1,0,21.7699528997968,21.8196934967737,0,1,88,0,88,121.536578940365,21.7699528997968
89,21,1,0,21.9601272742598,21.976227026532,0,1,89,0,89,121.491690842441,21.9601272742598
90,21,1,0,22.1521625778472,22.7360767689763,0,1,90,0,90,121.454603344841,22.1521625778472
91,21,1,0,22.3457610553365,22.854204619467,0,1,91,0,91,121.42392779862,22.3457610553365
92,21,1,0,22.5406249515053,23.1044271402683,0,1,92,0,92,121.398275554834,22.5406249515053
93,21,1,0,22.7364565111313,22.9511249885049,0,1,93,0,93,121.376257964541,22.7364565111313
94,21,1,0,22.932957978992,22.6579691059003,0,1,94,0,94,121.356486378795,22.932957978992
95,21,1,0,23.129831599865,23.0730926239768,0,1,95,0,95,121.337572148654,23.129831599865
40,22,1,0,15.0408368537426,14.8458964098694,0,1,40,0,40,131.8697771659,15.0408368537426
41,22,1,0,15.1832217972575,14.7064745295789,0,1,41,0,41,131.728842340125,15.1832217972575
42,22,1,0,15.3254085701517,14.5903959850718,0,1,42,0,42,131.575920744288,15.3254085701517
43,22,1,0,15.4672701083172,14.1484858802971,0,1,43,0,43,131.408118186576,15.4672701083172
44,22,1,0,15.6086793476463,14.6486308948898,0,1,44,0,44,131.222540475175,15.6086793476463
45,22,1,0,15.7495092240313,14.3993473291931,0,1,45,0,45,131.016293418272,15.7495092240313
46,22,1,0,15.8896326733644,14.8664692132804,0,1,46,0,46,130.786482824054,15.8896326733644
47,22,1,0,16.0289226315379,16.2534829242851,0,1,47,0,47,130.530214500708,16.0289226315379
48,22,1,0,16.1672520812322,16.6086189247047,0,1,48,0,48,130.24460087675,16.1672520812322
49,22,1,0,16.3045177734869,16.5786892158232,0,1,49,0,49,129.930117508309,16.3045177734869
50,22,1,0,16.4406788278908,16.5803773607615,0,1,50,0,50,129.596064851329,16.4406788278908
51,22,1,0,16.5757044702645,17.5613420830946,0,1,51,0,51,129.253173353022,16.5757044702645
52,22,1,0,16.7095639264283,17.0985697142496,0,1,52,0,52,128.9121734606,16.7095639264283
53,22,1,0,16.8422264222026,17.2727124072878,0,1,53,0,53,128.583795621277,16.8422264222026
54,22,1,0,16.9736611834077,17.2976689182719,0,1,54,0,54,128.278770282262,16.9736611834077
55,22,1,0,17.1038374358642,17.4335445931616,0,1,55,0,55,128.00782789077,17.1038374358642
56,22,1,0,17.2327249421087,17.4194042555548,0,1,56,0,56,127.781631156825,17.2327249421087
57,22,1,0,17.3603402260979,17.4423436982991,0,1,57,0,57,127.604941188023,17.3603402260979
58,22,1,0,17.4867821977621,17.3610836305767,0,1,58,0,58,127.472121433737,17.4867821977621
59,22,1,0,17.6121581532257,17.5427409888897,0,1,59,0,59,127.376476949789,17.6121581532257
60,22,1,0,17.7365753886133,17.4236570717676,0,1,60,0,60,127.311312792003,17.7365753886133
61,22,1,0,17.8601412000493,17.747671468144,0,1,61,0,61,127.269934016201,17.8601412000493
62,22,1,0,17.9829628836584,17.8245673046858,0,1,62,0,62,127.245645678207,17.9829628836584
63,22,1,0,18.105147735565,18.2716029351972,0,1,63,0,63,127.231752833843,18.105147735565
64,22,1,0,18.2268058293131,18.3062768937603,0,1,64,0,64,127.221542764015,18.2268058293131
65,22,1,0,18.3481389961573,18.4780977097957,0,1,65,0,65,127.207715518977,18.3481389961573
66,22,1,0,18.4694596497948,18.534534595552,0,1,66,0,66,127.182263443885,18.4694596497948
67,22,1,0,18.5910867874355,18.7347046364175,0,1,67,0,67,127.137136750755,18.5910867874355
68,22,1,0,18.7133394062895,18.8832392579597,0,1,68,0,68,127.064285651603,18.7133394062895
69,22,1,0,18.8365365035667,18.9178585149584,0,1,69,0,69,126.955660358445,18.8365365035667
70,22,1,0,18.9609970764773,19.011105080457,0,1,70,0,70,126.803211083296,18.9609970764773
71,22,1,0,19.0870401222311,19.1639208584865,0,1,71,0,71,126.598888038171,19.0870401222311
72,22,1,0,19.2149877623876,19.1352214258965,0,1,72,0,72,126.335349088289,19.2149877623876
73,22,1,0,19.3452145978128,19.2936305901227,0,1,73,0,73,126.017138461237,19.3452145978128
74,22,1,0,19.4781387749925,19.3448512242556,0,1,74,0,74,125.658663301103,19.4781387749925
75,22,1,0,19.6141797584976,19.4853154240321,0,1,75,0,75,125.274629293166,19.6141797584976
76,22,1,0,19.7537570128988,19.6552857138096,0,1,76,0,76,124.879742122709,19.7537570128988
77,22,1,0,19.897290002767,19.7678810625474,0,1,77,0,77,124.488707475011,19.897290002767
78,22,1,0,20.0451981926728,19.8743717001582,0,1,78,0,78,124.116231035354,20.0451981926728
79,22,1,0,20.1979010471872,19.9108111689557,0,1,79,0,79,123.777018489019,20.1979010471872
80,22,1,0,20.3557699799675,20.1669560594387,0,1,80,0,80,123.484559253868,20.3557699799675
81,22,1,0,20.5187043524989,20.2823343212933,0,1,81,0,81,123.240394136645,20.5187043524989
82,22,1,0,20.6863355943736,20.6825408415541,0,1,82,0,82,123.03928203697,20.6863355943736
83,22,1,0,20.8582920599256,21.1438952449116,0,1,83,0,83,122.875904013347,20.8582920599256
84,22,1,0,21.0342021034888,21.077731571107,0,1,84,0,84,122.744941124281,21.0342021034888
85,22,1,0,21.213694079397,21.239342958058,0,1,85,0,85,122.641074428277,21.213694079397
86,22,1,0,21.3963963419843,21.5098780421646,0,1,86,0,86,122.558984983838,21.3963963419843
87,22,1,0,21.5819372455845,21.5532454555998,0,1,87,0,87,122.49335384947,21.5819372455845
88,22,1,0,21.7699528997968,21.8196934967737,0,1,88,0,88,122.439274592517,21.7699528997968
89,22,1,0,21.9601272742598,21.976227026532,0,1,89,0,89,122.394386494593,21.9601272742598
90,22,1,0,22.1521625778472,22.7360767689763,0,1,90,0,90,122.357298996993,22.1521625778472
91,22,1,0,22.3457610553365,22.854204619467,0,1,91,0,91,122.326623450772,22.3457610553365
92,22,1,0,22.5406249515053,23.1044271402683,0,1,92,0,92,122.300971206987,22.5406249515053
93,22,1,0,22.7364565111313,22.9511249885049,0,1,93,0,93,122.278953616693,22.7364565111313
94,22,1,0,22.932957978992,22.6579691059003,0,1,94,0,94,122.259182030948,22.932957978992
95,22,1,0,23.129831599865,23.0730926239768,0,1,95,0,95,122.240267800806,23.129831599865
40,23,1,0,15.0408368537426,14.8458964098694,0,1,40,0,40,132.772472818052,15.0408368537426
41,23,1,0,15.1832217972575,14.7064745295789,0,1,41,0,41,132.631537992277,15.1832217972575
42,23,1,0,15.3254085701517,14.5903959850718,0,1,42,0,42,132.478616396441,15.3254085701517
43,23,1,0,15.4672701083172,14.1484858802971,0,1,43,0,43,132.310813838728,15.4672701083172
44,23,1,0,15.6086793476463,14.6486308948898,0,1,44,0,44,132.125236127327,15.6086793476463
45,23,1,0,15.7495092240313,14.3993473291931,0,1,45,0,45,131.918989070424,15.7495092240313
46,23,1,0,15.8896326733644,14.8664692132804,0,1,46,0,46,131.689178476206,15.8896326733644
47,23,1,0,16.0289226315379,16.2534829242851,0,1,47,0,47,131.43291015286,16.0289226315379
48,23,1,0,16.1672520812322,16.6086189247047,0,1,48,0,48,131.147296528902,16.1672520812322
49,23,1,0,16.3045177734869,16.5786892158232,0,1,49,0,49,130.832813160461,16.3045177734869
50,23,1,0,16.4406788278908,16.5803773607615,0,1,50,0,50,130.498760503481,16.4406788278908
51,23,1,0,16.5757044702645,17.5613420830946,0,1,51,0,51,130.155869005174,16.5757044702645
52,23,1,0,16.7095639264283,17.0985697142496,0,1,52,0,52,129.814869112753,16.7095639264283
53,23,1,0,16.8422264222026,17.2727124072878,0,1,53,0,53,129.486491273429,16.8422264222026
54,23,1,0,16.9736611834077,17.2976689182719,0,1,54,0,54,129.181465934415,16.9736611834077
55,23,1,0,17.1038374358642,17.4335445931616,0,1,55,0,55,128.910523542922,17.1038374358642
56,23,1,0,17.2327249421087,17.4194042555548,0,1,56,0,56,128.684326808977,17.2327249421087
57,23,1,0,17.3603402260979,17.4423436982991,0,1,57,0,57,128.507636840175,17.3603402260979
58,23,1,0,17.4867821977621,17.3610836305767,0,1,58,0,58,128.374817085889,17.4867821977621
59,23,1,0,17.6121581532257,17.5427409888897,0,1,59,0,59,128.279172601941,17.6121581532257
60,23,1,0,17.7365753886133,17.4236570717676,0,1,60,0,60,128.214008444155,17.7365753886133
61,23,1,0,17.8601412000493,17.747671468144,0,1,61,0,61,128.172629668353,17.8601412000493
62,23,1,0,17.9829628836584,17.8245673046858,0,1,62,0,62,128.148341330359,17.9829628836584
63,23,1,0,18.105147735565,18.2716029351972,0,1,63,0,63,128.134448485995,18.105147735565
64,23,1,0,18.2268058293131,18.3062768937603,0,1,64,0,64,128.124238416167,18.2268058293131
65,23,1,0,18.3481389961573,18.4780977097957,0,1,65,0,65,128.110411171129,18.3481389961573
66,23,1,0,18.4694596497948,18.534534595552,0,1,66,0,66,128.084959096037,18.4694596497948
67,23,1,0,18.5910867874355,18.7347046364175,0,1,67,0,67,128.039832402907,18.5910867874355
68,23,1,0,18.7133394062895,18.8832392579597,0,1,68,0,68,127.966981303755,18.7133394062895
69,23,1,0,18.8365365035667,18.9178585149584,0,1,69,0,69,127.858356010597,18.8365365035667
70,23,1,0,18.9609970764773,19.011105080457,0,1,70,0,70,127.705906735448,18.9609970764773
71,23,1,0,19.0870401222311,19.1639208584865,0,1,71,0,71,127.501583690323,19.0870401222311
72,23,1,0,19.2149877623876,19.1352214258965,0,1,72,0,72,127.238044740441,19.2149877623876
73,23,1,0,19.3452145978128,19.2936305901227,0,1,73,0,73,126.919834113389,19.3452145978128
74,23,1,0,19.4781387749925,19.3448512242556,0,1,74,0,74,126.561358953255,19.4781387749925
75,23,1,0,19.6141797584976,19.4853154240321,0,1,75,0,75,126.177324945319,19.6141797584976
76,23,1,0,19.7537570128988,19.6552857138096,0,1,76,0,76,125.782437774861,19.7537570128988
77,23,1,0,19.897290002767,19.7678810625474,0,1,77,0,77,125.391403127163,19.897290002767
78,23,1,0,20.0451981926728,19.8743717001582,0,1,78,0,78,125.018926687506,20.0451981926728
79,23,1,0,20.1979010471872,19.9108111689557,0,1,79,0,79,124.679714141171,20.1979010471872
80,23,1,0,20.3557699799675,20.1669560594387,0,1,80,0,80,124.38725490602,20.3557699799675
81,23,1,0,20.5187043524989,20.2823343212933,0,1,81,0,81,124.143089788797,20.5187043524989
82,23,1,0,20.6863355943736,20.6825408415541,0,1,82,0,82,123.941977689122,20.6863355943736
83,23,1,0,20.8582920599256,21.1438952449116,0,1,83,0,83,123.778599665499,20.8582920599256
84,23,1,0,21.0342021034888,21.077731571107,0,1,84,0,84,123.647636776433,21.0342021034888
85,23,1,0,21.213694079397,21.239342958058,0,1,85,0,85,123.543770080429,21.213694079397
86,23,1,0,21.3963963419843,21.5098780421646,0,1,86,0,86,123.46168063599,21.3963963419843
87,23,1,0,21.5819372455845,21.5532454555998,0,1,87,0,87,123.396049501622,21.5819372455845
88,23,1,0,21.7699528997968,21.8196934967737,0,1,88,0,88,123.341970244669,21.7699528997968
89,23,1,0,21.9601272742598,21.976227026532,0,1,89,0,89,123.297082146745,21.9601272742598
90,23,1,0,22.1521625778472,22.7360767689763,0,1,90,0,90,123.259994649145,22.1521625778472
91,23,1,0,22.3457610553365,22.854204619467,0,1,91,0,91,123.229319102924,22.3457610553365
92,23,1,0,22.5406249515053,23.1044271402683,0,1,92,0,92,123.203666859139,22.5406249515053
93,23,1,0,22.7364565111313,22.9511249885049,0,1,93,0,93,123.181649268845,22.7364565111313
94,23,1,0,22.932957978992,22.6579691059003,0,1,94,0,94,123.1618776831,22.932957978992
95,23,1,0,23.129831599865,23.0730926239768,0,1,95,0,95,123.142963452959,23.129831599865
40,24,1,0,15.0408368537426,14.8458964098694,0,1,40,0,40,133.675168470204,15.0408368537426
41,24,1,0,15.1832217972575,14.7064745295789,0,1,41,0,41,133.53423364443,15.1832217972575
42,24,1,0,15.3254085701517,14.5903959850718,0,1,42,0,42,133.381312048593,15.3254085701517
43,24,1,0,15.4672701083172,14.1484858802971,0,1,43,0,43,133.21350949088,15.4672701083172
44,24,1,0,15.6086793476463,14.6486308948898,0,1,44,0,44,133.027931779479,15.6086793476463
45,24,1,0,15.7495092240313,14.3993473291931,0,1,45,0,45,132.821684722577,15.7495092240313
46,24,1,0,15.8896326733644,14.8664692132804,0,1,46,0,46,132.591874128359,15.8896326733644
47,24,1,0,16.0289226315379,16.2534829242851,0,1,47,0,47,132.335605805012,16.0289226315379
48,24,1,0,16.1672520812322,16.6086189247047,0,1,48,0,48,132.049992181054,16.1672520812322
49,24,1,0,16.3045177734869,16.5786892158232,0,1,49,0,49,131.735508812613,16.3045177734869
50,24,1,0,16.4406788278908,16.5803773607615,0,1,50,0,50,131.401456155633,16.4406788278908
51,24,1,0,16.5757044702645,17.5613420830946,0,1,51,0,51,131.058564657326,16.5757044702645
52,24,1,0,16.7095639264283,17.0985697142496,0,1,52,0,52,130.717564764905,16.7095639264283
53,24,1,0,16.8422264222026,17.2727124072878,0,1,53,0,53,130.389186925581,16.8422264222026
54,24,1,0,16.9736611834077,17.2976689182719,0,1,54,0,54,130.084161586567,16.9736611834077
55,24,1,0,17.1038374358642,17.4335445931616,0,1,55,0,55,129.813219195074,17.1038374358642
56,24,1,0,17.2327249421087,17.4194042555548,0,1,56,0,56,129.587022461129,17.2327249421087
57,24,1,0,17.3603402260979,17.4423436982991,0,1,57,0,57,129.410332492328,17.3603402260979
58,24,1,0,17.4867821977621,17.3610836305767,0,1,58,0,58,129.277512738041,17.4867821977621
59,24,1,0,17.6121581532257,17.5427409888897,0,1,59,0,59,129.181868254093,17.6121581532257
60,24,1,0,17.7365753886133,17.4236570717676,0,1,60,0,60,129.116704096307,17.7365753886133
61,24,1,0,17.8601412000493,17.747671468144,0,1,61,0,61,129.075325320505,17.8601412000493
62,24,1,0,17.9829628836584,17.8245673046858,0,1,62,0,62,129.051036982511,17.9829628836584
63,24,1,0,18.105147735565,18.2716029351972,0,1,63,0,63,129.037144138148,18.105147735565
64,24,1,0,18.2268058293131,18.3062768937603,0,1,64,0,64,129.026934068319,18.2268058293131
65,24,1,0,18.3481389961573,18.4780977097957,0,1,65,0,65,129.013106823281,18.3481389961573
66,24,1,0,18.4694596497948,18.534534595552,0,1,66,0,66,128.987654748189,18.4694596497948
67,24,1,0,18.5910867874355,18.7347046364175,0,1,67,0,67,128.942528055059,18.5910867874355
68,24,1,0,18.7133394062895,18.8832392579597,0,1,68,0,68,128.869676955908,18.7133394062895
69,24,1,0,18.8365365035667,18.9178585149584,0,1,69,0,69,128.761051662749,18.8365365035667
70,24,1,0,18.9609970764773,19.011105080457,0,1,70,0,70,128.6086023876,18.9609970764773
71,24,1,0,19.0870401222311,19.1639208584865,0,1,71,0,71,128.404279342476,19.0870401222311
72,24,1,0,19.2149877623876,19.1352214258965,0,1,72,0,72,128.140740392593,19.2149877623876
73,24,1,0,19.3452145978128,19.2936305901227,0,1,73,0,73,127.822529765542,19.3452145978128
74,24,1,0,19.4781387749925,19.3448512242556,0,1,74,0,74,127.464054605407,19.4781387749925
75,24,1,0,19.6141797584976,19.4853154240321,0,1,75,0,75,127.080020597471,19.6141797584976
76,24,1,0,19.7537570128988,19.6552857138096,0,1,76,0,76,126.685133427013,19.7537570128988
77,24,1,0,19.897290002767,19.7678810625474,0,1,77,0,77,126.294098779316,19.897290002767
78,24,1,0,20.0451981926728,19.8743717001582,0,1,78,0,78,125.921622339659,20.0451981926728
79,24,1,0,20.1979010471872,19.9108111689557,0,1,79,0,79,125.582409793323,20.1979010471872
80,24,1,0,20.3557699799675,20.1669560594387,0,1,80,0,80,125.289950558172,20.3557699799675
81,24,1,0,20.5187043524989,20.2823343212933,0,1,81,0,81,125.045785440949,20.5187043524989
82,24,1,0,20.6863355943736,20.6825408415541,0,1,82,0,82,124.844673341274,20.6863355943736
83,24,1,0,20.8582920599256,21.1438952449116,0,1,83,0,83,124.681295317651,20.8582920599256
84,24,1,0,21.0342021034888,21.077731571107,0,1,84,0,84,124.550332428585,21.0342021034888
85,24,1,0,21.213694079397,21.239342958058,0,1,85,0,85,124.446465732581,21.213694079397
86,24,1,0,21.3963963419843,21.5098780421646,0,1,86,0,86,124.364376288142,21.3963963419843
87,24,1,0,21.5819372455845,21.5532454555998,0,1,87,0,87,124.298745153774,21.5819372455845
88,24,1,0,21.7699528997968,21.8196934967737,0,1,88,0,88,124.244665896821,21.7699528997968
89,24,1,0,21.9601272742598,21.976227026532,0,1,89,0,89,124.199777798898,21.9601272742598
90,24,1,0,22.1521625778472,22.7360767689763,0,1,90,0,90,124.162690301297,22.1521625778472
91,24,1,0,22.3457610553365,22.854204619467,0,1,91,0,91,124.132014755076,22.3457610553365
92,24,1,0,22.5406249515053,23.1044271402683,0,1,92,0,92,124.106362511291,22.5406249515053
93,24,1,0,22.7364565111313,22.9511249885049,0,1,93,0,93,124.084344920997,22.7364565111313
94,24,1,0,22.932957978992,22.6579691059003,0,1,94,0,94,124.064573335252,22.932957978992
95,24,1,0,23.129831599865,23.0730926239768,0,1,95,0,95,124.045659105111,23.129831599865
40,25,1,0,15.0408368537426,14.8458964098694,0,1,40,0,40,134.577864122356,15.0408368537426
41,25,1,0,15.1832217972575,14.7064745295789,0,1,41,0,41,134.436929296582,15.1832217972575
42,25,1,0,15.3254085701517,14.5903959850718,0,1,42,0,42,134.284007700745,15.3254085701517
43,25,1,0,15.4672701083172,14.1484858802971,0,1,43,0,43,134.116205143032,15.4672701083172
44,25,1,0,15.6086793476463,14.6486308948898,0,1,44,0,44,133.930627431631,15.6086793476463
45,25,1,0,15.7495092240313,14.3993473291931,0,1,45,0,45,133.724380374729,15.7495092240313
46,25,1,0,15.8896326733644,14.8664692132804,0,1,46,0,46,133.494569780511,15.8896326733644
47,25,1,0,16.0289226315379,16.2534829242851,0,1,47,0,47,133.238301457164,16.0289226315379
48,25,1,0,16.1672520812322,16.6086189247047,0,1,48,0,48,132.952687833207,16.1672520812322
49,25,1,0,16.3045177734869,16.5786892158232,0,1,49,0,49,132.638204464765,16.3045177734869
50,25,1,0,16.4406788278908,16.5803773607615,0,1,50,0,50,132.304151807785,16.4406788278908
51,25,1,0,16.5757044702645,17.5613420830946,0,1,51,0,51,131.961260309478,16.5757044702645
52,25,1,0,16.7095639264283,17.0985697142496,0,1,52,0,52,131.620260417057,16.7095639264283
53,25,1,0,16.8422264222026,17.2727124072878,0,1,53,0,53,131.291882577733,16.8422264222026
54,25,1,0,16.9736611834077,17.2976689182719,0,1,54,0,54,130.986857238719,16.9736611834077
55,25,1,0,17.1038374358642,17.4335445931616,0,1,55,0,55,130.715914847227,17.1038374358642
56,25,1,0,17.2327249421087,17.4194042555548,0,1,56,0,56,130.489718113281,17.2327249421087
57,25,1,0,17.3603402260979,17.4423436982991,0,1,57,0,57,130.31302814448,17.3603402260979
58,25,1,0,17.4867821977621,17.3610836305767,0,1,58,0,58,130.180208390193,17.4867821977621
59,25,1,0,17.6121581532257,17.5427409888897,0,1,59,0,59,130.084563906245,17.6121581532257
60,25,1,0,17.7365753886133,17.4236570717676,0,1,60,0,60,130.019399748459,17.7365753886133
61,25,1,0,17.8601412000493,17.747671468144,0,1,61,0,61,129.978020972657,17.8601412000493
62,25,1,0,17.9829628836584,17.8245673046858,0,1,62,0,62,129.953732634663,17.9829628836584
63,25,1,0,18.105147735565,18.2716029351972,0,1,63,0,63,129.9398397903,18.105147735565
64,25,1,0,18.2268058293131,18.3062768937603,0,1,64,0,64,129.929629720471,18.2268058293131
65,25,1,0,18.3481389961573,18.4780977097957,0,1,65,0,65,129.915802475433,18.3481389961573
66,25,1,0,18.4694596497948,18.534534595552,0,1,66,0,66,129.890350400341,18.4694596497948
67,25,1,0,18.5910867874355,18.7347046364175,0,1,67,0,67,129.845223707212,18.5910867874355
68,25,1,0,18.7133394062895,18.8832392579597,0,1,68,0,68,129.77237260806,18.7133394062895
69,25,1,0,18.8365365035667,18.9178585149584,0,1,69,0,69,129.663747314901,18.8365365035667
70,25,1,0,18.9609970764773,19.011105080457,0,1,70,0,70,129.511298039752,18.9609970764773
71,25,1,0,19.0870401222311,19.1639208584865,0,1,71,0,71,129.306974994628,19.0870401222311
72,25,1,0,19.2149877623876,19.1352214258965,0,1,72,0,72,129.043436044745,19.2149877623876
73,25,1,0,19.3452145978128,19.2936305901227,0,1,73,0,73,128.725225417694,19.3452145978128
74,25,1,0,19.4781387749925,19.3448512242556,0,1,74,0,74,128.366750257559,19.4781387749925
75,25,1,0,19.6141797584976,19.4853154240321,0,1,75,0,75,127.982716249623,19.6141797584976
76,25,1,0,19.7537570128988,19.6552857138096,0,1,76,0,76,127.587829079165,19.7537570128988
77,25,1,0,19.897290002767,19.7678810625474,0,1,77,0,77,127.196794431468,19.897290002767
78,25,1,0,20.0451981926728,19.8743717001582,0,1,78,0,78,126.824317991811,20.0451981926728
79,25,1,0,20.1979010471872,19.9108111689557,0,1,79,0,79,126.485105445475,20.1979010471872
80,25,1,0,20.3557699799675,20.1669560594387,0,1,80,0,80,126.192646210324,20.3557699799675
81,25,1,0,20.5187043524989,20.2823343212933,0,1,81,0,81,125.948481093101,20.5187043524989
82,25,1,0,20.6863355943736,20.6825408415541,0,1,82,0,82,125.747368993426,20.6863355943736
83,25,1,0,20.8582920599256,21.1438952449116,0,1,83,0,83,125.583990969803,20.8582920599256
84,25,1,0,21.0342021034888,21.077731571107,0,1,84,0,84,125.453028080737,21.0342021034888
85,25,1,0,21.213694079397,21.239342958058,0,1,85,0,85,125.349161384733,21.213694079397
86,25,1,0,21.3963963419843,21.5098780421646,0,1,86,0,86,125.267071940294,21.3963963419843
87,25,1,0,21.5819372455845,21.5532454555998,0,1,87,0,87,125.201440805927,21.5819372455845
88,25,1,0,21.7699528997968,21.8196934967737,0,1,88,0,88,125.147361548973,21.7699528997968
89,25,1,0,21.9601272742598,21.976227026532,0,1,89,0,89,125.10247345105,21.9601272742598
90,25,1,0,22.1521625778472,22.7360767689763,0,1,90,0,90,125.065385953449,22.1521625778472
91,25,1,0,22.3457610553365,22.854204619467,0,1,91,0,91,125.034710407228,22.3457610553365
92,25,1,0,22.5406249515053,23.1044271402683,0,1,92,0,92,125.009058163443,22.5406249515053
93,25,1,0,22.7364565111313,22.9511249885049,0,1,93,0,93,124.987040573149,22.7364565111313
94,25,1,0,22.932957978992,22.6579691059003,0,1,94,0,94,124.967268987404,22.932957978992
95,25,1,0,23.129831599865,23.0730926239768,0,1,95,0,95,124.948354757263,23.129831599865
40,10,0,1,15.0408368537426,14.8458964098694,0,0,0,0,0,118.269826980948,15.0408368537426
41,10,0,1,15.1832217972575,14.7064745295789,0,0,0,0,0,118.017971470947,15.1832217972575
42,10,0,1,15.3254085701517,14.5903959850718,0,0,0,0,0,117.754129190885,15.3254085701517
43,10,0,1,15.4672701083172,14.1484858802971,0,0,0,0,0,117.475405948947,15.4672701083172
44,10,0,1,15.6086793476463,14.6486308948898,0,0,0,0,0,117.17890755332,15.6086793476463
45,10,0,1,15.7495092240313,14.3993473291931,0,0,0,0,0,116.861739812192,15.7495092240313
46,10,0,1,15.8896326733644,14.8664692132804,0,0,0,0,0,116.521008533748,15.8896326733644
47,10,0,1,16.0289226315379,16.2534829242851,0,0,0,0,0,116.153819526176,16.0289226315379
48,10,0,1,16.1672520812322,16.6086189247047,0,0,0,0,0,115.757285217993,16.1672520812322
49,10,0,1,16.3045177734869,16.5786892158232,0,0,0,0,0,115.331881165326,16.3045177734869
50,10,0,1,16.4406788278908,16.5803773607615,0,0,0,0,0,114.88690782412,16.4406788278908
51,10,0,1,16.5757044702645,17.5613420830946,0,0,0,0,0,114.433095641588,16.5757044702645
52,10,0,1,16.7095639264283,17.0985697142496,0,0,0,0,0,113.981175064941,16.7095639264283
53,10,0,1,16.8422264222026,17.2727124072878,0,0,0,0,0,113.541876541391,16.8422264222026
54,10,0,1,16.9736611834077,17.2976689182719,0,0,0,0,0,113.125930518151,16.9736611834077
55,10,0,1,17.1038374358642,17.4335445931616,0,0,0,0,0,112.744067442433,17.1038374358642
56,10,0,1,17.2327249421087,17.4194042555548,0,0,0,0,0,112.406950024263,17.2327249421087
57,10,0,1,17.3603402260979,17.4423436982991,0,0,0,0,0,112.119339371235,17.3603402260979
58,10,0,1,17.4867821977621,17.3610836305767,0,0,0,0,0,111.875598932723,17.4867821977621
59,10,0,1,17.6121581532257,17.5427409888897,0,0,0,0,0,111.66903376455,17.6121581532257
60,10,0,1,17.7365753886133,17.4236570717676,0,0,0,0,0,111.492948922538,17.7365753886133
61,10,0,1,17.8601412000493,17.747671468144,0,0,0,0,0,111.34064946251,17.8601412000493
62,10,0,1,17.9829628836584,17.8245673046858,0,0,0,0,0,111.205440440291,17.9829628836584
63,10,0,1,18.105147735565,18.2716029351972,0,0,0,0,0,111.080626911702,18.105147735565
64,10,0,1,18.2268058293131,18.3062768937603,0,0,0,0,0,110.959496157647,18.2268058293131
65,10,0,1,18.3481389961573,18.4780977097957,0,0,0,0,0,110.834748228384,18.3481389961573
66,10,0,1,18.4694596497948,18.534534595552,0,0,0,0,0,110.698375469066,18.4694596497948
67,10,0,1,18.5910867874355,18.7347046364175,0,0,0,0,0,110.542328091711,18.5910867874355
68,10,0,1,18.7133394062895,18.8832392579597,0,0,0,0,0,110.358556308333,18.7133394062895
69,10,0,1,18.8365365035667,18.9178585149584,0,0,0,0,0,110.139010330949,18.8365365035667
70,10,0,1,18.9609970764773,19.011105080457,0,0,0,0,0,109.875640371575,18.9609970764773
71,10,0,1,19.0870401222311,19.1639208584865,0,0,0,0,0,109.560396642224,19.0870401222311
72,10,0,1,19.2149877623876,19.1352214258965,0,0,0,0,0,109.185937008117,19.2149877623876
73,10,0,1,19.3452145978128,19.2936305901227,0,0,0,0,0,108.756805696839,19.3452145978128
74,10,0,1,19.4781387749925,19.3448512242556,0,0,0,0,0,108.287409852479,19.4781387749925
75,10,0,1,19.6141797584976,19.4853154240321,0,0,0,0,0,107.792455160317,19.6141797584976
76,10,0,1,19.7537570128988,19.6552857138096,0,0,0,0,0,107.286647305634,19.7537570128988
77,10,0,1,19.897290002767,19.7678810625474,0,0,0,0,0,106.784691973711,19.897290002767
78,10,0,1,20.0451981926728,19.8743717001582,0,0,0,0,0,106.301294849828,20.0451981926728
79,10,0,1,20.1979010471872,19.9108111689557,0,0,0,0,0,105.851161619267,20.1979010471872
80,10,0,1,20.3557699799675,20.1669560594387,0,0,0,0,0,105.44778169989,20.3557699799675
81,10,0,1,20.5187043524989,20.2823343212933,0,0,0,0,0,105.092695898442,20.5187043524989
82,10,0,1,20.6863355943736,20.6825408415541,0,0,0,0,0,104.780663114541,20.6863355943736
83,10,0,1,20.8582920599256,21.1438952449116,0,0,0,0,0,104.506364406693,20.8582920599256
84,10,0,1,21.0342021034888,21.077731571107,0,0,0,0,0,104.264480833401,21.0342021034888
85,10,0,1,21.213694079397,21.239342958058,0,0,0,0,0,104.049693453171,21.213694079397
86,10,0,1,21.3963963419843,21.5098780421646,0,0,0,0,0,103.856683324507,21.3963963419843
87,10,0,1,21.5819372455845,21.5532454555998,0,0,0,0,0,103.680131505913,21.5819372455845
88,10,0,1,21.7699528997968,21.8196934967737,0,0,0,0,0,103.515131564734,21.7699528997968
89,10,0,1,21.9601272742598,21.976227026532,0,0,0,0,0,103.359322782585,21.9601272742598
90,10,0,1,22.1521625778472,22.7360767689763,0,0,0,0,0,103.211314600759,22.1521625778472
91,10,0,1,22.3457610553365,22.854204619467,0,0,0,0,0,103.069718370313,22.3457610553365
92,10,0,1,22.5406249515053,23.1044271402683,0,0,0,0,0,102.933145442302,22.5406249515053
93,10,0,1,22.7364565111313,22.9511249885049,0,0,0,0,0,102.800207167782,22.7364565111313
94,10,0,1,22.932957978992,22.6579691059003,0,0,0,0,0,102.669514897811,22.932957978992
95,10,0,1,23.129831599865,23.0730926239768,0,0,0,0,0,102.539679983445,23.129831599865
40,11,0,1,15.0408368537426,14.8458964098694,0,0,0,0,0,119.1725226331,15.0408368537426
41,11,0,1,15.1832217972575,14.7064745295789,0,0,0,0,0,118.920667123099,15.1832217972575
42,11,0,1,15.3254085701517,14.5903959850718,0,0,0,0,0,118.656824843037,15.3254085701517
43,11,0,1,15.4672701083172,14.1484858802971,0,0,0,0,0,118.378101601099,15.4672701083172
44,11,0,1,15.6086793476463,14.6486308948898,0,0,0,0,0,118.081603205472,15.6086793476463
45,11,0,1,15.7495092240313,14.3993473291931,0,0,0,0,0,117.764435464344,15.7495092240313
46,11,0,1,15.8896326733644,14.8664692132804,0,0,0,0,0,117.4237041859,15.8896326733644
47,11,0,1,16.0289226315379,16.2534829242851,0,0,0,0,0,117.056515178328,16.0289226315379
48,11,0,1,16.1672520812322,16.6086189247047,0,0,0,0,0,116.659980870145,16.1672520812322
49,11,0,1,16.3045177734869,16.5786892158232,0,0,0,0,0,116.234576817478,16.3045177734869
50,11,0,1,16.4406788278908,16.5803773607615,0,0,0,0,0,115.789603476272,16.4406788278908
51,11,0,1,16.5757044702645,17.5613420830946,0,0,0,0,0,115.33579129374,16.5757044702645
52,11,0,1,16.7095639264283,17.0985697142496,0,0,0,0,0,114.883870717093,16.7095639264283
53,11,0,1,16.8422264222026,17.2727124072878,0,0,0,0,0,114.444572193543,16.8422264222026
54,11,0,1,16.9736611834077,17.2976689182719,0,0,0,0,0,114.028626170303,16.9736611834077
55,11,0,1,17.1038374358642,17.4335445931616,0,0,0,0,0,113.646763094586,17.1038374358642
56,11,0,1,17.2327249421087,17.4194042555548,0,0,0,0,0,113.309645676415,17.2327249421087
57,11,0,1,17.3603402260979,17.4423436982991,0,0,0,0,0,113.022035023387,17.3603402260979
58,11,0,1,17.4867821977621,17.3610836305767,0,0,0,0,0,112.778294584875,17.4867821977621
59,11,0,1,17.6121581532257,17.5427409888897,0,0,0,0,0,112.571729416702,17.6121581532257
60,11,0,1,17.7365753886133,17.4236570717676,0,0,0,0,0,112.39564457469,17.7365753886133
61,11,0,1,17.8601412000493,17.747671468144,0,0,0,0,0,112.243345114662,17.8601412000493
62,11,0,1,17.9829628836584,17.8245673046858,0,0,0,0,0,112.108136092443,17.9829628836584
63,11,0,1,18.105147735565,18.2716029351972,0,0,0,0,0,111.983322563854,18.105147735565
64,11,0,1,18.2268058293131,18.3062768937603,0,0,0,0,0,111.8621918098,18.2268058293131
65,11,0,1,18.3481389961573,18.4780977097957,0,0,0,0,0,111.737443880536,18.3481389961573
66,11,0,1,18.4694596497948,18.534534595552,0,0,0,0,0,111.601071121218,18.4694596497948
67,11,0,1,18.5910867874355,18.7347046364175,0,0,0,0,0,111.445023743863,18.5910867874355
68,11,0,1,18.7133394062895,18.8832392579597,0,0,0,0,0,111.261251960485,18.7133394062895
69,11,0,1,18.8365365035667,18.9178585149584,0,0,0,0,0,111.041705983102,18.8365365035667
70,11,0,1,18.9609970764773,19.011105080457,0,0,0,0,0,110.778336023727,18.9609970764773
71,11,0,1,19.0870401222311,19.1639208584865,0,0,0,0,0,110.463092294377,19.0870401222311
72,11,0,1,19.2149877623876,19.1352214258965,0,0,0,0,0,110.088632660269,19.2149877623876
73,11,0,1,19.3452145978128,19.2936305901227,0,0,0,0,0,109.659501348991,19.3452145978128
74,11,0,1,19.4781387749925,19.3448512242556,0,0,0,0,0,109.190105504631,19.4781387749925
75,11,0,1,19.6141797584976,19.4853154240321,0,0,0,0,0,108.695150812469,19.6141797584976
76,11,0,1,19.7537570128988,19.6552857138096,0,0,0,0,0,108.189342957786,19.7537570128988
77,11,0,1,19.897290002767,19.7678810625474,0,0,0,0,0,107.687387625863,19.897290002767
78,11,0,1,20.0451981926728,19.8743717001582,0,0,0,0,0,107.20399050198,20.0451981926728
79,11,0,1,20.1979010471872,19.9108111689557,0,0,0,0,0,106.753857271419,20.1979010471872
80,11,0,1,20.3557699799675,20.1669560594387,0,0,0,0,0,106.350477352042,20.3557699799675
81,11,0,1,20.5187043524989,20.2823343212933,0,0,0,0,0,105.995391550594,20.5187043524989
82,11,0,1,20.6863355943736,20.6825408415541,0,0,0,0,0,105.683358766693,20.6863355943736
83,11,0,1,20.8582920599256,21.1438952449116,0,0,0,0,0,105.409060058845,20.8582920599256
84,11,0,1,21.0342021034888,21.077731571107,0,0,0,0,0,105.167176485553,21.0342021034888
85,11,0,1,21.213694079397,21.239342958058,0,0,0,0,0,104.952389105323,21.213694079397
86,11,0,1,21.3963963419843,21.5098780421646,0,0,0,0,0,104.759378976659,21.3963963419843
87,11,0,1,21.5819372455845,21.5532454555998,0,0,0,0,0,104.582827158066,21.5819372455845
88,11,0,1,21.7699528997968,21.8196934967737,0,0,0,0,0,104.417827216886,21.7699528997968
89,11,0,1,21.9601272742598,21.976227026532,0,0,0,0,0,104.262018434737,21.9601272742598
90,11,0,1,22.1521625778472,22.7360767689763,0,0,0,0,0,104.114010252911,22.1521625778472
91,11,0,1,22.3457610553365,22.854204619467,0,0,0,0,0,103.972414022465,22.3457610553365
92,11,0,1,22.5406249515053,23.1044271402683,0,0,0,0,0,103.835841094454,22.5406249515053
93,11,0,1,22.7364565111313,22.9511249885049,0,0,0,0,0,103.702902819935,22.7364565111313
94,11,0,1,22.932957978992,22.6579691059003,0,0,0,0,0,103.572210549963,22.932957978992
95,11,0,1,23.129831599865,23.0730926239768,0,0,0,0,0,103.442375635597,23.129831599865
40,12,0,1,15.0408368537426,14.8458964098694,0,0,0,0,0,120.075218285252,15.0408368537426
41,12,0,1,15.1832217972575,14.7064745295789,0,0,0,0,0,119.823362775251,15.1832217972575
42,12,0,1,15.3254085701517,14.5903959850718,0,0,0,0,0,119.559520495189,15.3254085701517
43,12,0,1,15.4672701083172,14.1484858802971,0,0,0,0,0,119.280797253251,15.4672701083172
44,12,0,1,15.6086793476463,14.6486308948898,0,0,0,0,0,118.984298857624,15.6086793476463
45,12,0,1,15.7495092240313,14.3993473291931,0,0,0,0,0,118.667131116496,15.7495092240313
46,12,0,1,15.8896326733644,14.8664692132804,0,0,0,0,0,118.326399838052,15.8896326733644
47,12,0,1,16.0289226315379,16.2534829242851,0,0,0,0,0,117.95921083048,16.0289226315379
48,12,0,1,16.1672520812322,16.6086189247047,0,0,0,0,0,117.562676522297,16.1672520812322
49,12,0,1,16.3045177734869,16.5786892158232,0,0,0,0,0,117.13727246963,16.3045177734869
50,12,0,1,16.4406788278908,16.5803773607615,0,0,0,0,0,116.692299128424,16.4406788278908
51,12,0,1,16.5757044702645,17.5613420830946,0,0,0,0,0,116.238486945892,16.5757044702645
52,12,0,1,16.7095639264283,17.0985697142496,0,0,0,0,0,115.786566369245,16.7095639264283
53,12,0,1,16.8422264222026,17.2727124072878,0,0,0,0,0,115.347267845695,16.8422264222026
54,12,0,1,16.9736611834077,17.2976689182719,0,0,0,0,0,114.931321822455,16.9736611834077
55,12,0,1,17.1038374358642,17.4335445931616,0,0,0,0,0,114.549458746738,17.1038374358642
56,12,0,1,17.2327249421087,17.4194042555548,0,0,0,0,0,114.212341328567,17.2327249421087
57,12,0,1,17.3603402260979,17.4423436982991,0,0,0,0,0,113.92473067554,17.3603402260979
58,12,0,1,17.4867821977621,17.3610836305767,0,0,0,0,0,113.680990237028,17.4867821977621
59,12,0,1,17.6121581532257,17.5427409888897,0,0,0,0,0,113.474425068854,17.6121581532257
60,12,0,1,17.7365753886133,17.4236570717676,0,0,0,0,0,113.298340226842,17.7365753886133
61,12,0,1,17.8601412000493,17.747671468144,0,0,0,0,0,113.146040766815,17.8601412000493
62,12,0,1,17.9829628836584,17.8245673046858,0,0,0,0,0,113.010831744595,17.9829628836584
63,12,0,1,18.105147735565,18.2716029351972,0,0,0,0,0,112.886018216006,18.105147735565
64,12,0,1,18.2268058293131,18.3062768937603,0,0,0,0,0,112.764887461952,18.2268058293131
65,12,0,1,18.3481389961573,18.4780977097957,0,0,0,0,0,112.640139532688,18.3481389961573
66,12,0,1,18.4694596497948,18.534534595552,0,0,0,0,0,112.50376677337,18.4694596497948
67,12,0,1,18.5910867874355,18.7347046364175,0,0,0,0,0,112.347719396015,18.5910867874355
68,12,0,1,18.7133394062895,18.8832392579597,0,0,0,0,0,112.163947612638,18.7133394062895
69,12,0,1,18.8365365035667,18.9178585149584,0,0,0,0,0,111.944401635254,18.8365365035667
70,12,0,1,18.9609970764773,19.011105080457,0,0,0,0,0,111.681031675879,18.9609970764773
71,12,0,1,19.0870401222311,19.1639208584865,0,0,0,0,0,111.365787946529,19.0870401222311
72,12,0,1,19.2149877623876,19.1352214258965,0,0,0,0,0,110.991328312421,19.2149877623876
73,12,0,1,19.3452145978128,19.2936305901227,0,0,0,0,0,110.562197001144,19.3452145978128
74,12,0,1,19.4781387749925,19.3448512242556,0,0,0,0,0,110.092801156783,19.4781387749925
75,12,0,1,19.6141797584976,19.4853154240321,0,0,0,0,0,109.597846464621,19.6141797584976
76,12,0,1,19.7537570128988,19.6552857138096,0,0,0,0,0,109.092038609938,19.7537570128988
77,12,0,1,19.897290002767,19.7678810625474,0,0,0,0,0,108.590083278015,19.897290002767
78,12,0,1,20.0451981926728,19.8743717001582,0,0,0,0,0,108.106686154132,20.0451981926728
79,12,0,1,20.1979010471872,19.9108111689557,0,0,0,0,0,107.656552923571,20.1979010471872
80,12,0,1,20.3557699799675,20.1669560594387,0,0,0,0,0,107.253173004195,20.3557699799675
81,12,0,1,20.5187043524989,20.2823343212933,0,0,0,0,0,106.898087202746,20.5187043524989
82,12,0,1,20.6863355943736,20.6825408415541,0,0,0,0,0,106.586054418845,20.6863355943736
83,12,0,1,20.8582920599256,21.1438952449116,0,0,0,0,0,106.311755710997,20.8582920599256
84,12,0,1,21.0342021034888,21.077731571107,0,0,0,0,0,106.069872137705,21.0342021034888
85,12,0,1,21.213694079397,21.239342958058,0,0,0,0,0,105.855084757475,21.213694079397
86,12,0,1,21.3963963419843,21.5098780421646,0,0,0,0,0,105.662074628811,21.3963963419843
87,12,0,1,21.5819372455845,21.5532454555998,0,0,0,0,0,105.485522810218,21.5819372455845
88,12,0,1,21.7699528997968,21.8196934967737,0,0,0,0,0,105.320522869039,21.7699528997968
89,12,0,1,21.9601272742598,21.976227026532,0,0,0,0,0,105.164714086889,21.9601272742598
90,12,0,1,22.1521625778472,22.7360767689763,0,0,0,0,0,105.016705905064,22.1521625778472
91,12,0,1,22.3457610553365,22.854204619467,0,0,0,0,0,104.875109674617,22.3457610553365
92,12,0,1,22.5406249515053,23.1044271402683,0,0,0,0,0,104.738536746606,22.5406249515053
93,12,0,1,22.7364565111313,22.9511249885049,0,0,0,0,0,104.605598472087,22.7364565111313
94,12,0,1,22.932957978992,22.6579691059003,0,0,0,0,0,104.474906202116,22.932957978992
95,12,0,1,23.129831599865,23.0730926239768,0,0,0,0,0,104.345071287749,23.129831599865
40,13,0,1,15.0408368537426,14.8458964098694,1,0,0,40,0,120.977913937404,15.0408368537426
41,13,0,1,15.1832217972575,14.7064745295789,1,0,0,41,0,120.726058427404,15.1832217972575
42,13,0,1,15.3254085701517,14.5903959850718,1,0,0,42,0,120.462216147341,15.3254085701517
43,13,0,1,15.4672701083172,14.1484858802971,1,0,0,43,0,120.183492905403,15.4672701083172
44,13,0,1,15.6086793476463,14.6486308948898,1,0,0,44,0,119.886994509777,15.6086793476463
45,13,0,1,15.7495092240313,14.3993473291931,1,0,0,45,0,119.569826768648,15.7495092240313
46,13,0,1,15.8896326733644,14.8664692132804,1,0,0,46,0,119.229095490205,15.8896326733644
47,13,0,1,16.0289226315379,16.2534829242851,1,0,0,47,0,118.861906482633,16.0289226315379
48,13,0,1,16.1672520812322,16.6086189247047,1,0,0,48,0,118.465372174449,16.1672520812322
49,13,0,1,16.3045177734869,16.5786892158232,1,0,0,49,0,118.039968121782,16.3045177734869
50,13,0,1,16.4406788278908,16.5803773607615,1,0,0,50,0,117.594994780577,16.4406788278908
51,13,0,1,16.5757044702645,17.5613420830946,1,0,0,51,0,117.141182598044,16.5757044702645
52,13,0,1,16.7095639264283,17.0985697142496,1,0,0,52,0,116.689262021397,16.7095639264283
53,13,0,1,16.8422264222026,17.2727124072878,1,0,0,53,0,116.249963497847,16.8422264222026
54,13,0,1,16.9736611834077,17.2976689182719,1,0,0,54,0,115.834017474608,16.9736611834077
55,13,0,1,17.1038374358642,17.4335445931616,1,0,0,55,0,115.45215439889,17.1038374358642
56,13,0,1,17.2327249421087,17.4194042555548,1,0,0,56,0,115.115036980719,17.2327249421087
57,13,0,1,17.3603402260979,17.4423436982991,1,0,0,57,0,114.827426327692,17.3603402260979
58,13,0,1,17.4867821977621,17.3610836305767,1,0,0,58,0,114.58368588918,17.4867821977621
59,13,0,1,17.6121581532257,17.5427409888897,1,0,0,59,0,114.377120721006,17.6121581532257
60,13,0,1,17.7365753886133,17.4236570717676,1,0,0,60,0,114.201035878994,17.7365753886133
61,13,0,1,17.8601412000493,17.747671468144,1,0,0,61,0,114.048736418967,17.8601412000493
62,13,0,1,17.9829628836584,17.8245673046858,1,0,0,62,0,113.913527396747,17.9829628836584
63,13,0,1,18.105147735565,18.2716029351972,1,0,0,63,0,113.788713868158,18.105147735565
64,13,0,1,18.2268058293131,18.3062768937603,1,0,0,64,0,113.667583114104,18.2268058293131
65,13,0,1,18.3481389961573,18.4780977097957,1,0,0,65,0,113.54283518484,18.3481389961573
66,13,0,1,18.4694596497948,18.534534595552,1,0,0,66,0,113.406462425522,18.4694596497948
67,13,0,1,18.5910867874355,18.7347046364175,1,0,0,67,0,113.250415048167,18.5910867874355
68,13,0,1,18.7133394062895,18.8832392579597,1,0,0,68,0,113.06664326479,18.7133394062895
69,13,0,1,18.8365365035667,18.9178585149584,1,0,0,69,0,112.847097287406,18.8365365035667
70,13,0,1,18.9609970764773,19.011105080457,1,0,0,70,0,112.583727328031,18.9609970764773
71,13,0,1,19.0870401222311,19.1639208584865,1,0,0,71,0,112.268483598681,19.0870401222311
72,13,0,1,19.2149877623876,19.1352214258965,1,0,0,72,0,111.894023964573,19.2149877623876
73,13,0,1,19.3452145978128,19.2936305901227,1,0,0,73,0,111.464892653296,19.3452145978128
74,13,0,1,19.4781387749925,19.3448512242556,1,0,0,74,0,110.995496808936,19.4781387749925
75,13,0,1,19.6141797584976,19.4853154240321,1,0,0,75,0,110.500542116773,19.6141797584976
76,13,0,1,19.7537570128988,19.6552857138096,1,0,0,76,0,109.99473426209,19.7537570128988
77,13,0,1,19.897290002767,19.7678810625474,1,0,0,77,0,109.492778930167,19.897290002767
78,13,0,1,20.0451981926728,19.8743717001582,1,0,0,78,0,109.009381806285,20.0451981926728
79,13,0,1,20.1979010471872,19.9108111689557,1,0,0,79,0,108.559248575724,20.1979010471872
80,13,0,1,20.3557699799675,20.1669560594387,1,0,0,80,0,108.155868656347,20.3557699799675
81,13,0,1,20.5187043524989,20.2823343212933,1,0,0,81,0,107.800782854898,20.5187043524989
82,13,0,1,20.6863355943736,20.6825408415541,1,0,0,82,0,107.488750070997,20.6863355943736
83,13,0,1,20.8582920599256,21.1438952449116,1,0,0,83,0,107.214451363149,20.8582920599256
84,13,0,1,21.0342021034888,21.077731571107,1,0,0,84,0,106.972567789858,21.0342021034888
85,13,0,1,21.213694079397,21.239342958058,1,0,0,85,0,106.757780409627,21.213694079397
86,13,0,1,21.3963963419843,21.5098780421646,1,0,0,86,0,106.564770280963,21.3963963419843
87,13,0,1,21.5819372455845,21.5532454555998,1,0,0,87,0,106.38821846237,21.5819372455845
88,13,0,1,21.7699528997968,21.8196934967737,1,0,0,88,0,106.223218521191,21.7699528997968
89,13,0,1,21.9601272742598,21.976227026532,1,0,0,89,0,106.067409739042,21.9601272742598
90,13,0,1,22.1521625778472,22.7360767689763,1,0,0,90,0,105.919401557216,22.1521625778472
91,13,0,1,22.3457610553365,22.854204619467,1,0,0,91,0,105.777805326769,22.3457610553365
92,13,0,1,22.5406249515053,23.1044271402683,1,0,0,92,0,105.641232398758,22.5406249515053
93,13,0,1,22.7364565111313,22.9511249885049,1,0,0,93,0,105.508294124239,22.7364565111313
94,13,0,1,22.932957978992,22.6579691059003,1,0,0,94,0,105.377601854268,22.932957978992
95,13,0,1,23.129831599865,23.0730926239768,1,0,0,95,0,105.247766939901,23.129831599865
40,14,0,1,15.0408368537426,14.8458964098694,1,0,0,40,0,121.880609589556,15.0408368537426
41,14,0,1,15.1832217972575,14.7064745295789,1,0,0,41,0,121.628754079556,15.1832217972575
42,14,0,1,15.3254085701517,14.5903959850718,1,0,0,42,0,121.364911799493,15.3254085701517
43,14,0,1,15.4672701083172,14.1484858802971,1,0,0,43,0,121.086188557555,15.4672701083172
44,14,0,1,15.6086793476463,14.6486308948898,1,0,0,44,0,120.789690161929,15.6086793476463
45,14,0,1,15.7495092240313,14.3993473291931,1,0,0,45,0,120.4725224208,15.7495092240313
46,14,0,1,15.8896326733644,14.8664692132804,1,0,0,46,0,120.131791142357,15.8896326733644
47,14,0,1,16.0289226315379,16.2534829242851,1,0,0,47,0,119.764602134785,16.0289226315379
48,14,0,1,16.1672520812322,16.6086189247047,1,0,0,48,0,119.368067826601,16.1672520812322
49,14,0,1,16.3045177734869,16.5786892158232,1,0,0,49,0,118.942663773934,16.3045177734869
50,14,0,1,16.4406788278908,16.5803773607615,1,0,0,50,0,118.497690432729,16.4406788278908
51,14,0,1,16.5757044702645,17.5613420830946,1,0,0,51,0,118.043878250196,16.5757044702645
52,14,0,1,16.7095639264283,17.0985697142496,1,0,0,52,0,117.591957673549,16.7095639264283
53,14,0,1,16.8422264222026,17.2727124072878,1,0,0,53,0,117.15265915,16.8422264222026
54,14,0,1,16.9736611834077,17.2976689182719,1,0,0,54,0,116.73671312676,16.9736611834077
55,14,0,1,17.1038374358642,17.4335445931616,1,0,0,55,0,116.354850051042,17.1038374358642
56,14,0,1,17.2327249421087,17.4194042555548,1,0,0,56,0,116.017732632871,17.2327249421087
57,14,0,1,17.3603402260979,17.4423436982991,1,0,0,57,0,115.730121979844,17.3603402260979
58,14,0,1,17.4867821977621,17.3610836305767,1,0,0,58,0,115.486381541332,17.4867821977621
59,14,0,1,17.6121581532257,17.5427409888897,1,0,0,59,0,115.279816373158,17.6121581532257
60,14,0,1,17.7365753886133,17.4236570717676,1,0,0,60,0,115.103731531146,17.7365753886133
61,14,0,1,17.8601412000493,17.747671468144,1,0,0,61,0,114.951432071119,17.8601412000493
62,14,0,1,17.9829628836584,17.8245673046858,1,0,0,62,0,114.816223048899,17.9829628836584
63,14,0,1,18.105147735565,18.2716029351972,1,0,0,63,0,114.69140952031,18.105147735565
64,14,0,1,18.2268058293131,18.3062768937603,1,0,0,64,0,114.570278766256,18.2268058293131
65,14,0,1,18.3481389961573,18.4780977097957,1,0,0,65,0,114.445530836992,18.3481389961573
66,14,0,1,18.4694596497948,18.534534595552,1,0,0,66,0,114.309158077675,18.4694596497948
67,14,0,1,18.5910867874355,18.7347046364175,1,0,0,67,0,114.153110700319,18.5910867874355
68,14,0,1,18.7133394062895,18.8832392579597,1,0,0,68,0,113.969338916942,18.7133394062895
69,14,0,1,18.8365365035667,18.9178585149584,1,0,0,69,0,113.749792939558,18.8365365035667
70,14,0,1,18.9609970764773,19.011105080457,1,0,0,70,0,113.486422980183,18.9609970764773
71,14,0,1,19.0870401222311,19.1639208584865,1,0,0,71,0,113.171179250833,19.0870401222311
72,14,0,1,19.2149877623876,19.1352214258965,1,0,0,72,0,112.796719616725,19.2149877623876
73,14,0,1,19.3452145978128,19.2936305901227,1,0,0,73,0,112.367588305448,19.3452145978128
74,14,0,1,19.4781387749925,19.3448512242556,1,0,0,74,0,111.898192461088,19.4781387749925
75,14,0,1,19.6141797584976,19.4853154240321,1,0,0,75,0,111.403237768926,19.6141797584976
76,14,0,1,19.7537570128988,19.6552857138096,1,0,0,76,0,110.897429914243,19.7537570128988
77,14,0,1,19.897290002767,19.7678810625474,1,0,0,77,0,110.395474582319,19.897290002767
78,14,0,1,20.0451981926728,19.8743717001582,1,0,0,78,0,109.912077458437,20.0451981926728
79,14,0,1,20.1979010471872,19.9108111689557,1,0,0,79,0,109.461944227876,20.1979010471872
80,14,0,1,20.3557699799675,20.1669560594387,1,0,0,80,0,109.058564308499,20.3557699799675
81,14,0,1,20.5187043524989,20.2823343212933,1,0,0,81,0,108.70347850705,20.5187043524989
82,14,0,1,20.6863355943736,20.6825408415541,1,0,0,82,0,108.39144572315,20.6863355943736
83,14,0,1,20.8582920599256,21.1438952449116,1,0,0,83,0,108.117147015301,20.8582920599256
84,14,0,1,21.0342021034888,21.077731571107,1,0,0,84,0,107.87526344201,21.0342021034888
85,14,0,1,21.213694079397,21.239342958058,1,0,0,85,0,107.66047606178,21.213694079397
86,14,0,1,21.3963963419843,21.5098780421646,1,0,0,86,0,107.467465933115,21.3963963419843
87,14,0,1,21.5819372455845,21.5532454555998,1,0,0,87,0,107.290914114522,21.5819372455845
88,14,0,1,21.7699528997968,21.8196934967737,1,0,0,88,0,107.125914173343,21.7699528997968
89,14,0,1,21.9601272742598,21.976227026532,1,0,0,89,0,106.970105391194,21.9601272742598
90,14,0,1,22.1521625778472,22.7360767689763,1,0,0,90,0,106.822097209368,22.1521625778472
91,14,0,1,22.3457610553365,22.854204619467,1,0,0,91,0,106.680500978921,22.3457610553365
92,14,0,1,22.5406249515053,23.1044271402683,1,0,0,92,0,106.54392805091,22.5406249515053
93,14,0,1,22.7364565111313,22.9511249885049,1,0,0,93,0,106.410989776391,22.7364565111313
94,14,0,1,22.932957978992,22.6579691059003,1,0,0,94,0,106.28029750642,22.932957978992
95,14,0,1,23.129831599865,23.0730926239768,1,0,0,95,0,106.150462592053,23.129831599865
40,15,0,1,15.0408368537426,14.8458964098694,1,0,0,40,0,122.783305241708,15.0408368537426
41,15,0,1,15.1832217972575,14.7064745295789,1,0,0,41,0,122.531449731708,15.1832217972575
42,15,0,1,15.3254085701517,14.5903959850718,1,0,0,42,0,122.267607451645,15.3254085701517
43,15,0,1,15.4672701083172,14.1484858802971,1,0,0,43,0,121.988884209707,15.4672701083172
44,15,0,1,15.6086793476463,14.6486308948898,1,0,0,44,0,121.692385814081,15.6086793476463
45,15,0,1,15.7495092240313,14.3993473291931,1,0,0,45,0,121.375218072952,15.7495092240313
46,15,0,1,15.8896326733644,14.8664692132804,1,0,0,46,0,121.034486794509,15.8896326733644
47,15,0,1,16.0289226315379,16.2534829242851,1,0,0,47,0,120.667297786937,16.0289226315379
48,15,0,1,16.1672520812322,16.6086189247047,1,0,0,48,0,120.270763478753,16.1672520812322
49,15,0,1,16.3045177734869,16.5786892158232,1,0,0,49,0,119.845359426087,16.3045177734869
50,15,0,1,16.4406788278908,16.5803773607615,1,0,0,50,0,119.400386084881,16.4406788278908
51,15,0,1,16.5757044702645,17.5613420830946,1,0,0,51,0,118.946573902348,16.5757044702645
52,15,0,1,16.7095639264283,17.0985697142496,1,0,0,52,0,118.494653325701,16.7095639264283
53,15,0,1,16.8422264222026,17.2727124072878,1,0,0,53,0,118.055354802152,16.8422264222026
54,15,0,1,16.9736611834077,17.2976689182719,1,0,0,54,0,117.639408778912,16.9736611834077
55,15,0,1,17.1038374358642,17.4335445931616,1,0,0,55,0,117.257545703194,17.1038374358642
56,15,0,1,17.2327249421087,17.4194042555548,1,0,0,56,0,116.920428285023,17.2327249421087
57,15,0,1,17.3603402260979,17.4423436982991,1,0,0,57,0,116.632817631996,17.3603402260979
58,15,0,1,17.4867821977621,17.3610836305767,1,0,0,58,0,116.389077193484,17.4867821977621
59,15,0,1,17.6121581532257,17.5427409888897,1,0,0,59,0,116.18251202531,17.6121581532257
60,15,0,1,17.7365753886133,17.4236570717676,1,0,0,60,0,116.006427183298,17.7365753886133
61,15,0,1,17.8601412000493,17.747671468144,1,0,0,61,0,115.854127723271,17.8601412000493
62,15,0,1,17.9829628836584,17.8245673046858,1,0,0,62,0,115.718918701051,17.9829628836584
63,15,0,1,18.105147735565,18.2716029351972,1,0,0,63,0,115.594105172462,18.105147735565
64,15,0,1,18.2268058293131,18.3062768937603,1,0,0,64,0,115.472974418408,18.2268058293131
65,15,0,1,18.3481389961573,18.4780977097957,1,0,0,65,0,115.348226489144,18.3481389961573
66,15,0,1,18.4694596497948,18.534534595552,1,0,0,66,0,115.211853729827,18.4694596497948
67,15,0,1,18.5910867874355,18.7347046364175,1,0,0,67,0,115.055806352471,18.5910867874355
68,15,0,1,18.7133394062895,18.8832392579597,1,0,0,68,0,114.872034569094,18.7133394062895
69,15,0,1,18.8365365035667,18.9178585149584,1,0,0,69,0,114.65248859171,18.8365365035667
70,15,0,1,18.9609970764773,19.011105080457,1,0,0,70,0,114.389118632335,18.9609970764773
71,15,0,1,19.0870401222311,19.1639208584865,1,0,0,71,0,114.073874902985,19.0870401222311
72,15,0,1,19.2149877623876,19.1352214258965,1,0,0,72,0,113.699415268877,19.2149877623876
73,15,0,1,19.3452145978128,19.2936305901227,1,0,0,73,0,113.2702839576,19.3452145978128
74,15,0,1,19.4781387749925,19.3448512242556,1,0,0,74,0,112.80088811324,19.4781387749925
75,15,0,1,19.6141797584976,19.4853154240321,1,0,0,75,0,112.305933421078,19.6141797584976
76,15,0,1,19.7537570128988,19.6552857138096,1,0,0,76,0,111.800125566395,19.7537570128988
77,15,0,1,19.897290002767,19.7678810625474,1,0,0,77,0,111.298170234471,19.897290002767
78,15,0,1,20.0451981926728,19.8743717001582,1,0,0,78,0,110.814773110589,20.0451981926728
79,15,0,1,20.1979010471872,19.9108111689557,1,0,0,79,0,110.364639880028,20.1979010471872
80,15,0,1,20.3557699799675,20.1669560594387,1,0,0,80,0,109.961259960651,20.3557699799675
81,15,0,1,20.5187043524989,20.2823343212933,1,0,0,81,0,109.606174159202,20.5187043524989
82,15,0,1,20.6863355943736,20.6825408415541,1,0,0,82,0,109.294141375302,20.6863355943736
83,15,0,1,20.8582920599256,21.1438952449116,1,0,0,83,0,109.019842667453,20.8582920599256
84,15,0,1,21.0342021034888,21.077731571107,1,0,0,84,0,108.777959094162,21.0342021034888
85,15,0,1,21.213694079397,21.239342958058,1,0,0,85,0,108.563171713932,21.213694079397
86,15,0,1,21.3963963419843,21.5098780421646,1,0,0,86,0,108.370161585268,21.3963963419843
87,15,0,1,21.5819372455845,21.5532454555998,1,0,0,87,0,108.193609766674,21.5819372455845
88,15,0,1,21.7699528997968,21.8196934967737,1,0,0,88,0,108.028609825495,21.7699528997968
89,15,0,1,21.9601272742598,21.976227026532,1,0,0,89,0,107.872801043346,21.9601272742598
90,15,0,1,22.1521625778472,22.7360767689763,1,0,0,90,0,107.72479286152,22.1521625778472
91,15,0,1,22.3457610553365,22.854204619467,1,0,0,91,0,107.583196631073,22.3457610553365
92,15,0,1,22.5406249515053,23.1044271402683,1,0,0,92,0,107.446623703062,22.5406249515053
93,15,0,1,22.7364565111313,22.9511249885049,1,0,0,93,0,107.313685428543,22.7364565111313
94,15,0,1,22.932957978992,22.6579691059003,1,0,0,94,0,107.182993158572,22.932957978992
95,15,0,1,23.129831599865,23.0730926239768,1,0,0,95,0,107.053158244205,23.129831599865
40,16,0,1,15.0408368537426,14.8458964098694,1,0,0,40,0,123.68600089386,15.0408368537426
41,16,0,1,15.1832217972575,14.7064745295789,1,0,0,41,0,123.43414538386,15.1832217972575
42,16,0,1,15.3254085701517,14.5903959850718,1,0,0,42,0,123.170303103797,15.3254085701517
43,16,0,1,15.4672701083172,14.1484858802971,1,0,0,43,0,122.891579861859,15.4672701083172
44,16,0,1,15.6086793476463,14.6486308948898,1,0,0,44,0,122.595081466233,15.6086793476463
45,16,0,1,15.7495092240313,14.3993473291931,1,0,0,45,0,122.277913725104,15.7495092240313
46,16,0,1,15.8896326733644,14.8664692132804,1,0,0,46,0,121.937182446661,15.8896326733644
47,16,0,1,16.0289226315379,16.2534829242851,1,0,0,47,0,121.569993439089,16.0289226315379
48,16,0,1,16.1672520812322,16.6086189247047,1,0,0,48,0,121.173459130905,16.1672520812322
49,16,0,1,16.3045177734869,16.5786892158232,1,0,0,49,0,120.748055078239,16.3045177734869
50,16,0,1,16.4406788278908,16.5803773607615,1,0,0,50,0,120.303081737033,16.4406788278908
51,16,0,1,16.5757044702645,17.5613420830946,1,0,0,51,0,119.8492695545,16.5757044702645
52,16,0,1,16.7095639264283,17.0985697142496,1,0,0,52,0,119.397348977853,16.7095639264283
53,16,0,1,16.8422264222026,17.2727124072878,1,0,0,53,0,118.958050454304,16.8422264222026
54,16,0,1,16.9736611834077,17.2976689182719,1,0,0,54,0,118.542104431064,16.9736611834077
55,16,0,1,17.1038374358642,17.4335445931616,1,0,0,55,0,118.160241355346,17.1038374358642
56,16,0,1,17.2327249421087,17.4194042555548,1,0,0,56,0,117.823123937175,17.2327249421087
57,16,0,1,17.3603402260979,17.4423436982991,1,0,0,57,0,117.535513284148,17.3603402260979
58,16,0,1,17.4867821977621,17.3610836305767,1,0,0,58,0,117.291772845636,17.4867821977621
59,16,0,1,17.6121581532257,17.5427409888897,1,0,0,59,0,117.085207677462,17.6121581532257
60,16,0,1,17.7365753886133,17.4236570717676,1,0,0,60,0,116.90912283545,17.7365753886133
61,16,0,1,17.8601412000493,17.747671468144,1,0,0,61,0,116.756823375423,17.8601412000493
62,16,0,1,17.9829628836584,17.8245673046858,1,0,0,62,0,116.621614353203,17.9829628836584
63,16,0,1,18.105147735565,18.2716029351972,1,0,0,63,0,116.496800824614,18.105147735565
64,16,0,1,18.2268058293131,18.3062768937603,1,0,0,64,0,116.37567007056,18.2268058293131
65,16,0,1,18.3481389961573,18.4780977097957,1,0,0,65,0,116.250922141296,18.3481389961573
66,16,0,1,18.4694596497948,18.534534595552,1,0,0,66,0,116.114549381979,18.4694596497948
67,16,0,1,18.5910867874355,18.7347046364175,1,0,0,67,0,115.958502004624,18.5910867874355
68,16,0,1,18.7133394062895,18.8832392579597,1,0,0,68,0,115.774730221246,18.7133394062895
69,16,0,1,18.8365365035667,18.9178585149584,1,0,0,69,0,115.555184243862,18.8365365035667
70,16,0,1,18.9609970764773,19.011105080457,1,0,0,70,0,115.291814284487,18.9609970764773
71,16,0,1,19.0870401222311,19.1639208584865,1,0,0,71,0,114.976570555137,19.0870401222311
72,16,0,1,19.2149877623876,19.1352214258965,1,0,0,72,0,114.602110921029,19.2149877623876
73,16,0,1,19.3452145978128,19.2936305901227,1,0,0,73,0,114.172979609752,19.3452145978128
74,16,0,1,19.4781387749925,19.3448512242556,1,0,0,74,0,113.703583765392,19.4781387749925
75,16,0,1,19.6141797584976,19.4853154240321,1,0,0,75,0,113.20862907323,19.6141797584976
76,16,0,1,19.7537570128988,19.6552857138096,1,0,0,76,0,112.702821218547,19.7537570128988
77,16,0,1,19.897290002767,19.7678810625474,1,0,0,77,0,112.200865886623,19.897290002767
78,16,0,1,20.0451981926728,19.8743717001582,1,0,0,78,0,111.717468762741,20.0451981926728
79,16,0,1,20.1979010471872,19.9108111689557,1,0,0,79,0,111.26733553218,20.1979010471872
80,16,0,1,20.3557699799675,20.1669560594387,1,0,0,80,0,110.863955612803,20.3557699799675
81,16,0,1,20.5187043524989,20.2823343212933,1,0,0,81,0,110.508869811355,20.5187043524989
82,16,0,1,20.6863355943736,20.6825408415541,1,0,0,82,0,110.196837027454,20.6863355943736
83,16,0,1,20.8582920599256,21.1438952449116,1,0,0,83,0,109.922538319605,20.8582920599256
84,16,0,1,21.0342021034888,21.077731571107,1,0,0,84,0,109.680654746314,21.0342021034888
85,16,0,1,21.213694079397,21.239342958058,1,0,0,85,0,109.465867366084,21.213694079397
86,16,0,1,21.3963963419843,21.5098780421646,1,0,0,86,0,109.27285723742,21.3963963419843
87,16,0,1,21.5819372455845,21.5532454555998,1,0,0,87,0,109.096305418826,21.5819372455845
88,16,0,1,21.7699528997968,21.8196934967737,1,0,0,88,0,108.931305477647,21.7699528997968
89,16,0,1,21.9601272742598,21.976227026532,1,0,0,89,0,108.775496695498,21.9601272742598
90,16,0,1,22.1521625778472,22.7360767689763,1,0,0,90,0,108.627488513672,22.1521625778472
91,16,0,1,22.3457610553365,22.854204619467,1,0,0,91,0,108.485892283225,22.3457610553365
92,16,0,1,22.5406249515053,23.1044271402683,1,0,0,92,0,108.349319355214,22.5406249515053
93,16,0,1,22.7364565111313,22.9511249885049,1,0,0,93,0,108.216381080695,22.7364565111313
94,16,0,1,22.932957978992,22.6579691059003,1,0,0,94,0,108.085688810724,22.932957978992
95,16,0,1,23.129831599865,23.0730926239768,1,0,0,95,0,107.955853896357,23.129831599865
40,17,0,1,15.0408368537426,14.8458964098694,0,1,0,0,40,124.588696546012,15.0408368537426
41,17,0,1,15.1832217972575,14.7064745295789,0,1,0,0,41,124.336841036012,15.1832217972575
42,17,0,1,15.3254085701517,14.5903959850718,0,1,0,0,42,124.07299875595,15.3254085701517
43,17,0,1,15.4672701083172,14.1484858802971,0,1,0,0,43,123.794275514012,15.4672701083172
44,17,0,1,15.6086793476463,14.6486308948898,0,1,0,0,44,123.497777118385,15.6086793476463
45,17,0,1,15.7495092240313,14.3993473291931,0,1,0,0,45,123.180609377257,15.7495092240313
46,17,0,1,15.8896326733644,14.8664692132804,0,1,0,0,46,122.839878098813,15.8896326733644
47,17,0,1,16.0289226315379,16.2534829242851,0,1,0,0,47,122.472689091241,16.0289226315379
48,17,0,1,16.1672520812322,16.6086189247047,0,1,0,0,48,122.076154783058,16.1672520812322
49,17,0,1,16.3045177734869,16.5786892158232,0,1,0,0,49,121.650750730391,16.3045177734869
50,17,0,1,16.4406788278908,16.5803773607615,0,1,0,0,50,121.205777389185,16.4406788278908
51,17,0,1,16.5757044702645,17.5613420830946,0,1,0,0,51,120.751965206653,16.5757044702645
52,17,0,1,16.7095639264283,17.0985697142496,0,1,0,0,52,120.300044630005,16.7095639264283
53,17,0,1,16.8422264222026,17.2727124072878,0,1,0,0,53,119.860746106456,16.8422264222026
54,17,0,1,16.9736611834077,17.2976689182719,0,1,0,0,54,119.444800083216,16.9736611834077
55,17,0,1,17.1038374358642,17.4335445931616,0,1,0,0,55,119.062937007498,17.1038374358642
56,17,0,1,17.2327249421087,17.4194042555548,0,1,0,0,56,118.725819589327,17.2327249421087
57,17,0,1,17.3603402260979,17.4423436982991,0,1,0,0,57,118.4382089363,17.3603402260979
58,17,0,1,17.4867821977621,17.3610836305767,0,1,0,0,58,118.194468497788,17.4867821977621
59,17,0,1,17.6121581532257,17.5427409888897,0,1,0,0,59,117.987903329615,17.6121581532257
60,17,0,1,17.7365753886133,17.4236570717676,0,1,0,0,60,117.811818487603,17.7365753886133
61,17,0,1,17.8601412000493,17.747671468144,0,1,0,0,61,117.659519027575,17.8601412000493
62,17,0,1,17.9829628836584,17.8245673046858,0,1,0,0,62,117.524310005355,17.9829628836584
63,17,0,1,18.105147735565,18.2716029351972,0,1,0,0,63,117.399496476766,18.105147735565
64,17,0,1,18.2268058293131,18.3062768937603,0,1,0,0,64,117.278365722712,18.2268058293131
65,17,0,1,18.3481389961573,18.4780977097957,0,1,0,0,65,117.153617793448,18.3481389961573
66,17,0,1,18.4694596497948,18.534534595552,0,1,0,0,66,117.017245034131,18.4694596497948
67,17,0,1,18.5910867874355,18.7347046364175,0,1,0,0,67,116.861197656776,18.5910867874355
68,17,0,1,18.7133394062895,18.8832392579597,0,1,0,0,68,116.677425873398,18.7133394062895
69,17,0,1,18.8365365035667,18.9178585149584,0,1,0,0,69,116.457879896014,18.8365365035667
70,17,0,1,18.9609970764773,19.011105080457,0,1,0,0,70,116.194509936639,18.9609970764773
71,17,0,1,19.0870401222311,19.1639208584865,0,1,0,0,71,115.879266207289,19.0870401222311
72,17,0,1,19.2149877623876,19.1352214258965,0,1,0,0,72,115.504806573181,19.2149877623876
73,17,0,1,19.3452145978128,19.2936305901227,0,1,0,0,73,115.075675261904,19.3452145978128
74,17,0,1,19.4781387749925,19.3448512242556,0,1,0,0,74,114.606279417544,19.4781387749925
75,17,0,1,19.6141797584976,19.4853154240321,0,1,0,0,75,114.111324725382,19.6141797584976
76,17,0,1,19.7537570128988,19.6552857138096,0,1,0,0,76,113.605516870699,19.7537570128988
77,17,0,1,19.897290002767,19.7678810625474,0,1,0,0,77,113.103561538776,19.897290002767
78,17,0,1,20.0451981926728,19.8743717001582,0,1,0,0,78,112.620164414893,20.0451981926728
79,17,0,1,20.1979010471872,19.9108111689557,0,1,0,0,79,112.170031184332,20.1979010471872
80,17,0,1,20.3557699799675,20.1669560594387,0,1,0,0,80,111.766651264955,20.3557699799675
81,17,0,1,20.5187043524989,20.2823343212933,0,1,0,0,81,111.411565463507,20.5187043524989
82,17,0,1,20.6863355943736,20.6825408415541,0,1,0,0,82,111.099532679606,20.6863355943736
83,17,0,1,20.8582920599256,21.1438952449116,0,1,0,0,83,110.825233971758,20.8582920599256
84,17,0,1,21.0342021034888,21.077731571107,0,1,0,0,84,110.583350398466,21.0342021034888
85,17,0,1,21.213694079397,21.239342958058,0,1,0,0,85,110.368563018236,21.213694079397
86,17,0,1,21.3963963419843,21.5098780421646,0,1,0,0,86,110.175552889572,21.3963963419843
87,17,0,1,21.5819372455845,21.5532454555998,0,1,0,0,87,109.999001070978,21.5819372455845
88,17,0,1,21.7699528997968,21.8196934967737,0,1,0,0,88,109.834001129799,21.7699528997968
89,17,0,1,21.9601272742598,21.976227026532,0,1,0,0,89,109.67819234765,21.9601272742598
90,17,0,1,22.1521625778472,22.7360767689763,0,1,0,0,90,109.530184165824,22.1521625778472
91,17,0,1,22.3457610553365,22.854204619467,0,1,0,0,91,109.388587935377,22.3457610553365
92,17,0,1,22.5406249515053,23.1044271402683,0,1,0,0,92,109.252015007366,22.5406249515053
93,17,0,1,22.7364565111313,22.9511249885049,0,1,0,0,93,109.119076732847,22.7364565111313
94,17,0,1,22.932957978992,22.6579691059003,0,1,0,0,94,108.988384462876,22.932957978992
95,17,0,1,23.129831599865,23.0730926239768,0,1,0,0,95,108.858549548509,23.129831599865
40,18,0,1,15.0408368537426,14.8458964098694,0,1,0,0,40,125.491392198165,15.0408368537426
41,18,0,1,15.1832217972575,14.7064745295789,0,1,0,0,41,125.239536688164,15.1832217972575
42,18,0,1,15.3254085701517,14.5903959850718,0,1,0,0,42,124.975694408102,15.3254085701517
43,18,0,1,15.4672701083172,14.1484858802971,0,1,0,0,43,124.696971166164,15.4672701083172
44,18,0,1,15.6086793476463,14.6486308948898,0,1,0,0,44,124.400472770537,15.6086793476463
45,18,0,1,15.7495092240313,14.3993473291931,0,1,0,0,45,124.083305029409,15.7495092240313
46,18,0,1,15.8896326733644,14.8664692132804,0,1,0,0,46,123.742573750965,15.8896326733644
47,18,0,1,16.0289226315379,16.2534829242851,0,1,0,0,47,123.375384743393,16.0289226315379
48,18,0,1,16.1672520812322,16.6086189247047,0,1,0,0,48,122.97885043521,16.1672520812322
49,18,0,1,16.3045177734869,16.5786892158232,0,1,0,0,49,122.553446382543,16.3045177734869
50,18,0,1,16.4406788278908,16.5803773607615,0,1,0,0,50,122.108473041337,16.4406788278908
51,18,0,1,16.5757044702645,17.5613420830946,0,1,0,0,51,121.654660858805,16.5757044702645
52,18,0,1,16.7095639264283,17.0985697142496,0,1,0,0,52,121.202740282158,16.7095639264283
53,18,0,1,16.8422264222026,17.2727124072878,0,1,0,0,53,120.763441758608,16.8422264222026
54,18,0,1,16.9736611834077,17.2976689182719,0,1,0,0,54,120.347495735368,16.9736611834077
55,18,0,1,17.1038374358642,17.4335445931616,0,1,0,0,55,119.96563265965,17.1038374358642
56,18,0,1,17.2327249421087,17.4194042555548,0,1,0,0,56,119.62851524148,17.2327249421087
57,18,0,1,17.3603402260979,17.4423436982991,0,1,0,0,57,119.340904588452,17.3603402260979
58,18,0,1,17.4867821977621,17.3610836305767,0,1,0,0,58,119.09716414994,17.4867821977621
59,18,0,1,17.6121581532257,17.5427409888897,0,1,0,0,59,118.890598981767,17.6121581532257
60,18,0,1,17.7365753886133,17.4236570717676,0,1,0,0,60,118.714514139755,17.7365753886133
61,18,0,1,17.8601412000493,17.747671468144,0,1,0,0,61,118.562214679727,17.8601412000493
62,18,0,1,17.9829628836584,17.8245673046858,0,1,0,0,62,118.427005657507,17.9829628836584
63,18,0,1,18.105147735565,18.2716029351972,0,1,0,0,63,118.302192128918,18.105147735565
64,18,0,1,18.2268058293131,18.3062768937603,0,1,0,0,64,118.181061374864,18.2268058293131
65,18,0,1,18.3481389961573,18.4780977097957,0,1,0,0,65,118.056313445601,18.3481389961573
66,18,0,1,18.4694596497948,18.534534595552,0,1,0,0,66,117.919940686283,18.4694596497948
67,18,0,1,18.5910867874355,18.7347046364175,0,1,0,0,67,117.763893308928,18.5910867874355
68,18,0,1,18.7133394062895,18.8832392579597,0,1,0,0,68,117.58012152555,18.7133394062895
69,18,0,1,18.8365365035667,18.9178585149584,0,1,0,0,69,117.360575548166,18.8365365035667
70,18,0,1,18.9609970764773,19.011105080457,0,1,0,0,70,117.097205588791,18.9609970764773
71,18,0,1,19.0870401222311,19.1639208584865,0,1,0,0,71,116.781961859441,19.0870401222311
72,18,0,1,19.2149877623876,19.1352214258965,0,1,0,0,72,116.407502225334,19.2149877623876
73,18,0,1,19.3452145978128,19.2936305901227,0,1,0,0,73,115.978370914056,19.3452145978128
74,18,0,1,19.4781387749925,19.3448512242556,0,1,0,0,74,115.508975069696,19.4781387749925
75,18,0,1,19.6141797584976,19.4853154240321,0,1,0,0,75,115.014020377534,19.6141797584976
76,18,0,1,19.7537570128988,19.6552857138096,0,1,0,0,76,114.508212522851,19.7537570128988
77,18,0,1,19.897290002767,19.7678810625474,0,1,0,0,77,114.006257190928,19.897290002767
78,18,0,1,20.0451981926728,19.8743717001582,0,1,0,0,78,113.522860067045,20.0451981926728
79,18,0,1,20.1979010471872,19.9108111689557,0,1,0,0,79,113.072726836484,20.1979010471872
80,18,0,1,20.3557699799675,20.1669560594387,0,1,0,0,80,112.669346917107,20.3557699799675
81,18,0,1,20.5187043524989,20.2823343212933,0,1,0,0,81,112.314261115659,20.5187043524989
82,18,0,1,20.6863355943736,20.6825408415541,0,1,0,0,82,112.002228331758,20.6863355943736
83,18,0,1,20.8582920599256,21.1438952449116,0,1,0,0,83,111.72792962391,20.8582920599256
84,18,0,1,21.0342021034888,21.077731571107,0,1,0,0,84,111.486046050618,21.0342021034888
85,18,0,1,21.213694079397,21.239342958058,0,1,0,0,85,111.271258670388,21.213694079397
86,18,0,1,21.3963963419843,21.5098780421646,0,1,0,0,86,111.078248541724,21.3963963419843
87,18,0,1,21.5819372455845,21.5532454555998,0,1,0,0,87,110.90169672313,21.5819372455845
88,18,0,1,21.7699528997968,21.8196934967737,0,1,0,0,88,110.736696781951,21.7699528997968
89,18,0,1,21.9601272742598,21.976227026532,0,1,0,0,89,110.580887999802,21.9601272742598
90,18,0,1,22.1521625778472,22.7360767689763,0,1,0,0,90,110.432879817976,22.1521625778472
91,18,0,1,22.3457610553365,22.854204619467,0,1,0,0,91,110.29128358753,22.3457610553365
92,18,0,1,22.5406249515053,23.1044271402683,0,1,0,0,92,110.154710659519,22.5406249515053
93,18,0,1,22.7364565111313,22.9511249885049,0,1,0,0,93,110.021772384999,22.7364565111313
94,18,0,1,22.932957978992,22.6579691059003,0,1,0,0,94,109.891080115028,22.932957978992
95,18,0,1,23.129831599865,23.0730926239768,0,1,0,0,95,109.761245200662,23.129831599865
40,19,0,1,15.0408368537426,14.8458964098694,0,1,0,0,40,126.394087850317,15.0408368537426
41,19,0,1,15.1832217972575,14.7064745295789,0,1,0,0,41,126.142232340316,15.1832217972575
42,19,0,1,15.3254085701517,14.5903959850718,0,1,0,0,42,125.878390060254,15.3254085701517
43,19,0,1,15.4672701083172,14.1484858802971,0,1,0,0,43,125.599666818316,15.4672701083172
44,19,0,1,15.6086793476463,14.6486308948898,0,1,0,0,44,125.303168422689,15.6086793476463
45,19,0,1,15.7495092240313,14.3993473291931,0,1,0,0,45,124.986000681561,15.7495092240313
46,19,0,1,15.8896326733644,14.8664692132804,0,1,0,0,46,124.645269403117,15.8896326733644
47,19,0,1,16.0289226315379,16.2534829242851,0,1,0,0,47,124.278080395545,16.0289226315379
48,19,0,1,16.1672520812322,16.6086189247047,0,1,0,0,48,123.881546087362,16.1672520812322
49,19,0,1,16.3045177734869,16.5786892158232,0,1,0,0,49,123.456142034695,16.3045177734869
50,19,0,1,16.4406788278908,16.5803773607615,0,1,0,0,50,123.011168693489,16.4406788278908
51,19,0,1,16.5757044702645,17.5613420830946,0,1,0,0,51,122.557356510957,16.5757044702645
52,19,0,1,16.7095639264283,17.0985697142496,0,1,0,0,52,122.10543593431,16.7095639264283
53,19,0,1,16.8422264222026,17.2727124072878,0,1,0,0,53,121.66613741076,16.8422264222026
54,19,0,1,16.9736611834077,17.2976689182719,0,1,0,0,54,121.25019138752,16.9736611834077
55,19,0,1,17.1038374358642,17.4335445931616,0,1,0,0,55,120.868328311803,17.1038374358642
56,19,0,1,17.2327249421087,17.4194042555548,0,1,0,0,56,120.531210893632,17.2327249421087
57,19,0,1,17.3603402260979,17.4423436982991,0,1,0,0,57,120.243600240604,17.3603402260979
58,19,0,1,17.4867821977621,17.3610836305767,0,1,0,0,58,119.999859802092,17.4867821977621
59,19,0,1,17.6121581532257,17.5427409888897,0,1,0,0,59,119.793294633919,17.6121581532257
60,19,0,1,17.7365753886133,17.4236570717676,0,1,0,0,60,119.617209791907,17.7365753886133
61,19,0,1,17.8601412000493,17.747671468144,0,1,0,0,61,119.464910331879,17.8601412000493
62,19,0,1,17.9829628836584,17.8245673046858,0,1,0,0,62,119.32970130966,17.9829628836584
63,19,0,1,18.105147735565,18.2716029351972,0,1,0,0,63,119.204887781071,18.105147735565
64,19,0,1,18.2268058293131,18.3062768937603,0,1,0,0,64,119.083757027017,18.2268058293131
65,19,0,1,18.3481389961573,18.4780977097957,0,1,0,0,65,118.959009097753,18.3481389961573
66,19,0,1,18.4694596497948,18.534534595552,0,1,0,0,66,118.822636338435,18.4694596497948
67,19,0,1,18.5910867874355,18.7347046364175,0,1,0,0,67,118.66658896108,18.5910867874355
68,19,0,1,18.7133394062895,18.8832392579597,0,1,0,0,68,118.482817177702,18.7133394062895
69,19,0,1,18.8365365035667,18.9178585149584,0,1,0,0,69,118.263271200318,18.8365365035667
70,19,0,1,18.9609970764773,19.011105080457,0,1,0,0,70,117.999901240944,18.9609970764773
71,19,0,1,19.0870401222311,19.1639208584865,0,1,0,0,71,117.684657511594,19.0870401222311
72,19,0,1,19.2149877623876,19.1352214258965,0,1,0,0,72,117.310197877486,19.2149877623876
73,19,0,1,19.3452145978128,19.2936305901227,0,1,0,0,73,116.881066566208,19.3452145978128
74,19,0,1,19.4781387749925,19.3448512242556,0,1,0,0,74,116.411670721848,19.4781387749925
75,19,0,1,19.6141797584976,19.4853154240321,0,1,0,0,75,115.916716029686,19.6141797584976
76,19,0,1,19.7537570128988,19.6552857138096,0,1,0,0,76,115.410908175003,19.7537570128988
77,19,0,1,19.897290002767,19.7678810625474,0,1,0,0,77,114.90895284308,19.897290002767
78,19,0,1,20.0451981926728,19.8743717001582,0,1,0,0,78,114.425555719197,20.0451981926728
79,19,0,1,20.1979010471872,19.9108111689557,0,1,0,0,79,113.975422488636,20.1979010471872
80,19,0,1,20.3557699799675,20.1669560594387,0,1,0,0,80,113.572042569259,20.3557699799675
81,19,0,1,20.5187043524989,20.2823343212933,0,1,0,0,81,113.216956767811,20.5187043524989
82,19,0,1,20.6863355943736,20.6825408415541,0,1,0,0,82,112.90492398391,20.6863355943736
83,19,0,1,20.8582920599256,21.1438952449116,0,1,0,0,83,112.630625276062,20.8582920599256
84,19,0,1,21.0342021034888,21.077731571107,0,1,0,0,84,112.38874170277,21.0342021034888
85,19,0,1,21.213694079397,21.239342958058,0,1,0,0,85,112.17395432254,21.213694079397
86,19,0,1,21.3963963419843,21.5098780421646,0,1,0,0,86,111.980944193876,21.3963963419843
87,19,0,1,21.5819372455845,21.5532454555998,0,1,0,0,87,111.804392375283,21.5819372455845
88,19,0,1,21.7699528997968,21.8196934967737,0,1,0,0,88,111.639392434103,21.7699528997968
89,19,0,1,21.9601272742598,21.976227026532,0,1,0,0,89,111.483583651954,21.9601272742598
90,19,0,1,22.1521625778472,22.7360767689763,0,1,0,0,90,111.335575470128,22.1521625778472
91,19,0,1,22.3457610553365,22.854204619467,0,1,0,0,91,111.193979239682,22.3457610553365
92,19,0,1,22.5406249515053,23.1044271402683,0,1,0,0,92,111.057406311671,22.5406249515053
93,19,0,1,22.7364565111313,22.9511249885049,0,1,0,0,93,110.924468037152,22.7364565111313
94,19,0,1,22.932957978992,22.6579691059003,0,1,0,0,94,110.79377576718,22.932957978992
95,19,0,1,23.129831599865,23.0730926239768,0,1,0,0,95,110.663940852814,23.129831599865
40,20,0,1,15.0408368537426,14.8458964098694,0,1,0,0,40,127.296783502469,15.0408368537426
41,20,0,1,15.1832217972575,14.7064745295789,0,1,0,0,41,127.044927992468,15.1832217972575
42,20,0,1,15.3254085701517,14.5903959850718,0,1,0,0,42,126.781085712406,15.3254085701517
43,20,0,1,15.4672701083172,14.1484858802971,0,1,0,0,43,126.502362470468,15.4672701083172
44,20,0,1,15.6086793476463,14.6486308948898,0,1,0,0,44,126.205864074841,15.6086793476463
45,20,0,1,15.7495092240313,14.3993473291931,0,1,0,0,45,125.888696333713,15.7495092240313
46,20,0,1,15.8896326733644,14.8664692132804,0,1,0,0,46,125.547965055269,15.8896326733644
47,20,0,1,16.0289226315379,16.2534829242851,0,1,0,0,47,125.180776047697,16.0289226315379
48,20,0,1,16.1672520812322,16.6086189247047,0,1,0,0,48,124.784241739514,16.1672520812322
49,20,0,1,16.3045177734869,16.5786892158232,0,1,0,0,49,124.358837686847,16.3045177734869
50,20,0,1,16.4406788278908,16.5803773607615,0,1,0,0,50,123.913864345641,16.4406788278908
51,20,0,1,16.5757044702645,17.5613420830946,0,1,0,0,51,123.460052163109,16.5757044702645
52,20,0,1,16.7095639264283,17.0985697142496,0,1,0,0,52,123.008131586462,16.7095639264283
53,20,0,1,16.8422264222026,17.2727124072878,0,1,0,0,53,122.568833062912,16.8422264222026
54,20,0,1,16.9736611834077,17.2976689182719,0,1,0,0,54,122.152887039672,16.9736611834077
55,20,0,1,17.1038374358642,17.4335445931616,0,1,0,0,55,121.771023963955,17.1038374358642
56,20,0,1,17.2327249421087,17.4194042555548,0,1,0,0,56,121.433906545784,17.2327249421087
57,20,0,1,17.3603402260979,17.4423436982991,0,1,0,0,57,121.146295892756,17.3603402260979
58,20,0,1,17.4867821977621,17.3610836305767,0,1,0,0,58,120.902555454244,17.4867821977621
59,20,0,1,17.6121581532257,17.5427409888897,0,1,0,0,59,120.695990286071,17.6121581532257
60,20,0,1,17.7365753886133,17.4236570717676,0,1,0,0,60,120.519905444059,17.7365753886133
61,20,0,1,17.8601412000493,17.747671468144,0,1,0,0,61,120.367605984031,17.8601412000493
62,20,0,1,17.9829628836584,17.8245673046858,0,1,0,0,62,120.232396961812,17.9829628836584
63,20,0,1,18.105147735565,18.2716029351972,0,1,0,0,63,120.107583433223,18.105147735565
64,20,0,1,18.2268058293131,18.3062768937603,0,1,0,0,64,119.986452679169,18.2268058293131
65,20,0,1,18.3481389961573,18.4780977097957,0,1,0,0,65,119.861704749905,18.3481389961573
66,20,0,1,18.4694596497948,18.534534595552,0,1,0,0,66,119.725331990587,18.4694596497948
67,20,0,1,18.5910867874355,18.7347046364175,0,1,0,0,67,119.569284613232,18.5910867874355
68,20,0,1,18.7133394062895,18.8832392579597,0,1,0,0,68,119.385512829855,18.7133394062895
69,20,0,1,18.8365365035667,18.9178585149584,0,1,0,0,69,119.165966852471,18.8365365035667
70,20,0,1,18.9609970764773,19.011105080457,0,1,0,0,70,118.902596893096,18.9609970764773
71,20,0,1,19.0870401222311,19.1639208584865,0,1,0,0,71,118.587353163746,19.0870401222311
72,20,0,1,19.2149877623876,19.1352214258965,0,1,0,0,72,118.212893529638,19.2149877623876
73,20,0,1,19.3452145978128,19.2936305901227,0,1,0,0,73,117.78376221836,19.3452145978128
74,20,0,1,19.4781387749925,19.3448512242556,0,1,0,0,74,117.314366374,19.4781387749925
75,20,0,1,19.6141797584976,19.4853154240321,0,1,0,0,75,116.819411681838,19.6141797584976
76,20,0,1,19.7537570128988,19.6552857138096,0,1,0,0,76,116.313603827155,19.7537570128988
77,20,0,1,19.897290002767,19.7678810625474,0,1,0,0,77,115.811648495232,19.897290002767
78,20,0,1,20.0451981926728,19.8743717001582,0,1,0,0,78,115.328251371349,20.0451981926728
79,20,0,1,20.1979010471872,19.9108111689557,0,1,0,0,79,114.878118140788,20.1979010471872
80,20,0,1,20.3557699799675,20.1669560594387,0,1,0,0,80,114.474738221412,20.3557699799675
81,20,0,1,20.5187043524989,20.2823343212933,0,1,0,0,81,114.119652419963,20.5187043524989
82,20,0,1,20.6863355943736,20.6825408415541,0,1,0,0,82,113.807619636062,20.6863355943736
83,20,0,1,20.8582920599256,21.1438952449116,0,1,0,0,83,113.533320928214,20.8582920599256
84,20,0,1,21.0342021034888,21.077731571107,0,1,0,0,84,113.291437354922,21.0342021034888
85,20,0,1,21.213694079397,21.239342958058,0,1,0,0,85,113.076649974692,21.213694079397
86,20,0,1,21.3963963419843,21.5098780421646,0,1,0,0,86,112.883639846028,21.3963963419843
87,20,0,1,21.5819372455845,21.5532454555998,0,1,0,0,87,112.707088027435,21.5819372455845
88,20,0,1,21.7699528997968,21.8196934967737,0,1,0,0,88,112.542088086256,21.7699528997968
89,20,0,1,21.9601272742598,21.976227026532,0,1,0,0,89,112.386279304106,21.9601272742598
90,20,0,1,22.1521625778472,22.7360767689763,0,1,0,0,90,112.23827112228,22.1521625778472
91,20,0,1,22.3457610553365,22.854204619467,0,1,0,0,91,112.096674891834,22.3457610553365
92,20,0,1,22.5406249515053,23.1044271402683,0,1,0,0,92,111.960101963823,22.5406249515053
93,20,0,1,22.7364565111313,22.9511249885049,0,1,0,0,93,111.827163689304,22.7364565111313
94,20,0,1,22.932957978992,22.6579691059003,0,1,0,0,94,111.696471419333,22.932957978992
95,20,0,1,23.129831599865,23.0730926239768,0,1,0,0,95,111.566636504966,23.129831599865
40,21,0,1,15.0408368537426,14.8458964098694,0,1,0,0,40,128.199479154621,15.0408368537426
41,21,0,1,15.1832217972575,14.7064745295789,0,1,0,0,41,127.947623644621,15.1832217972575
42,21,0,1,15.3254085701517,14.5903959850718,0,1,0,0,42,127.683781364558,15.3254085701517
43,21,0,1,15.4672701083172,14.1484858802971,0,1,0,0,43,127.40505812262,15.4672701083172
44,21,0,1,15.6086793476463,14.6486308948898,0,1,0,0,44,127.108559726993,15.6086793476463
45,21,0,1,15.7495092240313,14.3993473291931,0,1,0,0,45,126.791391985865,15.7495092240313
46,21,0,1,15.8896326733644,14.8664692132804,0,1,0,0,46,126.450660707421,15.8896326733644
47,21,0,1,16.0289226315379,16.2534829242851,0,1,0,0,47,126.08347169985,16.0289226315379
48,21,0,1,16.1672520812322,16.6086189247047,0,1,0,0,48,125.686937391666,16.1672520812322
49,21,0,1,16.3045177734869,16.5786892158232,0,1,0,0,49,125.261533338999,16.3045177734869
50,21,0,1,16.4406788278908,16.5803773607615,0,1,0,0,50,124.816559997794,16.4406788278908
51,21,0,1,16.5757044702645,17.5613420830946,0,1,0,0,51,124.362747815261,16.5757044702645
52,21,0,1,16.7095639264283,17.0985697142496,0,1,0,0,52,123.910827238614,16.7095639264283
53,21,0,1,16.8422264222026,17.2727124072878,0,1,0,0,53,123.471528715064,16.8422264222026
54,21,0,1,16.9736611834077,17.2976689182719,0,1,0,0,54,123.055582691825,16.9736611834077
55,21,0,1,17.1038374358642,17.4335445931616,0,1,0,0,55,122.673719616107,17.1038374358642
56,21,0,1,17.2327249421087,17.4194042555548,0,1,0,0,56,122.336602197936,17.2327249421087
57,21,0,1,17.3603402260979,17.4423436982991,0,1,0,0,57,122.048991544909,17.3603402260979
58,21,0,1,17.4867821977621,17.3610836305767,0,1,0,0,58,121.805251106397,17.4867821977621
59,21,0,1,17.6121581532257,17.5427409888897,0,1,0,0,59,121.598685938223,17.6121581532257
60,21,0,1,17.7365753886133,17.4236570717676,0,1,0,0,60,121.422601096211,17.7365753886133
61,21,0,1,17.8601412000493,17.747671468144,0,1,0,0,61,121.270301636184,17.8601412000493
62,21,0,1,17.9829628836584,17.8245673046858,0,1,0,0,62,121.135092613964,17.9829628836584
63,21,0,1,18.105147735565,18.2716029351972,0,1,0,0,63,121.010279085375,18.105147735565
64,21,0,1,18.2268058293131,18.3062768937603,0,1,0,0,64,120.889148331321,18.2268058293131
65,21,0,1,18.3481389961573,18.4780977097957,0,1,0,0,65,120.764400402057,18.3481389961573
66,21,0,1,18.4694596497948,18.534534595552,0,1,0,0,66,120.628027642739,18.4694596497948
67,21,0,1,18.5910867874355,18.7347046364175,0,1,0,0,67,120.471980265384,18.5910867874355
68,21,0,1,18.7133394062895,18.8832392579597,0,1,0,0,68,120.288208482007,18.7133394062895
69,21,0,1,18.8365365035667,18.9178585149584,0,1,0,0,69,120.068662504623,18.8365365035667
70,21,0,1,18.9609970764773,19.011105080457,0,1,0,0,70,119.805292545248,18.9609970764773
71,21,0,1,19.0870401222311,19.1639208584865,0,1,0,0,71,119.490048815898,19.0870401222311
72,21,0,1,19.2149877623876,19.1352214258965,0,1,0,0,72,119.11558918179,19.2149877623876
73,21,0,1,19.3452145978128,19.2936305901227,0,1,0,0,73,118.686457870513,19.3452145978128
74,21,0,1,19.4781387749925,19.3448512242556,0,1,0,0,74,118.217062026153,19.4781387749925
75,21,0,1,19.6141797584976,19.4853154240321,0,1,0,0,75,117.72210733399,19.6141797584976
76,21,0,1,19.7537570128988,19.6552857138096,0,1,0,0,76,117.216299479307,19.7537570128988
77,21,0,1,19.897290002767,19.7678810625474,0,1,0,0,77,116.714344147384,19.897290002767
78,21,0,1,20.0451981926728,19.8743717001582,0,1,0,0,78,116.230947023501,20.0451981926728
79,21,0,1,20.1979010471872,19.9108111689557,0,1,0,0,79,115.78081379294,20.1979010471872
80,21,0,1,20.3557699799675,20.1669560594387,0,1,0,0,80,115.377433873564,20.3557699799675
81,21,0,1,20.5187043524989,20.2823343212933,0,1,0,0,81,115.022348072115,20.5187043524989
82,21,0,1,20.6863355943736,20.6825408415541,0,1,0,0,82,114.710315288214,20.6863355943736
83,21,0,1,20.8582920599256,21.1438952449116,0,1,0,0,83,114.436016580366,20.8582920599256
84,21,0,1,21.0342021034888,21.077731571107,0,1,0,0,84,114.194133007074,21.0342021034888
85,21,0,1,21.213694079397,21.239342958058,0,1,0,0,85,113.979345626844,21.213694079397
86,21,0,1,21.3963963419843,21.5098780421646,0,1,0,0,86,113.78633549818,21.3963963419843
87,21,0,1,21.5819372455845,21.5532454555998,0,1,0,0,87,113.609783679587,21.5819372455845
88,21,0,1,21.7699528997968,21.8196934967737,0,1,0,0,88,113.444783738408,21.7699528997968
89,21,0,1,21.9601272742598,21.976227026532,0,1,0,0,89,113.288974956259,21.9601272742598
90,21,0,1,22.1521625778472,22.7360767689763,0,1,0,0,90,113.140966774433,22.1521625778472
91,21,0,1,22.3457610553365,22.854204619467,0,1,0,0,91,112.999370543986,22.3457610553365
92,21,0,1,22.5406249515053,23.1044271402683,0,1,0,0,92,112.862797615975,22.5406249515053
93,21,0,1,22.7364565111313,22.9511249885049,0,1,0,0,93,112.729859341456,22.7364565111313
94,21,0,1,22.932957978992,22.6579691059003,0,1,0,0,94,112.599167071485,22.932957978992
95,21,0,1,23.129831599865,23.0730926239768,0,1,0,0,95,112.469332157118,23.129831599865
40,22,0,1,15.0408368537426,14.8458964098694,0,1,0,0,40,129.102174806773,15.0408368537426
41,22,0,1,15.1832217972575,14.7064745295789,0,1,0,0,41,128.850319296773,15.1832217972575
42,22,0,1,15.3254085701517,14.5903959850718,0,1,0,0,42,128.58647701671,15.3254085701517
43,22,0,1,15.4672701083172,14.1484858802971,0,1,0,0,43,128.307753774772,15.4672701083172
44,22,0,1,15.6086793476463,14.6486308948898,0,1,0,0,44,128.011255379146,15.6086793476463
45,22,0,1,15.7495092240313,14.3993473291931,0,1,0,0,45,127.694087638017,15.7495092240313
46,22,0,1,15.8896326733644,14.8664692132804,0,1,0,0,46,127.353356359574,15.8896326733644
47,22,0,1,16.0289226315379,16.2534829242851,0,1,0,0,47,126.986167352002,16.0289226315379
48,22,0,1,16.1672520812322,16.6086189247047,0,1,0,0,48,126.589633043818,16.1672520812322
49,22,0,1,16.3045177734869,16.5786892158232,0,1,0,0,49,126.164228991151,16.3045177734869
50,22,0,1,16.4406788278908,16.5803773607615,0,1,0,0,50,125.719255649946,16.4406788278908
51,22,0,1,16.5757044702645,17.5613420830946,0,1,0,0,51,125.265443467413,16.5757044702645
52,22,0,1,16.7095639264283,17.0985697142496,0,1,0,0,52,124.813522890766,16.7095639264283
53,22,0,1,16.8422264222026,17.2727124072878,0,1,0,0,53,124.374224367216,16.8422264222026
54,22,0,1,16.9736611834077,17.2976689182719,0,1,0,0,54,123.958278343977,16.9736611834077
55,22,0,1,17.1038374358642,17.4335445931616,0,1,0,0,55,123.576415268259,17.1038374358642
56,22,0,1,17.2327249421087,17.4194042555548,0,1,0,0,56,123.239297850088,17.2327249421087
57,22,0,1,17.3603402260979,17.4423436982991,0,1,0,0,57,122.951687197061,17.3603402260979
58,22,0,1,17.4867821977621,17.3610836305767,0,1,0,0,58,122.707946758549,17.4867821977621
59,22,0,1,17.6121581532257,17.5427409888897,0,1,0,0,59,122.501381590375,17.6121581532257
60,22,0,1,17.7365753886133,17.4236570717676,0,1,0,0,60,122.325296748363,17.7365753886133
61,22,0,1,17.8601412000493,17.747671468144,0,1,0,0,61,122.172997288336,17.8601412000493
62,22,0,1,17.9829628836584,17.8245673046858,0,1,0,0,62,122.037788266116,17.9829628836584
63,22,0,1,18.105147735565,18.2716029351972,0,1,0,0,63,121.912974737527,18.105147735565
64,22,0,1,18.2268058293131,18.3062768937603,0,1,0,0,64,121.791843983473,18.2268058293131
65,22,0,1,18.3481389961573,18.4780977097957,0,1,0,0,65,121.667096054209,18.3481389961573
66,22,0,1,18.4694596497948,18.534534595552,0,1,0,0,66,121.530723294892,18.4694596497948
67,22,0,1,18.5910867874355,18.7347046364175,0,1,0,0,67,121.374675917536,18.5910867874355
68,22,0,1,18.7133394062895,18.8832392579597,0,1,0,0,68,121.190904134159,18.7133394062895
69,22,0,1,18.8365365035667,18.9178585149584,0,1,0,0,69,120.971358156775,18.8365365035667
70,22,0,1,18.9609970764773,19.011105080457,0,1,0,0,70,120.7079881974,18.9609970764773
71,22,0,1,19.0870401222311,19.1639208584865,0,1,0,0,71,120.39274446805,19.0870401222311
72,22,0,1,19.2149877623876,19.1352214258965,0,1,0,0,72,120.018284833942,19.2149877623876
73,22,0,1,19.3452145978128,19.2936305901227,0,1,0,0,73,119.589153522665,19.3452145978128
74,22,0,1,19.4781387749925,19.3448512242556,0,1,0,0,74,119.119757678305,19.4781387749925
75,22,0,1,19.6141797584976,19.4853154240321,0,1,0,0,75,118.624802986143,19.6141797584976
76,22,0,1,19.7537570128988,19.6552857138096,0,1,0,0,76,118.118995131459,19.7537570128988
77,22,0,1,19.897290002767,19.7678810625474,0,1,0,0,77,117.617039799536,19.897290002767
78,22,0,1,20.0451981926728,19.8743717001582,0,1,0,0,78,117.133642675654,20.0451981926728
79,22,0,1,20.1979010471872,19.9108111689557,0,1,0,0,79,116.683509445093,20.1979010471872
80,22,0,1,20.3557699799675,20.1669560594387,0,1,0,0,80,116.280129525716,20.3557699799675
81,22,0,1,20.5187043524989,20.2823343212933,0,1,0,0,81,115.925043724267,20.5187043524989
82,22,0,1,20.6863355943736,20.6825408415541,0,1,0,0,82,115.613010940367,20.6863355943736
83,22,0,1,20.8582920599256,21.1438952449116,0,1,0,0,83,115.338712232518,20.8582920599256
84,22,0,1,21.0342021034888,21.077731571107,0,1,0,0,84,115.096828659227,21.0342021034888
85,22,0,1,21.213694079397,21.239342958058,0,1,0,0,85,114.882041278996,21.213694079397
86,22,0,1,21.3963963419843,21.5098780421646,0,1,0,0,86,114.689031150332,21.3963963419843
87,22,0,1,21.5819372455845,21.5532454555998,0,1,0,0,87,114.512479331739,21.5819372455845
88,22,0,1,21.7699528997968,21.8196934967737,0,1,0,0,88,114.34747939056,21.7699528997968
89,22,0,1,21.9601272742598,21.976227026532,0,1,0,0,89,114.191670608411,21.9601272742598
90,22,0,1,22.1521625778472,22.7360767689763,0,1,0,0,90,114.043662426585,22.1521625778472
91,22,0,1,22.3457610553365,22.854204619467,0,1,0,0,91,113.902066196138,22.3457610553365
92,22,0,1,22.5406249515053,23.1044271402683,0,1,0,0,92,113.765493268127,22.5406249515053
93,22,0,1,22.7364565111313,22.9511249885049,0,1,0,0,93,113.632554993608,22.7364565111313
94,22,0,1,22.932957978992,22.6579691059003,0,1,0,0,94,113.501862723637,22.932957978992
95,22,0,1,23.129831599865,23.0730926239768,0,1,0,0,95,113.37202780927,23.129831599865
40,23,0,1,15.0408368537426,14.8458964098694,0,1,0,0,40,130.004870458925,15.0408368537426
41,23,0,1,15.1832217972575,14.7064745295789,0,1,0,0,41,129.753014948925,15.1832217972575
42,23,0,1,15.3254085701517,14.5903959850718,0,1,0,0,42,129.489172668862,15.3254085701517
43,23,0,1,15.4672701083172,14.1484858802971,0,1,0,0,43,129.210449426924,15.4672701083172
44,23,0,1,15.6086793476463,14.6486308948898,0,1,0,0,44,128.913951031298,15.6086793476463
45,23,0,1,15.7495092240313,14.3993473291931,0,1,0,0,45,128.596783290169,15.7495092240313
46,23,0,1,15.8896326733644,14.8664692132804,0,1,0,0,46,128.256052011726,15.8896326733644
47,23,0,1,16.0289226315379,16.2534829242851,0,1,0,0,47,127.888863004154,16.0289226315379
48,23,0,1,16.1672520812322,16.6086189247047,0,1,0,0,48,127.49232869597,16.1672520812322
49,23,0,1,16.3045177734869,16.5786892158232,0,1,0,0,49,127.066924643304,16.3045177734869
50,23,0,1,16.4406788278908,16.5803773607615,0,1,0,0,50,126.621951302098,16.4406788278908
51,23,0,1,16.5757044702645,17.5613420830946,0,1,0,0,51,126.168139119565,16.5757044702645
52,23,0,1,16.7095639264283,17.0985697142496,0,1,0,0,52,125.716218542918,16.7095639264283
53,23,0,1,16.8422264222026,17.2727124072878,0,1,0,0,53,125.276920019369,16.8422264222026
54,23,0,1,16.9736611834077,17.2976689182719,0,1,0,0,54,124.860973996129,16.9736611834077
55,23,0,1,17.1038374358642,17.4335445931616,0,1,0,0,55,124.479110920411,17.1038374358642
56,23,0,1,17.2327249421087,17.4194042555548,0,1,0,0,56,124.14199350224,17.2327249421087
57,23,0,1,17.3603402260979,17.4423436982991,0,1,0,0,57,123.854382849213,17.3603402260979
58,23,0,1,17.4867821977621,17.3610836305767,0,1,0,0,58,123.610642410701,17.4867821977621
59,23,0,1,17.6121581532257,17.5427409888897,0,1,0,0,59,123.404077242527,17.6121581532257
60,23,0,1,17.7365753886133,17.4236570717676,0,1,0,0,60,123.227992400515,17.7365753886133
61,23,0,1,17.8601412000493,17.747671468144,0,1,0,0,61,123.075692940488,17.8601412000493
62,23,0,1,17.9829628836584,17.8245673046858,0,1,0,0,62,122.940483918268,17.9829628836584
63,23,0,1,18.105147735565,18.2716029351972,0,1,0,0,63,122.815670389679,18.105147735565
64,23,0,1,18.2268058293131,18.3062768937603,0,1,0,0,64,122.694539635625,18.2268058293131
65,23,0,1,18.3481389961573,18.4780977097957,0,1,0,0,65,122.569791706361,18.3481389961573
66,23,0,1,18.4694596497948,18.534534595552,0,1,0,0,66,122.433418947044,18.4694596497948
67,23,0,1,18.5910867874355,18.7347046364175,0,1,0,0,67,122.277371569688,18.5910867874355
68,23,0,1,18.7133394062895,18.8832392579597,0,1,0,0,68,122.093599786311,18.7133394062895
69,23,0,1,18.8365365035667,18.9178585149584,0,1,0,0,69,121.874053808927,18.8365365035667
70,23,0,1,18.9609970764773,19.011105080457,0,1,0,0,70,121.610683849552,18.9609970764773
71,23,0,1,19.0870401222311,19.1639208584865,0,1,0,0,71,121.295440120202,19.0870401222311
72,23,0,1,19.2149877623876,19.1352214258965,0,1,0,0,72,120.920980486094,19.2149877623876
73,23,0,1,19.3452145978128,19.2936305901227,0,1,0,0,73,120.491849174817,19.3452145978128
74,23,0,1,19.4781387749925,19.3448512242556,0,1,0,0,74,120.022453330457,19.4781387749925
75,23,0,1,19.6141797584976,19.4853154240321,0,1,0,0,75,119.527498638295,19.6141797584976
76,23,0,1,19.7537570128988,19.6552857138096,0,1,0,0,76,119.021690783612,19.7537570128988
77,23,0,1,19.897290002767,19.7678810625474,0,1,0,0,77,118.519735451688,19.897290002767
78,23,0,1,20.0451981926728,19.8743717001582,0,1,0,0,78,118.036338327806,20.0451981926728
79,23,0,1,20.1979010471872,19.9108111689557,0,1,0,0,79,117.586205097245,20.1979010471872
80,23,0,1,20.3557699799675,20.1669560594387,0,1,0,0,80,117.182825177868,20.3557699799675
81,23,0,1,20.5187043524989,20.2823343212933,0,1,0,0,81,116.827739376419,20.5187043524989
82,23,0,1,20.6863355943736,20.6825408415541,0,1,0,0,82,116.515706592519,20.6863355943736
83,23,0,1,20.8582920599256,21.1438952449116,0,1,0,0,83,116.24140788467,20.8582920599256
84,23,0,1,21.0342021034888,21.077731571107,0,1,0,0,84,115.999524311379,21.0342021034888
85,23,0,1,21.213694079397,21.239342958058,0,1,0,0,85,115.784736931149,21.213694079397
86,23,0,1,21.3963963419843,21.5098780421646,0,1,0,0,86,115.591726802485,21.3963963419843
87,23,0,1,21.5819372455845,21.5532454555998,0,1,0,0,87,115.415174983891,21.5819372455845
88,23,0,1,21.7699528997968,21.8196934967737,0,1,0,0,88,115.250175042712,21.7699528997968
89,23,0,1,21.9601272742598,21.976227026532,0,1,0,0,89,115.094366260563,21.9601272742598
90,23,0,1,22.1521625778472,22.7360767689763,0,1,0,0,90,114.946358078737,22.1521625778472
91,23,0,1,22.3457610553365,22.854204619467,0,1,0,0,91,114.80476184829,22.3457610553365
92,23,0,1,22.5406249515053,23.1044271402683,0,1,0,0,92,114.668188920279,22.5406249515053
93,23,0,1,22.7364565111313,22.9511249885049,0,1,0,0,93,114.53525064576,22.7364565111313
94,23,0,1,22.932957978992,22.6579691059003,0,1,0,0,94,114.404558375789,22.932957978992
95,23,0,1,23.129831599865,23.0730926239768,0,1,0,0,95,114.274723461422,23.129831599865
40,24,0,1,15.0408368537426,14.8458964098694,0,1,0,0,40,130.907566111077,15.0408368537426
41,24,0,1,15.1832217972575,14.7064745295789,0,1,0,0,41,130.655710601077,15.1832217972575
42,24,0,1,15.3254085701517,14.5903959850718,0,1,0,0,42,130.391868321014,15.3254085701517
43,24,0,1,15.4672701083172,14.1484858802971,0,1,0,0,43,130.113145079076,15.4672701083172
44,24,0,1,15.6086793476463,14.6486308948898,0,1,0,0,44,129.81664668345,15.6086793476463
45,24,0,1,15.7495092240313,14.3993473291931,0,1,0,0,45,129.499478942321,15.7495092240313
46,24,0,1,15.8896326733644,14.8664692132804,0,1,0,0,46,129.158747663878,15.8896326733644
47,24,0,1,16.0289226315379,16.2534829242851,0,1,0,0,47,128.791558656306,16.0289226315379
48,24,0,1,16.1672520812322,16.6086189247047,0,1,0,0,48,128.395024348122,16.1672520812322
49,24,0,1,16.3045177734869,16.5786892158232,0,1,0,0,49,127.969620295456,16.3045177734869
50,24,0,1,16.4406788278908,16.5803773607615,0,1,0,0,50,127.52464695425,16.4406788278908
51,24,0,1,16.5757044702645,17.5613420830946,0,1,0,0,51,127.070834771717,16.5757044702645
52,24,0,1,16.7095639264283,17.0985697142496,0,1,0,0,52,126.61891419507,16.7095639264283
53,24,0,1,16.8422264222026,17.2727124072878,0,1,0,0,53,126.179615671521,16.8422264222026
54,24,0,1,16.9736611834077,17.2976689182719,0,1,0,0,54,125.763669648281,16.9736611834077
55,24,0,1,17.1038374358642,17.4335445931616,0,1,0,0,55,125.381806572563,17.1038374358642
56,24,0,1,17.2327249421087,17.4194042555548,0,1,0,0,56,125.044689154392,17.2327249421087
57,24,0,1,17.3603402260979,17.4423436982991,0,1,0,0,57,124.757078501365,17.3603402260979
58,24,0,1,17.4867821977621,17.3610836305767,0,1,0,0,58,124.513338062853,17.4867821977621
59,24,0,1,17.6121581532257,17.5427409888897,0,1,0,0,59,124.306772894679,17.6121581532257
60,24,0,1,17.7365753886133,17.4236570717676,0,1,0,0,60,124.130688052667,17.7365753886133
61,24,0,1,17.8601412000493,17.747671468144,0,1,0,0,61,123.97838859264,17.8601412000493
62,24,0,1,17.9829628836584,17.8245673046858,0,1,0,0,62,123.84317957042,17.9829628836584
63,24,0,1,18.105147735565,18.2716029351972,0,1,0,0,63,123.718366041831,18.105147735565
64,24,0,1,18.2268058293131,18.3062768937603,0,1,0,0,64,123.597235287777,18.2268058293131
65,24,0,1,18.3481389961573,18.4780977097957,0,1,0,0,65,123.472487358513,18.3481389961573
66,24,0,1,18.4694596497948,18.534534595552,0,1,0,0,66,123.336114599196,18.4694596497948
67,24,0,1,18.5910867874355,18.7347046364175,0,1,0,0,67,123.180067221841,18.5910867874355
68,24,0,1,18.7133394062895,18.8832392579597,0,1,0,0,68,122.996295438463,18.7133394062895
69,24,0,1,18.8365365035667,18.9178585149584,0,1,0,0,69,122.776749461079,18.8365365035667
70,24,0,1,18.9609970764773,19.011105080457,0,1,0,0,70,122.513379501704,18.9609970764773
71,24,0,1,19.0870401222311,19.1639208584865,0,1,0,0,71,122.198135772354,19.0870401222311
72,24,0,1,19.2149877623876,19.1352214258965,0,1,0,0,72,121.823676138246,19.2149877623876
73,24,0,1,19.3452145978128,19.2936305901227,0,1,0,0,73,121.394544826969,19.3452145978128
74,24,0,1,19.4781387749925,19.3448512242556,0,1,0,0,74,120.925148982609,19.4781387749925
75,24,0,1,19.6141797584976,19.4853154240321,0,1,0,0,75,120.430194290447,19.6141797584976
76,24,0,1,19.7537570128988,19.6552857138096,0,1,0,0,76,119.924386435764,19.7537570128988
77,24,0,1,19.897290002767,19.7678810625474,0,1,0,0,77,119.42243110384,19.897290002767
78,24,0,1,20.0451981926728,19.8743717001582,0,1,0,0,78,118.939033979958,20.0451981926728
79,24,0,1,20.1979010471872,19.9108111689557,0,1,0,0,79,118.488900749397,20.1979010471872
80,24,0,1,20.3557699799675,20.1669560594387,0,1,0,0,80,118.08552083002,20.3557699799675
81,24,0,1,20.5187043524989,20.2823343212933,0,1,0,0,81,117.730435028572,20.5187043524989
82,24,0,1,20.6863355943736,20.6825408415541,0,1,0,0,82,117.418402244671,20.6863355943736
83,24,0,1,20.8582920599256,21.1438952449116,0,1,0,0,83,117.144103536822,20.8582920599256
84,24,0,1,21.0342021034888,21.077731571107,0,1,0,0,84,116.902219963531,21.0342021034888
85,24,0,1,21.213694079397,21.239342958058,0,1,0,0,85,116.687432583301,21.213694079397
86,24,0,1,21.3963963419843,21.5098780421646,0,1,0,0,86,116.494422454637,21.3963963419843
87,24,0,1,21.5819372455845,21.5532454555998,0,1,0,0,87,116.317870636043,21.5819372455845
88,24,0,1,21.7699528997968,21.8196934967737,0,1,0,0,88,116.152870694864,21.7699528997968
89,24,0,1,21.9601272742598,21.976227026532,0,1,0,0,89,115.997061912715,21.9601272742598
90,24,0,1,22.1521625778472,22.7360767689763,0,1,0,0,90,115.849053730889,22.1521625778472
91,24,0,1,22.3457610553365,22.854204619467,0,1,0,0,91,115.707457500442,22.3457610553365
92,24,0,1,22.5406249515053,23.1044271402683,0,1,0,0,92,115.570884572431,22.5406249515053
93,24,0,1,22.7364565111313,22.9511249885049,0,1,0,0,93,115.437946297912,22.7364565111313
94,24,0,1,22.932957978992,22.6579691059003,0,1,0,0,94,115.307254027941,22.932957978992
95,24,0,1,23.129831599865,23.0730926239768,0,1,0,0,95,115.177419113574,23.129831599865
40,25,0,1,15.0408368537426,14.8458964098694,0,1,0,0,40,131.810261763229,15.0408368537426
41,25,0,1,15.1832217972575,14.7064745295789,0,1,0,0,41,131.558406253229,15.1832217972575
42,25,0,1,15.3254085701517,14.5903959850718,0,1,0,0,42,131.294563973167,15.3254085701517
43,25,0,1,15.4672701083172,14.1484858802971,0,1,0,0,43,131.015840731229,15.4672701083172
44,25,0,1,15.6086793476463,14.6486308948898,0,1,0,0,44,130.719342335602,15.6086793476463
45,25,0,1,15.7495092240313,14.3993473291931,0,1,0,0,45,130.402174594474,15.7495092240313
46,25,0,1,15.8896326733644,14.8664692132804,0,1,0,0,46,130.06144331603,15.8896326733644
47,25,0,1,16.0289226315379,16.2534829242851,0,1,0,0,47,129.694254308458,16.0289226315379
48,25,0,1,16.1672520812322,16.6086189247047,0,1,0,0,48,129.297720000274,16.1672520812322
49,25,0,1,16.3045177734869,16.5786892158232,0,1,0,0,49,128.872315947608,16.3045177734869
50,25,0,1,16.4406788278908,16.5803773607615,0,1,0,0,50,128.427342606402,16.4406788278908
51,25,0,1,16.5757044702645,17.5613420830946,0,1,0,0,51,127.973530423869,16.5757044702645
52,25,0,1,16.7095639264283,17.0985697142496,0,1,0,0,52,127.521609847222,16.7095639264283
53,25,0,1,16.8422264222026,17.2727124072878,0,1,0,0,53,127.082311323673,16.8422264222026
54,25,0,1,16.9736611834077,17.2976689182719,0,1,0,0,54,126.666365300433,16.9736611834077
55,25,0,1,17.1038374358642,17.4335445931616,0,1,0,0,55,126.284502224715,17.1038374358642
56,25,0,1,17.2327249421087,17.4194042555548,0,1,0,0,56,125.947384806544,17.2327249421087
57,25,0,1,17.3603402260979,17.4423436982991,0,1,0,0,57,125.659774153517,17.3603402260979
58,25,0,1,17.4867821977621,17.3610836305767,0,1,0,0,58,125.416033715005,17.4867821977621
59,25,0,1,17.6121581532257,17.5427409888897,0,1,0,0,59,125.209468546832,17.6121581532257
60,25,0,1,17.7365753886133,17.4236570717676,0,1,0,0,60,125.03338370482,17.7365753886133
61,25,0,1,17.8601412000493,17.747671468144,0,1,0,0,61,124.881084244792,17.8601412000493
62,25,0,1,17.9829628836584,17.8245673046858,0,1,0,0,62,124.745875222572,17.9829628836584
63,25,0,1,18.105147735565,18.2716029351972,0,1,0,0,63,124.621061693983,18.105147735565
64,25,0,1,18.2268058293131,18.3062768937603,0,1,0,0,64,124.499930939929,18.2268058293131
65,25,0,1,18.3481389961573,18.4780977097957,0,1,0,0,65,124.375183010665,18.3481389961573
66,25,0,1,18.4694596497948,18.534534595552,0,1,0,0,66,124.238810251348,18.4694596497948
67,25,0,1,18.5910867874355,18.7347046364175,0,1,0,0,67,124.082762873993,18.5910867874355
68,25,0,1,18.7133394062895,18.8832392579597,0,1,0,0,68,123.898991090615,18.7133394062895
69,25,0,1,18.8365365035667,18.9178585149584,0,1,0,0,69,123.679445113231,18.8365365035667
70,25,0,1,18.9609970764773,19.011105080457,0,1,0,0,70,123.416075153856,18.9609970764773
71,25,0,1,19.0870401222311,19.1639208584865,0,1,0,0,71,123.100831424506,19.0870401222311
72,25,0,1,19.2149877623876,19.1352214258965,0,1,0,0,72,122.726371790398,19.2149877623876
73,25,0,1,19.3452145978128,19.2936305901227,0,1,0,0,73,122.297240479121,19.3452145978128
74,25,0,1,19.4781387749925,19.3448512242556,0,1,0,0,74,121.827844634761,19.4781387749925
75,25,0,1,19.6141797584976,19.4853154240321,0,1,0,0,75,121.332889942599,19.6141797584976
76,25,0,1,19.7537570128988,19.6552857138096,0,1,0,0,76,120.827082087916,19.7537570128988
77,25,0,1,19.897290002767,19.7678810625474,0,1,0,0,77,120.325126755993,19.897290002767
78,25,0,1,20.0451981926728,19.8743717001582,0,1,0,0,78,119.84172963211,20.0451981926728
79,25,0,1,20.1979010471872,19.9108111689557,0,1,0,0,79,119.391596401549,20.1979010471872
80,25,0,1,20.3557699799675,20.1669560594387,0,1,0,0,80,118.988216482172,20.3557699799675
81,25,0,1,20.5187043524989,20.2823343212933,0,1,0,0,81,118.633130680724,20.5187043524989
82,25,0,1,20.6863355943736,20.6825408415541,0,1,0,0,82,118.321097896823,20.6863355943736
83,25,0,1,20.8582920599256,21.1438952449116,0,1,0,0,83,118.046799188974,20.8582920599256
84,25,0,1,21.0342021034888,21.077731571107,0,1,0,0,84,117.804915615683,21.0342021034888
85,25,0,1,21.213694079397,21.239342958058,0,1,0,0,85,117.590128235453,21.213694079397
86,25,0,1,21.3963963419843,21.5098780421646,0,1,0,0,86,117.397118106789,21.3963963419843
87,25,0,1,21.5819372455845,21.5532454555998,0,1,0,0,87,117.220566288195,21.5819372455845
88,25,0,1,21.7699528997968,21.8196934967737,0,1,0,0,88,117.055566347016,21.7699528997968
89,25,0,1,21.9601272742598,21.976227026532,0,1,0,0,89,116.899757564867,21.9601272742598
90,25,0,1,22.1521625778472,22.7360767689763,0,1,0,0,90,116.751749383041,22.1521625778472
91,25,0,1,22.3457610553365,22.854204619467,0,1,0,0,91,116.610153152594,22.3457610553365
92,25,0,1,22.5406249515053,23.1044271402683,0,1,0,0,92,116.473580224583,22.5406249515053
93,25,0,1,22.7364565111313,22.9511249885049,0,1,0,0,93,116.340641950064,22.7364565111313
94,25,0,1,22.932957978992,22.6579691059003,0,1,0,0,94,116.209949680093,22.932957978992
95,25,0,1,23.129831599865,23.0730926239768,0,1,0,0,95,116.080114765726,23.129831599865
40,10,1,1,15.0408368537426,14.8458964098694,0,0,40,0,0,115.864953737685,15.0408368537426
41,10,1,1,15.1832217972575,14.7064745295789,0,0,41,0,0,115.613098227685,15.1832217972575
42,10,1,1,15.3254085701517,14.5903959850718,0,0,42,0,0,115.349255947622,15.3254085701517
43,10,1,1,15.4672701083172,14.1484858802971,0,0,43,0,0,115.070532705684,15.4672701083172
44,10,1,1,15.6086793476463,14.6486308948898,0,0,44,0,0,114.774034310058,15.6086793476463
45,10,1,1,15.7495092240313,14.3993473291931,0,0,45,0,0,114.456866568929,15.7495092240313
46,10,1,1,15.8896326733644,14.8664692132804,0,0,46,0,0,114.116135290486,15.8896326733644
47,10,1,1,16.0289226315379,16.2534829242851,0,0,47,0,0,113.748946282914,16.0289226315379
48,10,1,1,16.1672520812322,16.6086189247047,0,0,48,0,0,113.35241197473,16.1672520812322
49,10,1,1,16.3045177734869,16.5786892158232,0,0,49,0,0,112.927007922064,16.3045177734869
50,10,1,1,16.4406788278908,16.5803773607615,0,0,50,0,0,112.482034580858,16.4406788278908
51,10,1,1,16.5757044702645,17.5613420830946,0,0,51,0,0,112.028222398325,16.5757044702645
52,10,1,1,16.7095639264283,17.0985697142496,0,0,52,0,0,111.576301821678,16.7095639264283
53,10,1,1,16.8422264222026,17.2727124072878,0,0,53,0,0,111.137003298129,16.8422264222026
54,10,1,1,16.9736611834077,17.2976689182719,0,0,54,0,0,110.721057274889,16.9736611834077
55,10,1,1,17.1038374358642,17.4335445931616,0,0,55,0,0,110.339194199171,17.1038374358642
56,10,1,1,17.2327249421087,17.4194042555548,0,0,56,0,0,110.002076781,17.2327249421087
57,10,1,1,17.3603402260979,17.4423436982991,0,0,57,0,0,109.714466127973,17.3603402260979
58,10,1,1,17.4867821977621,17.3610836305767,0,0,58,0,0,109.470725689461,17.4867821977621
59,10,1,1,17.6121581532257,17.5427409888897,0,0,59,0,0,109.264160521287,17.6121581532257
60,10,1,1,17.7365753886133,17.4236570717676,0,0,60,0,0,109.088075679275,17.7365753886133
61,10,1,1,17.8601412000493,17.747671468144,0,0,61,0,0,108.935776219248,17.8601412000493
62,10,1,1,17.9829628836584,17.8245673046858,0,0,62,0,0,108.800567197028,17.9829628836584
63,10,1,1,18.105147735565,18.2716029351972,0,0,63,0,0,108.675753668439,18.105147735565
64,10,1,1,18.2268058293131,18.3062768937603,0,0,64,0,0,108.554622914385,18.2268058293131
65,10,1,1,18.3481389961573,18.4780977097957,0,0,65,0,0,108.429874985121,18.3481389961573
66,10,1,1,18.4694596497948,18.534534595552,0,0,66,0,0,108.293502225804,18.4694596497948
67,10,1,1,18.5910867874355,18.7347046364175,0,0,67,0,0,108.137454848448,18.5910867874355
68,10,1,1,18.7133394062895,18.8832392579597,0,0,68,0,0,107.953683065071,18.7133394062895
69,10,1,1,18.8365365035667,18.9178585149584,0,0,69,0,0,107.734137087687,18.8365365035667
70,10,1,1,18.9609970764773,19.011105080457,0,0,70,0,0,107.470767128312,18.9609970764773
71,10,1,1,19.0870401222311,19.1639208584865,0,0,71,0,0,107.155523398962,19.0870401222311
72,10,1,1,19.2149877623876,19.1352214258965,0,0,72,0,0,106.781063764854,19.2149877623876
73,10,1,1,19.3452145978128,19.2936305901227,0,0,73,0,0,106.351932453577,19.3452145978128
74,10,1,1,19.4781387749925,19.3448512242556,0,0,74,0,0,105.882536609217,19.4781387749925
75,10,1,1,19.6141797584976,19.4853154240321,0,0,75,0,0,105.387581917055,19.6141797584976
76,10,1,1,19.7537570128988,19.6552857138096,0,0,76,0,0,104.881774062372,19.7537570128988
77,10,1,1,19.897290002767,19.7678810625474,0,0,77,0,0,104.379818730448,19.897290002767
78,10,1,1,20.0451981926728,19.8743717001582,0,0,78,0,0,103.896421606566,20.0451981926728
79,10,1,1,20.1979010471872,19.9108111689557,0,0,79,0,0,103.446288376005,20.1979010471872
80,10,1,1,20.3557699799675,20.1669560594387,0,0,80,0,0,103.042908456628,20.3557699799675
81,10,1,1,20.5187043524989,20.2823343212933,0,0,81,0,0,102.687822655179,20.5187043524989
82,10,1,1,20.6863355943736,20.6825408415541,0,0,82,0,0,102.375789871279,20.6863355943736
83,10,1,1,20.8582920599256,21.1438952449116,0,0,83,0,0,102.10149116343,20.8582920599256
84,10,1,1,21.0342021034888,21.077731571107,0,0,84,0,0,101.859607590139,21.0342021034888
85,10,1,1,21.213694079397,21.239342958058,0,0,85,0,0,101.644820209909,21.213694079397
86,10,1,1,21.3963963419843,21.5098780421646,0,0,86,0,0,101.451810081245,21.3963963419843
87,10,1,1,21.5819372455845,21.5532454555998,0,0,87,0,0,101.275258262651,21.5819372455845
88,10,1,1,21.7699528997968,21.8196934967737,0,0,88,0,0,101.110258321472,21.7699528997968
89,10,1,1,21.9601272742598,21.976227026532,0,0,89,0,0,100.954449539323,21.9601272742598
90,10,1,1,22.1521625778472,22.7360767689763,0,0,90,0,0,100.806441357497,22.1521625778472
91,10,1,1,22.3457610553365,22.854204619467,0,0,91,0,0,100.66484512705,22.3457610553365
92,10,1,1,22.5406249515053,23.1044271402683,0,0,92,0,0,100.528272199039,22.5406249515053
93,10,1,1,22.7364565111313,22.9511249885049,0,0,93,0,0,100.39533392452,22.7364565111313
94,10,1,1,22.932957978992,22.6579691059003,0,0,94,0,0,100.264641654549,22.932957978992
95,10,1,1,23.129831599865,23.0730926239768,0,0,95,0,0,100.134806740182,23.129831599865
40,11,1,1,15.0408368537426,14.8458964098694,0,0,40,0,0,116.767649389837,15.0408368537426
41,11,1,1,15.1832217972575,14.7064745295789,0,0,41,0,0,116.515793879837,15.1832217972575
42,11,1,1,15.3254085701517,14.5903959850718,0,0,42,0,0,116.251951599774,15.3254085701517
43,11,1,1,15.4672701083172,14.1484858802971,0,0,43,0,0,115.973228357836,15.4672701083172
44,11,1,1,15.6086793476463,14.6486308948898,0,0,44,0,0,115.67672996221,15.6086793476463
45,11,1,1,15.7495092240313,14.3993473291931,0,0,45,0,0,115.359562221081,15.7495092240313
46,11,1,1,15.8896326733644,14.8664692132804,0,0,46,0,0,115.018830942638,15.8896326733644
47,11,1,1,16.0289226315379,16.2534829242851,0,0,47,0,0,114.651641935066,16.0289226315379
48,11,1,1,16.1672520812322,16.6086189247047,0,0,48,0,0,114.255107626882,16.1672520812322
49,11,1,1,16.3045177734869,16.5786892158232,0,0,49,0,0,113.829703574216,16.3045177734869
50,11,1,1,16.4406788278908,16.5803773607615,0,0,50,0,0,113.38473023301,16.4406788278908
51,11,1,1,16.5757044702645,17.5613420830946,0,0,51,0,0,112.930918050477,16.5757044702645
52,11,1,1,16.7095639264283,17.0985697142496,0,0,52,0,0,112.47899747383,16.7095639264283
53,11,1,1,16.8422264222026,17.2727124072878,0,0,53,0,0,112.039698950281,16.8422264222026
54,11,1,1,16.9736611834077,17.2976689182719,0,0,54,0,0,111.623752927041,16.9736611834077
55,11,1,1,17.1038374358642,17.4335445931616,0,0,55,0,0,111.241889851323,17.1038374358642
56,11,1,1,17.2327249421087,17.4194042555548,0,0,56,0,0,110.904772433152,17.2327249421087
57,11,1,1,17.3603402260979,17.4423436982991,0,0,57,0,0,110.617161780125,17.3603402260979
58,11,1,1,17.4867821977621,17.3610836305767,0,0,58,0,0,110.373421341613,17.4867821977621
59,11,1,1,17.6121581532257,17.5427409888897,0,0,59,0,0,110.166856173439,17.6121581532257
60,11,1,1,17.7365753886133,17.4236570717676,0,0,60,0,0,109.990771331427,17.7365753886133
61,11,1,1,17.8601412000493,17.747671468144,0,0,61,0,0,109.8384718714,17.8601412000493
62,11,1,1,17.9829628836584,17.8245673046858,0,0,62,0,0,109.70326284918,17.9829628836584
63,11,1,1,18.105147735565,18.2716029351972,0,0,63,0,0,109.578449320591,18.105147735565
64,11,1,1,18.2268058293131,18.3062768937603,0,0,64,0,0,109.457318566537,18.2268058293131
65,11,1,1,18.3481389961573,18.4780977097957,0,0,65,0,0,109.332570637273,18.3481389961573
66,11,1,1,18.4694596497948,18.534534595552,0,0,66,0,0,109.196197877956,18.4694596497948
67,11,1,1,18.5910867874355,18.7347046364175,0,0,67,0,0,109.040150500601,18.5910867874355
68,11,1,1,18.7133394062895,18.8832392579597,0,0,68,0,0,108.856378717223,18.7133394062895
69,11,1,1,18.8365365035667,18.9178585149584,0,0,69,0,0,108.636832739839,18.8365365035667
70,11,1,1,18.9609970764773,19.011105080457,0,0,70,0,0,108.373462780464,18.9609970764773
71,11,1,1,19.0870401222311,19.1639208584865,0,0,71,0,0,108.058219051114,19.0870401222311
72,11,1,1,19.2149877623876,19.1352214258965,0,0,72,0,0,107.683759417006,19.2149877623876
73,11,1,1,19.3452145978128,19.2936305901227,0,0,73,0,0,107.254628105729,19.3452145978128
74,11,1,1,19.4781387749925,19.3448512242556,0,0,74,0,0,106.785232261369,19.4781387749925
75,11,1,1,19.6141797584976,19.4853154240321,0,0,75,0,0,106.290277569207,19.6141797584976
76,11,1,1,19.7537570128988,19.6552857138096,0,0,76,0,0,105.784469714524,19.7537570128988
77,11,1,1,19.897290002767,19.7678810625474,0,0,77,0,0,105.2825143826,19.897290002767
78,11,1,1,20.0451981926728,19.8743717001582,0,0,78,0,0,104.799117258718,20.0451981926728
79,11,1,1,20.1979010471872,19.9108111689557,0,0,79,0,0,104.348984028157,20.1979010471872
80,11,1,1,20.3557699799675,20.1669560594387,0,0,80,0,0,103.94560410878,20.3557699799675
81,11,1,1,20.5187043524989,20.2823343212933,0,0,81,0,0,103.590518307332,20.5187043524989
82,11,1,1,20.6863355943736,20.6825408415541,0,0,82,0,0,103.278485523431,20.6863355943736
83,11,1,1,20.8582920599256,21.1438952449116,0,0,83,0,0,103.004186815582,20.8582920599256
84,11,1,1,21.0342021034888,21.077731571107,0,0,84,0,0,102.762303242291,21.0342021034888
85,11,1,1,21.213694079397,21.239342958058,0,0,85,0,0,102.547515862061,21.213694079397
86,11,1,1,21.3963963419843,21.5098780421646,0,0,86,0,0,102.354505733397,21.3963963419843
87,11,1,1,21.5819372455845,21.5532454555998,0,0,87,0,0,102.177953914803,21.5819372455845
88,11,1,1,21.7699528997968,21.8196934967737,0,0,88,0,0,102.012953973624,21.7699528997968
89,11,1,1,21.9601272742598,21.976227026532,0,0,89,0,0,101.857145191475,21.9601272742598
90,11,1,1,22.1521625778472,22.7360767689763,0,0,90,0,0,101.709137009649,22.1521625778472
91,11,1,1,22.3457610553365,22.854204619467,0,0,91,0,0,101.567540779202,22.3457610553365
92,11,1,1,22.5406249515053,23.1044271402683,0,0,92,0,0,101.430967851191,22.5406249515053
93,11,1,1,22.7364565111313,22.9511249885049,0,0,93,0,0,101.298029576672,22.7364565111313
94,11,1,1,22.932957978992,22.6579691059003,0,0,94,0,0,101.167337306701,22.932957978992
95,11,1,1,23.129831599865,23.0730926239768,0,0,95,0,0,101.037502392334,23.129831599865
40,12,1,1,15.0408368537426,14.8458964098694,0,0,40,0,0,117.670345041989,15.0408368537426
41,12,1,1,15.1832217972575,14.7064745295789,0,0,41,0,0,117.418489531989,15.1832217972575
42,12,1,1,15.3254085701517,14.5903959850718,0,0,42,0,0,117.154647251926,15.3254085701517
43,12,1,1,15.4672701083172,14.1484858802971,0,0,43,0,0,116.875924009989,15.4672701083172
44,12,1,1,15.6086793476463,14.6486308948898,0,0,44,0,0,116.579425614362,15.6086793476463
45,12,1,1,15.7495092240313,14.3993473291931,0,0,45,0,0,116.262257873233,15.7495092240313
46,12,1,1,15.8896326733644,14.8664692132804,0,0,46,0,0,115.92152659479,15.8896326733644
47,12,1,1,16.0289226315379,16.2534829242851,0,0,47,0,0,115.554337587218,16.0289226315379
48,12,1,1,16.1672520812322,16.6086189247047,0,0,48,0,0,115.157803279034,16.1672520812322
49,12,1,1,16.3045177734869,16.5786892158232,0,0,49,0,0,114.732399226368,16.3045177734869
50,12,1,1,16.4406788278908,16.5803773607615,0,0,50,0,0,114.287425885162,16.4406788278908
51,12,1,1,16.5757044702645,17.5613420830946,0,0,51,0,0,113.833613702629,16.5757044702645
52,12,1,1,16.7095639264283,17.0985697142496,0,0,52,0,0,113.381693125982,16.7095639264283
53,12,1,1,16.8422264222026,17.2727124072878,0,0,53,0,0,112.942394602433,16.8422264222026
54,12,1,1,16.9736611834077,17.2976689182719,0,0,54,0,0,112.526448579193,16.9736611834077
55,12,1,1,17.1038374358642,17.4335445931616,0,0,55,0,0,112.144585503475,17.1038374358642
56,12,1,1,17.2327249421087,17.4194042555548,0,0,56,0,0,111.807468085304,17.2327249421087
57,12,1,1,17.3603402260979,17.4423436982991,0,0,57,0,0,111.519857432277,17.3603402260979
58,12,1,1,17.4867821977621,17.3610836305767,0,0,58,0,0,111.276116993765,17.4867821977621
59,12,1,1,17.6121581532257,17.5427409888897,0,0,59,0,0,111.069551825592,17.6121581532257
60,12,1,1,17.7365753886133,17.4236570717676,0,0,60,0,0,110.89346698358,17.7365753886133
61,12,1,1,17.8601412000493,17.747671468144,0,0,61,0,0,110.741167523552,17.8601412000493
62,12,1,1,17.9829628836584,17.8245673046858,0,0,62,0,0,110.605958501332,17.9829628836584
63,12,1,1,18.105147735565,18.2716029351972,0,0,63,0,0,110.481144972743,18.105147735565
64,12,1,1,18.2268058293131,18.3062768937603,0,0,64,0,0,110.360014218689,18.2268058293131
65,12,1,1,18.3481389961573,18.4780977097957,0,0,65,0,0,110.235266289425,18.3481389961573
66,12,1,1,18.4694596497948,18.534534595552,0,0,66,0,0,110.098893530108,18.4694596497948
67,12,1,1,18.5910867874355,18.7347046364175,0,0,67,0,0,109.942846152753,18.5910867874355
68,12,1,1,18.7133394062895,18.8832392579597,0,0,68,0,0,109.759074369375,18.7133394062895
69,12,1,1,18.8365365035667,18.9178585149584,0,0,69,0,0,109.539528391991,18.8365365035667
70,12,1,1,18.9609970764773,19.011105080457,0,0,70,0,0,109.276158432616,18.9609970764773
71,12,1,1,19.0870401222311,19.1639208584865,0,0,71,0,0,108.960914703266,19.0870401222311
72,12,1,1,19.2149877623876,19.1352214258965,0,0,72,0,0,108.586455069158,19.2149877623876
73,12,1,1,19.3452145978128,19.2936305901227,0,0,73,0,0,108.157323757881,19.3452145978128
74,12,1,1,19.4781387749925,19.3448512242556,0,0,74,0,0,107.687927913521,19.4781387749925
75,12,1,1,19.6141797584976,19.4853154240321,0,0,75,0,0,107.192973221359,19.6141797584976
76,12,1,1,19.7537570128988,19.6552857138096,0,0,76,0,0,106.687165366676,19.7537570128988
77,12,1,1,19.897290002767,19.7678810625474,0,0,77,0,0,106.185210034753,19.897290002767
78,12,1,1,20.0451981926728,19.8743717001582,0,0,78,0,0,105.70181291087,20.0451981926728
79,12,1,1,20.1979010471872,19.9108111689557,0,0,79,0,0,105.251679680309,20.1979010471872
80,12,1,1,20.3557699799675,20.1669560594387,0,0,80,0,0,104.848299760932,20.3557699799675
81,12,1,1,20.5187043524989,20.2823343212933,0,0,81,0,0,104.493213959484,20.5187043524989
82,12,1,1,20.6863355943736,20.6825408415541,0,0,82,0,0,104.181181175583,20.6863355943736
83,12,1,1,20.8582920599256,21.1438952449116,0,0,83,0,0,103.906882467734,20.8582920599256
84,12,1,1,21.0342021034888,21.077731571107,0,0,84,0,0,103.664998894443,21.0342021034888
85,12,1,1,21.213694079397,21.239342958058,0,0,85,0,0,103.450211514213,21.213694079397
86,12,1,1,21.3963963419843,21.5098780421646,0,0,86,0,0,103.257201385549,21.3963963419843
87,12,1,1,21.5819372455845,21.5532454555998,0,0,87,0,0,103.080649566955,21.5819372455845
88,12,1,1,21.7699528997968,21.8196934967737,0,0,88,0,0,102.915649625776,21.7699528997968
89,12,1,1,21.9601272742598,21.976227026532,0,0,89,0,0,102.759840843627,21.9601272742598
90,12,1,1,22.1521625778472,22.7360767689763,0,0,90,0,0,102.611832661801,22.1521625778472
91,12,1,1,22.3457610553365,22.854204619467,0,0,91,0,0,102.470236431354,22.3457610553365
92,12,1,1,22.5406249515053,23.1044271402683,0,0,92,0,0,102.333663503343,22.5406249515053
93,12,1,1,22.7364565111313,22.9511249885049,0,0,93,0,0,102.200725228824,22.7364565111313
94,12,1,1,22.932957978992,22.6579691059003,0,0,94,0,0,102.070032958853,22.932957978992
95,12,1,1,23.129831599865,23.0730926239768,0,0,95,0,0,101.940198044486,23.129831599865
40,13,1,1,15.0408368537426,14.8458964098694,1,0,40,40,0,118.573040694142,15.0408368537426
41,13,1,1,15.1832217972575,14.7064745295789,1,0,41,41,0,118.321185184141,15.1832217972575
42,13,1,1,15.3254085701517,14.5903959850718,1,0,42,42,0,118.057342904079,15.3254085701517
43,13,1,1,15.4672701083172,14.1484858802971,1,0,43,43,0,117.778619662141,15.4672701083172
44,13,1,1,15.6086793476463,14.6486308948898,1,0,44,44,0,117.482121266514,15.6086793476463
45,13,1,1,15.7495092240313,14.3993473291931,1,0,45,45,0,117.164953525386,15.7495092240313
46,13,1,1,15.8896326733644,14.8664692132804,1,0,46,46,0,116.824222246942,15.8896326733644
47,13,1,1,16.0289226315379,16.2534829242851,1,0,47,47,0,116.45703323937,16.0289226315379
48,13,1,1,16.1672520812322,16.6086189247047,1,0,48,48,0,116.060498931187,16.1672520812322
49,13,1,1,16.3045177734869,16.5786892158232,1,0,49,49,0,115.63509487852,16.3045177734869
50,13,1,1,16.4406788278908,16.5803773607615,1,0,50,50,0,115.190121537314,16.4406788278908
51,13,1,1,16.5757044702645,17.5613420830946,1,0,51,51,0,114.736309354782,16.5757044702645
52,13,1,1,16.7095639264283,17.0985697142496,1,0,52,52,0,114.284388778134,16.7095639264283
53,13,1,1,16.8422264222026,17.2727124072878,1,0,53,53,0,113.845090254585,16.8422264222026
54,13,1,1,16.9736611834077,17.2976689182719,1,0,54,54,0,113.429144231345,16.9736611834077
55,13,1,1,17.1038374358642,17.4335445931616,1,0,55,55,0,113.047281155627,17.1038374358642
56,13,1,1,17.2327249421087,17.4194042555548,1,0,56,56,0,112.710163737457,17.2327249421087
57,13,1,1,17.3603402260979,17.4423436982991,1,0,57,57,0,112.422553084429,17.3603402260979
58,13,1,1,17.4867821977621,17.3610836305767,1,0,58,58,0,112.178812645917,17.4867821977621
59,13,1,1,17.6121581532257,17.5427409888897,1,0,59,59,0,111.972247477744,17.6121581532257
60,13,1,1,17.7365753886133,17.4236570717676,1,0,60,60,0,111.796162635732,17.7365753886133
61,13,1,1,17.8601412000493,17.747671468144,1,0,61,61,0,111.643863175704,17.8601412000493
62,13,1,1,17.9829628836584,17.8245673046858,1,0,62,62,0,111.508654153484,17.9829628836584
63,13,1,1,18.105147735565,18.2716029351972,1,0,63,63,0,111.383840624895,18.105147735565
64,13,1,1,18.2268058293131,18.3062768937603,1,0,64,64,0,111.262709870841,18.2268058293131
65,13,1,1,18.3481389961573,18.4780977097957,1,0,65,65,0,111.137961941577,18.3481389961573
66,13,1,1,18.4694596497948,18.534534595552,1,0,66,66,0,111.00158918226,18.4694596497948
67,13,1,1,18.5910867874355,18.7347046364175,1,0,67,67,0,110.845541804905,18.5910867874355
68,13,1,1,18.7133394062895,18.8832392579597,1,0,68,68,0,110.661770021527,18.7133394062895
69,13,1,1,18.8365365035667,18.9178585149584,1,0,69,69,0,110.442224044143,18.8365365035667
70,13,1,1,18.9609970764773,19.011105080457,1,0,70,70,0,110.178854084768,18.9609970764773
71,13,1,1,19.0870401222311,19.1639208584865,1,0,71,71,0,109.863610355418,19.0870401222311
72,13,1,1,19.2149877623876,19.1352214258965,1,0,72,72,0,109.48915072131,19.2149877623876
73,13,1,1,19.3452145978128,19.2936305901227,1,0,73,73,0,109.060019410033,19.3452145978128
74,13,1,1,19.4781387749925,19.3448512242556,1,0,74,74,0,108.590623565673,19.4781387749925
75,13,1,1,19.6141797584976,19.4853154240321,1,0,75,75,0,108.095668873511,19.6141797584976
76,13,1,1,19.7537570128988,19.6552857138096,1,0,76,76,0,107.589861018828,19.7537570128988
77,13,1,1,19.897290002767,19.7678810625474,1,0,77,77,0,107.087905686905,19.897290002767
78,13,1,1,20.0451981926728,19.8743717001582,1,0,78,78,0,106.604508563022,20.0451981926728
79,13,1,1,20.1979010471872,19.9108111689557,1,0,79,79,0,106.154375332461,20.1979010471872
80,13,1,1,20.3557699799675,20.1669560594387,1,0,80,80,0,105.750995413084,20.3557699799675
81,13,1,1,20.5187043524989,20.2823343212933,1,0,81,81,0,105.395909611636,20.5187043524989
82,13,1,1,20.6863355943736,20.6825408415541,1,0,82,82,0,105.083876827735,20.6863355943736
83,13,1,1,20.8582920599256,21.1438952449116,1,0,83,83,0,104.809578119887,20.8582920599256
84,13,1,1,21.0342021034888,21.077731571107,1,0,84,84,0,104.567694546595,21.0342021034888
85,13,1,1,21.213694079397,21.239342958058,1,0,85,85,0,104.352907166365,21.213694079397
86,13,1,1,21.3963963419843,21.5098780421646,1,0,86,86,0,104.159897037701,21.3963963419843
87,13,1,1,21.5819372455845,21.5532454555998,1,0,87,87,0,103.983345219107,21.5819372455845
88,13,1,1,21.7699528997968,21.8196934967737,1,0,88,88,0,103.818345277928,21.7699528997968
89,13,1,1,21.9601272742598,21.976227026532,1,0,89,89,0,103.662536495779,21.9601272742598
90,13,1,1,22.1521625778472,22.7360767689763,1,0,90,90,0,103.514528313953,22.1521625778472
91,13,1,1,22.3457610553365,22.854204619467,1,0,91,91,0,103.372932083507,22.3457610553365
92,13,1,1,22.5406249515053,23.1044271402683,1,0,92,92,0,103.236359155496,22.5406249515053
93,13,1,1,22.7364565111313,22.9511249885049,1,0,93,93,0,103.103420880976,22.7364565111313
94,13,1,1,22.932957978992,22.6579691059003,1,0,94,94,0,102.972728611005,22.932957978992
95,13,1,1,23.129831599865,23.0730926239768,1,0,95,95,0,102.842893696638,23.129831599865
40,14,1,1,15.0408368537426,14.8458964098694,1,0,40,40,0,119.475736346294,15.0408368537426
41,14,1,1,15.1832217972575,14.7064745295789,1,0,41,41,0,119.223880836293,15.1832217972575
42,14,1,1,15.3254085701517,14.5903959850718,1,0,42,42,0,118.960038556231,15.3254085701517
43,14,1,1,15.4672701083172,14.1484858802971,1,0,43,43,0,118.681315314293,15.4672701083172
44,14,1,1,15.6086793476463,14.6486308948898,1,0,44,44,0,118.384816918666,15.6086793476463
45,14,1,1,15.7495092240313,14.3993473291931,1,0,45,45,0,118.067649177538,15.7495092240313
46,14,1,1,15.8896326733644,14.8664692132804,1,0,46,46,0,117.726917899094,15.8896326733644
47,14,1,1,16.0289226315379,16.2534829242851,1,0,47,47,0,117.359728891522,16.0289226315379
48,14,1,1,16.1672520812322,16.6086189247047,1,0,48,48,0,116.963194583339,16.1672520812322
49,14,1,1,16.3045177734869,16.5786892158232,1,0,49,49,0,116.537790530672,16.3045177734869
50,14,1,1,16.4406788278908,16.5803773607615,1,0,50,50,0,116.092817189466,16.4406788278908
51,14,1,1,16.5757044702645,17.5613420830946,1,0,51,51,0,115.639005006934,16.5757044702645
52,14,1,1,16.7095639264283,17.0985697142496,1,0,52,52,0,115.187084430287,16.7095639264283
53,14,1,1,16.8422264222026,17.2727124072878,1,0,53,53,0,114.747785906737,16.8422264222026
54,14,1,1,16.9736611834077,17.2976689182719,1,0,54,54,0,114.331839883497,16.9736611834077
55,14,1,1,17.1038374358642,17.4335445931616,1,0,55,55,0,113.949976807779,17.1038374358642
56,14,1,1,17.2327249421087,17.4194042555548,1,0,56,56,0,113.612859389609,17.2327249421087
57,14,1,1,17.3603402260979,17.4423436982991,1,0,57,57,0,113.325248736581,17.3603402260979
58,14,1,1,17.4867821977621,17.3610836305767,1,0,58,58,0,113.081508298069,17.4867821977621
59,14,1,1,17.6121581532257,17.5427409888897,1,0,59,59,0,112.874943129896,17.6121581532257
60,14,1,1,17.7365753886133,17.4236570717676,1,0,60,60,0,112.698858287884,17.7365753886133
61,14,1,1,17.8601412000493,17.747671468144,1,0,61,61,0,112.546558827856,17.8601412000493
62,14,1,1,17.9829628836584,17.8245673046858,1,0,62,62,0,112.411349805637,17.9829628836584
63,14,1,1,18.105147735565,18.2716029351972,1,0,63,63,0,112.286536277048,18.105147735565
64,14,1,1,18.2268058293131,18.3062768937603,1,0,64,64,0,112.165405522994,18.2268058293131
65,14,1,1,18.3481389961573,18.4780977097957,1,0,65,65,0,112.04065759373,18.3481389961573
66,14,1,1,18.4694596497948,18.534534595552,1,0,66,66,0,111.904284834412,18.4694596497948
67,14,1,1,18.5910867874355,18.7347046364175,1,0,67,67,0,111.748237457057,18.5910867874355
68,14,1,1,18.7133394062895,18.8832392579597,1,0,68,68,0,111.564465673679,18.7133394062895
69,14,1,1,18.8365365035667,18.9178585149584,1,0,69,69,0,111.344919696295,18.8365365035667
70,14,1,1,18.9609970764773,19.011105080457,1,0,70,70,0,111.081549736921,18.9609970764773
71,14,1,1,19.0870401222311,19.1639208584865,1,0,71,71,0,110.766306007571,19.0870401222311
72,14,1,1,19.2149877623876,19.1352214258965,1,0,72,72,0,110.391846373463,19.2149877623876
73,14,1,1,19.3452145978128,19.2936305901227,1,0,73,73,0,109.962715062185,19.3452145978128
74,14,1,1,19.4781387749925,19.3448512242556,1,0,74,74,0,109.493319217825,19.4781387749925
75,14,1,1,19.6141797584976,19.4853154240321,1,0,75,75,0,108.998364525663,19.6141797584976
76,14,1,1,19.7537570128988,19.6552857138096,1,0,76,76,0,108.49255667098,19.7537570128988
77,14,1,1,19.897290002767,19.7678810625474,1,0,77,77,0,107.990601339057,19.897290002767
78,14,1,1,20.0451981926728,19.8743717001582,1,0,78,78,0,107.507204215174,20.0451981926728
79,14,1,1,20.1979010471872,19.9108111689557,1,0,79,79,0,107.057070984613,20.1979010471872
80,14,1,1,20.3557699799675,20.1669560594387,1,0,80,80,0,106.653691065236,20.3557699799675
81,14,1,1,20.5187043524989,20.2823343212933,1,0,81,81,0,106.298605263788,20.5187043524989
82,14,1,1,20.6863355943736,20.6825408415541,1,0,82,82,0,105.986572479887,20.6863355943736
83,14,1,1,20.8582920599256,21.1438952449116,1,0,83,83,0,105.712273772039,20.8582920599256
84,14,1,1,21.0342021034888,21.077731571107,1,0,84,84,0,105.470390198747,21.0342021034888
85,14,1,1,21.213694079397,21.239342958058,1,0,85,85,0,105.255602818517,21.213694079397
86,14,1,1,21.3963963419843,21.5098780421646,1,0,86,86,0,105.062592689853,21.3963963419843
87,14,1,1,21.5819372455845,21.5532454555998,1,0,87,87,0,104.886040871259,21.5819372455845
88,14,1,1,21.7699528997968,21.8196934967737,1,0,88,88,0,104.72104093008,21.7699528997968
89,14,1,1,21.9601272742598,21.976227026532,1,0,89,89,0,104.565232147931,21.9601272742598
90,14,1,1,22.1521625778472,22.7360767689763,1,0,90,90,0,104.417223966105,22.1521625778472
91,14,1,1,22.3457610553365,22.854204619467,1,0,91,91,0,104.275627735659,22.3457610553365
92,14,1,1,22.5406249515053,23.1044271402683,1,0,92,92,0,104.139054807648,22.5406249515053
93,14,1,1,22.7364565111313,22.9511249885049,1,0,93,93,0,104.006116533128,22.7364565111313
94,14,1,1,22.932957978992,22.6579691059003,1,0,94,94,0,103.875424263157,22.932957978992
95,14,1,1,23.129831599865,23.0730926239768,1,0,95,95,0,103.745589348791,23.129831599865
40,15,1,1,15.0408368537426,14.8458964098694,1,0,40,40,0,120.378431998446,15.0408368537426
41,15,1,1,15.1832217972575,14.7064745295789,1,0,41,41,0,120.126576488445,15.1832217972575
42,15,1,1,15.3254085701517,14.5903959850718,1,0,42,42,0,119.862734208383,15.3254085701517
43,15,1,1,15.4672701083172,14.1484858802971,1,0,43,43,0,119.584010966445,15.4672701083172
44,15,1,1,15.6086793476463,14.6486308948898,1,0,44,44,0,119.287512570818,15.6086793476463
45,15,1,1,15.7495092240313,14.3993473291931,1,0,45,45,0,118.97034482969,15.7495092240313
46,15,1,1,15.8896326733644,14.8664692132804,1,0,46,46,0,118.629613551246,15.8896326733644
47,15,1,1,16.0289226315379,16.2534829242851,1,0,47,47,0,118.262424543674,16.0289226315379
48,15,1,1,16.1672520812322,16.6086189247047,1,0,48,48,0,117.865890235491,16.1672520812322
49,15,1,1,16.3045177734869,16.5786892158232,1,0,49,49,0,117.440486182824,16.3045177734869
50,15,1,1,16.4406788278908,16.5803773607615,1,0,50,50,0,116.995512841618,16.4406788278908
51,15,1,1,16.5757044702645,17.5613420830946,1,0,51,51,0,116.541700659086,16.5757044702645
52,15,1,1,16.7095639264283,17.0985697142496,1,0,52,52,0,116.089780082439,16.7095639264283
53,15,1,1,16.8422264222026,17.2727124072878,1,0,53,53,0,115.650481558889,16.8422264222026
54,15,1,1,16.9736611834077,17.2976689182719,1,0,54,54,0,115.234535535649,16.9736611834077
55,15,1,1,17.1038374358642,17.4335445931616,1,0,55,55,0,114.852672459932,17.1038374358642
56,15,1,1,17.2327249421087,17.4194042555548,1,0,56,56,0,114.515555041761,17.2327249421087
57,15,1,1,17.3603402260979,17.4423436982991,1,0,57,57,0,114.227944388733,17.3603402260979
58,15,1,1,17.4867821977621,17.3610836305767,1,0,58,58,0,113.984203950221,17.4867821977621
59,15,1,1,17.6121581532257,17.5427409888897,1,0,59,59,0,113.777638782048,17.6121581532257
60,15,1,1,17.7365753886133,17.4236570717676,1,0,60,60,0,113.601553940036,17.7365753886133
61,15,1,1,17.8601412000493,17.747671468144,1,0,61,61,0,113.449254480008,17.8601412000493
62,15,1,1,17.9829628836584,17.8245673046858,1,0,62,62,0,113.314045457789,17.9829628836584
63,15,1,1,18.105147735565,18.2716029351972,1,0,63,63,0,113.1892319292,18.105147735565
64,15,1,1,18.2268058293131,18.3062768937603,1,0,64,64,0,113.068101175146,18.2268058293131
65,15,1,1,18.3481389961573,18.4780977097957,1,0,65,65,0,112.943353245882,18.3481389961573
66,15,1,1,18.4694596497948,18.534534595552,1,0,66,66,0,112.806980486564,18.4694596497948
67,15,1,1,18.5910867874355,18.7347046364175,1,0,67,67,0,112.650933109209,18.5910867874355
68,15,1,1,18.7133394062895,18.8832392579597,1,0,68,68,0,112.467161325832,18.7133394062895
69,15,1,1,18.8365365035667,18.9178585149584,1,0,69,69,0,112.247615348448,18.8365365035667
70,15,1,1,18.9609970764773,19.011105080457,1,0,70,70,0,111.984245389073,18.9609970764773
71,15,1,1,19.0870401222311,19.1639208584865,1,0,71,71,0,111.669001659723,19.0870401222311
72,15,1,1,19.2149877623876,19.1352214258965,1,0,72,72,0,111.294542025615,19.2149877623876
73,15,1,1,19.3452145978128,19.2936305901227,1,0,73,73,0,110.865410714337,19.3452145978128
74,15,1,1,19.4781387749925,19.3448512242556,1,0,74,74,0,110.396014869977,19.4781387749925
75,15,1,1,19.6141797584976,19.4853154240321,1,0,75,75,0,109.901060177815,19.6141797584976
76,15,1,1,19.7537570128988,19.6552857138096,1,0,76,76,0,109.395252323132,19.7537570128988
77,15,1,1,19.897290002767,19.7678810625474,1,0,77,77,0,108.893296991209,19.897290002767
78,15,1,1,20.0451981926728,19.8743717001582,1,0,78,78,0,108.409899867326,20.0451981926728
79,15,1,1,20.1979010471872,19.9108111689557,1,0,79,79,0,107.959766636765,20.1979010471872
80,15,1,1,20.3557699799675,20.1669560594387,1,0,80,80,0,107.556386717388,20.3557699799675
81,15,1,1,20.5187043524989,20.2823343212933,1,0,81,81,0,107.20130091594,20.5187043524989
82,15,1,1,20.6863355943736,20.6825408415541,1,0,82,82,0,106.889268132039,20.6863355943736
83,15,1,1,20.8582920599256,21.1438952449116,1,0,83,83,0,106.614969424191,20.8582920599256
84,15,1,1,21.0342021034888,21.077731571107,1,0,84,84,0,106.373085850899,21.0342021034888
85,15,1,1,21.213694079397,21.239342958058,1,0,85,85,0,106.158298470669,21.213694079397
86,15,1,1,21.3963963419843,21.5098780421646,1,0,86,86,0,105.965288342005,21.3963963419843
87,15,1,1,21.5819372455845,21.5532454555998,1,0,87,87,0,105.788736523412,21.5819372455845
88,15,1,1,21.7699528997968,21.8196934967737,1,0,88,88,0,105.623736582232,21.7699528997968
89,15,1,1,21.9601272742598,21.976227026532,1,0,89,89,0,105.467927800083,21.9601272742598
90,15,1,1,22.1521625778472,22.7360767689763,1,0,90,90,0,105.319919618257,22.1521625778472
91,15,1,1,22.3457610553365,22.854204619467,1,0,91,91,0,105.178323387811,22.3457610553365
92,15,1,1,22.5406249515053,23.1044271402683,1,0,92,92,0,105.0417504598,22.5406249515053
93,15,1,1,22.7364565111313,22.9511249885049,1,0,93,93,0,104.908812185281,22.7364565111313
94,15,1,1,22.932957978992,22.6579691059003,1,0,94,94,0,104.778119915309,22.932957978992
95,15,1,1,23.129831599865,23.0730926239768,1,0,95,95,0,104.648285000943,23.129831599865
40,16,1,1,15.0408368537426,14.8458964098694,1,0,40,40,0,121.281127650598,15.0408368537426
41,16,1,1,15.1832217972575,14.7064745295789,1,0,41,41,0,121.029272140598,15.1832217972575
42,16,1,1,15.3254085701517,14.5903959850718,1,0,42,42,0,120.765429860535,15.3254085701517
43,16,1,1,15.4672701083172,14.1484858802971,1,0,43,43,0,120.486706618597,15.4672701083172
44,16,1,1,15.6086793476463,14.6486308948898,1,0,44,44,0,120.19020822297,15.6086793476463
45,16,1,1,15.7495092240313,14.3993473291931,1,0,45,45,0,119.873040481842,15.7495092240313
46,16,1,1,15.8896326733644,14.8664692132804,1,0,46,46,0,119.532309203398,15.8896326733644
47,16,1,1,16.0289226315379,16.2534829242851,1,0,47,47,0,119.165120195827,16.0289226315379
48,16,1,1,16.1672520812322,16.6086189247047,1,0,48,48,0,118.768585887643,16.1672520812322
49,16,1,1,16.3045177734869,16.5786892158232,1,0,49,49,0,118.343181834976,16.3045177734869
50,16,1,1,16.4406788278908,16.5803773607615,1,0,50,50,0,117.89820849377,16.4406788278908
51,16,1,1,16.5757044702645,17.5613420830946,1,0,51,51,0,117.444396311238,16.5757044702645
52,16,1,1,16.7095639264283,17.0985697142496,1,0,52,52,0,116.992475734591,16.7095639264283
53,16,1,1,16.8422264222026,17.2727124072878,1,0,53,53,0,116.553177211041,16.8422264222026
54,16,1,1,16.9736611834077,17.2976689182719,1,0,54,54,0,116.137231187801,16.9736611834077
55,16,1,1,17.1038374358642,17.4335445931616,1,0,55,55,0,115.755368112084,17.1038374358642
56,16,1,1,17.2327249421087,17.4194042555548,1,0,56,56,0,115.418250693913,17.2327249421087
57,16,1,1,17.3603402260979,17.4423436982991,1,0,57,57,0,115.130640040886,17.3603402260979
58,16,1,1,17.4867821977621,17.3610836305767,1,0,58,58,0,114.886899602374,17.4867821977621
59,16,1,1,17.6121581532257,17.5427409888897,1,0,59,59,0,114.6803344342,17.6121581532257
60,16,1,1,17.7365753886133,17.4236570717676,1,0,60,60,0,114.504249592188,17.7365753886133
61,16,1,1,17.8601412000493,17.747671468144,1,0,61,61,0,114.351950132161,17.8601412000493
62,16,1,1,17.9829628836584,17.8245673046858,1,0,62,62,0,114.216741109941,17.9829628836584
63,16,1,1,18.105147735565,18.2716029351972,1,0,63,63,0,114.091927581352,18.105147735565
64,16,1,1,18.2268058293131,18.3062768937603,1,0,64,64,0,113.970796827298,18.2268058293131
65,16,1,1,18.3481389961573,18.4780977097957,1,0,65,65,0,113.846048898034,18.3481389961573
66,16,1,1,18.4694596497948,18.534534595552,1,0,66,66,0,113.709676138716,18.4694596497948
67,16,1,1,18.5910867874355,18.7347046364175,1,0,67,67,0,113.553628761361,18.5910867874355
68,16,1,1,18.7133394062895,18.8832392579597,1,0,68,68,0,113.369856977984,18.7133394062895
69,16,1,1,18.8365365035667,18.9178585149584,1,0,69,69,0,113.1503110006,18.8365365035667
70,16,1,1,18.9609970764773,19.011105080457,1,0,70,70,0,112.886941041225,18.9609970764773
71,16,1,1,19.0870401222311,19.1639208584865,1,0,71,71,0,112.571697311875,19.0870401222311
72,16,1,1,19.2149877623876,19.1352214258965,1,0,72,72,0,112.197237677767,19.2149877623876
73,16,1,1,19.3452145978128,19.2936305901227,1,0,73,73,0,111.76810636649,19.3452145978128
74,16,1,1,19.4781387749925,19.3448512242556,1,0,74,74,0,111.29871052213,19.4781387749925
75,16,1,1,19.6141797584976,19.4853154240321,1,0,75,75,0,110.803755829967,19.6141797584976
76,16,1,1,19.7537570128988,19.6552857138096,1,0,76,76,0,110.297947975284,19.7537570128988
77,16,1,1,19.897290002767,19.7678810625474,1,0,77,77,0,109.795992643361,19.897290002767
78,16,1,1,20.0451981926728,19.8743717001582,1,0,78,78,0,109.312595519478,20.0451981926728
79,16,1,1,20.1979010471872,19.9108111689557,1,0,79,79,0,108.862462288917,20.1979010471872
80,16,1,1,20.3557699799675,20.1669560594387,1,0,80,80,0,108.459082369541,20.3557699799675
81,16,1,1,20.5187043524989,20.2823343212933,1,0,81,81,0,108.103996568092,20.5187043524989
82,16,1,1,20.6863355943736,20.6825408415541,1,0,82,82,0,107.791963784191,20.6863355943736
83,16,1,1,20.8582920599256,21.1438952449116,1,0,83,83,0,107.517665076343,20.8582920599256
84,16,1,1,21.0342021034888,21.077731571107,1,0,84,84,0,107.275781503051,21.0342021034888
85,16,1,1,21.213694079397,21.239342958058,1,0,85,85,0,107.060994122821,21.213694079397
86,16,1,1,21.3963963419843,21.5098780421646,1,0,86,86,0,106.867983994157,21.3963963419843
87,16,1,1,21.5819372455845,21.5532454555998,1,0,87,87,0,106.691432175564,21.5819372455845
88,16,1,1,21.7699528997968,21.8196934967737,1,0,88,88,0,106.526432234385,21.7699528997968
89,16,1,1,21.9601272742598,21.976227026532,1,0,89,89,0,106.370623452236,21.9601272742598
90,16,1,1,22.1521625778472,22.7360767689763,1,0,90,90,0,106.22261527041,22.1521625778472
91,16,1,1,22.3457610553365,22.854204619467,1,0,91,91,0,106.081019039963,22.3457610553365
92,16,1,1,22.5406249515053,23.1044271402683,1,0,92,92,0,105.944446111952,22.5406249515053
93,16,1,1,22.7364565111313,22.9511249885049,1,0,93,93,0,105.811507837433,22.7364565111313
94,16,1,1,22.932957978992,22.6579691059003,1,0,94,94,0,105.680815567462,22.932957978992
95,16,1,1,23.129831599865,23.0730926239768,1,0,95,95,0,105.550980653095,23.129831599865
40,17,1,1,15.0408368537426,14.8458964098694,0,1,40,0,40,122.18382330275,15.0408368537426
41,17,1,1,15.1832217972575,14.7064745295789,0,1,41,0,41,121.93196779275,15.1832217972575
42,17,1,1,15.3254085701517,14.5903959850718,0,1,42,0,42,121.668125512687,15.3254085701517
43,17,1,1,15.4672701083172,14.1484858802971,0,1,43,0,43,121.389402270749,15.4672701083172
44,17,1,1,15.6086793476463,14.6486308948898,0,1,44,0,44,121.092903875123,15.6086793476463
45,17,1,1,15.7495092240313,14.3993473291931,0,1,45,0,45,120.775736133994,15.7495092240313
46,17,1,1,15.8896326733644,14.8664692132804,0,1,46,0,46,120.435004855551,15.8896326733644
47,17,1,1,16.0289226315379,16.2534829242851,0,1,47,0,47,120.067815847979,16.0289226315379
48,17,1,1,16.1672520812322,16.6086189247047,0,1,48,0,48,119.671281539795,16.1672520812322
49,17,1,1,16.3045177734869,16.5786892158232,0,1,49,0,49,119.245877487128,16.3045177734869
50,17,1,1,16.4406788278908,16.5803773607615,0,1,50,0,50,118.800904145923,16.4406788278908
51,17,1,1,16.5757044702645,17.5613420830946,0,1,51,0,51,118.34709196339,16.5757044702645
52,17,1,1,16.7095639264283,17.0985697142496,0,1,52,0,52,117.895171386743,16.7095639264283
53,17,1,1,16.8422264222026,17.2727124072878,0,1,53,0,53,117.455872863193,16.8422264222026
54,17,1,1,16.9736611834077,17.2976689182719,0,1,54,0,54,117.039926839954,16.9736611834077
55,17,1,1,17.1038374358642,17.4335445931616,0,1,55,0,55,116.658063764236,17.1038374358642
56,17,1,1,17.2327249421087,17.4194042555548,0,1,56,0,56,116.320946346065,17.2327249421087
57,17,1,1,17.3603402260979,17.4423436982991,0,1,57,0,57,116.033335693038,17.3603402260979
58,17,1,1,17.4867821977621,17.3610836305767,0,1,58,0,58,115.789595254526,17.4867821977621
59,17,1,1,17.6121581532257,17.5427409888897,0,1,59,0,59,115.583030086352,17.6121581532257
60,17,1,1,17.7365753886133,17.4236570717676,0,1,60,0,60,115.40694524434,17.7365753886133
61,17,1,1,17.8601412000493,17.747671468144,0,1,61,0,61,115.254645784313,17.8601412000493
62,17,1,1,17.9829628836584,17.8245673046858,0,1,62,0,62,115.119436762093,17.9829628836584
63,17,1,1,18.105147735565,18.2716029351972,0,1,63,0,63,114.994623233504,18.105147735565
64,17,1,1,18.2268058293131,18.3062768937603,0,1,64,0,64,114.87349247945,18.2268058293131
65,17,1,1,18.3481389961573,18.4780977097957,0,1,65,0,65,114.748744550186,18.3481389961573
66,17,1,1,18.4694596497948,18.534534595552,0,1,66,0,66,114.612371790869,18.4694596497948
67,17,1,1,18.5910867874355,18.7347046364175,0,1,67,0,67,114.456324413513,18.5910867874355
68,17,1,1,18.7133394062895,18.8832392579597,0,1,68,0,68,114.272552630136,18.7133394062895
69,17,1,1,18.8365365035667,18.9178585149584,0,1,69,0,69,114.053006652752,18.8365365035667
70,17,1,1,18.9609970764773,19.011105080457,0,1,70,0,70,113.789636693377,18.9609970764773
71,17,1,1,19.0870401222311,19.1639208584865,0,1,71,0,71,113.474392964027,19.0870401222311
72,17,1,1,19.2149877623876,19.1352214258965,0,1,72,0,72,113.099933329919,19.2149877623876
73,17,1,1,19.3452145978128,19.2936305901227,0,1,73,0,73,112.670802018642,19.3452145978128
74,17,1,1,19.4781387749925,19.3448512242556,0,1,74,0,74,112.201406174282,19.4781387749925
75,17,1,1,19.6141797584976,19.4853154240321,0,1,75,0,75,111.70645148212,19.6141797584976
76,17,1,1,19.7537570128988,19.6552857138096,0,1,76,0,76,111.200643627436,19.7537570128988
77,17,1,1,19.897290002767,19.7678810625474,0,1,77,0,77,110.698688295513,19.897290002767
78,17,1,1,20.0451981926728,19.8743717001582,0,1,78,0,78,110.215291171631,20.0451981926728
79,17,1,1,20.1979010471872,19.9108111689557,0,1,79,0,79,109.76515794107,20.1979010471872
80,17,1,1,20.3557699799675,20.1669560594387,0,1,80,0,80,109.361778021693,20.3557699799675
81,17,1,1,20.5187043524989,20.2823343212933,0,1,81,0,81,109.006692220244,20.5187043524989
82,17,1,1,20.6863355943736,20.6825408415541,0,1,82,0,82,108.694659436344,20.6863355943736
83,17,1,1,20.8582920599256,21.1438952449116,0,1,83,0,83,108.420360728495,20.8582920599256
84,17,1,1,21.0342021034888,21.077731571107,0,1,84,0,84,108.178477155204,21.0342021034888
85,17,1,1,21.213694079397,21.239342958058,0,1,85,0,85,107.963689774973,21.213694079397
86,17,1,1,21.3963963419843,21.5098780421646,0,1,86,0,86,107.770679646309,21.3963963419843
87,17,1,1,21.5819372455845,21.5532454555998,0,1,87,0,87,107.594127827716,21.5819372455845
88,17,1,1,21.7699528997968,21.8196934967737,0,1,88,0,88,107.429127886537,21.7699528997968
89,17,1,1,21.9601272742598,21.976227026532,0,1,89,0,89,107.273319104388,21.9601272742598
90,17,1,1,22.1521625778472,22.7360767689763,0,1,90,0,90,107.125310922562,22.1521625778472
91,17,1,1,22.3457610553365,22.854204619467,0,1,91,0,91,106.983714692115,22.3457610553365
92,17,1,1,22.5406249515053,23.1044271402683,0,1,92,0,92,106.847141764104,22.5406249515053
93,17,1,1,22.7364565111313,22.9511249885049,0,1,93,0,93,106.714203489585,22.7364565111313
94,17,1,1,22.932957978992,22.6579691059003,0,1,94,0,94,106.583511219614,22.932957978992
95,17,1,1,23.129831599865,23.0730926239768,0,1,95,0,95,106.453676305247,23.129831599865
40,18,1,1,15.0408368537426,14.8458964098694,0,1,40,0,40,123.086518954902,15.0408368537426
41,18,1,1,15.1832217972575,14.7064745295789,0,1,41,0,41,122.834663444902,15.1832217972575
42,18,1,1,15.3254085701517,14.5903959850718,0,1,42,0,42,122.570821164839,15.3254085701517
43,18,1,1,15.4672701083172,14.1484858802971,0,1,43,0,43,122.292097922901,15.4672701083172
44,18,1,1,15.6086793476463,14.6486308948898,0,1,44,0,44,121.995599527275,15.6086793476463
45,18,1,1,15.7495092240313,14.3993473291931,0,1,45,0,45,121.678431786146,15.7495092240313
46,18,1,1,15.8896326733644,14.8664692132804,0,1,46,0,46,121.337700507703,15.8896326733644
47,18,1,1,16.0289226315379,16.2534829242851,0,1,47,0,47,120.970511500131,16.0289226315379
48,18,1,1,16.1672520812322,16.6086189247047,0,1,48,0,48,120.573977191947,16.1672520812322
49,18,1,1,16.3045177734869,16.5786892158232,0,1,49,0,49,120.14857313928,16.3045177734869
50,18,1,1,16.4406788278908,16.5803773607615,0,1,50,0,50,119.703599798075,16.4406788278908
51,18,1,1,16.5757044702645,17.5613420830946,0,1,51,0,51,119.249787615542,16.5757044702645
52,18,1,1,16.7095639264283,17.0985697142496,0,1,52,0,52,118.797867038895,16.7095639264283
53,18,1,1,16.8422264222026,17.2727124072878,0,1,53,0,53,118.358568515346,16.8422264222026
54,18,1,1,16.9736611834077,17.2976689182719,0,1,54,0,54,117.942622492106,16.9736611834077
55,18,1,1,17.1038374358642,17.4335445931616,0,1,55,0,55,117.560759416388,17.1038374358642
56,18,1,1,17.2327249421087,17.4194042555548,0,1,56,0,56,117.223641998217,17.2327249421087
57,18,1,1,17.3603402260979,17.4423436982991,0,1,57,0,57,116.93603134519,17.3603402260979
58,18,1,1,17.4867821977621,17.3610836305767,0,1,58,0,58,116.692290906678,17.4867821977621
59,18,1,1,17.6121581532257,17.5427409888897,0,1,59,0,59,116.485725738504,17.6121581532257
60,18,1,1,17.7365753886133,17.4236570717676,0,1,60,0,60,116.309640896492,17.7365753886133
61,18,1,1,17.8601412000493,17.747671468144,0,1,61,0,61,116.157341436465,17.8601412000493
62,18,1,1,17.9829628836584,17.8245673046858,0,1,62,0,62,116.022132414245,17.9829628836584
63,18,1,1,18.105147735565,18.2716029351972,0,1,63,0,63,115.897318885656,18.105147735565
64,18,1,1,18.2268058293131,18.3062768937603,0,1,64,0,64,115.776188131602,18.2268058293131
65,18,1,1,18.3481389961573,18.4780977097957,0,1,65,0,65,115.651440202338,18.3481389961573
66,18,1,1,18.4694596497948,18.534534595552,0,1,66,0,66,115.515067443021,18.4694596497948
67,18,1,1,18.5910867874355,18.7347046364175,0,1,67,0,67,115.359020065665,18.5910867874355
68,18,1,1,18.7133394062895,18.8832392579597,0,1,68,0,68,115.175248282288,18.7133394062895
69,18,1,1,18.8365365035667,18.9178585149584,0,1,69,0,69,114.955702304904,18.8365365035667
70,18,1,1,18.9609970764773,19.011105080457,0,1,70,0,70,114.692332345529,18.9609970764773
71,18,1,1,19.0870401222311,19.1639208584865,0,1,71,0,71,114.377088616179,19.0870401222311
72,18,1,1,19.2149877623876,19.1352214258965,0,1,72,0,72,114.002628982071,19.2149877623876
73,18,1,1,19.3452145978128,19.2936305901227,0,1,73,0,73,113.573497670794,19.3452145978128
74,18,1,1,19.4781387749925,19.3448512242556,0,1,74,0,74,113.104101826434,19.4781387749925
75,18,1,1,19.6141797584976,19.4853154240321,0,1,75,0,75,112.609147134272,19.6141797584976
76,18,1,1,19.7537570128988,19.6552857138096,0,1,76,0,76,112.103339279589,19.7537570128988
77,18,1,1,19.897290002767,19.7678810625474,0,1,77,0,77,111.601383947665,19.897290002767
78,18,1,1,20.0451981926728,19.8743717001582,0,1,78,0,78,111.117986823783,20.0451981926728
79,18,1,1,20.1979010471872,19.9108111689557,0,1,79,0,79,110.667853593222,20.1979010471872
80,18,1,1,20.3557699799675,20.1669560594387,0,1,80,0,80,110.264473673845,20.3557699799675
81,18,1,1,20.5187043524989,20.2823343212933,0,1,81,0,81,109.909387872396,20.5187043524989
82,18,1,1,20.6863355943736,20.6825408415541,0,1,82,0,82,109.597355088496,20.6863355943736
83,18,1,1,20.8582920599256,21.1438952449116,0,1,83,0,83,109.323056380647,20.8582920599256
84,18,1,1,21.0342021034888,21.077731571107,0,1,84,0,84,109.081172807356,21.0342021034888
85,18,1,1,21.213694079397,21.239342958058,0,1,85,0,85,108.866385427126,21.213694079397
86,18,1,1,21.3963963419843,21.5098780421646,0,1,86,0,86,108.673375298461,21.3963963419843
87,18,1,1,21.5819372455845,21.5532454555998,0,1,87,0,87,108.496823479868,21.5819372455845
88,18,1,1,21.7699528997968,21.8196934967737,0,1,88,0,88,108.331823538689,21.7699528997968
89,18,1,1,21.9601272742598,21.976227026532,0,1,89,0,89,108.17601475654,21.9601272742598
90,18,1,1,22.1521625778472,22.7360767689763,0,1,90,0,90,108.028006574714,22.1521625778472
91,18,1,1,22.3457610553365,22.854204619467,0,1,91,0,91,107.886410344267,22.3457610553365
92,18,1,1,22.5406249515053,23.1044271402683,0,1,92,0,92,107.749837416256,22.5406249515053
93,18,1,1,22.7364565111313,22.9511249885049,0,1,93,0,93,107.616899141737,22.7364565111313
94,18,1,1,22.932957978992,22.6579691059003,0,1,94,0,94,107.486206871766,22.932957978992
95,18,1,1,23.129831599865,23.0730926239768,0,1,95,0,95,107.356371957399,23.129831599865
40,19,1,1,15.0408368537426,14.8458964098694,0,1,40,0,40,123.989214607054,15.0408368537426
41,19,1,1,15.1832217972575,14.7064745295789,0,1,41,0,41,123.737359097054,15.1832217972575
42,19,1,1,15.3254085701517,14.5903959850718,0,1,42,0,42,123.473516816991,15.3254085701517
43,19,1,1,15.4672701083172,14.1484858802971,0,1,43,0,43,123.194793575053,15.4672701083172
44,19,1,1,15.6086793476463,14.6486308948898,0,1,44,0,44,122.898295179427,15.6086793476463
45,19,1,1,15.7495092240313,14.3993473291931,0,1,45,0,45,122.581127438298,15.7495092240313
46,19,1,1,15.8896326733644,14.8664692132804,0,1,46,0,46,122.240396159855,15.8896326733644
47,19,1,1,16.0289226315379,16.2534829242851,0,1,47,0,47,121.873207152283,16.0289226315379
48,19,1,1,16.1672520812322,16.6086189247047,0,1,48,0,48,121.476672844099,16.1672520812322
49,19,1,1,16.3045177734869,16.5786892158232,0,1,49,0,49,121.051268791433,16.3045177734869
50,19,1,1,16.4406788278908,16.5803773607615,0,1,50,0,50,120.606295450227,16.4406788278908
51,19,1,1,16.5757044702645,17.5613420830946,0,1,51,0,51,120.152483267694,16.5757044702645
52,19,1,1,16.7095639264283,17.0985697142496,0,1,52,0,52,119.700562691047,16.7095639264283
53,19,1,1,16.8422264222026,17.2727124072878,0,1,53,0,53,119.261264167498,16.8422264222026
54,19,1,1,16.9736611834077,17.2976689182719,0,1,54,0,54,118.845318144258,16.9736611834077
55,19,1,1,17.1038374358642,17.4335445931616,0,1,55,0,55,118.46345506854,17.1038374358642
56,19,1,1,17.2327249421087,17.4194042555548,0,1,56,0,56,118.126337650369,17.2327249421087
57,19,1,1,17.3603402260979,17.4423436982991,0,1,57,0,57,117.838726997342,17.3603402260979
58,19,1,1,17.4867821977621,17.3610836305767,0,1,58,0,58,117.59498655883,17.4867821977621
59,19,1,1,17.6121581532257,17.5427409888897,0,1,59,0,59,117.388421390656,17.6121581532257
60,19,1,1,17.7365753886133,17.4236570717676,0,1,60,0,60,117.212336548644,17.7365753886133
61,19,1,1,17.8601412000493,17.747671468144,0,1,61,0,61,117.060037088617,17.8601412000493
62,19,1,1,17.9829628836584,17.8245673046858,0,1,62,0,62,116.924828066397,17.9829628836584
63,19,1,1,18.105147735565,18.2716029351972,0,1,63,0,63,116.800014537808,18.105147735565
64,19,1,1,18.2268058293131,18.3062768937603,0,1,64,0,64,116.678883783754,18.2268058293131
65,19,1,1,18.3481389961573,18.4780977097957,0,1,65,0,65,116.55413585449,18.3481389961573
66,19,1,1,18.4694596497948,18.534534595552,0,1,66,0,66,116.417763095173,18.4694596497948
67,19,1,1,18.5910867874355,18.7347046364175,0,1,67,0,67,116.261715717817,18.5910867874355
68,19,1,1,18.7133394062895,18.8832392579597,0,1,68,0,68,116.07794393444,18.7133394062895
69,19,1,1,18.8365365035667,18.9178585149584,0,1,69,0,69,115.858397957056,18.8365365035667
70,19,1,1,18.9609970764773,19.011105080457,0,1,70,0,70,115.595027997681,18.9609970764773
71,19,1,1,19.0870401222311,19.1639208584865,0,1,71,0,71,115.279784268331,19.0870401222311
72,19,1,1,19.2149877623876,19.1352214258965,0,1,72,0,72,114.905324634223,19.2149877623876
73,19,1,1,19.3452145978128,19.2936305901227,0,1,73,0,73,114.476193322946,19.3452145978128
74,19,1,1,19.4781387749925,19.3448512242556,0,1,74,0,74,114.006797478586,19.4781387749925
75,19,1,1,19.6141797584976,19.4853154240321,0,1,75,0,75,113.511842786424,19.6141797584976
76,19,1,1,19.7537570128988,19.6552857138096,0,1,76,0,76,113.006034931741,19.7537570128988
77,19,1,1,19.897290002767,19.7678810625474,0,1,77,0,77,112.504079599817,19.897290002767
78,19,1,1,20.0451981926728,19.8743717001582,0,1,78,0,78,112.020682475935,20.0451981926728
79,19,1,1,20.1979010471872,19.9108111689557,0,1,79,0,79,111.570549245374,20.1979010471872
80,19,1,1,20.3557699799675,20.1669560594387,0,1,80,0,80,111.167169325997,20.3557699799675
81,19,1,1,20.5187043524989,20.2823343212933,0,1,81,0,81,110.812083524548,20.5187043524989
82,19,1,1,20.6863355943736,20.6825408415541,0,1,82,0,82,110.500050740648,20.6863355943736
83,19,1,1,20.8582920599256,21.1438952449116,0,1,83,0,83,110.225752032799,20.8582920599256
84,19,1,1,21.0342021034888,21.077731571107,0,1,84,0,84,109.983868459508,21.0342021034888
85,19,1,1,21.213694079397,21.239342958058,0,1,85,0,85,109.769081079278,21.213694079397
86,19,1,1,21.3963963419843,21.5098780421646,0,1,86,0,86,109.576070950614,21.3963963419843
87,19,1,1,21.5819372455845,21.5532454555998,0,1,87,0,87,109.39951913202,21.5819372455845
88,19,1,1,21.7699528997968,21.8196934967737,0,1,88,0,88,109.234519190841,21.7699528997968
89,19,1,1,21.9601272742598,21.976227026532,0,1,89,0,89,109.078710408692,21.9601272742598
90,19,1,1,22.1521625778472,22.7360767689763,0,1,90,0,90,108.930702226866,22.1521625778472
91,19,1,1,22.3457610553365,22.854204619467,0,1,91,0,91,108.789105996419,22.3457610553365
92,19,1,1,22.5406249515053,23.1044271402683,0,1,92,0,92,108.652533068408,22.5406249515053
93,19,1,1,22.7364565111313,22.9511249885049,0,1,93,0,93,108.519594793889,22.7364565111313
94,19,1,1,22.932957978992,22.6579691059003,0,1,94,0,94,108.388902523918,22.932957978992
95,19,1,1,23.129831599865,23.0730926239768,0,1,95,0,95,108.259067609551,23.129831599865
40,20,1,1,15.0408368537426,14.8458964098694,0,1,40,0,40,124.891910259206,15.0408368537426
41,20,1,1,15.1832217972575,14.7064745295789,0,1,41,0,41,124.640054749206,15.1832217972575
42,20,1,1,15.3254085701517,14.5903959850718,0,1,42,0,42,124.376212469143,15.3254085701517
43,20,1,1,15.4672701083172,14.1484858802971,0,1,43,0,43,124.097489227205,15.4672701083172
44,20,1,1,15.6086793476463,14.6486308948898,0,1,44,0,44,123.800990831579,15.6086793476463
45,20,1,1,15.7495092240313,14.3993473291931,0,1,45,0,45,123.48382309045,15.7495092240313
46,20,1,1,15.8896326733644,14.8664692132804,0,1,46,0,46,123.143091812007,15.8896326733644
47,20,1,1,16.0289226315379,16.2534829242851,0,1,47,0,47,122.775902804435,16.0289226315379
48,20,1,1,16.1672520812322,16.6086189247047,0,1,48,0,48,122.379368496251,16.1672520812322
49,20,1,1,16.3045177734869,16.5786892158232,0,1,49,0,49,121.953964443585,16.3045177734869
50,20,1,1,16.4406788278908,16.5803773607615,0,1,50,0,50,121.508991102379,16.4406788278908
51,20,1,1,16.5757044702645,17.5613420830946,0,1,51,0,51,121.055178919846,16.5757044702645
52,20,1,1,16.7095639264283,17.0985697142496,0,1,52,0,52,120.603258343199,16.7095639264283
53,20,1,1,16.8422264222026,17.2727124072878,0,1,53,0,53,120.16395981965,16.8422264222026
54,20,1,1,16.9736611834077,17.2976689182719,0,1,54,0,54,119.74801379641,16.9736611834077
55,20,1,1,17.1038374358642,17.4335445931616,0,1,55,0,55,119.366150720692,17.1038374358642
56,20,1,1,17.2327249421087,17.4194042555548,0,1,56,0,56,119.029033302521,17.2327249421087
57,20,1,1,17.3603402260979,17.4423436982991,0,1,57,0,57,118.741422649494,17.3603402260979
58,20,1,1,17.4867821977621,17.3610836305767,0,1,58,0,58,118.497682210982,17.4867821977621
59,20,1,1,17.6121581532257,17.5427409888897,0,1,59,0,59,118.291117042808,17.6121581532257
60,20,1,1,17.7365753886133,17.4236570717676,0,1,60,0,60,118.115032200796,17.7365753886133
61,20,1,1,17.8601412000493,17.747671468144,0,1,61,0,61,117.962732740769,17.8601412000493
62,20,1,1,17.9829628836584,17.8245673046858,0,1,62,0,62,117.827523718549,17.9829628836584
63,20,1,1,18.105147735565,18.2716029351972,0,1,63,0,63,117.70271018996,18.105147735565
64,20,1,1,18.2268058293131,18.3062768937603,0,1,64,0,64,117.581579435906,18.2268058293131
65,20,1,1,18.3481389961573,18.4780977097957,0,1,65,0,65,117.456831506642,18.3481389961573
66,20,1,1,18.4694596497948,18.534534595552,0,1,66,0,66,117.320458747325,18.4694596497948
67,20,1,1,18.5910867874355,18.7347046364175,0,1,67,0,67,117.16441136997,18.5910867874355
68,20,1,1,18.7133394062895,18.8832392579597,0,1,68,0,68,116.980639586592,18.7133394062895
69,20,1,1,18.8365365035667,18.9178585149584,0,1,69,0,69,116.761093609208,18.8365365035667
70,20,1,1,18.9609970764773,19.011105080457,0,1,70,0,70,116.497723649833,18.9609970764773
71,20,1,1,19.0870401222311,19.1639208584865,0,1,71,0,71,116.182479920483,19.0870401222311
72,20,1,1,19.2149877623876,19.1352214258965,0,1,72,0,72,115.808020286375,19.2149877623876
73,20,1,1,19.3452145978128,19.2936305901227,0,1,73,0,73,115.378888975098,19.3452145978128
74,20,1,1,19.4781387749925,19.3448512242556,0,1,74,0,74,114.909493130738,19.4781387749925
75,20,1,1,19.6141797584976,19.4853154240321,0,1,75,0,75,114.414538438576,19.6141797584976
76,20,1,1,19.7537570128988,19.6552857138096,0,1,76,0,76,113.908730583893,19.7537570128988
77,20,1,1,19.897290002767,19.7678810625474,0,1,77,0,77,113.406775251969,19.897290002767
78,20,1,1,20.0451981926728,19.8743717001582,0,1,78,0,78,112.923378128087,20.0451981926728
79,20,1,1,20.1979010471872,19.9108111689557,0,1,79,0,79,112.473244897526,20.1979010471872
80,20,1,1,20.3557699799675,20.1669560594387,0,1,80,0,80,112.069864978149,20.3557699799675
81,20,1,1,20.5187043524989,20.2823343212933,0,1,81,0,81,111.714779176701,20.5187043524989
82,20,1,1,20.6863355943736,20.6825408415541,0,1,82,0,82,111.4027463928,20.6863355943736
83,20,1,1,20.8582920599256,21.1438952449116,0,1,83,0,83,111.128447684951,20.8582920599256
84,20,1,1,21.0342021034888,21.077731571107,0,1,84,0,84,110.88656411166,21.0342021034888
85,20,1,1,21.213694079397,21.239342958058,0,1,85,0,85,110.67177673143,21.213694079397
86,20,1,1,21.3963963419843,21.5098780421646,0,1,86,0,86,110.478766602766,21.3963963419843
87,20,1,1,21.5819372455845,21.5532454555998,0,1,87,0,87,110.302214784172,21.5819372455845
88,20,1,1,21.7699528997968,21.8196934967737,0,1,88,0,88,110.137214842993,21.7699528997968
89,20,1,1,21.9601272742598,21.976227026532,0,1,89,0,89,109.981406060844,21.9601272742598
90,20,1,1,22.1521625778472,22.7360767689763,0,1,90,0,90,109.833397879018,22.1521625778472
91,20,1,1,22.3457610553365,22.854204619467,0,1,91,0,91,109.691801648571,22.3457610553365
92,20,1,1,22.5406249515053,23.1044271402683,0,1,92,0,92,109.55522872056,22.5406249515053
93,20,1,1,22.7364565111313,22.9511249885049,0,1,93,0,93,109.422290446041,22.7364565111313
94,20,1,1,22.932957978992,22.6579691059003,0,1,94,0,94,109.29159817607,22.932957978992
95,20,1,1,23.129831599865,23.0730926239768,0,1,95,0,95,109.161763261703,23.129831599865
40,21,1,1,15.0408368537426,14.8458964098694,0,1,40,0,40,125.794605911359,15.0408368537426
41,21,1,1,15.1832217972575,14.7064745295789,0,1,41,0,41,125.542750401358,15.1832217972575
42,21,1,1,15.3254085701517,14.5903959850718,0,1,42,0,42,125.278908121296,15.3254085701517
43,21,1,1,15.4672701083172,14.1484858802971,0,1,43,0,43,125.000184879358,15.4672701083172
44,21,1,1,15.6086793476463,14.6486308948898,0,1,44,0,44,124.703686483731,15.6086793476463
45,21,1,1,15.7495092240313,14.3993473291931,0,1,45,0,45,124.386518742603,15.7495092240313
46,21,1,1,15.8896326733644,14.8664692132804,0,1,46,0,46,124.045787464159,15.8896326733644
47,21,1,1,16.0289226315379,16.2534829242851,0,1,47,0,47,123.678598456587,16.0289226315379
48,21,1,1,16.1672520812322,16.6086189247047,0,1,48,0,48,123.282064148404,16.1672520812322
49,21,1,1,16.3045177734869,16.5786892158232,0,1,49,0,49,122.856660095737,16.3045177734869
50,21,1,1,16.4406788278908,16.5803773607615,0,1,50,0,50,122.411686754531,16.4406788278908
51,21,1,1,16.5757044702645,17.5613420830946,0,1,51,0,51,121.957874571999,16.5757044702645
52,21,1,1,16.7095639264283,17.0985697142496,0,1,52,0,52,121.505953995351,16.7095639264283
53,21,1,1,16.8422264222026,17.2727124072878,0,1,53,0,53,121.066655471802,16.8422264222026
54,21,1,1,16.9736611834077,17.2976689182719,0,1,54,0,54,120.650709448562,16.9736611834077
55,21,1,1,17.1038374358642,17.4335445931616,0,1,55,0,55,120.268846372844,17.1038374358642
56,21,1,1,17.2327249421087,17.4194042555548,0,1,56,0,56,119.931728954674,17.2327249421087
57,21,1,1,17.3603402260979,17.4423436982991,0,1,57,0,57,119.644118301646,17.3603402260979
58,21,1,1,17.4867821977621,17.3610836305767,0,1,58,0,58,119.400377863134,17.4867821977621
59,21,1,1,17.6121581532257,17.5427409888897,0,1,59,0,59,119.193812694961,17.6121581532257
60,21,1,1,17.7365753886133,17.4236570717676,0,1,60,0,60,119.017727852949,17.7365753886133
61,21,1,1,17.8601412000493,17.747671468144,0,1,61,0,61,118.865428392921,17.8601412000493
62,21,1,1,17.9829628836584,17.8245673046858,0,1,62,0,62,118.730219370701,17.9829628836584
63,21,1,1,18.105147735565,18.2716029351972,0,1,63,0,63,118.605405842112,18.105147735565
64,21,1,1,18.2268058293131,18.3062768937603,0,1,64,0,64,118.484275088058,18.2268058293131
65,21,1,1,18.3481389961573,18.4780977097957,0,1,65,0,65,118.359527158794,18.3481389961573
66,21,1,1,18.4694596497948,18.534534595552,0,1,66,0,66,118.223154399477,18.4694596497948
67,21,1,1,18.5910867874355,18.7347046364175,0,1,67,0,67,118.067107022122,18.5910867874355
68,21,1,1,18.7133394062895,18.8832392579597,0,1,68,0,68,117.883335238744,18.7133394062895
69,21,1,1,18.8365365035667,18.9178585149584,0,1,69,0,69,117.66378926136,18.8365365035667
70,21,1,1,18.9609970764773,19.011105080457,0,1,70,0,70,117.400419301985,18.9609970764773
71,21,1,1,19.0870401222311,19.1639208584865,0,1,71,0,71,117.085175572635,19.0870401222311
72,21,1,1,19.2149877623876,19.1352214258965,0,1,72,0,72,116.710715938527,19.2149877623876
73,21,1,1,19.3452145978128,19.2936305901227,0,1,73,0,73,116.28158462725,19.3452145978128
74,21,1,1,19.4781387749925,19.3448512242556,0,1,74,0,74,115.81218878289,19.4781387749925
75,21,1,1,19.6141797584976,19.4853154240321,0,1,75,0,75,115.317234090728,19.6141797584976
76,21,1,1,19.7537570128988,19.6552857138096,0,1,76,0,76,114.811426236045,19.7537570128988
77,21,1,1,19.897290002767,19.7678810625474,0,1,77,0,77,114.309470904122,19.897290002767
78,21,1,1,20.0451981926728,19.8743717001582,0,1,78,0,78,113.826073780239,20.0451981926728
79,21,1,1,20.1979010471872,19.9108111689557,0,1,79,0,79,113.375940549678,20.1979010471872
80,21,1,1,20.3557699799675,20.1669560594387,0,1,80,0,80,112.972560630301,20.3557699799675
81,21,1,1,20.5187043524989,20.2823343212933,0,1,81,0,81,112.617474828853,20.5187043524989
82,21,1,1,20.6863355943736,20.6825408415541,0,1,82,0,82,112.305442044952,20.6863355943736
83,21,1,1,20.8582920599256,21.1438952449116,0,1,83,0,83,112.031143337104,20.8582920599256
84,21,1,1,21.0342021034888,21.077731571107,0,1,84,0,84,111.789259763812,21.0342021034888
85,21,1,1,21.213694079397,21.239342958058,0,1,85,0,85,111.574472383582,21.213694079397
86,21,1,1,21.3963963419843,21.5098780421646,0,1,86,0,86,111.381462254918,21.3963963419843
87,21,1,1,21.5819372455845,21.5532454555998,0,1,87,0,87,111.204910436324,21.5819372455845
88,21,1,1,21.7699528997968,21.8196934967737,0,1,88,0,88,111.039910495145,21.7699528997968
89,21,1,1,21.9601272742598,21.976227026532,0,1,89,0,89,110.884101712996,21.9601272742598
90,21,1,1,22.1521625778472,22.7360767689763,0,1,90,0,90,110.73609353117,22.1521625778472
91,21,1,1,22.3457610553365,22.854204619467,0,1,91,0,91,110.594497300723,22.3457610553365
92,21,1,1,22.5406249515053,23.1044271402683,0,1,92,0,92,110.457924372712,22.5406249515053
93,21,1,1,22.7364565111313,22.9511249885049,0,1,93,0,93,110.324986098193,22.7364565111313
94,21,1,1,22.932957978992,22.6579691059003,0,1,94,0,94,110.194293828222,22.932957978992
95,21,1,1,23.129831599865,23.0730926239768,0,1,95,0,95,110.064458913855,23.129831599865
40,22,1,1,15.0408368537426,14.8458964098694,0,1,40,0,40,126.697301563511,15.0408368537426
41,22,1,1,15.1832217972575,14.7064745295789,0,1,41,0,41,126.44544605351,15.1832217972575
42,22,1,1,15.3254085701517,14.5903959850718,0,1,42,0,42,126.181603773448,15.3254085701517
43,22,1,1,15.4672701083172,14.1484858802971,0,1,43,0,43,125.90288053151,15.4672701083172
44,22,1,1,15.6086793476463,14.6486308948898,0,1,44,0,44,125.606382135883,15.6086793476463
45,22,1,1,15.7495092240313,14.3993473291931,0,1,45,0,45,125.289214394755,15.7495092240313
46,22,1,1,15.8896326733644,14.8664692132804,0,1,46,0,46,124.948483116311,15.8896326733644
47,22,1,1,16.0289226315379,16.2534829242851,0,1,47,0,47,124.581294108739,16.0289226315379
48,22,1,1,16.1672520812322,16.6086189247047,0,1,48,0,48,124.184759800556,16.1672520812322
49,22,1,1,16.3045177734869,16.5786892158232,0,1,49,0,49,123.759355747889,16.3045177734869
50,22,1,1,16.4406788278908,16.5803773607615,0,1,50,0,50,123.314382406683,16.4406788278908
51,22,1,1,16.5757044702645,17.5613420830946,0,1,51,0,51,122.860570224151,16.5757044702645
52,22,1,1,16.7095639264283,17.0985697142496,0,1,52,0,52,122.408649647504,16.7095639264283
53,22,1,1,16.8422264222026,17.2727124072878,0,1,53,0,53,121.969351123954,16.8422264222026
54,22,1,1,16.9736611834077,17.2976689182719,0,1,54,0,54,121.553405100714,16.9736611834077
55,22,1,1,17.1038374358642,17.4335445931616,0,1,55,0,55,121.171542024996,17.1038374358642
56,22,1,1,17.2327249421087,17.4194042555548,0,1,56,0,56,120.834424606826,17.2327249421087
57,22,1,1,17.3603402260979,17.4423436982991,0,1,57,0,57,120.546813953798,17.3603402260979
58,22,1,1,17.4867821977621,17.3610836305767,0,1,58,0,58,120.303073515286,17.4867821977621
59,22,1,1,17.6121581532257,17.5427409888897,0,1,59,0,59,120.096508347113,17.6121581532257
60,22,1,1,17.7365753886133,17.4236570717676,0,1,60,0,60,119.920423505101,17.7365753886133
61,22,1,1,17.8601412000493,17.747671468144,0,1,61,0,61,119.768124045073,17.8601412000493
62,22,1,1,17.9829628836584,17.8245673046858,0,1,62,0,62,119.632915022854,17.9829628836584
63,22,1,1,18.105147735565,18.2716029351972,0,1,63,0,63,119.508101494264,18.105147735565
64,22,1,1,18.2268058293131,18.3062768937603,0,1,64,0,64,119.38697074021,18.2268058293131
65,22,1,1,18.3481389961573,18.4780977097957,0,1,65,0,65,119.262222810947,18.3481389961573
66,22,1,1,18.4694596497948,18.534534595552,0,1,66,0,66,119.125850051629,18.4694596497948
67,22,1,1,18.5910867874355,18.7347046364175,0,1,67,0,67,118.969802674274,18.5910867874355
68,22,1,1,18.7133394062895,18.8832392579597,0,1,68,0,68,118.786030890896,18.7133394062895
69,22,1,1,18.8365365035667,18.9178585149584,0,1,69,0,69,118.566484913512,18.8365365035667
70,22,1,1,18.9609970764773,19.011105080457,0,1,70,0,70,118.303114954138,18.9609970764773
71,22,1,1,19.0870401222311,19.1639208584865,0,1,71,0,71,117.987871224787,19.0870401222311
72,22,1,1,19.2149877623876,19.1352214258965,0,1,72,0,72,117.61341159068,19.2149877623876
73,22,1,1,19.3452145978128,19.2936305901227,0,1,73,0,73,117.184280279402,19.3452145978128
74,22,1,1,19.4781387749925,19.3448512242556,0,1,74,0,74,116.714884435042,19.4781387749925
75,22,1,1,19.6141797584976,19.4853154240321,0,1,75,0,75,116.21992974288,19.6141797584976
76,22,1,1,19.7537570128988,19.6552857138096,0,1,76,0,76,115.714121888197,19.7537570128988
77,22,1,1,19.897290002767,19.7678810625474,0,1,77,0,77,115.212166556274,19.897290002767
78,22,1,1,20.0451981926728,19.8743717001582,0,1,78,0,78,114.728769432391,20.0451981926728
79,22,1,1,20.1979010471872,19.9108111689557,0,1,79,0,79,114.27863620183,20.1979010471872
80,22,1,1,20.3557699799675,20.1669560594387,0,1,80,0,80,113.875256282453,20.3557699799675
81,22,1,1,20.5187043524989,20.2823343212933,0,1,81,0,81,113.520170481005,20.5187043524989
82,22,1,1,20.6863355943736,20.6825408415541,0,1,82,0,82,113.208137697104,20.6863355943736
83,22,1,1,20.8582920599256,21.1438952449116,0,1,83,0,83,112.933838989256,20.8582920599256
84,22,1,1,21.0342021034888,21.077731571107,0,1,84,0,84,112.691955415964,21.0342021034888
85,22,1,1,21.213694079397,21.239342958058,0,1,85,0,85,112.477168035734,21.213694079397
86,22,1,1,21.3963963419843,21.5098780421646,0,1,86,0,86,112.28415790707,21.3963963419843
87,22,1,1,21.5819372455845,21.5532454555998,0,1,87,0,87,112.107606088476,21.5819372455845
88,22,1,1,21.7699528997968,21.8196934967737,0,1,88,0,88,111.942606147297,21.7699528997968
89,22,1,1,21.9601272742598,21.976227026532,0,1,89,0,89,111.786797365148,21.9601272742598
90,22,1,1,22.1521625778472,22.7360767689763,0,1,90,0,90,111.638789183322,22.1521625778472
91,22,1,1,22.3457610553365,22.854204619467,0,1,91,0,91,111.497192952876,22.3457610553365
92,22,1,1,22.5406249515053,23.1044271402683,0,1,92,0,92,111.360620024865,22.5406249515053
93,22,1,1,22.7364565111313,22.9511249885049,0,1,93,0,93,111.227681750345,22.7364565111313
94,22,1,1,22.932957978992,22.6579691059003,0,1,94,0,94,111.096989480374,22.932957978992
95,22,1,1,23.129831599865,23.0730926239768,0,1,95,0,95,110.967154566008,23.129831599865
40,23,1,1,15.0408368537426,14.8458964098694,0,1,40,0,40,127.599997215663,15.0408368537426
41,23,1,1,15.1832217972575,14.7064745295789,0,1,41,0,41,127.348141705662,15.1832217972575
42,23,1,1,15.3254085701517,14.5903959850718,0,1,42,0,42,127.0842994256,15.3254085701517
43,23,1,1,15.4672701083172,14.1484858802971,0,1,43,0,43,126.805576183662,15.4672701083172
44,23,1,1,15.6086793476463,14.6486308948898,0,1,44,0,44,126.509077788035,15.6086793476463
45,23,1,1,15.7495092240313,14.3993473291931,0,1,45,0,45,126.191910046907,15.7495092240313
46,23,1,1,15.8896326733644,14.8664692132804,0,1,46,0,46,125.851178768463,15.8896326733644
47,23,1,1,16.0289226315379,16.2534829242851,0,1,47,0,47,125.483989760891,16.0289226315379
48,23,1,1,16.1672520812322,16.6086189247047,0,1,48,0,48,125.087455452708,16.1672520812322
49,23,1,1,16.3045177734869,16.5786892158232,0,1,49,0,49,124.662051400041,16.3045177734869
50,23,1,1,16.4406788278908,16.5803773607615,0,1,50,0,50,124.217078058835,16.4406788278908
51,23,1,1,16.5757044702645,17.5613420830946,0,1,51,0,51,123.763265876303,16.5757044702645
52,23,1,1,16.7095639264283,17.0985697142496,0,1,52,0,52,123.311345299656,16.7095639264283
53,23,1,1,16.8422264222026,17.2727124072878,0,1,53,0,53,122.872046776106,16.8422264222026
54,23,1,1,16.9736611834077,17.2976689182719,0,1,54,0,54,122.456100752866,16.9736611834077
55,23,1,1,17.1038374358642,17.4335445931616,0,1,55,0,55,122.074237677149,17.1038374358642
56,23,1,1,17.2327249421087,17.4194042555548,0,1,56,0,56,121.737120258978,17.2327249421087
57,23,1,1,17.3603402260979,17.4423436982991,0,1,57,0,57,121.44950960595,17.3603402260979
58,23,1,1,17.4867821977621,17.3610836305767,0,1,58,0,58,121.205769167438,17.4867821977621
59,23,1,1,17.6121581532257,17.5427409888897,0,1,59,0,59,120.999203999265,17.6121581532257
60,23,1,1,17.7365753886133,17.4236570717676,0,1,60,0,60,120.823119157253,17.7365753886133
61,23,1,1,17.8601412000493,17.747671468144,0,1,61,0,61,120.670819697225,17.8601412000493
62,23,1,1,17.9829628836584,17.8245673046858,0,1,62,0,62,120.535610675006,17.9829628836584
63,23,1,1,18.105147735565,18.2716029351972,0,1,63,0,63,120.410797146417,18.105147735565
64,23,1,1,18.2268058293131,18.3062768937603,0,1,64,0,64,120.289666392363,18.2268058293131
65,23,1,1,18.3481389961573,18.4780977097957,0,1,65,0,65,120.164918463099,18.3481389961573
66,23,1,1,18.4694596497948,18.534534595552,0,1,66,0,66,120.028545703781,18.4694596497948
67,23,1,1,18.5910867874355,18.7347046364175,0,1,67,0,67,119.872498326426,18.5910867874355
68,23,1,1,18.7133394062895,18.8832392579597,0,1,68,0,68,119.688726543048,18.7133394062895
69,23,1,1,18.8365365035667,18.9178585149584,0,1,69,0,69,119.469180565665,18.8365365035667
70,23,1,1,18.9609970764773,19.011105080457,0,1,70,0,70,119.20581060629,18.9609970764773
71,23,1,1,19.0870401222311,19.1639208584865,0,1,71,0,71,118.89056687694,19.0870401222311
72,23,1,1,19.2149877623876,19.1352214258965,0,1,72,0,72,118.516107242832,19.2149877623876
73,23,1,1,19.3452145978128,19.2936305901227,0,1,73,0,73,118.086975931554,19.3452145978128
74,23,1,1,19.4781387749925,19.3448512242556,0,1,74,0,74,117.617580087194,19.4781387749925
75,23,1,1,19.6141797584976,19.4853154240321,0,1,75,0,75,117.122625395032,19.6141797584976
76,23,1,1,19.7537570128988,19.6552857138096,0,1,76,0,76,116.616817540349,19.7537570128988
77,23,1,1,19.897290002767,19.7678810625474,0,1,77,0,77,116.114862208426,19.897290002767
78,23,1,1,20.0451981926728,19.8743717001582,0,1,78,0,78,115.631465084543,20.0451981926728
79,23,1,1,20.1979010471872,19.9108111689557,0,1,79,0,79,115.181331853982,20.1979010471872
80,23,1,1,20.3557699799675,20.1669560594387,0,1,80,0,80,114.777951934605,20.3557699799675
81,23,1,1,20.5187043524989,20.2823343212933,0,1,81,0,81,114.422866133157,20.5187043524989
82,23,1,1,20.6863355943736,20.6825408415541,0,1,82,0,82,114.110833349256,20.6863355943736
83,23,1,1,20.8582920599256,21.1438952449116,0,1,83,0,83,113.836534641408,20.8582920599256
84,23,1,1,21.0342021034888,21.077731571107,0,1,84,0,84,113.594651068116,21.0342021034888
85,23,1,1,21.213694079397,21.239342958058,0,1,85,0,85,113.379863687886,21.213694079397
86,23,1,1,21.3963963419843,21.5098780421646,0,1,86,0,86,113.186853559222,21.3963963419843
87,23,1,1,21.5819372455845,21.5532454555998,0,1,87,0,87,113.010301740629,21.5819372455845
88,23,1,1,21.7699528997968,21.8196934967737,0,1,88,0,88,112.845301799449,21.7699528997968
89,23,1,1,21.9601272742598,21.976227026532,0,1,89,0,89,112.6894930173,21.9601272742598
90,23,1,1,22.1521625778472,22.7360767689763,0,1,90,0,90,112.541484835474,22.1521625778472
91,23,1,1,22.3457610553365,22.854204619467,0,1,91,0,91,112.399888605028,22.3457610553365
92,23,1,1,22.5406249515053,23.1044271402683,0,1,92,0,92,112.263315677017,22.5406249515053
93,23,1,1,22.7364565111313,22.9511249885049,0,1,93,0,93,112.130377402498,22.7364565111313
94,23,1,1,22.932957978992,22.6579691059003,0,1,94,0,94,111.999685132526,22.932957978992
95,23,1,1,23.129831599865,23.0730926239768,0,1,95,0,95,111.86985021816,23.129831599865
40,24,1,1,15.0408368537426,14.8458964098694,0,1,40,0,40,128.502692867815,15.0408368537426
41,24,1,1,15.1832217972575,14.7064745295789,0,1,41,0,41,128.250837357814,15.1832217972575
42,24,1,1,15.3254085701517,14.5903959850718,0,1,42,0,42,127.986995077752,15.3254085701517
43,24,1,1,15.4672701083172,14.1484858802971,0,1,43,0,43,127.708271835814,15.4672701083172
44,24,1,1,15.6086793476463,14.6486308948898,0,1,44,0,44,127.411773440187,15.6086793476463
45,24,1,1,15.7495092240313,14.3993473291931,0,1,45,0,45,127.094605699059,15.7495092240313
46,24,1,1,15.8896326733644,14.8664692132804,0,1,46,0,46,126.753874420615,15.8896326733644
47,24,1,1,16.0289226315379,16.2534829242851,0,1,47,0,47,126.386685413043,16.0289226315379
48,24,1,1,16.1672520812322,16.6086189247047,0,1,48,0,48,125.99015110486,16.1672520812322
49,24,1,1,16.3045177734869,16.5786892158232,0,1,49,0,49,125.564747052193,16.3045177734869
50,24,1,1,16.4406788278908,16.5803773607615,0,1,50,0,50,125.119773710987,16.4406788278908
51,24,1,1,16.5757044702645,17.5613420830946,0,1,51,0,51,124.665961528455,16.5757044702645
52,24,1,1,16.7095639264283,17.0985697142496,0,1,52,0,52,124.214040951808,16.7095639264283
53,24,1,1,16.8422264222026,17.2727124072878,0,1,53,0,53,123.774742428258,16.8422264222026
54,24,1,1,16.9736611834077,17.2976689182719,0,1,54,0,54,123.358796405018,16.9736611834077
55,24,1,1,17.1038374358642,17.4335445931616,0,1,55,0,55,122.976933329301,17.1038374358642
56,24,1,1,17.2327249421087,17.4194042555548,0,1,56,0,56,122.63981591113,17.2327249421087
57,24,1,1,17.3603402260979,17.4423436982991,0,1,57,0,57,122.352205258102,17.3603402260979
58,24,1,1,17.4867821977621,17.3610836305767,0,1,58,0,58,122.10846481959,17.4867821977621
59,24,1,1,17.6121581532257,17.5427409888897,0,1,59,0,59,121.901899651417,17.6121581532257
60,24,1,1,17.7365753886133,17.4236570717676,0,1,60,0,60,121.725814809405,17.7365753886133
61,24,1,1,17.8601412000493,17.747671468144,0,1,61,0,61,121.573515349378,17.8601412000493
62,24,1,1,17.9829628836584,17.8245673046858,0,1,62,0,62,121.438306327158,17.9829628836584
63,24,1,1,18.105147735565,18.2716029351972,0,1,63,0,63,121.313492798569,18.105147735565
64,24,1,1,18.2268058293131,18.3062768937603,0,1,64,0,64,121.192362044515,18.2268058293131
65,24,1,1,18.3481389961573,18.4780977097957,0,1,65,0,65,121.067614115251,18.3481389961573
66,24,1,1,18.4694596497948,18.534534595552,0,1,66,0,66,120.931241355933,18.4694596497948
67,24,1,1,18.5910867874355,18.7347046364175,0,1,67,0,67,120.775193978578,18.5910867874355
68,24,1,1,18.7133394062895,18.8832392579597,0,1,68,0,68,120.591422195201,18.7133394062895
69,24,1,1,18.8365365035667,18.9178585149584,0,1,69,0,69,120.371876217817,18.8365365035667
70,24,1,1,18.9609970764773,19.011105080457,0,1,70,0,70,120.108506258442,18.9609970764773
71,24,1,1,19.0870401222311,19.1639208584865,0,1,71,0,71,119.793262529092,19.0870401222311
72,24,1,1,19.2149877623876,19.1352214258965,0,1,72,0,72,119.418802894984,19.2149877623876
73,24,1,1,19.3452145978128,19.2936305901227,0,1,73,0,73,118.989671583707,19.3452145978128
74,24,1,1,19.4781387749925,19.3448512242556,0,1,74,0,74,118.520275739346,19.4781387749925
75,24,1,1,19.6141797584976,19.4853154240321,0,1,75,0,75,118.025321047184,19.6141797584976
76,24,1,1,19.7537570128988,19.6552857138096,0,1,76,0,76,117.519513192501,19.7537570128988
77,24,1,1,19.897290002767,19.7678810625474,0,1,77,0,77,117.017557860578,19.897290002767
78,24,1,1,20.0451981926728,19.8743717001582,0,1,78,0,78,116.534160736695,20.0451981926728
79,24,1,1,20.1979010471872,19.9108111689557,0,1,79,0,79,116.084027506134,20.1979010471872
80,24,1,1,20.3557699799675,20.1669560594387,0,1,80,0,80,115.680647586758,20.3557699799675
81,24,1,1,20.5187043524989,20.2823343212933,0,1,81,0,81,115.325561785309,20.5187043524989
82,24,1,1,20.6863355943736,20.6825408415541,0,1,82,0,82,115.013529001408,20.6863355943736
83,24,1,1,20.8582920599256,21.1438952449116,0,1,83,0,83,114.73923029356,20.8582920599256
84,24,1,1,21.0342021034888,21.077731571107,0,1,84,0,84,114.497346720268,21.0342021034888
85,24,1,1,21.213694079397,21.239342958058,0,1,85,0,85,114.282559340038,21.213694079397
86,24,1,1,21.3963963419843,21.5098780421646,0,1,86,0,86,114.089549211374,21.3963963419843
87,24,1,1,21.5819372455845,21.5532454555998,0,1,87,0,87,113.912997392781,21.5819372455845
88,24,1,1,21.7699528997968,21.8196934967737,0,1,88,0,88,113.747997451602,21.7699528997968
89,24,1,1,21.9601272742598,21.976227026532,0,1,89,0,89,113.592188669452,21.9601272742598
90,24,1,1,22.1521625778472,22.7360767689763,0,1,90,0,90,113.444180487626,22.1521625778472
91,24,1,1,22.3457610553365,22.854204619467,0,1,91,0,91,113.30258425718,22.3457610553365
92,24,1,1,22.5406249515053,23.1044271402683,0,1,92,0,92,113.166011329169,22.5406249515053
93,24,1,1,22.7364565111313,22.9511249885049,0,1,93,0,93,113.03307305465,22.7364565111313
94,24,1,1,22.932957978992,22.6579691059003,0,1,94,0,94,112.902380784679,22.932957978992
95,24,1,1,23.129831599865,23.0730926239768,0,1,95,0,95,112.772545870312,23.129831599865
40,25,1,1,15.0408368537426,14.8458964098694,0,1,40,0,40,129.405388519967,15.0408368537426
41,25,1,1,15.1832217972575,14.7064745295789,0,1,41,0,41,129.153533009967,15.1832217972575
42,25,1,1,15.3254085701517,14.5903959850718,0,1,42,0,42,128.889690729904,15.3254085701517
43,25,1,1,15.4672701083172,14.1484858802971,0,1,43,0,43,128.610967487966,15.4672701083172
44,25,1,1,15.6086793476463,14.6486308948898,0,1,44,0,44,128.31446909234,15.6086793476463
45,25,1,1,15.7495092240313,14.3993473291931,0,1,45,0,45,127.997301351211,15.7495092240313
46,25,1,1,15.8896326733644,14.8664692132804,0,1,46,0,46,127.656570072767,15.8896326733644
47,25,1,1,16.0289226315379,16.2534829242851,0,1,47,0,47,127.289381065196,16.0289226315379
48,25,1,1,16.1672520812322,16.6086189247047,0,1,48,0,48,126.892846757012,16.1672520812322
49,25,1,1,16.3045177734869,16.5786892158232,0,1,49,0,49,126.467442704345,16.3045177734869
50,25,1,1,16.4406788278908,16.5803773607615,0,1,50,0,50,126.02246936314,16.4406788278908
51,25,1,1,16.5757044702645,17.5613420830946,0,1,51,0,51,125.568657180607,16.5757044702645
52,25,1,1,16.7095639264283,17.0985697142496,0,1,52,0,52,125.11673660396,16.7095639264283
53,25,1,1,16.8422264222026,17.2727124072878,0,1,53,0,53,124.67743808041,16.8422264222026
54,25,1,1,16.9736611834077,17.2976689182719,0,1,54,0,54,124.261492057171,16.9736611834077
55,25,1,1,17.1038374358642,17.4335445931616,0,1,55,0,55,123.879628981453,17.1038374358642
56,25,1,1,17.2327249421087,17.4194042555548,0,1,56,0,56,123.542511563282,17.2327249421087
57,25,1,1,17.3603402260979,17.4423436982991,0,1,57,0,57,123.254900910255,17.3603402260979
58,25,1,1,17.4867821977621,17.3610836305767,0,1,58,0,58,123.011160471743,17.4867821977621
59,25,1,1,17.6121581532257,17.5427409888897,0,1,59,0,59,122.804595303569,17.6121581532257
60,25,1,1,17.7365753886133,17.4236570717676,0,1,60,0,60,122.628510461557,17.7365753886133
61,25,1,1,17.8601412000493,17.747671468144,0,1,61,0,61,122.47621100153,17.8601412000493
62,25,1,1,17.9829628836584,17.8245673046858,0,1,62,0,62,122.34100197931,17.9829628836584
63,25,1,1,18.105147735565,18.2716029351972,0,1,63,0,63,122.216188450721,18.105147735565
64,25,1,1,18.2268058293131,18.3062768937603,0,1,64,0,64,122.095057696667,18.2268058293131
65,25,1,1,18.3481389961573,18.4780977097957,0,1,65,0,65,121.970309767403,18.3481389961573
66,25,1,1,18.4694596497948,18.534534595552,0,1,66,0,66,121.833937008085,18.4694596497948
67,25,1,1,18.5910867874355,18.7347046364175,0,1,67,0,67,121.67788963073,18.5910867874355
68,25,1,1,18.7133394062895,18.8832392579597,0,1,68,0,68,121.494117847353,18.7133394062895
69,25,1,1,18.8365365035667,18.9178585149584,0,1,69,0,69,121.274571869969,18.8365365035667
70,25,1,1,18.9609970764773,19.011105080457,0,1,70,0,70,121.011201910594,18.9609970764773
71,25,1,1,19.0870401222311,19.1639208584865,0,1,71,0,71,120.695958181244,19.0870401222311
72,25,1,1,19.2149877623876,19.1352214258965,0,1,72,0,72,120.321498547136,19.2149877623876
73,25,1,1,19.3452145978128,19.2936305901227,0,1,73,0,73,119.892367235859,19.3452145978128
74,25,1,1,19.4781387749925,19.3448512242556,0,1,74,0,74,119.422971391499,19.4781387749925
75,25,1,1,19.6141797584976,19.4853154240321,0,1,75,0,75,118.928016699336,19.6141797584976
76,25,1,1,19.7537570128988,19.6552857138096,0,1,76,0,76,118.422208844653,19.7537570128988
77,25,1,1,19.897290002767,19.7678810625474,0,1,77,0,77,117.92025351273,19.897290002767
78,25,1,1,20.0451981926728,19.8743717001582,0,1,78,0,78,117.436856388848,20.0451981926728
79,25,1,1,20.1979010471872,19.9108111689557,0,1,79,0,79,116.986723158287,20.1979010471872
80,25,1,1,20.3557699799675,20.1669560594387,0,1,80,0,80,116.58334323891,20.3557699799675
81,25,1,1,20.5187043524989,20.2823343212933,0,1,81,0,81,116.228257437461,20.5187043524989
82,25,1,1,20.6863355943736,20.6825408415541,0,1,82,0,82,115.91622465356,20.6863355943736
83,25,1,1,20.8582920599256,21.1438952449116,0,1,83,0,83,115.641925945712,20.8582920599256
84,25,1,1,21.0342021034888,21.077731571107,0,1,84,0,84,115.400042372421,21.0342021034888
85,25,1,1,21.213694079397,21.239342958058,0,1,85,0,85,115.18525499219,21.213694079397
86,25,1,1,21.3963963419843,21.5098780421646,0,1,86,0,86,114.992244863526,21.3963963419843
87,25,1,1,21.5819372455845,21.5532454555998,0,1,87,0,87,114.815693044933,21.5819372455845
88,25,1,1,21.7699528997968,21.8196934967737,0,1,88,0,88,114.650693103754,21.7699528997968
89,25,1,1,21.9601272742598,21.976227026532,0,1,89,0,89,114.494884321605,21.9601272742598
90,25,1,1,22.1521625778472,22.7360767689763,0,1,90,0,90,114.346876139779,22.1521625778472
91,25,1,1,22.3457610553365,22.854204619467,0,1,91,0,91,114.205279909332,22.3457610553365
92,25,1,1,22.5406249515053,23.1044271402683,0,1,92,0,92,114.068706981321,22.5406249515053
93,25,1,1,22.7364565111313,22.9511249885049,0,1,93,0,93,113.935768706802,22.7364565111313
94,25,1,1,22.932957978992,22.6579691059003,0,1,94,0,94,113.805076436831,22.932957978992
95,25,1,1,23.129831599865,23.0730926239768,0,1,95,0,95,113.675241522464,23.129831599865
