"NACCAGE","EDUC","SEX","RACE","mean.adj","sd.adj"
21,10,0,"White",19.9110165944926,0.89315952318791
22,10,0,"White",19.7924088766067,0.933819549924378
23,10,0,"White",19.6744634519951,0.974694742919772
24,10,0,"White",19.5572072993209,1.01600026843302
25,10,0,"White",19.4406667174391,1.05795129272305
26,10,0,"White",19.3248673253963,1.10076298204879
27,10,0,"White",19.2098340624311,1.14465050266916
28,10,0,"White",19.0955911879739,1.18982902084309
29,10,0,"White",18.9821622816468,1.23651370282951
30,10,0,"White",18.8695702432637,1.28491948353107
31,10,0,"White",18.7578372928305,1.33503086700377
32,10,0,"White",18.6469849705447,1.38616952158508
33,10,0,"White",18.5370341367956,1.43753866120132
34,10,0,"White",18.4280049721646,1.48834149977882
35,10,0,"White",18.3199169774245,1.5377812512439
36,10,0,"White",18.2127889735403,1.5850611295229
37,10,0,"White",18.1066391016684,1.62938434854214
38,10,0,"White",18.0014848231574,1.66995412222795
39,10,0,"White",17.8973429195474,1.70597519386391
40,10,0,"White",17.7942294925706,1.73690063611652
41,10,0,"White",17.6921599641507,1.76270426779481
42,10,0,"White",17.5911490764034,1.78342547889976
43,10,0,"White",17.4912108916361,1.79910365943234
44,10,0,"White",17.3923587923482,1.80977819939353
45,10,0,"White",17.2946054812308,1.8154884887843
46,10,0,"White",17.1979629811666,1.81627391760564
47,10,0,"White",17.1024426352304,1.81217387585851
48,10,0,"White",17.0080551066887,1.80322923096373
49,10,0,"White",16.9148103789998,1.78956949553228
50,10,0,"White",16.8227177558138,1.7714615822199
51,10,0,"White",16.7317858609727,1.74918422304103
52,10,0,"White",16.6420226385102,1.72301615001009
53,10,0,"White",16.5534353526518,1.69323609514152
54,10,0,"White",16.4660305878148,1.66012279044976
55,10,0,"White",16.3798142486085,1.62395496794922
56,10,0,"White",16.2947915598338,1.58501135965436
57,10,0,"White",16.2109670664834,1.54358145095053
58,10,0,"White",16.128344633742,1.50028085680141
59,10,0,"White",16.0469274469858,1.4561022322395
60,10,0,"White",15.9667180117833,1.41205923497496
61,10,0,"White",15.8877181538942,1.36916552271793
62,10,0,"White",15.8099290192705,1.32843475317855
63,10,0,"White",15.733198619935,1.29088058406697
64,10,0,"White",15.6555448386527,1.25751667309335
65,10,0,"White",15.5714784336022,1.22935667796782
66,10,0,"White",15.471850584255,1.20737083717493
67,10,0,"White",15.3438528913751,1.19174992726112
68,10,0,"White",15.1720546841675,1.18201051103764
69,10,0,"White",14.9498133989084,1.1776469206722
70,10,0,"White",14.6906849575757,1.17815348833252
71,10,0,"White",14.4278707463842,1.18302454618633
72,10,0,"White",14.1967240010457,1.19175442640134
73,10,0,"White",14.0172561920289,1.20383746114528
74,10,0,"White",13.892546695947,1.21876798258588
75,10,0,"White",13.8096711746965,1.23607495822653
76,10,0,"White",13.7499137459895,1.25568999134814
77,10,0,"White",13.6989791538859,1.27780445024927
78,10,0,"White",13.6477664991957,1.30261403264548
79,10,0,"White",13.5906681033756,1.33031443625233
80,10,0,"White",13.5238683724255,1.36110135878537
81,10,0,"White",13.4451891481517,1.39517049796015
82,10,0,"White",13.3540897081669,1.43271755149221
83,10,0,"White",13.2515900034457,1.47393821709712
84,10,0,"White",13.1394262714342,1.51904573521742
85,10,0,"White",13.0192066491601,1.56839266521206
86,10,0,"White",12.8923344107878,1.62239800376471
87,10,0,"White",12.7600079676189,1.68148115671882
88,10,0,"White",12.6232208680914,1.74606152991784
89,10,0,"White",12.4827617977805,1.81655852920523
90,10,0,"White",12.3392145793982,1.89339156042446
91,10,0,"White",12.1929581727932,1.97698002941898
92,10,0,"White",12.0441666749511,2.06774334203224
93,10,0,"White",11.8928093199947,2.16595119017122
94,10,0,"White",11.7386504791832,2.27103551100049
95,10,0,"White",11.5812496609128,2.38213700129256
96,10,0,"White",11.4199615107169,2.49839606540987
97,10,0,"White",11.2539358112652,2.6189531077149
98,10,0,"White",11.0821174823647,2.74294853257009
99,10,0,"White",10.903246580959,2.8695227443379
100,10,0,"White",10.7158583011288,2.9978161473808
101,10,0,"White",10.5182829740915,3.12696914606124
21,11,0,"White",19.9110165944926,0.89315952318791
22,11,0,"White",19.7924088766067,0.933819549924378
23,11,0,"White",19.6744634519951,0.974694742919772
24,11,0,"White",19.5572072993209,1.01600026843302
25,11,0,"White",19.4406667174391,1.05795129272305
26,11,0,"White",19.3248673253963,1.10076298204879
27,11,0,"White",19.2098340624311,1.14465050266916
28,11,0,"White",19.0955911879739,1.18982902084309
29,11,0,"White",18.9821622816468,1.23651370282951
30,11,0,"White",18.8695702432637,1.28491948353107
31,11,0,"White",18.7578372928305,1.33503086700377
32,11,0,"White",18.6469849705447,1.38616952158508
33,11,0,"White",18.5370341367956,1.43753866120132
34,11,0,"White",18.4280049721646,1.48834149977882
35,11,0,"White",18.3199169774245,1.5377812512439
36,11,0,"White",18.2127889735403,1.5850611295229
37,11,0,"White",18.1066391016684,1.62938434854214
38,11,0,"White",18.0014848231574,1.66995412222795
39,11,0,"White",17.8973429195474,1.70597519386391
40,11,0,"White",17.7942294925706,1.73690063611652
41,11,0,"White",17.6921599641507,1.76270426779481
42,11,0,"White",17.5911490764034,1.78342547889976
43,11,0,"White",17.4912108916361,1.79910365943234
44,11,0,"White",17.3923587923482,1.80977819939353
45,11,0,"White",17.2946054812308,1.8154884887843
46,11,0,"White",17.1979629811666,1.81627391760564
47,11,0,"White",17.1024426352304,1.81217387585851
48,11,0,"White",17.0080551066887,1.80322923096373
49,11,0,"White",16.9148103789998,1.78956949553228
50,11,0,"White",16.8227177558138,1.7714615822199
51,11,0,"White",16.7317858609727,1.74918422304103
52,11,0,"White",16.6420226385102,1.72301615001009
53,11,0,"White",16.5534353526518,1.69323609514152
54,11,0,"White",16.4660305878148,1.66012279044976
55,11,0,"White",16.3798142486085,1.62395496794922
56,11,0,"White",16.2947915598338,1.58501135965436
57,11,0,"White",16.2109670664834,1.54358145095053
58,11,0,"White",16.128344633742,1.50028085680141
59,11,0,"White",16.0469274469858,1.4561022322395
60,11,0,"White",15.9667180117833,1.41205923497496
61,11,0,"White",15.8877181538942,1.36916552271793
62,11,0,"White",15.8099290192705,1.32843475317855
63,11,0,"White",15.733198619935,1.29088058406697
64,11,0,"White",15.6555448386527,1.25751667309335
65,11,0,"White",15.5714784336022,1.22935667796782
66,11,0,"White",15.471850584255,1.20737083717493
67,11,0,"White",15.3438528913751,1.19174992726112
68,11,0,"White",15.1720546841675,1.18201051103764
69,11,0,"White",14.9498133989084,1.1776469206722
70,11,0,"White",14.6906849575757,1.17815348833252
71,11,0,"White",14.4278707463842,1.18302454618633
72,11,0,"White",14.1967240010457,1.19175442640134
73,11,0,"White",14.0172561920289,1.20383746114528
74,11,0,"White",13.892546695947,1.21876798258588
75,11,0,"White",13.8096711746965,1.23607495822653
76,11,0,"White",13.7499137459895,1.25568999134814
77,11,0,"White",13.6989791538859,1.27780445024927
78,11,0,"White",13.6477664991957,1.30261403264548
79,11,0,"White",13.5906681033756,1.33031443625233
80,11,0,"White",13.5238683724255,1.36110135878537
81,11,0,"White",13.4451891481517,1.39517049796015
82,11,0,"White",13.3540897081669,1.43271755149221
83,11,0,"White",13.2515900034457,1.47393821709712
84,11,0,"White",13.1394262714342,1.51904573521742
85,11,0,"White",13.0192066491601,1.56839266521206
86,11,0,"White",12.8923344107878,1.62239800376471
87,11,0,"White",12.7600079676189,1.68148115671882
88,11,0,"White",12.6232208680914,1.74606152991784
89,11,0,"White",12.4827617977805,1.81655852920523
90,11,0,"White",12.3392145793982,1.89339156042446
91,11,0,"White",12.1929581727932,1.97698002941898
92,11,0,"White",12.0441666749511,2.06774334203224
93,11,0,"White",11.8928093199947,2.16595119017122
94,11,0,"White",11.7386504791832,2.27103551100049
95,11,0,"White",11.5812496609128,2.38213700129256
96,11,0,"White",11.4199615107169,2.49839606540987
97,11,0,"White",11.2539358112652,2.6189531077149
98,11,0,"White",11.0821174823647,2.74294853257009
99,11,0,"White",10.903246580959,2.8695227443379
100,11,0,"White",10.7158583011288,2.9978161473808
101,11,0,"White",10.5182829740915,3.12696914606124
21,12,0,"White",19.9110165944926,0.89315952318791
22,12,0,"White",19.7924088766067,0.933819549924378
23,12,0,"White",19.6744634519951,0.974694742919772
24,12,0,"White",19.5572072993209,1.01600026843302
25,12,0,"White",19.4406667174391,1.05795129272305
26,12,0,"White",19.3248673253963,1.10076298204879
27,12,0,"White",19.2098340624311,1.14465050266916
28,12,0,"White",19.0955911879739,1.18982902084309
29,12,0,"White",18.9821622816468,1.23651370282951
30,12,0,"White",18.8695702432637,1.28491948353107
31,12,0,"White",18.7578372928305,1.33503086700377
32,12,0,"White",18.6469849705447,1.38616952158508
33,12,0,"White",18.5370341367956,1.43753866120132
34,12,0,"White",18.4280049721646,1.48834149977882
35,12,0,"White",18.3199169774245,1.5377812512439
36,12,0,"White",18.2127889735403,1.5850611295229
37,12,0,"White",18.1066391016684,1.62938434854214
38,12,0,"White",18.0014848231574,1.66995412222795
39,12,0,"White",17.8973429195474,1.70597519386391
40,12,0,"White",17.7942294925706,1.73690063611652
41,12,0,"White",17.6921599641507,1.76270426779481
42,12,0,"White",17.5911490764034,1.78342547889976
43,12,0,"White",17.4912108916361,1.79910365943234
44,12,0,"White",17.3923587923482,1.80977819939353
45,12,0,"White",17.2946054812308,1.8154884887843
46,12,0,"White",17.1979629811666,1.81627391760564
47,12,0,"White",17.1024426352304,1.81217387585851
48,12,0,"White",17.0080551066887,1.80322923096373
49,12,0,"White",16.9148103789998,1.78956949553228
50,12,0,"White",16.8227177558138,1.7714615822199
51,12,0,"White",16.7317858609727,1.74918422304103
52,12,0,"White",16.6420226385102,1.72301615001009
53,12,0,"White",16.5534353526518,1.69323609514152
54,12,0,"White",16.4660305878148,1.66012279044976
55,12,0,"White",16.3798142486085,1.62395496794922
56,12,0,"White",16.2947915598338,1.58501135965436
57,12,0,"White",16.2109670664834,1.54358145095053
58,12,0,"White",16.128344633742,1.50028085680141
59,12,0,"White",16.0469274469858,1.4561022322395
60,12,0,"White",15.9667180117833,1.41205923497496
61,12,0,"White",15.8877181538942,1.36916552271793
62,12,0,"White",15.8099290192705,1.32843475317855
63,12,0,"White",15.733198619935,1.29088058406697
64,12,0,"White",15.6555448386527,1.25751667309335
65,12,0,"White",15.5714784336022,1.22935667796782
66,12,0,"White",15.471850584255,1.20737083717493
67,12,0,"White",15.3438528913751,1.19174992726112
68,12,0,"White",15.1720546841675,1.18201051103764
69,12,0,"White",14.9498133989084,1.1776469206722
70,12,0,"White",14.6906849575757,1.17815348833252
71,12,0,"White",14.4278707463842,1.18302454618633
72,12,0,"White",14.1967240010457,1.19175442640134
73,12,0,"White",14.0172561920289,1.20383746114528
74,12,0,"White",13.892546695947,1.21876798258588
75,12,0,"White",13.8096711746965,1.23607495822653
76,12,0,"White",13.7499137459895,1.25568999134814
77,12,0,"White",13.6989791538859,1.27780445024927
78,12,0,"White",13.6477664991957,1.30261403264548
79,12,0,"White",13.5906681033756,1.33031443625233
80,12,0,"White",13.5238683724255,1.36110135878537
81,12,0,"White",13.4451891481517,1.39517049796015
82,12,0,"White",13.3540897081669,1.43271755149221
83,12,0,"White",13.2515900034457,1.47393821709712
84,12,0,"White",13.1394262714342,1.51904573521742
85,12,0,"White",13.0192066491601,1.56839266521206
86,12,0,"White",12.8923344107878,1.62239800376471
87,12,0,"White",12.7600079676189,1.68148115671882
88,12,0,"White",12.6232208680914,1.74606152991784
89,12,0,"White",12.4827617977805,1.81655852920523
90,12,0,"White",12.3392145793982,1.89339156042446
91,12,0,"White",12.1929581727932,1.97698002941898
92,12,0,"White",12.0441666749511,2.06774334203224
93,12,0,"White",11.8928093199947,2.16595119017122
94,12,0,"White",11.7386504791832,2.27103551100049
95,12,0,"White",11.5812496609128,2.38213700129256
96,12,0,"White",11.4199615107169,2.49839606540987
97,12,0,"White",11.2539358112652,2.6189531077149
98,12,0,"White",11.0821174823647,2.74294853257009
99,12,0,"White",10.903246580959,2.8695227443379
100,12,0,"White",10.7158583011288,2.9978161473808
101,12,0,"White",10.5182829740915,3.12696914606124
21,13,0,"White",19.8856252943289,0.89315952318791
22,13,0,"White",19.7798510477094,0.933819549924378
23,13,0,"White",19.6747390943641,0.974694742919772
24,13,0,"White",19.5703164129563,1.01600026843302
25,13,0,"White",19.4666093023408,1.05795129272305
26,13,0,"White",19.3636433815644,1.10076298204879
27,13,0,"White",19.2614435898656,1.14465050266916
28,13,0,"White",19.1600341866748,1.18982902084309
29,13,0,"White",19.059438751614,1.23651370282951
30,13,0,"White",18.9596801844973,1.28491948353107
31,13,0,"White",18.8607807053305,1.33503086700377
32,13,0,"White",18.7627618543111,1.38616952158508
33,13,0,"White",18.6656444918284,1.43753866120132
34,13,0,"White",18.5694487984637,1.48834149977882
35,13,0,"White",18.4741942749901,1.5377812512439
36,13,0,"White",18.3798997423722,1.5850611295229
37,13,0,"White",18.2865833417667,1.62938434854214
38,13,0,"White",18.1942625345221,1.66995412222795
39,13,0,"White",18.1029541021785,1.70597519386391
40,13,0,"White",18.012674146468,1.73690063611652
41,13,0,"White",17.9234380893145,1.76270426779481
42,13,0,"White",17.8352606728336,1.78342547889976
43,13,0,"White",17.7481559593327,1.79910365943234
44,13,0,"White",17.6621373313112,1.80977819939353
45,13,0,"White",17.5772174914601,1.8154884887843
46,13,0,"White",17.4934084626623,1.81627391760564
47,13,0,"White",17.4107215879925,1.81217387585851
48,13,0,"White",17.3291675307171,1.80322923096373
49,13,0,"White",17.2487562742946,1.78956949553228
50,13,0,"White",17.169497122375,1.7714615822199
51,13,0,"White",17.0913986988003,1.74918422304103
52,13,0,"White",17.0144689476041,1.72301615001009
53,13,0,"White",16.9387151330121,1.69323609514152
54,13,0,"White",16.8641438394415,1.66012279044976
55,13,0,"White",16.7907609715016,1.62395496794922
56,13,0,"White",16.7185717539932,1.58501135965436
57,13,0,"White",16.6475807319092,1.54358145095053
58,13,0,"White",16.5777917704342,1.50028085680141
59,13,0,"White",16.5092080549445,1.4561022322395
60,13,0,"White",16.4418320910083,1.41205923497496
61,13,0,"White",16.3756657043856,1.36916552271793
62,13,0,"White",16.3107100410283,1.32843475317855
63,13,0,"White",16.2468131129591,1.29088058406697
64,13,0,"White",16.1819928029432,1.25751667309335
65,13,0,"White",16.1107598691591,1.22935667796782
66,13,0,"White",16.0239654910783,1.20737083717493
67,13,0,"White",15.9088012694648,1.19174992726112
68,13,0,"White",15.7498365335235,1.18201051103764
69,13,0,"White",15.5404287195309,1.1776469206722
70,13,0,"White",15.2941337494645,1.17815348833252
71,13,0,"White",15.0441530095394,1.18302454618633
72,13,0,"White",14.8258397354672,1.19175442640134
73,13,0,"White",14.6592053977168,1.20383746114528
74,13,0,"White",14.5473293729013,1.21876798258588
75,13,0,"White",14.4772873229171,1.23607495822653
76,13,0,"White",14.4303633654765,1.25568999134814
77,13,0,"White",14.3922622446393,1.27780445024927
78,13,0,"White",14.3538830612155,1.30261403264548
79,13,0,"White",14.3096181366618,1.33031443625233
80,13,0,"White",14.2556518769781,1.36110135878537
81,13,0,"White",14.1898061239707,1.39517049796015
82,13,0,"White",14.1115401552523,1.43271755149221
83,13,0,"White",14.0218739217974,1.47393821709712
84,13,0,"White",13.9225436610523,1.51904573521742
85,13,0,"White",13.8151575100445,1.56839266521206
86,13,0,"White",13.7011187429387,1.62239800376471
87,13,0,"White",13.5816257710361,1.68148115671882
88,13,0,"White",13.457672142775,1.74606152991784
89,13,0,"White",13.3300465437305,1.81655852920523
90,13,0,"White",13.1993327966145,1.89339156042446
91,13,0,"White",13.0659098612759,1.97698002941898
92,13,0,"White",12.9299518347003,2.06774334203224
93,13,0,"White",12.7914279510102,2.16595119017122
94,13,0,"White",12.650102581465,2.27103551100049
95,13,0,"White",12.5055352344611,2.38213700129256
96,13,0,"White",12.3570805555315,2.49839606540987
97,13,0,"White",12.2038883273462,2.6189531077149
98,13,0,"White",12.0449034697121,2.74294853257009
99,13,0,"White",11.8788660395728,2.8695227443379
100,13,0,"White",11.7043112310089,2.9978161473808
101,13,0,"White",11.519569375238,3.12696914606124
21,14,0,"White",19.8856252943289,0.89315952318791
22,14,0,"White",19.7798510477094,0.933819549924378
23,14,0,"White",19.6747390943641,0.974694742919772
24,14,0,"White",19.5703164129563,1.01600026843302
25,14,0,"White",19.4666093023408,1.05795129272305
26,14,0,"White",19.3636433815644,1.10076298204879
27,14,0,"White",19.2614435898656,1.14465050266916
28,14,0,"White",19.1600341866748,1.18982902084309
29,14,0,"White",19.059438751614,1.23651370282951
30,14,0,"White",18.9596801844973,1.28491948353107
31,14,0,"White",18.8607807053305,1.33503086700377
32,14,0,"White",18.7627618543111,1.38616952158508
33,14,0,"White",18.6656444918284,1.43753866120132
34,14,0,"White",18.5694487984637,1.48834149977882
35,14,0,"White",18.4741942749901,1.5377812512439
36,14,0,"White",18.3798997423722,1.5850611295229
37,14,0,"White",18.2865833417667,1.62938434854214
38,14,0,"White",18.1942625345221,1.66995412222795
39,14,0,"White",18.1029541021785,1.70597519386391
40,14,0,"White",18.012674146468,1.73690063611652
41,14,0,"White",17.9234380893145,1.76270426779481
42,14,0,"White",17.8352606728336,1.78342547889976
43,14,0,"White",17.7481559593327,1.79910365943234
44,14,0,"White",17.6621373313112,1.80977819939353
45,14,0,"White",17.5772174914601,1.8154884887843
46,14,0,"White",17.4934084626623,1.81627391760564
47,14,0,"White",17.4107215879925,1.81217387585851
48,14,0,"White",17.3291675307171,1.80322923096373
49,14,0,"White",17.2487562742946,1.78956949553228
50,14,0,"White",17.169497122375,1.7714615822199
51,14,0,"White",17.0913986988003,1.74918422304103
52,14,0,"White",17.0144689476041,1.72301615001009
53,14,0,"White",16.9387151330121,1.69323609514152
54,14,0,"White",16.8641438394415,1.66012279044976
55,14,0,"White",16.7907609715016,1.62395496794922
56,14,0,"White",16.7185717539932,1.58501135965436
57,14,0,"White",16.6475807319092,1.54358145095053
58,14,0,"White",16.5777917704342,1.50028085680141
59,14,0,"White",16.5092080549445,1.4561022322395
60,14,0,"White",16.4418320910083,1.41205923497496
61,14,0,"White",16.3756657043856,1.36916552271793
62,14,0,"White",16.3107100410283,1.32843475317855
63,14,0,"White",16.2468131129591,1.29088058406697
64,14,0,"White",16.1819928029432,1.25751667309335
65,14,0,"White",16.1107598691591,1.22935667796782
66,14,0,"White",16.0239654910783,1.20737083717493
67,14,0,"White",15.9088012694648,1.19174992726112
68,14,0,"White",15.7498365335235,1.18201051103764
69,14,0,"White",15.5404287195309,1.1776469206722
70,14,0,"White",15.2941337494645,1.17815348833252
71,14,0,"White",15.0441530095394,1.18302454618633
72,14,0,"White",14.8258397354672,1.19175442640134
73,14,0,"White",14.6592053977168,1.20383746114528
74,14,0,"White",14.5473293729013,1.21876798258588
75,14,0,"White",14.4772873229171,1.23607495822653
76,14,0,"White",14.4303633654765,1.25568999134814
77,14,0,"White",14.3922622446393,1.27780445024927
78,14,0,"White",14.3538830612155,1.30261403264548
79,14,0,"White",14.3096181366618,1.33031443625233
80,14,0,"White",14.2556518769781,1.36110135878537
81,14,0,"White",14.1898061239707,1.39517049796015
82,14,0,"White",14.1115401552523,1.43271755149221
83,14,0,"White",14.0218739217974,1.47393821709712
84,14,0,"White",13.9225436610523,1.51904573521742
85,14,0,"White",13.8151575100445,1.56839266521206
86,14,0,"White",13.7011187429387,1.62239800376471
87,14,0,"White",13.5816257710361,1.68148115671882
88,14,0,"White",13.457672142775,1.74606152991784
89,14,0,"White",13.3300465437305,1.81655852920523
90,14,0,"White",13.1993327966145,1.89339156042446
91,14,0,"White",13.0659098612759,1.97698002941898
92,14,0,"White",12.9299518347003,2.06774334203224
93,14,0,"White",12.7914279510102,2.16595119017122
94,14,0,"White",12.650102581465,2.27103551100049
95,14,0,"White",12.5055352344611,2.38213700129256
96,14,0,"White",12.3570805555315,2.49839606540987
97,14,0,"White",12.2038883273462,2.6189531077149
98,14,0,"White",12.0449034697121,2.74294853257009
99,14,0,"White",11.8788660395728,2.8695227443379
100,14,0,"White",11.7043112310089,2.9978161473808
101,14,0,"White",11.519569375238,3.12696914606124
21,15,0,"White",19.8856252943289,0.89315952318791
22,15,0,"White",19.7798510477094,0.933819549924378
23,15,0,"White",19.6747390943641,0.974694742919772
24,15,0,"White",19.5703164129563,1.01600026843302
25,15,0,"White",19.4666093023408,1.05795129272305
26,15,0,"White",19.3636433815644,1.10076298204879
27,15,0,"White",19.2614435898656,1.14465050266916
28,15,0,"White",19.1600341866748,1.18982902084309
29,15,0,"White",19.059438751614,1.23651370282951
30,15,0,"White",18.9596801844973,1.28491948353107
31,15,0,"White",18.8607807053305,1.33503086700377
32,15,0,"White",18.7627618543111,1.38616952158508
33,15,0,"White",18.6656444918284,1.43753866120132
34,15,0,"White",18.5694487984637,1.48834149977882
35,15,0,"White",18.4741942749901,1.5377812512439
36,15,0,"White",18.3798997423722,1.5850611295229
37,15,0,"White",18.2865833417667,1.62938434854214
38,15,0,"White",18.1942625345221,1.66995412222795
39,15,0,"White",18.1029541021785,1.70597519386391
40,15,0,"White",18.012674146468,1.73690063611652
41,15,0,"White",17.9234380893145,1.76270426779481
42,15,0,"White",17.8352606728336,1.78342547889976
43,15,0,"White",17.7481559593327,1.79910365943234
44,15,0,"White",17.6621373313112,1.80977819939353
45,15,0,"White",17.5772174914601,1.8154884887843
46,15,0,"White",17.4934084626623,1.81627391760564
47,15,0,"White",17.4107215879925,1.81217387585851
48,15,0,"White",17.3291675307171,1.80322923096373
49,15,0,"White",17.2487562742946,1.78956949553228
50,15,0,"White",17.169497122375,1.7714615822199
51,15,0,"White",17.0913986988003,1.74918422304103
52,15,0,"White",17.0144689476041,1.72301615001009
53,15,0,"White",16.9387151330121,1.69323609514152
54,15,0,"White",16.8641438394415,1.66012279044976
55,15,0,"White",16.7907609715016,1.62395496794922
56,15,0,"White",16.7185717539932,1.58501135965436
57,15,0,"White",16.6475807319092,1.54358145095053
58,15,0,"White",16.5777917704342,1.50028085680141
59,15,0,"White",16.5092080549445,1.4561022322395
60,15,0,"White",16.4418320910083,1.41205923497496
61,15,0,"White",16.3756657043856,1.36916552271793
62,15,0,"White",16.3107100410283,1.32843475317855
63,15,0,"White",16.2468131129591,1.29088058406697
64,15,0,"White",16.1819928029432,1.25751667309335
65,15,0,"White",16.1107598691591,1.22935667796782
66,15,0,"White",16.0239654910783,1.20737083717493
67,15,0,"White",15.9088012694648,1.19174992726112
68,15,0,"White",15.7498365335235,1.18201051103764
69,15,0,"White",15.5404287195309,1.1776469206722
70,15,0,"White",15.2941337494645,1.17815348833252
71,15,0,"White",15.0441530095394,1.18302454618633
72,15,0,"White",14.8258397354672,1.19175442640134
73,15,0,"White",14.6592053977168,1.20383746114528
74,15,0,"White",14.5473293729013,1.21876798258588
75,15,0,"White",14.4772873229171,1.23607495822653
76,15,0,"White",14.4303633654765,1.25568999134814
77,15,0,"White",14.3922622446393,1.27780445024927
78,15,0,"White",14.3538830612155,1.30261403264548
79,15,0,"White",14.3096181366618,1.33031443625233
80,15,0,"White",14.2556518769781,1.36110135878537
81,15,0,"White",14.1898061239707,1.39517049796015
82,15,0,"White",14.1115401552523,1.43271755149221
83,15,0,"White",14.0218739217974,1.47393821709712
84,15,0,"White",13.9225436610523,1.51904573521742
85,15,0,"White",13.8151575100445,1.56839266521206
86,15,0,"White",13.7011187429387,1.62239800376471
87,15,0,"White",13.5816257710361,1.68148115671882
88,15,0,"White",13.457672142775,1.74606152991784
89,15,0,"White",13.3300465437305,1.81655852920523
90,15,0,"White",13.1993327966145,1.89339156042446
91,15,0,"White",13.0659098612759,1.97698002941898
92,15,0,"White",12.9299518347003,2.06774334203224
93,15,0,"White",12.7914279510102,2.16595119017122
94,15,0,"White",12.650102581465,2.27103551100049
95,15,0,"White",12.5055352344611,2.38213700129256
96,15,0,"White",12.3570805555315,2.49839606540987
97,15,0,"White",12.2038883273462,2.6189531077149
98,15,0,"White",12.0449034697121,2.74294853257009
99,15,0,"White",11.8788660395728,2.8695227443379
100,15,0,"White",11.7043112310089,2.9978161473808
101,15,0,"White",11.519569375238,3.12696914606124
21,16,0,"White",19.8856252943289,0.89315952318791
22,16,0,"White",19.7798510477094,0.933819549924378
23,16,0,"White",19.6747390943641,0.974694742919772
24,16,0,"White",19.5703164129563,1.01600026843302
25,16,0,"White",19.4666093023408,1.05795129272305
26,16,0,"White",19.3636433815644,1.10076298204879
27,16,0,"White",19.2614435898656,1.14465050266916
28,16,0,"White",19.1600341866748,1.18982902084309
29,16,0,"White",19.059438751614,1.23651370282951
30,16,0,"White",18.9596801844973,1.28491948353107
31,16,0,"White",18.8607807053305,1.33503086700377
32,16,0,"White",18.7627618543111,1.38616952158508
33,16,0,"White",18.6656444918284,1.43753866120132
34,16,0,"White",18.5694487984637,1.48834149977882
35,16,0,"White",18.4741942749901,1.5377812512439
36,16,0,"White",18.3798997423722,1.5850611295229
37,16,0,"White",18.2865833417667,1.62938434854214
38,16,0,"White",18.1942625345221,1.66995412222795
39,16,0,"White",18.1029541021785,1.70597519386391
40,16,0,"White",18.012674146468,1.73690063611652
41,16,0,"White",17.9234380893145,1.76270426779481
42,16,0,"White",17.8352606728336,1.78342547889976
43,16,0,"White",17.7481559593327,1.79910365943234
44,16,0,"White",17.6621373313112,1.80977819939353
45,16,0,"White",17.5772174914601,1.8154884887843
46,16,0,"White",17.4934084626623,1.81627391760564
47,16,0,"White",17.4107215879925,1.81217387585851
48,16,0,"White",17.3291675307171,1.80322923096373
49,16,0,"White",17.2487562742946,1.78956949553228
50,16,0,"White",17.169497122375,1.7714615822199
51,16,0,"White",17.0913986988003,1.74918422304103
52,16,0,"White",17.0144689476041,1.72301615001009
53,16,0,"White",16.9387151330121,1.69323609514152
54,16,0,"White",16.8641438394415,1.66012279044976
55,16,0,"White",16.7907609715016,1.62395496794922
56,16,0,"White",16.7185717539932,1.58501135965436
57,16,0,"White",16.6475807319092,1.54358145095053
58,16,0,"White",16.5777917704342,1.50028085680141
59,16,0,"White",16.5092080549445,1.4561022322395
60,16,0,"White",16.4418320910083,1.41205923497496
61,16,0,"White",16.3756657043856,1.36916552271793
62,16,0,"White",16.3107100410283,1.32843475317855
63,16,0,"White",16.2468131129591,1.29088058406697
64,16,0,"White",16.1819928029432,1.25751667309335
65,16,0,"White",16.1107598691591,1.22935667796782
66,16,0,"White",16.0239654910783,1.20737083717493
67,16,0,"White",15.9088012694648,1.19174992726112
68,16,0,"White",15.7498365335235,1.18201051103764
69,16,0,"White",15.5404287195309,1.1776469206722
70,16,0,"White",15.2941337494645,1.17815348833252
71,16,0,"White",15.0441530095394,1.18302454618633
72,16,0,"White",14.8258397354672,1.19175442640134
73,16,0,"White",14.6592053977168,1.20383746114528
74,16,0,"White",14.5473293729013,1.21876798258588
75,16,0,"White",14.4772873229171,1.23607495822653
76,16,0,"White",14.4303633654765,1.25568999134814
77,16,0,"White",14.3922622446393,1.27780445024927
78,16,0,"White",14.3538830612155,1.30261403264548
79,16,0,"White",14.3096181366618,1.33031443625233
80,16,0,"White",14.2556518769781,1.36110135878537
81,16,0,"White",14.1898061239707,1.39517049796015
82,16,0,"White",14.1115401552523,1.43271755149221
83,16,0,"White",14.0218739217974,1.47393821709712
84,16,0,"White",13.9225436610523,1.51904573521742
85,16,0,"White",13.8151575100445,1.56839266521206
86,16,0,"White",13.7011187429387,1.62239800376471
87,16,0,"White",13.5816257710361,1.68148115671882
88,16,0,"White",13.457672142775,1.74606152991784
89,16,0,"White",13.3300465437305,1.81655852920523
90,16,0,"White",13.1993327966145,1.89339156042446
91,16,0,"White",13.0659098612759,1.97698002941898
92,16,0,"White",12.9299518347003,2.06774334203224
93,16,0,"White",12.7914279510102,2.16595119017122
94,16,0,"White",12.650102581465,2.27103551100049
95,16,0,"White",12.5055352344611,2.38213700129256
96,16,0,"White",12.3570805555315,2.49839606540987
97,16,0,"White",12.2038883273462,2.6189531077149
98,16,0,"White",12.0449034697121,2.74294853257009
99,16,0,"White",11.8788660395728,2.8695227443379
100,16,0,"White",11.7043112310089,2.9978161473808
101,16,0,"White",11.519569375238,3.12696914606124
21,17,0,"White",20.0262334963487,0.89315952318791
22,17,0,"White",19.9266034939352,0.933819549924378
23,17,0,"White",19.8276357847961,0.974694742919772
24,17,0,"White",19.7293573475944,1.01600026843302
25,17,0,"White",19.631794481185,1.05795129272305
26,17,0,"White",19.5349728046147,1.10076298204879
27,17,0,"White",19.438917257122,1.14465050266916
28,17,0,"White",19.3436520981373,1.18982902084309
29,17,0,"White",19.2492009072826,1.23651370282951
30,17,0,"White",19.1555865843721,1.28491948353107
31,17,0,"White",19.0628313494113,1.33503086700377
32,17,0,"White",18.970956742598,1.38616952158508
33,17,0,"White",18.8799836243214,1.43753866120132
34,17,0,"White",18.7899321751629,1.48834149977882
35,17,0,"White",18.7008218958953,1.5377812512439
36,17,0,"White",18.6126716074835,1.5850611295229
37,17,0,"White",18.5254994510842,1.62938434854214
38,17,0,"White",18.4393228880456,1.66995412222795
39,17,0,"White",18.3541586999081,1.70597519386391
40,17,0,"White",18.2700229884038,1.73690063611652
41,17,0,"White",18.1869311754563,1.76270426779481
42,17,0,"White",18.1048980031815,1.78342547889976
43,17,0,"White",18.0239375338868,1.79910365943234
44,17,0,"White",17.9440631500714,1.80977819939353
45,17,0,"White",17.8652875544264,1.8154884887843
46,17,0,"White",17.7876227698347,1.81627391760564
47,17,0,"White",17.711080139371,1.81217387585851
48,17,0,"White",17.6356703263017,1.80322923096373
49,17,0,"White",17.5614033140853,1.78956949553228
50,17,0,"White",17.4882884063719,1.7714615822199
51,17,0,"White",17.4163342270032,1.74918422304103
52,17,0,"White",17.3455487200132,1.72301615001009
53,17,0,"White",17.2759391496272,1.69323609514152
54,17,0,"White",17.2075121002628,1.66012279044976
55,17,0,"White",17.1402734765289,1.62395496794922
56,17,0,"White",17.0742285032267,1.58501135965436
57,17,0,"White",17.0093817253488,1.54358145095053
58,17,0,"White",16.9457370080798,1.50028085680141
59,17,0,"White",16.8832975367962,1.4561022322395
60,17,0,"White",16.8220658170661,1.41205923497496
61,17,0,"White",16.7620436746496,1.36916552271793
62,17,0,"White",16.7032322554983,1.32843475317855
63,17,0,"White",16.6454795716353,1.29088058406697
64,17,0,"White",16.5868035058255,1.25751667309335
65,17,0,"White",16.5217148162475,1.22935667796782
66,17,0,"White",16.4410646823728,1.20737083717493
67,17,0,"White",16.3320447049653,1.19174992726112
68,17,0,"White",16.1792242132302,1.18201051103764
69,17,0,"White",15.9759606434436,1.1776469206722
70,17,0,"White",15.7358099175834,1.17815348833252
71,17,0,"White",15.4919734218644,1.18302454618633
72,17,0,"White",15.2798043919983,1.19175442640134
73,17,0,"White",15.1193142984541,1.20383746114528
74,17,0,"White",15.0135825178446,1.21876798258588
75,17,0,"White",14.9496847120666,1.23607495822653
76,17,0,"White",14.9089049988321,1.25568999134814
77,17,0,"White",14.8769481222009,1.27780445024927
78,17,0,"White",14.8447131829832,1.30261403264548
79,17,0,"White",14.8065925026356,1.33031443625233
80,17,0,"White",14.7587704871581,1.36110135878537
81,17,0,"White",14.6990689783568,1.39517049796015
82,17,0,"White",14.6269472538444,1.43271755149221
83,17,0,"White",14.5434252645956,1.47393821709712
84,17,0,"White",14.4502392480566,1.51904573521742
85,17,0,"White",14.348997341255,1.56839266521206
86,17,0,"White",14.2411028183553,1.62239800376471
87,17,0,"White",14.1277540906588,1.68148115671882
88,17,0,"White",14.0099447066038,1.74606152991784
89,17,0,"White",13.8884633517654,1.81655852920523
90,17,0,"White",13.7638938488555,1.89339156042446
91,17,0,"White",13.636615157723,1.97698002941898
92,17,0,"White",13.5068013753535,2.06774334203224
93,17,0,"White",13.3744217358695,2.16595119017122
94,17,0,"White",13.2392406105304,2.27103551100049
95,17,0,"White",13.1008175077326,2.38213700129256
96,17,0,"White",12.9585070730091,2.49839606540987
97,17,0,"White",12.8114590890299,2.6189531077149
98,17,0,"White",12.6586184756019,2.74294853257009
99,17,0,"White",12.4987252896687,2.8695227443379
100,17,0,"White",12.330314725311,2.9978161473808
101,17,0,"White",12.1517171137461,3.12696914606124
21,18,0,"White",20.0262334963487,0.89315952318791
22,18,0,"White",19.9266034939352,0.933819549924378
23,18,0,"White",19.8276357847961,0.974694742919772
24,18,0,"White",19.7293573475944,1.01600026843302
25,18,0,"White",19.631794481185,1.05795129272305
26,18,0,"White",19.5349728046147,1.10076298204879
27,18,0,"White",19.438917257122,1.14465050266916
28,18,0,"White",19.3436520981373,1.18982902084309
29,18,0,"White",19.2492009072826,1.23651370282951
30,18,0,"White",19.1555865843721,1.28491948353107
31,18,0,"White",19.0628313494113,1.33503086700377
32,18,0,"White",18.970956742598,1.38616952158508
33,18,0,"White",18.8799836243214,1.43753866120132
34,18,0,"White",18.7899321751629,1.48834149977882
35,18,0,"White",18.7008218958953,1.5377812512439
36,18,0,"White",18.6126716074835,1.5850611295229
37,18,0,"White",18.5254994510842,1.62938434854214
38,18,0,"White",18.4393228880456,1.66995412222795
39,18,0,"White",18.3541586999081,1.70597519386391
40,18,0,"White",18.2700229884038,1.73690063611652
41,18,0,"White",18.1869311754563,1.76270426779481
42,18,0,"White",18.1048980031815,1.78342547889976
43,18,0,"White",18.0239375338868,1.79910365943234
44,18,0,"White",17.9440631500714,1.80977819939353
45,18,0,"White",17.8652875544264,1.8154884887843
46,18,0,"White",17.7876227698347,1.81627391760564
47,18,0,"White",17.711080139371,1.81217387585851
48,18,0,"White",17.6356703263017,1.80322923096373
49,18,0,"White",17.5614033140853,1.78956949553228
50,18,0,"White",17.4882884063719,1.7714615822199
51,18,0,"White",17.4163342270032,1.74918422304103
52,18,0,"White",17.3455487200132,1.72301615001009
53,18,0,"White",17.2759391496272,1.69323609514152
54,18,0,"White",17.2075121002628,1.66012279044976
55,18,0,"White",17.1402734765289,1.62395496794922
56,18,0,"White",17.0742285032267,1.58501135965436
57,18,0,"White",17.0093817253488,1.54358145095053
58,18,0,"White",16.9457370080798,1.50028085680141
59,18,0,"White",16.8832975367962,1.4561022322395
60,18,0,"White",16.8220658170661,1.41205923497496
61,18,0,"White",16.7620436746496,1.36916552271793
62,18,0,"White",16.7032322554983,1.32843475317855
63,18,0,"White",16.6454795716353,1.29088058406697
64,18,0,"White",16.5868035058255,1.25751667309335
65,18,0,"White",16.5217148162475,1.22935667796782
66,18,0,"White",16.4410646823728,1.20737083717493
67,18,0,"White",16.3320447049653,1.19174992726112
68,18,0,"White",16.1792242132302,1.18201051103764
69,18,0,"White",15.9759606434436,1.1776469206722
70,18,0,"White",15.7358099175834,1.17815348833252
71,18,0,"White",15.4919734218644,1.18302454618633
72,18,0,"White",15.2798043919983,1.19175442640134
73,18,0,"White",15.1193142984541,1.20383746114528
74,18,0,"White",15.0135825178446,1.21876798258588
75,18,0,"White",14.9496847120666,1.23607495822653
76,18,0,"White",14.9089049988321,1.25568999134814
77,18,0,"White",14.8769481222009,1.27780445024927
78,18,0,"White",14.8447131829832,1.30261403264548
79,18,0,"White",14.8065925026356,1.33031443625233
80,18,0,"White",14.7587704871581,1.36110135878537
81,18,0,"White",14.6990689783568,1.39517049796015
82,18,0,"White",14.6269472538444,1.43271755149221
83,18,0,"White",14.5434252645956,1.47393821709712
84,18,0,"White",14.4502392480566,1.51904573521742
85,18,0,"White",14.348997341255,1.56839266521206
86,18,0,"White",14.2411028183553,1.62239800376471
87,18,0,"White",14.1277540906588,1.68148115671882
88,18,0,"White",14.0099447066038,1.74606152991784
89,18,0,"White",13.8884633517654,1.81655852920523
90,18,0,"White",13.7638938488555,1.89339156042446
91,18,0,"White",13.636615157723,1.97698002941898
92,18,0,"White",13.5068013753535,2.06774334203224
93,18,0,"White",13.3744217358695,2.16595119017122
94,18,0,"White",13.2392406105304,2.27103551100049
95,18,0,"White",13.1008175077326,2.38213700129256
96,18,0,"White",12.9585070730091,2.49839606540987
97,18,0,"White",12.8114590890299,2.6189531077149
98,18,0,"White",12.6586184756019,2.74294853257009
99,18,0,"White",12.4987252896687,2.8695227443379
100,18,0,"White",12.330314725311,2.9978161473808
101,18,0,"White",12.1517171137461,3.12696914606124
21,19,0,"White",20.0262334963487,0.89315952318791
22,19,0,"White",19.9266034939352,0.933819549924378
23,19,0,"White",19.8276357847961,0.974694742919772
24,19,0,"White",19.7293573475944,1.01600026843302
25,19,0,"White",19.631794481185,1.05795129272305
26,19,0,"White",19.5349728046147,1.10076298204879
27,19,0,"White",19.438917257122,1.14465050266916
28,19,0,"White",19.3436520981373,1.18982902084309
29,19,0,"White",19.2492009072826,1.23651370282951
30,19,0,"White",19.1555865843721,1.28491948353107
31,19,0,"White",19.0628313494113,1.33503086700377
32,19,0,"White",18.970956742598,1.38616952158508
33,19,0,"White",18.8799836243214,1.43753866120132
34,19,0,"White",18.7899321751629,1.48834149977882
35,19,0,"White",18.7008218958953,1.5377812512439
36,19,0,"White",18.6126716074835,1.5850611295229
37,19,0,"White",18.5254994510842,1.62938434854214
38,19,0,"White",18.4393228880456,1.66995412222795
39,19,0,"White",18.3541586999081,1.70597519386391
40,19,0,"White",18.2700229884038,1.73690063611652
41,19,0,"White",18.1869311754563,1.76270426779481
42,19,0,"White",18.1048980031815,1.78342547889976
43,19,0,"White",18.0239375338868,1.79910365943234
44,19,0,"White",17.9440631500714,1.80977819939353
45,19,0,"White",17.8652875544264,1.8154884887843
46,19,0,"White",17.7876227698347,1.81627391760564
47,19,0,"White",17.711080139371,1.81217387585851
48,19,0,"White",17.6356703263017,1.80322923096373
49,19,0,"White",17.5614033140853,1.78956949553228
50,19,0,"White",17.4882884063719,1.7714615822199
51,19,0,"White",17.4163342270032,1.74918422304103
52,19,0,"White",17.3455487200132,1.72301615001009
53,19,0,"White",17.2759391496272,1.69323609514152
54,19,0,"White",17.2075121002628,1.66012279044976
55,19,0,"White",17.1402734765289,1.62395496794922
56,19,0,"White",17.0742285032267,1.58501135965436
57,19,0,"White",17.0093817253488,1.54358145095053
58,19,0,"White",16.9457370080798,1.50028085680141
59,19,0,"White",16.8832975367962,1.4561022322395
60,19,0,"White",16.8220658170661,1.41205923497496
61,19,0,"White",16.7620436746496,1.36916552271793
62,19,0,"White",16.7032322554983,1.32843475317855
63,19,0,"White",16.6454795716353,1.29088058406697
64,19,0,"White",16.5868035058255,1.25751667309335
65,19,0,"White",16.5217148162475,1.22935667796782
66,19,0,"White",16.4410646823728,1.20737083717493
67,19,0,"White",16.3320447049653,1.19174992726112
68,19,0,"White",16.1792242132302,1.18201051103764
69,19,0,"White",15.9759606434436,1.1776469206722
70,19,0,"White",15.7358099175834,1.17815348833252
71,19,0,"White",15.4919734218644,1.18302454618633
72,19,0,"White",15.2798043919983,1.19175442640134
73,19,0,"White",15.1193142984541,1.20383746114528
74,19,0,"White",15.0135825178446,1.21876798258588
75,19,0,"White",14.9496847120666,1.23607495822653
76,19,0,"White",14.9089049988321,1.25568999134814
77,19,0,"White",14.8769481222009,1.27780445024927
78,19,0,"White",14.8447131829832,1.30261403264548
79,19,0,"White",14.8065925026356,1.33031443625233
80,19,0,"White",14.7587704871581,1.36110135878537
81,19,0,"White",14.6990689783568,1.39517049796015
82,19,0,"White",14.6269472538444,1.43271755149221
83,19,0,"White",14.5434252645956,1.47393821709712
84,19,0,"White",14.4502392480566,1.51904573521742
85,19,0,"White",14.348997341255,1.56839266521206
86,19,0,"White",14.2411028183553,1.62239800376471
87,19,0,"White",14.1277540906588,1.68148115671882
88,19,0,"White",14.0099447066038,1.74606152991784
89,19,0,"White",13.8884633517654,1.81655852920523
90,19,0,"White",13.7638938488555,1.89339156042446
91,19,0,"White",13.636615157723,1.97698002941898
92,19,0,"White",13.5068013753535,2.06774334203224
93,19,0,"White",13.3744217358695,2.16595119017122
94,19,0,"White",13.2392406105304,2.27103551100049
95,19,0,"White",13.1008175077326,2.38213700129256
96,19,0,"White",12.9585070730091,2.49839606540987
97,19,0,"White",12.8114590890299,2.6189531077149
98,19,0,"White",12.6586184756019,2.74294853257009
99,19,0,"White",12.4987252896687,2.8695227443379
100,19,0,"White",12.330314725311,2.9978161473808
101,19,0,"White",12.1517171137461,3.12696914606124
21,20,0,"White",20.0262334963487,0.89315952318791
22,20,0,"White",19.9266034939352,0.933819549924378
23,20,0,"White",19.8276357847961,0.974694742919772
24,20,0,"White",19.7293573475944,1.01600026843302
25,20,0,"White",19.631794481185,1.05795129272305
26,20,0,"White",19.5349728046147,1.10076298204879
27,20,0,"White",19.438917257122,1.14465050266916
28,20,0,"White",19.3436520981373,1.18982902084309
29,20,0,"White",19.2492009072826,1.23651370282951
30,20,0,"White",19.1555865843721,1.28491948353107
31,20,0,"White",19.0628313494113,1.33503086700377
32,20,0,"White",18.970956742598,1.38616952158508
33,20,0,"White",18.8799836243214,1.43753866120132
34,20,0,"White",18.7899321751629,1.48834149977882
35,20,0,"White",18.7008218958953,1.5377812512439
36,20,0,"White",18.6126716074835,1.5850611295229
37,20,0,"White",18.5254994510842,1.62938434854214
38,20,0,"White",18.4393228880456,1.66995412222795
39,20,0,"White",18.3541586999081,1.70597519386391
40,20,0,"White",18.2700229884038,1.73690063611652
41,20,0,"White",18.1869311754563,1.76270426779481
42,20,0,"White",18.1048980031815,1.78342547889976
43,20,0,"White",18.0239375338868,1.79910365943234
44,20,0,"White",17.9440631500714,1.80977819939353
45,20,0,"White",17.8652875544264,1.8154884887843
46,20,0,"White",17.7876227698347,1.81627391760564
47,20,0,"White",17.711080139371,1.81217387585851
48,20,0,"White",17.6356703263017,1.80322923096373
49,20,0,"White",17.5614033140853,1.78956949553228
50,20,0,"White",17.4882884063719,1.7714615822199
51,20,0,"White",17.4163342270032,1.74918422304103
52,20,0,"White",17.3455487200132,1.72301615001009
53,20,0,"White",17.2759391496272,1.69323609514152
54,20,0,"White",17.2075121002628,1.66012279044976
55,20,0,"White",17.1402734765289,1.62395496794922
56,20,0,"White",17.0742285032267,1.58501135965436
57,20,0,"White",17.0093817253488,1.54358145095053
58,20,0,"White",16.9457370080798,1.50028085680141
59,20,0,"White",16.8832975367962,1.4561022322395
60,20,0,"White",16.8220658170661,1.41205923497496
61,20,0,"White",16.7620436746496,1.36916552271793
62,20,0,"White",16.7032322554983,1.32843475317855
63,20,0,"White",16.6454795716353,1.29088058406697
64,20,0,"White",16.5868035058255,1.25751667309335
65,20,0,"White",16.5217148162475,1.22935667796782
66,20,0,"White",16.4410646823728,1.20737083717493
67,20,0,"White",16.3320447049653,1.19174992726112
68,20,0,"White",16.1792242132302,1.18201051103764
69,20,0,"White",15.9759606434436,1.1776469206722
70,20,0,"White",15.7358099175834,1.17815348833252
71,20,0,"White",15.4919734218644,1.18302454618633
72,20,0,"White",15.2798043919983,1.19175442640134
73,20,0,"White",15.1193142984541,1.20383746114528
74,20,0,"White",15.0135825178446,1.21876798258588
75,20,0,"White",14.9496847120666,1.23607495822653
76,20,0,"White",14.9089049988321,1.25568999134814
77,20,0,"White",14.8769481222009,1.27780445024927
78,20,0,"White",14.8447131829832,1.30261403264548
79,20,0,"White",14.8065925026356,1.33031443625233
80,20,0,"White",14.7587704871581,1.36110135878537
81,20,0,"White",14.6990689783568,1.39517049796015
82,20,0,"White",14.6269472538444,1.43271755149221
83,20,0,"White",14.5434252645956,1.47393821709712
84,20,0,"White",14.4502392480566,1.51904573521742
85,20,0,"White",14.348997341255,1.56839266521206
86,20,0,"White",14.2411028183553,1.62239800376471
87,20,0,"White",14.1277540906588,1.68148115671882
88,20,0,"White",14.0099447066038,1.74606152991784
89,20,0,"White",13.8884633517654,1.81655852920523
90,20,0,"White",13.7638938488555,1.89339156042446
91,20,0,"White",13.636615157723,1.97698002941898
92,20,0,"White",13.5068013753535,2.06774334203224
93,20,0,"White",13.3744217358695,2.16595119017122
94,20,0,"White",13.2392406105304,2.27103551100049
95,20,0,"White",13.1008175077326,2.38213700129256
96,20,0,"White",12.9585070730091,2.49839606540987
97,20,0,"White",12.8114590890299,2.6189531077149
98,20,0,"White",12.6586184756019,2.74294853257009
99,20,0,"White",12.4987252896687,2.8695227443379
100,20,0,"White",12.330314725311,2.9978161473808
101,20,0,"White",12.1517171137461,3.12696914606124
21,21,0,"White",20.0262334963487,0.89315952318791
22,21,0,"White",19.9266034939352,0.933819549924378
23,21,0,"White",19.8276357847961,0.974694742919772
24,21,0,"White",19.7293573475944,1.01600026843302
25,21,0,"White",19.631794481185,1.05795129272305
26,21,0,"White",19.5349728046147,1.10076298204879
27,21,0,"White",19.438917257122,1.14465050266916
28,21,0,"White",19.3436520981373,1.18982902084309
29,21,0,"White",19.2492009072826,1.23651370282951
30,21,0,"White",19.1555865843721,1.28491948353107
31,21,0,"White",19.0628313494113,1.33503086700377
32,21,0,"White",18.970956742598,1.38616952158508
33,21,0,"White",18.8799836243214,1.43753866120132
34,21,0,"White",18.7899321751629,1.48834149977882
35,21,0,"White",18.7008218958953,1.5377812512439
36,21,0,"White",18.6126716074835,1.5850611295229
37,21,0,"White",18.5254994510842,1.62938434854214
38,21,0,"White",18.4393228880456,1.66995412222795
39,21,0,"White",18.3541586999081,1.70597519386391
40,21,0,"White",18.2700229884038,1.73690063611652
41,21,0,"White",18.1869311754563,1.76270426779481
42,21,0,"White",18.1048980031815,1.78342547889976
43,21,0,"White",18.0239375338868,1.79910365943234
44,21,0,"White",17.9440631500714,1.80977819939353
45,21,0,"White",17.8652875544264,1.8154884887843
46,21,0,"White",17.7876227698347,1.81627391760564
47,21,0,"White",17.711080139371,1.81217387585851
48,21,0,"White",17.6356703263017,1.80322923096373
49,21,0,"White",17.5614033140853,1.78956949553228
50,21,0,"White",17.4882884063719,1.7714615822199
51,21,0,"White",17.4163342270032,1.74918422304103
52,21,0,"White",17.3455487200132,1.72301615001009
53,21,0,"White",17.2759391496272,1.69323609514152
54,21,0,"White",17.2075121002628,1.66012279044976
55,21,0,"White",17.1402734765289,1.62395496794922
56,21,0,"White",17.0742285032267,1.58501135965436
57,21,0,"White",17.0093817253488,1.54358145095053
58,21,0,"White",16.9457370080798,1.50028085680141
59,21,0,"White",16.8832975367962,1.4561022322395
60,21,0,"White",16.8220658170661,1.41205923497496
61,21,0,"White",16.7620436746496,1.36916552271793
62,21,0,"White",16.7032322554983,1.32843475317855
63,21,0,"White",16.6454795716353,1.29088058406697
64,21,0,"White",16.5868035058255,1.25751667309335
65,21,0,"White",16.5217148162475,1.22935667796782
66,21,0,"White",16.4410646823728,1.20737083717493
67,21,0,"White",16.3320447049653,1.19174992726112
68,21,0,"White",16.1792242132302,1.18201051103764
69,21,0,"White",15.9759606434436,1.1776469206722
70,21,0,"White",15.7358099175834,1.17815348833252
71,21,0,"White",15.4919734218644,1.18302454618633
72,21,0,"White",15.2798043919983,1.19175442640134
73,21,0,"White",15.1193142984541,1.20383746114528
74,21,0,"White",15.0135825178446,1.21876798258588
75,21,0,"White",14.9496847120666,1.23607495822653
76,21,0,"White",14.9089049988321,1.25568999134814
77,21,0,"White",14.8769481222009,1.27780445024927
78,21,0,"White",14.8447131829832,1.30261403264548
79,21,0,"White",14.8065925026356,1.33031443625233
80,21,0,"White",14.7587704871581,1.36110135878537
81,21,0,"White",14.6990689783568,1.39517049796015
82,21,0,"White",14.6269472538444,1.43271755149221
83,21,0,"White",14.5434252645956,1.47393821709712
84,21,0,"White",14.4502392480566,1.51904573521742
85,21,0,"White",14.348997341255,1.56839266521206
86,21,0,"White",14.2411028183553,1.62239800376471
87,21,0,"White",14.1277540906588,1.68148115671882
88,21,0,"White",14.0099447066038,1.74606152991784
89,21,0,"White",13.8884633517654,1.81655852920523
90,21,0,"White",13.7638938488555,1.89339156042446
91,21,0,"White",13.636615157723,1.97698002941898
92,21,0,"White",13.5068013753535,2.06774334203224
93,21,0,"White",13.3744217358695,2.16595119017122
94,21,0,"White",13.2392406105304,2.27103551100049
95,21,0,"White",13.1008175077326,2.38213700129256
96,21,0,"White",12.9585070730091,2.49839606540987
97,21,0,"White",12.8114590890299,2.6189531077149
98,21,0,"White",12.6586184756019,2.74294853257009
99,21,0,"White",12.4987252896687,2.8695227443379
100,21,0,"White",12.330314725311,2.9978161473808
101,21,0,"White",12.1517171137461,3.12696914606124
21,22,0,"White",20.0262334963487,0.89315952318791
22,22,0,"White",19.9266034939352,0.933819549924378
23,22,0,"White",19.8276357847961,0.974694742919772
24,22,0,"White",19.7293573475944,1.01600026843302
25,22,0,"White",19.631794481185,1.05795129272305
26,22,0,"White",19.5349728046147,1.10076298204879
27,22,0,"White",19.438917257122,1.14465050266916
28,22,0,"White",19.3436520981373,1.18982902084309
29,22,0,"White",19.2492009072826,1.23651370282951
30,22,0,"White",19.1555865843721,1.28491948353107
31,22,0,"White",19.0628313494113,1.33503086700377
32,22,0,"White",18.970956742598,1.38616952158508
33,22,0,"White",18.8799836243214,1.43753866120132
34,22,0,"White",18.7899321751629,1.48834149977882
35,22,0,"White",18.7008218958953,1.5377812512439
36,22,0,"White",18.6126716074835,1.5850611295229
37,22,0,"White",18.5254994510842,1.62938434854214
38,22,0,"White",18.4393228880456,1.66995412222795
39,22,0,"White",18.3541586999081,1.70597519386391
40,22,0,"White",18.2700229884038,1.73690063611652
41,22,0,"White",18.1869311754563,1.76270426779481
42,22,0,"White",18.1048980031815,1.78342547889976
43,22,0,"White",18.0239375338868,1.79910365943234
44,22,0,"White",17.9440631500714,1.80977819939353
45,22,0,"White",17.8652875544264,1.8154884887843
46,22,0,"White",17.7876227698347,1.81627391760564
47,22,0,"White",17.711080139371,1.81217387585851
48,22,0,"White",17.6356703263017,1.80322923096373
49,22,0,"White",17.5614033140853,1.78956949553228
50,22,0,"White",17.4882884063719,1.7714615822199
51,22,0,"White",17.4163342270032,1.74918422304103
52,22,0,"White",17.3455487200132,1.72301615001009
53,22,0,"White",17.2759391496272,1.69323609514152
54,22,0,"White",17.2075121002628,1.66012279044976
55,22,0,"White",17.1402734765289,1.62395496794922
56,22,0,"White",17.0742285032267,1.58501135965436
57,22,0,"White",17.0093817253488,1.54358145095053
58,22,0,"White",16.9457370080798,1.50028085680141
59,22,0,"White",16.8832975367962,1.4561022322395
60,22,0,"White",16.8220658170661,1.41205923497496
61,22,0,"White",16.7620436746496,1.36916552271793
62,22,0,"White",16.7032322554983,1.32843475317855
63,22,0,"White",16.6454795716353,1.29088058406697
64,22,0,"White",16.5868035058255,1.25751667309335
65,22,0,"White",16.5217148162475,1.22935667796782
66,22,0,"White",16.4410646823728,1.20737083717493
67,22,0,"White",16.3320447049653,1.19174992726112
68,22,0,"White",16.1792242132302,1.18201051103764
69,22,0,"White",15.9759606434436,1.1776469206722
70,22,0,"White",15.7358099175834,1.17815348833252
71,22,0,"White",15.4919734218644,1.18302454618633
72,22,0,"White",15.2798043919983,1.19175442640134
73,22,0,"White",15.1193142984541,1.20383746114528
74,22,0,"White",15.0135825178446,1.21876798258588
75,22,0,"White",14.9496847120666,1.23607495822653
76,22,0,"White",14.9089049988321,1.25568999134814
77,22,0,"White",14.8769481222009,1.27780445024927
78,22,0,"White",14.8447131829832,1.30261403264548
79,22,0,"White",14.8065925026356,1.33031443625233
80,22,0,"White",14.7587704871581,1.36110135878537
81,22,0,"White",14.6990689783568,1.39517049796015
82,22,0,"White",14.6269472538444,1.43271755149221
83,22,0,"White",14.5434252645956,1.47393821709712
84,22,0,"White",14.4502392480566,1.51904573521742
85,22,0,"White",14.348997341255,1.56839266521206
86,22,0,"White",14.2411028183553,1.62239800376471
87,22,0,"White",14.1277540906588,1.68148115671882
88,22,0,"White",14.0099447066038,1.74606152991784
89,22,0,"White",13.8884633517654,1.81655852920523
90,22,0,"White",13.7638938488555,1.89339156042446
91,22,0,"White",13.636615157723,1.97698002941898
92,22,0,"White",13.5068013753535,2.06774334203224
93,22,0,"White",13.3744217358695,2.16595119017122
94,22,0,"White",13.2392406105304,2.27103551100049
95,22,0,"White",13.1008175077326,2.38213700129256
96,22,0,"White",12.9585070730091,2.49839606540987
97,22,0,"White",12.8114590890299,2.6189531077149
98,22,0,"White",12.6586184756019,2.74294853257009
99,22,0,"White",12.4987252896687,2.8695227443379
100,22,0,"White",12.330314725311,2.9978161473808
101,22,0,"White",12.1517171137461,3.12696914606124
21,23,0,"White",20.0262334963487,0.89315952318791
22,23,0,"White",19.9266034939352,0.933819549924378
23,23,0,"White",19.8276357847961,0.974694742919772
24,23,0,"White",19.7293573475944,1.01600026843302
25,23,0,"White",19.631794481185,1.05795129272305
26,23,0,"White",19.5349728046147,1.10076298204879
27,23,0,"White",19.438917257122,1.14465050266916
28,23,0,"White",19.3436520981373,1.18982902084309
29,23,0,"White",19.2492009072826,1.23651370282951
30,23,0,"White",19.1555865843721,1.28491948353107
31,23,0,"White",19.0628313494113,1.33503086700377
32,23,0,"White",18.970956742598,1.38616952158508
33,23,0,"White",18.8799836243214,1.43753866120132
34,23,0,"White",18.7899321751629,1.48834149977882
35,23,0,"White",18.7008218958953,1.5377812512439
36,23,0,"White",18.6126716074835,1.5850611295229
37,23,0,"White",18.5254994510842,1.62938434854214
38,23,0,"White",18.4393228880456,1.66995412222795
39,23,0,"White",18.3541586999081,1.70597519386391
40,23,0,"White",18.2700229884038,1.73690063611652
41,23,0,"White",18.1869311754563,1.76270426779481
42,23,0,"White",18.1048980031815,1.78342547889976
43,23,0,"White",18.0239375338868,1.79910365943234
44,23,0,"White",17.9440631500714,1.80977819939353
45,23,0,"White",17.8652875544264,1.8154884887843
46,23,0,"White",17.7876227698347,1.81627391760564
47,23,0,"White",17.711080139371,1.81217387585851
48,23,0,"White",17.6356703263017,1.80322923096373
49,23,0,"White",17.5614033140853,1.78956949553228
50,23,0,"White",17.4882884063719,1.7714615822199
51,23,0,"White",17.4163342270032,1.74918422304103
52,23,0,"White",17.3455487200132,1.72301615001009
53,23,0,"White",17.2759391496272,1.69323609514152
54,23,0,"White",17.2075121002628,1.66012279044976
55,23,0,"White",17.1402734765289,1.62395496794922
56,23,0,"White",17.0742285032267,1.58501135965436
57,23,0,"White",17.0093817253488,1.54358145095053
58,23,0,"White",16.9457370080798,1.50028085680141
59,23,0,"White",16.8832975367962,1.4561022322395
60,23,0,"White",16.8220658170661,1.41205923497496
61,23,0,"White",16.7620436746496,1.36916552271793
62,23,0,"White",16.7032322554983,1.32843475317855
63,23,0,"White",16.6454795716353,1.29088058406697
64,23,0,"White",16.5868035058255,1.25751667309335
65,23,0,"White",16.5217148162475,1.22935667796782
66,23,0,"White",16.4410646823728,1.20737083717493
67,23,0,"White",16.3320447049653,1.19174992726112
68,23,0,"White",16.1792242132302,1.18201051103764
69,23,0,"White",15.9759606434436,1.1776469206722
70,23,0,"White",15.7358099175834,1.17815348833252
71,23,0,"White",15.4919734218644,1.18302454618633
72,23,0,"White",15.2798043919983,1.19175442640134
73,23,0,"White",15.1193142984541,1.20383746114528
74,23,0,"White",15.0135825178446,1.21876798258588
75,23,0,"White",14.9496847120666,1.23607495822653
76,23,0,"White",14.9089049988321,1.25568999134814
77,23,0,"White",14.8769481222009,1.27780445024927
78,23,0,"White",14.8447131829832,1.30261403264548
79,23,0,"White",14.8065925026356,1.33031443625233
80,23,0,"White",14.7587704871581,1.36110135878537
81,23,0,"White",14.6990689783568,1.39517049796015
82,23,0,"White",14.6269472538444,1.43271755149221
83,23,0,"White",14.5434252645956,1.47393821709712
84,23,0,"White",14.4502392480566,1.51904573521742
85,23,0,"White",14.348997341255,1.56839266521206
86,23,0,"White",14.2411028183553,1.62239800376471
87,23,0,"White",14.1277540906588,1.68148115671882
88,23,0,"White",14.0099447066038,1.74606152991784
89,23,0,"White",13.8884633517654,1.81655852920523
90,23,0,"White",13.7638938488555,1.89339156042446
91,23,0,"White",13.636615157723,1.97698002941898
92,23,0,"White",13.5068013753535,2.06774334203224
93,23,0,"White",13.3744217358695,2.16595119017122
94,23,0,"White",13.2392406105304,2.27103551100049
95,23,0,"White",13.1008175077326,2.38213700129256
96,23,0,"White",12.9585070730091,2.49839606540987
97,23,0,"White",12.8114590890299,2.6189531077149
98,23,0,"White",12.6586184756019,2.74294853257009
99,23,0,"White",12.4987252896687,2.8695227443379
100,23,0,"White",12.330314725311,2.9978161473808
101,23,0,"White",12.1517171137461,3.12696914606124
21,24,0,"White",20.0262334963487,0.89315952318791
22,24,0,"White",19.9266034939352,0.933819549924378
23,24,0,"White",19.8276357847961,0.974694742919772
24,24,0,"White",19.7293573475944,1.01600026843302
25,24,0,"White",19.631794481185,1.05795129272305
26,24,0,"White",19.5349728046147,1.10076298204879
27,24,0,"White",19.438917257122,1.14465050266916
28,24,0,"White",19.3436520981373,1.18982902084309
29,24,0,"White",19.2492009072826,1.23651370282951
30,24,0,"White",19.1555865843721,1.28491948353107
31,24,0,"White",19.0628313494113,1.33503086700377
32,24,0,"White",18.970956742598,1.38616952158508
33,24,0,"White",18.8799836243214,1.43753866120132
34,24,0,"White",18.7899321751629,1.48834149977882
35,24,0,"White",18.7008218958953,1.5377812512439
36,24,0,"White",18.6126716074835,1.5850611295229
37,24,0,"White",18.5254994510842,1.62938434854214
38,24,0,"White",18.4393228880456,1.66995412222795
39,24,0,"White",18.3541586999081,1.70597519386391
40,24,0,"White",18.2700229884038,1.73690063611652
41,24,0,"White",18.1869311754563,1.76270426779481
42,24,0,"White",18.1048980031815,1.78342547889976
43,24,0,"White",18.0239375338868,1.79910365943234
44,24,0,"White",17.9440631500714,1.80977819939353
45,24,0,"White",17.8652875544264,1.8154884887843
46,24,0,"White",17.7876227698347,1.81627391760564
47,24,0,"White",17.711080139371,1.81217387585851
48,24,0,"White",17.6356703263017,1.80322923096373
49,24,0,"White",17.5614033140853,1.78956949553228
50,24,0,"White",17.4882884063719,1.7714615822199
51,24,0,"White",17.4163342270032,1.74918422304103
52,24,0,"White",17.3455487200132,1.72301615001009
53,24,0,"White",17.2759391496272,1.69323609514152
54,24,0,"White",17.2075121002628,1.66012279044976
55,24,0,"White",17.1402734765289,1.62395496794922
56,24,0,"White",17.0742285032267,1.58501135965436
57,24,0,"White",17.0093817253488,1.54358145095053
58,24,0,"White",16.9457370080798,1.50028085680141
59,24,0,"White",16.8832975367962,1.4561022322395
60,24,0,"White",16.8220658170661,1.41205923497496
61,24,0,"White",16.7620436746496,1.36916552271793
62,24,0,"White",16.7032322554983,1.32843475317855
63,24,0,"White",16.6454795716353,1.29088058406697
64,24,0,"White",16.5868035058255,1.25751667309335
65,24,0,"White",16.5217148162475,1.22935667796782
66,24,0,"White",16.4410646823728,1.20737083717493
67,24,0,"White",16.3320447049653,1.19174992726112
68,24,0,"White",16.1792242132302,1.18201051103764
69,24,0,"White",15.9759606434436,1.1776469206722
70,24,0,"White",15.7358099175834,1.17815348833252
71,24,0,"White",15.4919734218644,1.18302454618633
72,24,0,"White",15.2798043919983,1.19175442640134
73,24,0,"White",15.1193142984541,1.20383746114528
74,24,0,"White",15.0135825178446,1.21876798258588
75,24,0,"White",14.9496847120666,1.23607495822653
76,24,0,"White",14.9089049988321,1.25568999134814
77,24,0,"White",14.8769481222009,1.27780445024927
78,24,0,"White",14.8447131829832,1.30261403264548
79,24,0,"White",14.8065925026356,1.33031443625233
80,24,0,"White",14.7587704871581,1.36110135878537
81,24,0,"White",14.6990689783568,1.39517049796015
82,24,0,"White",14.6269472538444,1.43271755149221
83,24,0,"White",14.5434252645956,1.47393821709712
84,24,0,"White",14.4502392480566,1.51904573521742
85,24,0,"White",14.348997341255,1.56839266521206
86,24,0,"White",14.2411028183553,1.62239800376471
87,24,0,"White",14.1277540906588,1.68148115671882
88,24,0,"White",14.0099447066038,1.74606152991784
89,24,0,"White",13.8884633517654,1.81655852920523
90,24,0,"White",13.7638938488555,1.89339156042446
91,24,0,"White",13.636615157723,1.97698002941898
92,24,0,"White",13.5068013753535,2.06774334203224
93,24,0,"White",13.3744217358695,2.16595119017122
94,24,0,"White",13.2392406105304,2.27103551100049
95,24,0,"White",13.1008175077326,2.38213700129256
96,24,0,"White",12.9585070730091,2.49839606540987
97,24,0,"White",12.8114590890299,2.6189531077149
98,24,0,"White",12.6586184756019,2.74294853257009
99,24,0,"White",12.4987252896687,2.8695227443379
100,24,0,"White",12.330314725311,2.9978161473808
101,24,0,"White",12.1517171137461,3.12696914606124
21,25,0,"White",20.0262334963487,0.89315952318791
22,25,0,"White",19.9266034939352,0.933819549924378
23,25,0,"White",19.8276357847961,0.974694742919772
24,25,0,"White",19.7293573475944,1.01600026843302
25,25,0,"White",19.631794481185,1.05795129272305
26,25,0,"White",19.5349728046147,1.10076298204879
27,25,0,"White",19.438917257122,1.14465050266916
28,25,0,"White",19.3436520981373,1.18982902084309
29,25,0,"White",19.2492009072826,1.23651370282951
30,25,0,"White",19.1555865843721,1.28491948353107
31,25,0,"White",19.0628313494113,1.33503086700377
32,25,0,"White",18.970956742598,1.38616952158508
33,25,0,"White",18.8799836243214,1.43753866120132
34,25,0,"White",18.7899321751629,1.48834149977882
35,25,0,"White",18.7008218958953,1.5377812512439
36,25,0,"White",18.6126716074835,1.5850611295229
37,25,0,"White",18.5254994510842,1.62938434854214
38,25,0,"White",18.4393228880456,1.66995412222795
39,25,0,"White",18.3541586999081,1.70597519386391
40,25,0,"White",18.2700229884038,1.73690063611652
41,25,0,"White",18.1869311754563,1.76270426779481
42,25,0,"White",18.1048980031815,1.78342547889976
43,25,0,"White",18.0239375338868,1.79910365943234
44,25,0,"White",17.9440631500714,1.80977819939353
45,25,0,"White",17.8652875544264,1.8154884887843
46,25,0,"White",17.7876227698347,1.81627391760564
47,25,0,"White",17.711080139371,1.81217387585851
48,25,0,"White",17.6356703263017,1.80322923096373
49,25,0,"White",17.5614033140853,1.78956949553228
50,25,0,"White",17.4882884063719,1.7714615822199
51,25,0,"White",17.4163342270032,1.74918422304103
52,25,0,"White",17.3455487200132,1.72301615001009
53,25,0,"White",17.2759391496272,1.69323609514152
54,25,0,"White",17.2075121002628,1.66012279044976
55,25,0,"White",17.1402734765289,1.62395496794922
56,25,0,"White",17.0742285032267,1.58501135965436
57,25,0,"White",17.0093817253488,1.54358145095053
58,25,0,"White",16.9457370080798,1.50028085680141
59,25,0,"White",16.8832975367962,1.4561022322395
60,25,0,"White",16.8220658170661,1.41205923497496
61,25,0,"White",16.7620436746496,1.36916552271793
62,25,0,"White",16.7032322554983,1.32843475317855
63,25,0,"White",16.6454795716353,1.29088058406697
64,25,0,"White",16.5868035058255,1.25751667309335
65,25,0,"White",16.5217148162475,1.22935667796782
66,25,0,"White",16.4410646823728,1.20737083717493
67,25,0,"White",16.3320447049653,1.19174992726112
68,25,0,"White",16.1792242132302,1.18201051103764
69,25,0,"White",15.9759606434436,1.1776469206722
70,25,0,"White",15.7358099175834,1.17815348833252
71,25,0,"White",15.4919734218644,1.18302454618633
72,25,0,"White",15.2798043919983,1.19175442640134
73,25,0,"White",15.1193142984541,1.20383746114528
74,25,0,"White",15.0135825178446,1.21876798258588
75,25,0,"White",14.9496847120666,1.23607495822653
76,25,0,"White",14.9089049988321,1.25568999134814
77,25,0,"White",14.8769481222009,1.27780445024927
78,25,0,"White",14.8447131829832,1.30261403264548
79,25,0,"White",14.8065925026356,1.33031443625233
80,25,0,"White",14.7587704871581,1.36110135878537
81,25,0,"White",14.6990689783568,1.39517049796015
82,25,0,"White",14.6269472538444,1.43271755149221
83,25,0,"White",14.5434252645956,1.47393821709712
84,25,0,"White",14.4502392480566,1.51904573521742
85,25,0,"White",14.348997341255,1.56839266521206
86,25,0,"White",14.2411028183553,1.62239800376471
87,25,0,"White",14.1277540906588,1.68148115671882
88,25,0,"White",14.0099447066038,1.74606152991784
89,25,0,"White",13.8884633517654,1.81655852920523
90,25,0,"White",13.7638938488555,1.89339156042446
91,25,0,"White",13.636615157723,1.97698002941898
92,25,0,"White",13.5068013753535,2.06774334203224
93,25,0,"White",13.3744217358695,2.16595119017122
94,25,0,"White",13.2392406105304,2.27103551100049
95,25,0,"White",13.1008175077326,2.38213700129256
96,25,0,"White",12.9585070730091,2.49839606540987
97,25,0,"White",12.8114590890299,2.6189531077149
98,25,0,"White",12.6586184756019,2.74294853257009
99,25,0,"White",12.4987252896687,2.8695227443379
100,25,0,"White",12.330314725311,2.9978161473808
101,25,0,"White",12.1517171137461,3.12696914606124
21,10,1,"White",19.3071044161072,0.89315952318791
22,10,1,"White",19.1892016584669,0.933819549924378
23,10,1,"White",19.0719611941009,0.974694742919772
24,10,1,"White",18.9554100016724,1.01600026843302
25,10,1,"White",18.8395743800361,1.05795129272305
26,10,1,"White",18.7244799482389,1.10076298204879
27,10,1,"White",18.6101516455193,1.14465050266916
28,10,1,"White",18.4966137313077,1.18982902084309
29,10,1,"White",18.3838897852262,1.23651370282951
30,10,1,"White",18.2720027070887,1.28491948353107
31,10,1,"White",18.1609747169011,1.33503086700377
32,10,1,"White",18.0508273548609,1.38616952158508
33,10,1,"White",17.9415814813575,1.43753866120132
34,10,1,"White",17.833257276972,1.48834149977882
35,10,1,"White",17.7258742424776,1.5377812512439
36,10,1,"White",17.6194511988389,1.5850611295229
37,10,1,"White",17.5140062872127,1.62938434854214
38,10,1,"White",17.4095569689473,1.66995412222795
39,10,1,"White",17.3061200255829,1.70597519386391
40,10,1,"White",17.2037115588517,1.73690063611652
41,10,1,"White",17.1023469906774,1.76270426779481
42,10,1,"White",17.0020410631757,1.78342547889976
43,10,1,"White",16.902807838654,1.79910365943234
44,10,1,"White",16.8046606996117,1.80977819939353
45,10,1,"White",16.7076123487399,1.8154884887843
46,10,1,"White",16.6116748089213,1.81627391760564
47,10,1,"White",16.5168594232307,1.81217387585851
48,10,1,"White",16.4231768549346,1.80322923096373
49,10,1,"White",16.3306370874913,1.78956949553228
50,10,1,"White",16.239249424551,1.7714615822199
51,10,1,"White",16.1490224899555,1.74918422304103
52,10,1,"White",16.0599642277385,1.72301615001009
53,10,1,"White",15.9720819021257,1.69323609514152
54,10,1,"White",15.8853820975344,1.66012279044976
55,10,1,"White",15.7998707185736,1.62395496794922
56,10,1,"White",15.7155529900445,1.58501135965436
57,10,1,"White",15.6324334569397,1.54358145095053
58,10,1,"White",15.5505159844439,1.50028085680141
59,10,1,"White",15.4698037579334,1.4561022322395
60,10,1,"White",15.3902992829765,1.41205923497496
61,10,1,"White",15.312004385333,1.36916552271793
62,10,1,"White",15.2349202109549,1.32843475317855
63,10,1,"White",15.158894771865,1.29088058406697
64,10,1,"White",15.0819459508283,1.25751667309335
65,10,1,"White",14.9985845060234,1.22935667796782
66,10,1,"White",14.8996616169218,1.20737083717493
67,10,1,"White",14.7723688842875,1.19174992726112
68,10,1,"White",14.6012756373255,1.18201051103764
69,10,1,"White",14.3797393123121,1.1776469206722
70,10,1,"White",14.121315831225,1.17815348833252
71,10,1,"White",13.859206580279,1.18302454618633
72,10,1,"White",13.6287647951861,1.19175442640134
73,10,1,"White",13.450001946415,1.20383746114528
74,10,1,"White",13.3259974105786,1.21876798258588
75,10,1,"White",13.2438268495737,1.23607495822653
76,10,1,"White",13.1847743811123,1.25568999134814
77,10,1,"White",13.1345447492543,1.27780445024927
78,10,1,"White",13.0840370548097,1.30261403264548
79,10,1,"White",13.0276436192353,1.33031443625233
80,10,1,"White",12.9615488485308,1.36110135878537
81,10,1,"White",12.8835745845026,1.39517049796015
82,10,1,"White",12.7931801047634,1.43271755149221
83,10,1,"White",12.6913853602878,1.47393821709712
84,10,1,"White",12.5799265885219,1.51904573521742
85,10,1,"White",12.4604119264934,1.56839266521206
86,10,1,"White",12.3342446483668,1.62239800376471
87,10,1,"White",12.2026231654434,1.68148115671882
88,10,1,"White",12.0665410261615,1.74606152991784
89,10,1,"White",11.9267869160963,1.81655852920523
90,10,1,"White",11.7839446579595,1.89339156042446
91,10,1,"White",11.6383932116001,1.97698002941898
92,10,1,"White",11.4903066740037,2.06774334203224
93,10,1,"White",11.3396542792928,2.16595119017122
94,10,1,"White",11.1862003987269,2.27103551100049
95,10,1,"White",11.0295045407022,2.38213700129256
96,10,1,"White",10.8689213507518,2.49839606540987
97,10,1,"White",10.7036006115457,2.6189531077149
98,10,1,"White",10.5324872428908,2.74294853257009
99,10,1,"White",10.3543213017308,2.8695227443379
100,10,1,"White",10.1676379821462,2.9978161473808
101,10,1,"White",9.97076761535443,3.12696914606124
21,11,1,"White",19.3071044161072,0.89315952318791
22,11,1,"White",19.1892016584669,0.933819549924378
23,11,1,"White",19.0719611941009,0.974694742919772
24,11,1,"White",18.9554100016724,1.01600026843302
25,11,1,"White",18.8395743800361,1.05795129272305
26,11,1,"White",18.7244799482389,1.10076298204879
27,11,1,"White",18.6101516455193,1.14465050266916
28,11,1,"White",18.4966137313077,1.18982902084309
29,11,1,"White",18.3838897852262,1.23651370282951
30,11,1,"White",18.2720027070887,1.28491948353107
31,11,1,"White",18.1609747169011,1.33503086700377
32,11,1,"White",18.0508273548609,1.38616952158508
33,11,1,"White",17.9415814813575,1.43753866120132
34,11,1,"White",17.833257276972,1.48834149977882
35,11,1,"White",17.7258742424776,1.5377812512439
36,11,1,"White",17.6194511988389,1.5850611295229
37,11,1,"White",17.5140062872127,1.62938434854214
38,11,1,"White",17.4095569689473,1.66995412222795
39,11,1,"White",17.3061200255829,1.70597519386391
40,11,1,"White",17.2037115588517,1.73690063611652
41,11,1,"White",17.1023469906774,1.76270426779481
42,11,1,"White",17.0020410631757,1.78342547889976
43,11,1,"White",16.902807838654,1.79910365943234
44,11,1,"White",16.8046606996117,1.80977819939353
45,11,1,"White",16.7076123487399,1.8154884887843
46,11,1,"White",16.6116748089213,1.81627391760564
47,11,1,"White",16.5168594232307,1.81217387585851
48,11,1,"White",16.4231768549346,1.80322923096373
49,11,1,"White",16.3306370874913,1.78956949553228
50,11,1,"White",16.239249424551,1.7714615822199
51,11,1,"White",16.1490224899555,1.74918422304103
52,11,1,"White",16.0599642277385,1.72301615001009
53,11,1,"White",15.9720819021257,1.69323609514152
54,11,1,"White",15.8853820975344,1.66012279044976
55,11,1,"White",15.7998707185736,1.62395496794922
56,11,1,"White",15.7155529900445,1.58501135965436
57,11,1,"White",15.6324334569397,1.54358145095053
58,11,1,"White",15.5505159844439,1.50028085680141
59,11,1,"White",15.4698037579334,1.4561022322395
60,11,1,"White",15.3902992829765,1.41205923497496
61,11,1,"White",15.312004385333,1.36916552271793
62,11,1,"White",15.2349202109549,1.32843475317855
63,11,1,"White",15.158894771865,1.29088058406697
64,11,1,"White",15.0819459508283,1.25751667309335
65,11,1,"White",14.9985845060234,1.22935667796782
66,11,1,"White",14.8996616169218,1.20737083717493
67,11,1,"White",14.7723688842875,1.19174992726112
68,11,1,"White",14.6012756373255,1.18201051103764
69,11,1,"White",14.3797393123121,1.1776469206722
70,11,1,"White",14.121315831225,1.17815348833252
71,11,1,"White",13.859206580279,1.18302454618633
72,11,1,"White",13.6287647951861,1.19175442640134
73,11,1,"White",13.450001946415,1.20383746114528
74,11,1,"White",13.3259974105786,1.21876798258588
75,11,1,"White",13.2438268495737,1.23607495822653
76,11,1,"White",13.1847743811123,1.25568999134814
77,11,1,"White",13.1345447492543,1.27780445024927
78,11,1,"White",13.0840370548097,1.30261403264548
79,11,1,"White",13.0276436192353,1.33031443625233
80,11,1,"White",12.9615488485308,1.36110135878537
81,11,1,"White",12.8835745845026,1.39517049796015
82,11,1,"White",12.7931801047634,1.43271755149221
83,11,1,"White",12.6913853602878,1.47393821709712
84,11,1,"White",12.5799265885219,1.51904573521742
85,11,1,"White",12.4604119264934,1.56839266521206
86,11,1,"White",12.3342446483668,1.62239800376471
87,11,1,"White",12.2026231654434,1.68148115671882
88,11,1,"White",12.0665410261615,1.74606152991784
89,11,1,"White",11.9267869160963,1.81655852920523
90,11,1,"White",11.7839446579595,1.89339156042446
91,11,1,"White",11.6383932116001,1.97698002941898
92,11,1,"White",11.4903066740037,2.06774334203224
93,11,1,"White",11.3396542792928,2.16595119017122
94,11,1,"White",11.1862003987269,2.27103551100049
95,11,1,"White",11.0295045407022,2.38213700129256
96,11,1,"White",10.8689213507518,2.49839606540987
97,11,1,"White",10.7036006115457,2.6189531077149
98,11,1,"White",10.5324872428908,2.74294853257009
99,11,1,"White",10.3543213017308,2.8695227443379
100,11,1,"White",10.1676379821462,2.9978161473808
101,11,1,"White",9.97076761535443,3.12696914606124
21,12,1,"White",19.3071044161072,0.89315952318791
22,12,1,"White",19.1892016584669,0.933819549924378
23,12,1,"White",19.0719611941009,0.974694742919772
24,12,1,"White",18.9554100016724,1.01600026843302
25,12,1,"White",18.8395743800361,1.05795129272305
26,12,1,"White",18.7244799482389,1.10076298204879
27,12,1,"White",18.6101516455193,1.14465050266916
28,12,1,"White",18.4966137313077,1.18982902084309
29,12,1,"White",18.3838897852262,1.23651370282951
30,12,1,"White",18.2720027070887,1.28491948353107
31,12,1,"White",18.1609747169011,1.33503086700377
32,12,1,"White",18.0508273548609,1.38616952158508
33,12,1,"White",17.9415814813575,1.43753866120132
34,12,1,"White",17.833257276972,1.48834149977882
35,12,1,"White",17.7258742424776,1.5377812512439
36,12,1,"White",17.6194511988389,1.5850611295229
37,12,1,"White",17.5140062872127,1.62938434854214
38,12,1,"White",17.4095569689473,1.66995412222795
39,12,1,"White",17.3061200255829,1.70597519386391
40,12,1,"White",17.2037115588517,1.73690063611652
41,12,1,"White",17.1023469906774,1.76270426779481
42,12,1,"White",17.0020410631757,1.78342547889976
43,12,1,"White",16.902807838654,1.79910365943234
44,12,1,"White",16.8046606996117,1.80977819939353
45,12,1,"White",16.7076123487399,1.8154884887843
46,12,1,"White",16.6116748089213,1.81627391760564
47,12,1,"White",16.5168594232307,1.81217387585851
48,12,1,"White",16.4231768549346,1.80322923096373
49,12,1,"White",16.3306370874913,1.78956949553228
50,12,1,"White",16.239249424551,1.7714615822199
51,12,1,"White",16.1490224899555,1.74918422304103
52,12,1,"White",16.0599642277385,1.72301615001009
53,12,1,"White",15.9720819021257,1.69323609514152
54,12,1,"White",15.8853820975344,1.66012279044976
55,12,1,"White",15.7998707185736,1.62395496794922
56,12,1,"White",15.7155529900445,1.58501135965436
57,12,1,"White",15.6324334569397,1.54358145095053
58,12,1,"White",15.5505159844439,1.50028085680141
59,12,1,"White",15.4698037579334,1.4561022322395
60,12,1,"White",15.3902992829765,1.41205923497496
61,12,1,"White",15.312004385333,1.36916552271793
62,12,1,"White",15.2349202109549,1.32843475317855
63,12,1,"White",15.158894771865,1.29088058406697
64,12,1,"White",15.0819459508283,1.25751667309335
65,12,1,"White",14.9985845060234,1.22935667796782
66,12,1,"White",14.8996616169218,1.20737083717493
67,12,1,"White",14.7723688842875,1.19174992726112
68,12,1,"White",14.6012756373255,1.18201051103764
69,12,1,"White",14.3797393123121,1.1776469206722
70,12,1,"White",14.121315831225,1.17815348833252
71,12,1,"White",13.859206580279,1.18302454618633
72,12,1,"White",13.6287647951861,1.19175442640134
73,12,1,"White",13.450001946415,1.20383746114528
74,12,1,"White",13.3259974105786,1.21876798258588
75,12,1,"White",13.2438268495737,1.23607495822653
76,12,1,"White",13.1847743811123,1.25568999134814
77,12,1,"White",13.1345447492543,1.27780445024927
78,12,1,"White",13.0840370548097,1.30261403264548
79,12,1,"White",13.0276436192353,1.33031443625233
80,12,1,"White",12.9615488485308,1.36110135878537
81,12,1,"White",12.8835745845026,1.39517049796015
82,12,1,"White",12.7931801047634,1.43271755149221
83,12,1,"White",12.6913853602878,1.47393821709712
84,12,1,"White",12.5799265885219,1.51904573521742
85,12,1,"White",12.4604119264934,1.56839266521206
86,12,1,"White",12.3342446483668,1.62239800376471
87,12,1,"White",12.2026231654434,1.68148115671882
88,12,1,"White",12.0665410261615,1.74606152991784
89,12,1,"White",11.9267869160963,1.81655852920523
90,12,1,"White",11.7839446579595,1.89339156042446
91,12,1,"White",11.6383932116001,1.97698002941898
92,12,1,"White",11.4903066740037,2.06774334203224
93,12,1,"White",11.3396542792928,2.16595119017122
94,12,1,"White",11.1862003987269,2.27103551100049
95,12,1,"White",11.0295045407022,2.38213700129256
96,12,1,"White",10.8689213507518,2.49839606540987
97,12,1,"White",10.7036006115457,2.6189531077149
98,12,1,"White",10.5324872428908,2.74294853257009
99,12,1,"White",10.3543213017308,2.8695227443379
100,12,1,"White",10.1676379821462,2.9978161473808
101,12,1,"White",9.97076761535443,3.12696914606124
21,13,1,"White",19.2817131159435,0.89315952318791
22,13,1,"White",19.1766438295696,0.933819549924378
23,13,1,"White",19.0722368364699,0.974694742919772
24,13,1,"White",18.9685191153077,1.01600026843302
25,13,1,"White",18.8655169649379,1.05795129272305
26,13,1,"White",18.7632560044071,1.10076298204879
27,13,1,"White",18.6617611729539,1.14465050266916
28,13,1,"White",18.5610567300086,1.18982902084309
29,13,1,"White",18.4611662551935,1.23651370282951
30,13,1,"White",18.3621126483224,1.28491948353107
31,13,1,"White",18.2639181294011,1.33503086700377
32,13,1,"White",18.1666042386273,1.38616952158508
33,13,1,"White",18.0701918363903,1.43753866120132
34,13,1,"White",17.9747011032712,1.48834149977882
35,13,1,"White",17.8801515400431,1.5377812512439
36,13,1,"White",17.7865619676708,1.5850611295229
37,13,1,"White",17.693950527311,1.62938434854214
38,13,1,"White",17.6023346803119,1.66995412222795
39,13,1,"White",17.511731208214,1.70597519386391
40,13,1,"White",17.4221562127491,1.73690063611652
41,13,1,"White",17.3336251158412,1.76270426779481
42,13,1,"White",17.2461526596059,1.78342547889976
43,13,1,"White",17.1597529063506,1.79910365943234
44,13,1,"White",17.0744392385747,1.80977819939353
45,13,1,"White",16.9902243589692,1.8154884887843
46,13,1,"White",16.907120290417,1.81627391760564
47,13,1,"White",16.8251383759928,1.81217387585851
48,13,1,"White",16.7442892789631,1.80322923096373
49,13,1,"White",16.6645829827862,1.78956949553228
50,13,1,"White",16.5860287911122,1.7714615822199
51,13,1,"White",16.508635327783,1.74918422304103
52,13,1,"White",16.4324105368325,1.72301615001009
53,13,1,"White",16.3573616824861,1.69323609514152
54,13,1,"White",16.2834953491611,1.66012279044976
55,13,1,"White",16.2108174414668,1.62395496794922
56,13,1,"White",16.139333184204,1.58501135965436
57,13,1,"White",16.0690471223656,1.54358145095053
58,13,1,"White",15.9999631211362,1.50028085680141
59,13,1,"White",15.9320843658921,1.4561022322395
60,13,1,"White",15.8654133622015,1.41205923497496
61,13,1,"White",15.7999519358244,1.36916552271793
62,13,1,"White",15.7357012327127,1.32843475317855
63,13,1,"White",15.6725092648891,1.29088058406697
64,13,1,"White",15.6083939151188,1.25751667309335
65,13,1,"White",15.5378659415803,1.22935667796782
66,13,1,"White",15.4517765237451,1.20737083717493
67,13,1,"White",15.3373172623772,1.19174992726112
68,13,1,"White",15.1790574866815,1.18201051103764
69,13,1,"White",14.9703546329345,1.1776469206722
70,13,1,"White",14.7247646231138,1.17815348833252
71,13,1,"White",14.4754888434342,1.18302454618633
72,13,1,"White",14.2578805296077,1.19175442640134
73,13,1,"White",14.0919511521029,1.20383746114528
74,13,1,"White",13.980780087533,1.21876798258588
75,13,1,"White",13.9114429977944,1.23607495822653
76,13,1,"White",13.8652240005994,1.25568999134814
77,13,1,"White",13.8278278400078,1.27780445024927
78,13,1,"White",13.7901536168295,1.30261403264548
79,13,1,"White",13.7465936525215,1.33031443625233
80,13,1,"White",13.6933323530834,1.36110135878537
81,13,1,"White",13.6281915603216,1.39517049796015
82,13,1,"White",13.5506305518488,1.43271755149221
83,13,1,"White",13.4616692786395,1.47393821709712
84,13,1,"White",13.36304397814,1.51904573521742
85,13,1,"White",13.2563627873778,1.56839266521206
86,13,1,"White",13.1430289805176,1.62239800376471
87,13,1,"White",13.0242409688606,1.68148115671882
88,13,1,"White",12.9009923008452,1.74606152991784
89,13,1,"White",12.7740716620462,1.81655852920523
90,13,1,"White",12.6440628751759,1.89339156042446
91,13,1,"White",12.5113449000828,1.97698002941898
92,13,1,"White",12.3760918337528,2.06774334203224
93,13,1,"White",12.2382729103083,2.16595119017122
94,13,1,"White",12.0976525010088,2.27103551100049
95,13,1,"White",11.9537901142505,2.38213700129256
96,13,1,"White",11.8060403955664,2.49839606540987
97,13,1,"White",11.6535531276268,2.6189531077149
98,13,1,"White",11.4952732302382,2.74294853257009
99,13,1,"White",11.3299407603446,2.8695227443379
100,13,1,"White",11.1560909120263,2.9978161473808
101,13,1,"White",10.972054016501,3.12696914606124
21,14,1,"White",19.2817131159435,0.89315952318791
22,14,1,"White",19.1766438295696,0.933819549924378
23,14,1,"White",19.0722368364699,0.974694742919772
24,14,1,"White",18.9685191153077,1.01600026843302
25,14,1,"White",18.8655169649379,1.05795129272305
26,14,1,"White",18.7632560044071,1.10076298204879
27,14,1,"White",18.6617611729539,1.14465050266916
28,14,1,"White",18.5610567300086,1.18982902084309
29,14,1,"White",18.4611662551935,1.23651370282951
30,14,1,"White",18.3621126483224,1.28491948353107
31,14,1,"White",18.2639181294011,1.33503086700377
32,14,1,"White",18.1666042386273,1.38616952158508
33,14,1,"White",18.0701918363903,1.43753866120132
34,14,1,"White",17.9747011032712,1.48834149977882
35,14,1,"White",17.8801515400431,1.5377812512439
36,14,1,"White",17.7865619676708,1.5850611295229
37,14,1,"White",17.693950527311,1.62938434854214
38,14,1,"White",17.6023346803119,1.66995412222795
39,14,1,"White",17.511731208214,1.70597519386391
40,14,1,"White",17.4221562127491,1.73690063611652
41,14,1,"White",17.3336251158412,1.76270426779481
42,14,1,"White",17.2461526596059,1.78342547889976
43,14,1,"White",17.1597529063506,1.79910365943234
44,14,1,"White",17.0744392385747,1.80977819939353
45,14,1,"White",16.9902243589692,1.8154884887843
46,14,1,"White",16.907120290417,1.81627391760564
47,14,1,"White",16.8251383759928,1.81217387585851
48,14,1,"White",16.7442892789631,1.80322923096373
49,14,1,"White",16.6645829827862,1.78956949553228
50,14,1,"White",16.5860287911122,1.7714615822199
51,14,1,"White",16.508635327783,1.74918422304103
52,14,1,"White",16.4324105368325,1.72301615001009
53,14,1,"White",16.3573616824861,1.69323609514152
54,14,1,"White",16.2834953491611,1.66012279044976
55,14,1,"White",16.2108174414668,1.62395496794922
56,14,1,"White",16.139333184204,1.58501135965436
57,14,1,"White",16.0690471223656,1.54358145095053
58,14,1,"White",15.9999631211362,1.50028085680141
59,14,1,"White",15.9320843658921,1.4561022322395
60,14,1,"White",15.8654133622015,1.41205923497496
61,14,1,"White",15.7999519358244,1.36916552271793
62,14,1,"White",15.7357012327127,1.32843475317855
63,14,1,"White",15.6725092648891,1.29088058406697
64,14,1,"White",15.6083939151188,1.25751667309335
65,14,1,"White",15.5378659415803,1.22935667796782
66,14,1,"White",15.4517765237451,1.20737083717493
67,14,1,"White",15.3373172623772,1.19174992726112
68,14,1,"White",15.1790574866815,1.18201051103764
69,14,1,"White",14.9703546329345,1.1776469206722
70,14,1,"White",14.7247646231138,1.17815348833252
71,14,1,"White",14.4754888434342,1.18302454618633
72,14,1,"White",14.2578805296077,1.19175442640134
73,14,1,"White",14.0919511521029,1.20383746114528
74,14,1,"White",13.980780087533,1.21876798258588
75,14,1,"White",13.9114429977944,1.23607495822653
76,14,1,"White",13.8652240005994,1.25568999134814
77,14,1,"White",13.8278278400078,1.27780445024927
78,14,1,"White",13.7901536168295,1.30261403264548
79,14,1,"White",13.7465936525215,1.33031443625233
80,14,1,"White",13.6933323530834,1.36110135878537
81,14,1,"White",13.6281915603216,1.39517049796015
82,14,1,"White",13.5506305518488,1.43271755149221
83,14,1,"White",13.4616692786395,1.47393821709712
84,14,1,"White",13.36304397814,1.51904573521742
85,14,1,"White",13.2563627873778,1.56839266521206
86,14,1,"White",13.1430289805176,1.62239800376471
87,14,1,"White",13.0242409688606,1.68148115671882
88,14,1,"White",12.9009923008452,1.74606152991784
89,14,1,"White",12.7740716620462,1.81655852920523
90,14,1,"White",12.6440628751759,1.89339156042446
91,14,1,"White",12.5113449000828,1.97698002941898
92,14,1,"White",12.3760918337528,2.06774334203224
93,14,1,"White",12.2382729103083,2.16595119017122
94,14,1,"White",12.0976525010088,2.27103551100049
95,14,1,"White",11.9537901142505,2.38213700129256
96,14,1,"White",11.8060403955664,2.49839606540987
97,14,1,"White",11.6535531276268,2.6189531077149
98,14,1,"White",11.4952732302382,2.74294853257009
99,14,1,"White",11.3299407603446,2.8695227443379
100,14,1,"White",11.1560909120263,2.9978161473808
101,14,1,"White",10.972054016501,3.12696914606124
21,15,1,"White",19.2817131159435,0.89315952318791
22,15,1,"White",19.1766438295696,0.933819549924378
23,15,1,"White",19.0722368364699,0.974694742919772
24,15,1,"White",18.9685191153077,1.01600026843302
25,15,1,"White",18.8655169649379,1.05795129272305
26,15,1,"White",18.7632560044071,1.10076298204879
27,15,1,"White",18.6617611729539,1.14465050266916
28,15,1,"White",18.5610567300086,1.18982902084309
29,15,1,"White",18.4611662551935,1.23651370282951
30,15,1,"White",18.3621126483224,1.28491948353107
31,15,1,"White",18.2639181294011,1.33503086700377
32,15,1,"White",18.1666042386273,1.38616952158508
33,15,1,"White",18.0701918363903,1.43753866120132
34,15,1,"White",17.9747011032712,1.48834149977882
35,15,1,"White",17.8801515400431,1.5377812512439
36,15,1,"White",17.7865619676708,1.5850611295229
37,15,1,"White",17.693950527311,1.62938434854214
38,15,1,"White",17.6023346803119,1.66995412222795
39,15,1,"White",17.511731208214,1.70597519386391
40,15,1,"White",17.4221562127491,1.73690063611652
41,15,1,"White",17.3336251158412,1.76270426779481
42,15,1,"White",17.2461526596059,1.78342547889976
43,15,1,"White",17.1597529063506,1.79910365943234
44,15,1,"White",17.0744392385747,1.80977819939353
45,15,1,"White",16.9902243589692,1.8154884887843
46,15,1,"White",16.907120290417,1.81627391760564
47,15,1,"White",16.8251383759928,1.81217387585851
48,15,1,"White",16.7442892789631,1.80322923096373
49,15,1,"White",16.6645829827862,1.78956949553228
50,15,1,"White",16.5860287911122,1.7714615822199
51,15,1,"White",16.508635327783,1.74918422304103
52,15,1,"White",16.4324105368325,1.72301615001009
53,15,1,"White",16.3573616824861,1.69323609514152
54,15,1,"White",16.2834953491611,1.66012279044976
55,15,1,"White",16.2108174414668,1.62395496794922
56,15,1,"White",16.139333184204,1.58501135965436
57,15,1,"White",16.0690471223656,1.54358145095053
58,15,1,"White",15.9999631211362,1.50028085680141
59,15,1,"White",15.9320843658921,1.4561022322395
60,15,1,"White",15.8654133622015,1.41205923497496
61,15,1,"White",15.7999519358244,1.36916552271793
62,15,1,"White",15.7357012327127,1.32843475317855
63,15,1,"White",15.6725092648891,1.29088058406697
64,15,1,"White",15.6083939151188,1.25751667309335
65,15,1,"White",15.5378659415803,1.22935667796782
66,15,1,"White",15.4517765237451,1.20737083717493
67,15,1,"White",15.3373172623772,1.19174992726112
68,15,1,"White",15.1790574866815,1.18201051103764
69,15,1,"White",14.9703546329345,1.1776469206722
70,15,1,"White",14.7247646231138,1.17815348833252
71,15,1,"White",14.4754888434342,1.18302454618633
72,15,1,"White",14.2578805296077,1.19175442640134
73,15,1,"White",14.0919511521029,1.20383746114528
74,15,1,"White",13.980780087533,1.21876798258588
75,15,1,"White",13.9114429977944,1.23607495822653
76,15,1,"White",13.8652240005994,1.25568999134814
77,15,1,"White",13.8278278400078,1.27780445024927
78,15,1,"White",13.7901536168295,1.30261403264548
79,15,1,"White",13.7465936525215,1.33031443625233
80,15,1,"White",13.6933323530834,1.36110135878537
81,15,1,"White",13.6281915603216,1.39517049796015
82,15,1,"White",13.5506305518488,1.43271755149221
83,15,1,"White",13.4616692786395,1.47393821709712
84,15,1,"White",13.36304397814,1.51904573521742
85,15,1,"White",13.2563627873778,1.56839266521206
86,15,1,"White",13.1430289805176,1.62239800376471
87,15,1,"White",13.0242409688606,1.68148115671882
88,15,1,"White",12.9009923008452,1.74606152991784
89,15,1,"White",12.7740716620462,1.81655852920523
90,15,1,"White",12.6440628751759,1.89339156042446
91,15,1,"White",12.5113449000828,1.97698002941898
92,15,1,"White",12.3760918337528,2.06774334203224
93,15,1,"White",12.2382729103083,2.16595119017122
94,15,1,"White",12.0976525010088,2.27103551100049
95,15,1,"White",11.9537901142505,2.38213700129256
96,15,1,"White",11.8060403955664,2.49839606540987
97,15,1,"White",11.6535531276268,2.6189531077149
98,15,1,"White",11.4952732302382,2.74294853257009
99,15,1,"White",11.3299407603446,2.8695227443379
100,15,1,"White",11.1560909120263,2.9978161473808
101,15,1,"White",10.972054016501,3.12696914606124
21,16,1,"White",19.2817131159435,0.89315952318791
22,16,1,"White",19.1766438295696,0.933819549924378
23,16,1,"White",19.0722368364699,0.974694742919772
24,16,1,"White",18.9685191153077,1.01600026843302
25,16,1,"White",18.8655169649379,1.05795129272305
26,16,1,"White",18.7632560044071,1.10076298204879
27,16,1,"White",18.6617611729539,1.14465050266916
28,16,1,"White",18.5610567300086,1.18982902084309
29,16,1,"White",18.4611662551935,1.23651370282951
30,16,1,"White",18.3621126483224,1.28491948353107
31,16,1,"White",18.2639181294011,1.33503086700377
32,16,1,"White",18.1666042386273,1.38616952158508
33,16,1,"White",18.0701918363903,1.43753866120132
34,16,1,"White",17.9747011032712,1.48834149977882
35,16,1,"White",17.8801515400431,1.5377812512439
36,16,1,"White",17.7865619676708,1.5850611295229
37,16,1,"White",17.693950527311,1.62938434854214
38,16,1,"White",17.6023346803119,1.66995412222795
39,16,1,"White",17.511731208214,1.70597519386391
40,16,1,"White",17.4221562127491,1.73690063611652
41,16,1,"White",17.3336251158412,1.76270426779481
42,16,1,"White",17.2461526596059,1.78342547889976
43,16,1,"White",17.1597529063506,1.79910365943234
44,16,1,"White",17.0744392385747,1.80977819939353
45,16,1,"White",16.9902243589692,1.8154884887843
46,16,1,"White",16.907120290417,1.81627391760564
47,16,1,"White",16.8251383759928,1.81217387585851
48,16,1,"White",16.7442892789631,1.80322923096373
49,16,1,"White",16.6645829827862,1.78956949553228
50,16,1,"White",16.5860287911122,1.7714615822199
51,16,1,"White",16.508635327783,1.74918422304103
52,16,1,"White",16.4324105368325,1.72301615001009
53,16,1,"White",16.3573616824861,1.69323609514152
54,16,1,"White",16.2834953491611,1.66012279044976
55,16,1,"White",16.2108174414668,1.62395496794922
56,16,1,"White",16.139333184204,1.58501135965436
57,16,1,"White",16.0690471223656,1.54358145095053
58,16,1,"White",15.9999631211362,1.50028085680141
59,16,1,"White",15.9320843658921,1.4561022322395
60,16,1,"White",15.8654133622015,1.41205923497496
61,16,1,"White",15.7999519358244,1.36916552271793
62,16,1,"White",15.7357012327127,1.32843475317855
63,16,1,"White",15.6725092648891,1.29088058406697
64,16,1,"White",15.6083939151188,1.25751667309335
65,16,1,"White",15.5378659415803,1.22935667796782
66,16,1,"White",15.4517765237451,1.20737083717493
67,16,1,"White",15.3373172623772,1.19174992726112
68,16,1,"White",15.1790574866815,1.18201051103764
69,16,1,"White",14.9703546329345,1.1776469206722
70,16,1,"White",14.7247646231138,1.17815348833252
71,16,1,"White",14.4754888434342,1.18302454618633
72,16,1,"White",14.2578805296077,1.19175442640134
73,16,1,"White",14.0919511521029,1.20383746114528
74,16,1,"White",13.980780087533,1.21876798258588
75,16,1,"White",13.9114429977944,1.23607495822653
76,16,1,"White",13.8652240005994,1.25568999134814
77,16,1,"White",13.8278278400078,1.27780445024927
78,16,1,"White",13.7901536168295,1.30261403264548
79,16,1,"White",13.7465936525215,1.33031443625233
80,16,1,"White",13.6933323530834,1.36110135878537
81,16,1,"White",13.6281915603216,1.39517049796015
82,16,1,"White",13.5506305518488,1.43271755149221
83,16,1,"White",13.4616692786395,1.47393821709712
84,16,1,"White",13.36304397814,1.51904573521742
85,16,1,"White",13.2563627873778,1.56839266521206
86,16,1,"White",13.1430289805176,1.62239800376471
87,16,1,"White",13.0242409688606,1.68148115671882
88,16,1,"White",12.9009923008452,1.74606152991784
89,16,1,"White",12.7740716620462,1.81655852920523
90,16,1,"White",12.6440628751759,1.89339156042446
91,16,1,"White",12.5113449000828,1.97698002941898
92,16,1,"White",12.3760918337528,2.06774334203224
93,16,1,"White",12.2382729103083,2.16595119017122
94,16,1,"White",12.0976525010088,2.27103551100049
95,16,1,"White",11.9537901142505,2.38213700129256
96,16,1,"White",11.8060403955664,2.49839606540987
97,16,1,"White",11.6535531276268,2.6189531077149
98,16,1,"White",11.4952732302382,2.74294853257009
99,16,1,"White",11.3299407603446,2.8695227443379
100,16,1,"White",11.1560909120263,2.9978161473808
101,16,1,"White",10.972054016501,3.12696914606124
21,17,1,"White",19.4223213179633,0.89315952318791
22,17,1,"White",19.3233962757954,0.933819549924378
23,17,1,"White",19.2251335269019,0.974694742919772
24,17,1,"White",19.1275600499458,1.01600026843302
25,17,1,"White",19.0307021437821,1.05795129272305
26,17,1,"White",18.9345854274574,1.10076298204879
27,17,1,"White",18.8392348402103,1.14465050266916
28,17,1,"White",18.7446746414711,1.18982902084309
29,17,1,"White",18.6509284108621,1.23651370282951
30,17,1,"White",18.5580190481971,1.28491948353107
31,17,1,"White",18.465968773482,1.33503086700377
32,17,1,"White",18.3747991269142,1.38616952158508
33,17,1,"White",18.2845309688833,1.43753866120132
34,17,1,"White",18.1951844799703,1.48834149977882
35,17,1,"White",18.1067791609484,1.5377812512439
36,17,1,"White",18.0193338327822,1.5850611295229
37,17,1,"White",17.9328666366284,1.62938434854214
38,17,1,"White",17.8473950338355,1.66995412222795
39,17,1,"White",17.7629358059436,1.70597519386391
40,17,1,"White",17.6795050546849,1.73690063611652
41,17,1,"White",17.597118201983,1.76270426779481
42,17,1,"White",17.5157899899538,1.78342547889976
43,17,1,"White",17.4355344809047,1.79910365943234
44,17,1,"White",17.3563650573349,1.80977819939353
45,17,1,"White",17.2782944219355,1.8154884887843
46,17,1,"White",17.2013345975894,1.81627391760564
47,17,1,"White",17.1254969273713,1.81217387585851
48,17,1,"White",17.0507920745477,1.80322923096373
49,17,1,"White",16.9772300225769,1.78956949553228
50,17,1,"White",16.904820075109,1.7714615822199
51,17,1,"White",16.833570855986,1.74918422304103
52,17,1,"White",16.7634903092415,1.72301615001009
53,17,1,"White",16.6945856991012,1.69323609514152
54,17,1,"White",16.6268636099823,1.66012279044976
55,17,1,"White",16.5603299464941,1.62395496794922
56,17,1,"White",16.4949899334374,1.58501135965436
57,17,1,"White",16.4308481158052,1.54358145095053
58,17,1,"White",16.3679083587818,1.50028085680141
59,17,1,"White",16.3061738477438,1.4561022322395
60,17,1,"White",16.2456470882593,1.41205923497496
61,17,1,"White",16.1863299060884,1.36916552271793
62,17,1,"White",16.1282234471827,1.32843475317855
63,17,1,"White",16.0711757235653,1.29088058406697
64,17,1,"White",16.0132046180011,1.25751667309335
65,17,1,"White",15.9488208886687,1.22935667796782
66,17,1,"White",15.8688757150396,1.20737083717493
67,17,1,"White",15.7605606978778,1.19174992726112
68,17,1,"White",15.6084451663882,1.18201051103764
69,17,1,"White",15.4058865568473,1.1776469206722
70,17,1,"White",15.1664407912327,1.17815348833252
71,17,1,"White",14.9233092557592,1.18302454618633
72,17,1,"White",14.7118451861388,1.19175442640134
73,17,1,"White",14.5520600528401,1.20383746114528
74,17,1,"White",14.4470332324763,1.21876798258588
75,17,1,"White",14.3838403869438,1.23607495822653
76,17,1,"White",14.3437656339549,1.25568999134814
77,17,1,"White",14.3125137175694,1.27780445024927
78,17,1,"White",14.2809837385973,1.30261403264548
79,17,1,"White",14.2435680184953,1.33031443625233
80,17,1,"White",14.1964509632633,1.36110135878537
81,17,1,"White",14.1374544147076,1.39517049796015
82,17,1,"White",14.0660376504409,1.43271755149221
83,17,1,"White",13.9832206214377,1.47393821709712
84,17,1,"White",13.8907395651443,1.51904573521742
85,17,1,"White",13.7902026185883,1.56839266521206
86,17,1,"White",13.6830130559342,1.62239800376471
87,17,1,"White",13.5703692884833,1.68148115671882
88,17,1,"White",13.4532648646739,1.74606152991784
89,17,1,"White",13.3324884700811,1.81655852920523
90,17,1,"White",13.2086239274169,1.89339156042446
91,17,1,"White",13.0820501965299,1.97698002941898
92,17,1,"White",12.952941374406,2.06774334203224
93,17,1,"White",12.8212666951676,2.16595119017122
94,17,1,"White",12.6867905300742,2.27103551100049
95,17,1,"White",12.549072387522,2.38213700129256
96,17,1,"White",12.4074669130441,2.49839606540987
97,17,1,"White",12.2611238893105,2.6189531077149
98,17,1,"White",12.108988236128,2.74294853257009
99,17,1,"White",11.9498000104405,2.8695227443379
100,17,1,"White",11.7820944063284,2.9978161473808
101,17,1,"White",11.6042017550091,3.12696914606124
21,18,1,"White",19.4223213179633,0.89315952318791
22,18,1,"White",19.3233962757954,0.933819549924378
23,18,1,"White",19.2251335269019,0.974694742919772
24,18,1,"White",19.1275600499458,1.01600026843302
25,18,1,"White",19.0307021437821,1.05795129272305
26,18,1,"White",18.9345854274574,1.10076298204879
27,18,1,"White",18.8392348402103,1.14465050266916
28,18,1,"White",18.7446746414711,1.18982902084309
29,18,1,"White",18.6509284108621,1.23651370282951
30,18,1,"White",18.5580190481971,1.28491948353107
31,18,1,"White",18.465968773482,1.33503086700377
32,18,1,"White",18.3747991269142,1.38616952158508
33,18,1,"White",18.2845309688833,1.43753866120132
34,18,1,"White",18.1951844799703,1.48834149977882
35,18,1,"White",18.1067791609484,1.5377812512439
36,18,1,"White",18.0193338327822,1.5850611295229
37,18,1,"White",17.9328666366284,1.62938434854214
38,18,1,"White",17.8473950338355,1.66995412222795
39,18,1,"White",17.7629358059436,1.70597519386391
40,18,1,"White",17.6795050546849,1.73690063611652
41,18,1,"White",17.597118201983,1.76270426779481
42,18,1,"White",17.5157899899538,1.78342547889976
43,18,1,"White",17.4355344809047,1.79910365943234
44,18,1,"White",17.3563650573349,1.80977819939353
45,18,1,"White",17.2782944219355,1.8154884887843
46,18,1,"White",17.2013345975894,1.81627391760564
47,18,1,"White",17.1254969273713,1.81217387585851
48,18,1,"White",17.0507920745477,1.80322923096373
49,18,1,"White",16.9772300225769,1.78956949553228
50,18,1,"White",16.904820075109,1.7714615822199
51,18,1,"White",16.833570855986,1.74918422304103
52,18,1,"White",16.7634903092415,1.72301615001009
53,18,1,"White",16.6945856991012,1.69323609514152
54,18,1,"White",16.6268636099823,1.66012279044976
55,18,1,"White",16.5603299464941,1.62395496794922
56,18,1,"White",16.4949899334374,1.58501135965436
57,18,1,"White",16.4308481158052,1.54358145095053
58,18,1,"White",16.3679083587818,1.50028085680141
59,18,1,"White",16.3061738477438,1.4561022322395
60,18,1,"White",16.2456470882593,1.41205923497496
61,18,1,"White",16.1863299060884,1.36916552271793
62,18,1,"White",16.1282234471827,1.32843475317855
63,18,1,"White",16.0711757235653,1.29088058406697
64,18,1,"White",16.0132046180011,1.25751667309335
65,18,1,"White",15.9488208886687,1.22935667796782
66,18,1,"White",15.8688757150396,1.20737083717493
67,18,1,"White",15.7605606978778,1.19174992726112
68,18,1,"White",15.6084451663882,1.18201051103764
69,18,1,"White",15.4058865568473,1.1776469206722
70,18,1,"White",15.1664407912327,1.17815348833252
71,18,1,"White",14.9233092557592,1.18302454618633
72,18,1,"White",14.7118451861388,1.19175442640134
73,18,1,"White",14.5520600528401,1.20383746114528
74,18,1,"White",14.4470332324763,1.21876798258588
75,18,1,"White",14.3838403869438,1.23607495822653
76,18,1,"White",14.3437656339549,1.25568999134814
77,18,1,"White",14.3125137175694,1.27780445024927
78,18,1,"White",14.2809837385973,1.30261403264548
79,18,1,"White",14.2435680184953,1.33031443625233
80,18,1,"White",14.1964509632633,1.36110135878537
81,18,1,"White",14.1374544147076,1.39517049796015
82,18,1,"White",14.0660376504409,1.43271755149221
83,18,1,"White",13.9832206214377,1.47393821709712
84,18,1,"White",13.8907395651443,1.51904573521742
85,18,1,"White",13.7902026185883,1.56839266521206
86,18,1,"White",13.6830130559342,1.62239800376471
87,18,1,"White",13.5703692884833,1.68148115671882
88,18,1,"White",13.4532648646739,1.74606152991784
89,18,1,"White",13.3324884700811,1.81655852920523
90,18,1,"White",13.2086239274169,1.89339156042446
91,18,1,"White",13.0820501965299,1.97698002941898
92,18,1,"White",12.952941374406,2.06774334203224
93,18,1,"White",12.8212666951676,2.16595119017122
94,18,1,"White",12.6867905300742,2.27103551100049
95,18,1,"White",12.549072387522,2.38213700129256
96,18,1,"White",12.4074669130441,2.49839606540987
97,18,1,"White",12.2611238893105,2.6189531077149
98,18,1,"White",12.108988236128,2.74294853257009
99,18,1,"White",11.9498000104405,2.8695227443379
100,18,1,"White",11.7820944063284,2.9978161473808
101,18,1,"White",11.6042017550091,3.12696914606124
21,19,1,"White",19.4223213179633,0.89315952318791
22,19,1,"White",19.3233962757954,0.933819549924378
23,19,1,"White",19.2251335269019,0.974694742919772
24,19,1,"White",19.1275600499458,1.01600026843302
25,19,1,"White",19.0307021437821,1.05795129272305
26,19,1,"White",18.9345854274574,1.10076298204879
27,19,1,"White",18.8392348402103,1.14465050266916
28,19,1,"White",18.7446746414711,1.18982902084309
29,19,1,"White",18.6509284108621,1.23651370282951
30,19,1,"White",18.5580190481971,1.28491948353107
31,19,1,"White",18.465968773482,1.33503086700377
32,19,1,"White",18.3747991269142,1.38616952158508
33,19,1,"White",18.2845309688833,1.43753866120132
34,19,1,"White",18.1951844799703,1.48834149977882
35,19,1,"White",18.1067791609484,1.5377812512439
36,19,1,"White",18.0193338327822,1.5850611295229
37,19,1,"White",17.9328666366284,1.62938434854214
38,19,1,"White",17.8473950338355,1.66995412222795
39,19,1,"White",17.7629358059436,1.70597519386391
40,19,1,"White",17.6795050546849,1.73690063611652
41,19,1,"White",17.597118201983,1.76270426779481
42,19,1,"White",17.5157899899538,1.78342547889976
43,19,1,"White",17.4355344809047,1.79910365943234
44,19,1,"White",17.3563650573349,1.80977819939353
45,19,1,"White",17.2782944219355,1.8154884887843
46,19,1,"White",17.2013345975894,1.81627391760564
47,19,1,"White",17.1254969273713,1.81217387585851
48,19,1,"White",17.0507920745477,1.80322923096373
49,19,1,"White",16.9772300225769,1.78956949553228
50,19,1,"White",16.904820075109,1.7714615822199
51,19,1,"White",16.833570855986,1.74918422304103
52,19,1,"White",16.7634903092415,1.72301615001009
53,19,1,"White",16.6945856991012,1.69323609514152
54,19,1,"White",16.6268636099823,1.66012279044976
55,19,1,"White",16.5603299464941,1.62395496794922
56,19,1,"White",16.4949899334374,1.58501135965436
57,19,1,"White",16.4308481158052,1.54358145095053
58,19,1,"White",16.3679083587818,1.50028085680141
59,19,1,"White",16.3061738477438,1.4561022322395
60,19,1,"White",16.2456470882593,1.41205923497496
61,19,1,"White",16.1863299060884,1.36916552271793
62,19,1,"White",16.1282234471827,1.32843475317855
63,19,1,"White",16.0711757235653,1.29088058406697
64,19,1,"White",16.0132046180011,1.25751667309335
65,19,1,"White",15.9488208886687,1.22935667796782
66,19,1,"White",15.8688757150396,1.20737083717493
67,19,1,"White",15.7605606978778,1.19174992726112
68,19,1,"White",15.6084451663882,1.18201051103764
69,19,1,"White",15.4058865568473,1.1776469206722
70,19,1,"White",15.1664407912327,1.17815348833252
71,19,1,"White",14.9233092557592,1.18302454618633
72,19,1,"White",14.7118451861388,1.19175442640134
73,19,1,"White",14.5520600528401,1.20383746114528
74,19,1,"White",14.4470332324763,1.21876798258588
75,19,1,"White",14.3838403869438,1.23607495822653
76,19,1,"White",14.3437656339549,1.25568999134814
77,19,1,"White",14.3125137175694,1.27780445024927
78,19,1,"White",14.2809837385973,1.30261403264548
79,19,1,"White",14.2435680184953,1.33031443625233
80,19,1,"White",14.1964509632633,1.36110135878537
81,19,1,"White",14.1374544147076,1.39517049796015
82,19,1,"White",14.0660376504409,1.43271755149221
83,19,1,"White",13.9832206214377,1.47393821709712
84,19,1,"White",13.8907395651443,1.51904573521742
85,19,1,"White",13.7902026185883,1.56839266521206
86,19,1,"White",13.6830130559342,1.62239800376471
87,19,1,"White",13.5703692884833,1.68148115671882
88,19,1,"White",13.4532648646739,1.74606152991784
89,19,1,"White",13.3324884700811,1.81655852920523
90,19,1,"White",13.2086239274169,1.89339156042446
91,19,1,"White",13.0820501965299,1.97698002941898
92,19,1,"White",12.952941374406,2.06774334203224
93,19,1,"White",12.8212666951676,2.16595119017122
94,19,1,"White",12.6867905300742,2.27103551100049
95,19,1,"White",12.549072387522,2.38213700129256
96,19,1,"White",12.4074669130441,2.49839606540987
97,19,1,"White",12.2611238893105,2.6189531077149
98,19,1,"White",12.108988236128,2.74294853257009
99,19,1,"White",11.9498000104405,2.8695227443379
100,19,1,"White",11.7820944063284,2.9978161473808
101,19,1,"White",11.6042017550091,3.12696914606124
21,20,1,"White",19.4223213179633,0.89315952318791
22,20,1,"White",19.3233962757954,0.933819549924378
23,20,1,"White",19.2251335269019,0.974694742919772
24,20,1,"White",19.1275600499458,1.01600026843302
25,20,1,"White",19.0307021437821,1.05795129272305
26,20,1,"White",18.9345854274574,1.10076298204879
27,20,1,"White",18.8392348402103,1.14465050266916
28,20,1,"White",18.7446746414711,1.18982902084309
29,20,1,"White",18.6509284108621,1.23651370282951
30,20,1,"White",18.5580190481971,1.28491948353107
31,20,1,"White",18.465968773482,1.33503086700377
32,20,1,"White",18.3747991269142,1.38616952158508
33,20,1,"White",18.2845309688833,1.43753866120132
34,20,1,"White",18.1951844799703,1.48834149977882
35,20,1,"White",18.1067791609484,1.5377812512439
36,20,1,"White",18.0193338327822,1.5850611295229
37,20,1,"White",17.9328666366284,1.62938434854214
38,20,1,"White",17.8473950338355,1.66995412222795
39,20,1,"White",17.7629358059436,1.70597519386391
40,20,1,"White",17.6795050546849,1.73690063611652
41,20,1,"White",17.597118201983,1.76270426779481
42,20,1,"White",17.5157899899538,1.78342547889976
43,20,1,"White",17.4355344809047,1.79910365943234
44,20,1,"White",17.3563650573349,1.80977819939353
45,20,1,"White",17.2782944219355,1.8154884887843
46,20,1,"White",17.2013345975894,1.81627391760564
47,20,1,"White",17.1254969273713,1.81217387585851
48,20,1,"White",17.0507920745477,1.80322923096373
49,20,1,"White",16.9772300225769,1.78956949553228
50,20,1,"White",16.904820075109,1.7714615822199
51,20,1,"White",16.833570855986,1.74918422304103
52,20,1,"White",16.7634903092415,1.72301615001009
53,20,1,"White",16.6945856991012,1.69323609514152
54,20,1,"White",16.6268636099823,1.66012279044976
55,20,1,"White",16.5603299464941,1.62395496794922
56,20,1,"White",16.4949899334374,1.58501135965436
57,20,1,"White",16.4308481158052,1.54358145095053
58,20,1,"White",16.3679083587818,1.50028085680141
59,20,1,"White",16.3061738477438,1.4561022322395
60,20,1,"White",16.2456470882593,1.41205923497496
61,20,1,"White",16.1863299060884,1.36916552271793
62,20,1,"White",16.1282234471827,1.32843475317855
63,20,1,"White",16.0711757235653,1.29088058406697
64,20,1,"White",16.0132046180011,1.25751667309335
65,20,1,"White",15.9488208886687,1.22935667796782
66,20,1,"White",15.8688757150396,1.20737083717493
67,20,1,"White",15.7605606978778,1.19174992726112
68,20,1,"White",15.6084451663882,1.18201051103764
69,20,1,"White",15.4058865568473,1.1776469206722
70,20,1,"White",15.1664407912327,1.17815348833252
71,20,1,"White",14.9233092557592,1.18302454618633
72,20,1,"White",14.7118451861388,1.19175442640134
73,20,1,"White",14.5520600528401,1.20383746114528
74,20,1,"White",14.4470332324763,1.21876798258588
75,20,1,"White",14.3838403869438,1.23607495822653
76,20,1,"White",14.3437656339549,1.25568999134814
77,20,1,"White",14.3125137175694,1.27780445024927
78,20,1,"White",14.2809837385973,1.30261403264548
79,20,1,"White",14.2435680184953,1.33031443625233
80,20,1,"White",14.1964509632633,1.36110135878537
81,20,1,"White",14.1374544147076,1.39517049796015
82,20,1,"White",14.0660376504409,1.43271755149221
83,20,1,"White",13.9832206214377,1.47393821709712
84,20,1,"White",13.8907395651443,1.51904573521742
85,20,1,"White",13.7902026185883,1.56839266521206
86,20,1,"White",13.6830130559342,1.62239800376471
87,20,1,"White",13.5703692884833,1.68148115671882
88,20,1,"White",13.4532648646739,1.74606152991784
89,20,1,"White",13.3324884700811,1.81655852920523
90,20,1,"White",13.2086239274169,1.89339156042446
91,20,1,"White",13.0820501965299,1.97698002941898
92,20,1,"White",12.952941374406,2.06774334203224
93,20,1,"White",12.8212666951676,2.16595119017122
94,20,1,"White",12.6867905300742,2.27103551100049
95,20,1,"White",12.549072387522,2.38213700129256
96,20,1,"White",12.4074669130441,2.49839606540987
97,20,1,"White",12.2611238893105,2.6189531077149
98,20,1,"White",12.108988236128,2.74294853257009
99,20,1,"White",11.9498000104405,2.8695227443379
100,20,1,"White",11.7820944063284,2.9978161473808
101,20,1,"White",11.6042017550091,3.12696914606124
21,21,1,"White",19.4223213179633,0.89315952318791
22,21,1,"White",19.3233962757954,0.933819549924378
23,21,1,"White",19.2251335269019,0.974694742919772
24,21,1,"White",19.1275600499458,1.01600026843302
25,21,1,"White",19.0307021437821,1.05795129272305
26,21,1,"White",18.9345854274574,1.10076298204879
27,21,1,"White",18.8392348402103,1.14465050266916
28,21,1,"White",18.7446746414711,1.18982902084309
29,21,1,"White",18.6509284108621,1.23651370282951
30,21,1,"White",18.5580190481971,1.28491948353107
31,21,1,"White",18.465968773482,1.33503086700377
32,21,1,"White",18.3747991269142,1.38616952158508
33,21,1,"White",18.2845309688833,1.43753866120132
34,21,1,"White",18.1951844799703,1.48834149977882
35,21,1,"White",18.1067791609484,1.5377812512439
36,21,1,"White",18.0193338327822,1.5850611295229
37,21,1,"White",17.9328666366284,1.62938434854214
38,21,1,"White",17.8473950338355,1.66995412222795
39,21,1,"White",17.7629358059436,1.70597519386391
40,21,1,"White",17.6795050546849,1.73690063611652
41,21,1,"White",17.597118201983,1.76270426779481
42,21,1,"White",17.5157899899538,1.78342547889976
43,21,1,"White",17.4355344809047,1.79910365943234
44,21,1,"White",17.3563650573349,1.80977819939353
45,21,1,"White",17.2782944219355,1.8154884887843
46,21,1,"White",17.2013345975894,1.81627391760564
47,21,1,"White",17.1254969273713,1.81217387585851
48,21,1,"White",17.0507920745477,1.80322923096373
49,21,1,"White",16.9772300225769,1.78956949553228
50,21,1,"White",16.904820075109,1.7714615822199
51,21,1,"White",16.833570855986,1.74918422304103
52,21,1,"White",16.7634903092415,1.72301615001009
53,21,1,"White",16.6945856991012,1.69323609514152
54,21,1,"White",16.6268636099823,1.66012279044976
55,21,1,"White",16.5603299464941,1.62395496794922
56,21,1,"White",16.4949899334374,1.58501135965436
57,21,1,"White",16.4308481158052,1.54358145095053
58,21,1,"White",16.3679083587818,1.50028085680141
59,21,1,"White",16.3061738477438,1.4561022322395
60,21,1,"White",16.2456470882593,1.41205923497496
61,21,1,"White",16.1863299060884,1.36916552271793
62,21,1,"White",16.1282234471827,1.32843475317855
63,21,1,"White",16.0711757235653,1.29088058406697
64,21,1,"White",16.0132046180011,1.25751667309335
65,21,1,"White",15.9488208886687,1.22935667796782
66,21,1,"White",15.8688757150396,1.20737083717493
67,21,1,"White",15.7605606978778,1.19174992726112
68,21,1,"White",15.6084451663882,1.18201051103764
69,21,1,"White",15.4058865568473,1.1776469206722
70,21,1,"White",15.1664407912327,1.17815348833252
71,21,1,"White",14.9233092557592,1.18302454618633
72,21,1,"White",14.7118451861388,1.19175442640134
73,21,1,"White",14.5520600528401,1.20383746114528
74,21,1,"White",14.4470332324763,1.21876798258588
75,21,1,"White",14.3838403869438,1.23607495822653
76,21,1,"White",14.3437656339549,1.25568999134814
77,21,1,"White",14.3125137175694,1.27780445024927
78,21,1,"White",14.2809837385973,1.30261403264548
79,21,1,"White",14.2435680184953,1.33031443625233
80,21,1,"White",14.1964509632633,1.36110135878537
81,21,1,"White",14.1374544147076,1.39517049796015
82,21,1,"White",14.0660376504409,1.43271755149221
83,21,1,"White",13.9832206214377,1.47393821709712
84,21,1,"White",13.8907395651443,1.51904573521742
85,21,1,"White",13.7902026185883,1.56839266521206
86,21,1,"White",13.6830130559342,1.62239800376471
87,21,1,"White",13.5703692884833,1.68148115671882
88,21,1,"White",13.4532648646739,1.74606152991784
89,21,1,"White",13.3324884700811,1.81655852920523
90,21,1,"White",13.2086239274169,1.89339156042446
91,21,1,"White",13.0820501965299,1.97698002941898
92,21,1,"White",12.952941374406,2.06774334203224
93,21,1,"White",12.8212666951676,2.16595119017122
94,21,1,"White",12.6867905300742,2.27103551100049
95,21,1,"White",12.549072387522,2.38213700129256
96,21,1,"White",12.4074669130441,2.49839606540987
97,21,1,"White",12.2611238893105,2.6189531077149
98,21,1,"White",12.108988236128,2.74294853257009
99,21,1,"White",11.9498000104405,2.8695227443379
100,21,1,"White",11.7820944063284,2.9978161473808
101,21,1,"White",11.6042017550091,3.12696914606124
21,22,1,"White",19.4223213179633,0.89315952318791
22,22,1,"White",19.3233962757954,0.933819549924378
23,22,1,"White",19.2251335269019,0.974694742919772
24,22,1,"White",19.1275600499458,1.01600026843302
25,22,1,"White",19.0307021437821,1.05795129272305
26,22,1,"White",18.9345854274574,1.10076298204879
27,22,1,"White",18.8392348402103,1.14465050266916
28,22,1,"White",18.7446746414711,1.18982902084309
29,22,1,"White",18.6509284108621,1.23651370282951
30,22,1,"White",18.5580190481971,1.28491948353107
31,22,1,"White",18.465968773482,1.33503086700377
32,22,1,"White",18.3747991269142,1.38616952158508
33,22,1,"White",18.2845309688833,1.43753866120132
34,22,1,"White",18.1951844799703,1.48834149977882
35,22,1,"White",18.1067791609484,1.5377812512439
36,22,1,"White",18.0193338327822,1.5850611295229
37,22,1,"White",17.9328666366284,1.62938434854214
38,22,1,"White",17.8473950338355,1.66995412222795
39,22,1,"White",17.7629358059436,1.70597519386391
40,22,1,"White",17.6795050546849,1.73690063611652
41,22,1,"White",17.597118201983,1.76270426779481
42,22,1,"White",17.5157899899538,1.78342547889976
43,22,1,"White",17.4355344809047,1.79910365943234
44,22,1,"White",17.3563650573349,1.80977819939353
45,22,1,"White",17.2782944219355,1.8154884887843
46,22,1,"White",17.2013345975894,1.81627391760564
47,22,1,"White",17.1254969273713,1.81217387585851
48,22,1,"White",17.0507920745477,1.80322923096373
49,22,1,"White",16.9772300225769,1.78956949553228
50,22,1,"White",16.904820075109,1.7714615822199
51,22,1,"White",16.833570855986,1.74918422304103
52,22,1,"White",16.7634903092415,1.72301615001009
53,22,1,"White",16.6945856991012,1.69323609514152
54,22,1,"White",16.6268636099823,1.66012279044976
55,22,1,"White",16.5603299464941,1.62395496794922
56,22,1,"White",16.4949899334374,1.58501135965436
57,22,1,"White",16.4308481158052,1.54358145095053
58,22,1,"White",16.3679083587818,1.50028085680141
59,22,1,"White",16.3061738477438,1.4561022322395
60,22,1,"White",16.2456470882593,1.41205923497496
61,22,1,"White",16.1863299060884,1.36916552271793
62,22,1,"White",16.1282234471827,1.32843475317855
63,22,1,"White",16.0711757235653,1.29088058406697
64,22,1,"White",16.0132046180011,1.25751667309335
65,22,1,"White",15.9488208886687,1.22935667796782
66,22,1,"White",15.8688757150396,1.20737083717493
67,22,1,"White",15.7605606978778,1.19174992726112
68,22,1,"White",15.6084451663882,1.18201051103764
69,22,1,"White",15.4058865568473,1.1776469206722
70,22,1,"White",15.1664407912327,1.17815348833252
71,22,1,"White",14.9233092557592,1.18302454618633
72,22,1,"White",14.7118451861388,1.19175442640134
73,22,1,"White",14.5520600528401,1.20383746114528
74,22,1,"White",14.4470332324763,1.21876798258588
75,22,1,"White",14.3838403869438,1.23607495822653
76,22,1,"White",14.3437656339549,1.25568999134814
77,22,1,"White",14.3125137175694,1.27780445024927
78,22,1,"White",14.2809837385973,1.30261403264548
79,22,1,"White",14.2435680184953,1.33031443625233
80,22,1,"White",14.1964509632633,1.36110135878537
81,22,1,"White",14.1374544147076,1.39517049796015
82,22,1,"White",14.0660376504409,1.43271755149221
83,22,1,"White",13.9832206214377,1.47393821709712
84,22,1,"White",13.8907395651443,1.51904573521742
85,22,1,"White",13.7902026185883,1.56839266521206
86,22,1,"White",13.6830130559342,1.62239800376471
87,22,1,"White",13.5703692884833,1.68148115671882
88,22,1,"White",13.4532648646739,1.74606152991784
89,22,1,"White",13.3324884700811,1.81655852920523
90,22,1,"White",13.2086239274169,1.89339156042446
91,22,1,"White",13.0820501965299,1.97698002941898
92,22,1,"White",12.952941374406,2.06774334203224
93,22,1,"White",12.8212666951676,2.16595119017122
94,22,1,"White",12.6867905300742,2.27103551100049
95,22,1,"White",12.549072387522,2.38213700129256
96,22,1,"White",12.4074669130441,2.49839606540987
97,22,1,"White",12.2611238893105,2.6189531077149
98,22,1,"White",12.108988236128,2.74294853257009
99,22,1,"White",11.9498000104405,2.8695227443379
100,22,1,"White",11.7820944063284,2.9978161473808
101,22,1,"White",11.6042017550091,3.12696914606124
21,23,1,"White",19.4223213179633,0.89315952318791
22,23,1,"White",19.3233962757954,0.933819549924378
23,23,1,"White",19.2251335269019,0.974694742919772
24,23,1,"White",19.1275600499458,1.01600026843302
25,23,1,"White",19.0307021437821,1.05795129272305
26,23,1,"White",18.9345854274574,1.10076298204879
27,23,1,"White",18.8392348402103,1.14465050266916
28,23,1,"White",18.7446746414711,1.18982902084309
29,23,1,"White",18.6509284108621,1.23651370282951
30,23,1,"White",18.5580190481971,1.28491948353107
31,23,1,"White",18.465968773482,1.33503086700377
32,23,1,"White",18.3747991269142,1.38616952158508
33,23,1,"White",18.2845309688833,1.43753866120132
34,23,1,"White",18.1951844799703,1.48834149977882
35,23,1,"White",18.1067791609484,1.5377812512439
36,23,1,"White",18.0193338327822,1.5850611295229
37,23,1,"White",17.9328666366284,1.62938434854214
38,23,1,"White",17.8473950338355,1.66995412222795
39,23,1,"White",17.7629358059436,1.70597519386391
40,23,1,"White",17.6795050546849,1.73690063611652
41,23,1,"White",17.597118201983,1.76270426779481
42,23,1,"White",17.5157899899538,1.78342547889976
43,23,1,"White",17.4355344809047,1.79910365943234
44,23,1,"White",17.3563650573349,1.80977819939353
45,23,1,"White",17.2782944219355,1.8154884887843
46,23,1,"White",17.2013345975894,1.81627391760564
47,23,1,"White",17.1254969273713,1.81217387585851
48,23,1,"White",17.0507920745477,1.80322923096373
49,23,1,"White",16.9772300225769,1.78956949553228
50,23,1,"White",16.904820075109,1.7714615822199
51,23,1,"White",16.833570855986,1.74918422304103
52,23,1,"White",16.7634903092415,1.72301615001009
53,23,1,"White",16.6945856991012,1.69323609514152
54,23,1,"White",16.6268636099823,1.66012279044976
55,23,1,"White",16.5603299464941,1.62395496794922
56,23,1,"White",16.4949899334374,1.58501135965436
57,23,1,"White",16.4308481158052,1.54358145095053
58,23,1,"White",16.3679083587818,1.50028085680141
59,23,1,"White",16.3061738477438,1.4561022322395
60,23,1,"White",16.2456470882593,1.41205923497496
61,23,1,"White",16.1863299060884,1.36916552271793
62,23,1,"White",16.1282234471827,1.32843475317855
63,23,1,"White",16.0711757235653,1.29088058406697
64,23,1,"White",16.0132046180011,1.25751667309335
65,23,1,"White",15.9488208886687,1.22935667796782
66,23,1,"White",15.8688757150396,1.20737083717493
67,23,1,"White",15.7605606978778,1.19174992726112
68,23,1,"White",15.6084451663882,1.18201051103764
69,23,1,"White",15.4058865568473,1.1776469206722
70,23,1,"White",15.1664407912327,1.17815348833252
71,23,1,"White",14.9233092557592,1.18302454618633
72,23,1,"White",14.7118451861388,1.19175442640134
73,23,1,"White",14.5520600528401,1.20383746114528
74,23,1,"White",14.4470332324763,1.21876798258588
75,23,1,"White",14.3838403869438,1.23607495822653
76,23,1,"White",14.3437656339549,1.25568999134814
77,23,1,"White",14.3125137175694,1.27780445024927
78,23,1,"White",14.2809837385973,1.30261403264548
79,23,1,"White",14.2435680184953,1.33031443625233
80,23,1,"White",14.1964509632633,1.36110135878537
81,23,1,"White",14.1374544147076,1.39517049796015
82,23,1,"White",14.0660376504409,1.43271755149221
83,23,1,"White",13.9832206214377,1.47393821709712
84,23,1,"White",13.8907395651443,1.51904573521742
85,23,1,"White",13.7902026185883,1.56839266521206
86,23,1,"White",13.6830130559342,1.62239800376471
87,23,1,"White",13.5703692884833,1.68148115671882
88,23,1,"White",13.4532648646739,1.74606152991784
89,23,1,"White",13.3324884700811,1.81655852920523
90,23,1,"White",13.2086239274169,1.89339156042446
91,23,1,"White",13.0820501965299,1.97698002941898
92,23,1,"White",12.952941374406,2.06774334203224
93,23,1,"White",12.8212666951676,2.16595119017122
94,23,1,"White",12.6867905300742,2.27103551100049
95,23,1,"White",12.549072387522,2.38213700129256
96,23,1,"White",12.4074669130441,2.49839606540987
97,23,1,"White",12.2611238893105,2.6189531077149
98,23,1,"White",12.108988236128,2.74294853257009
99,23,1,"White",11.9498000104405,2.8695227443379
100,23,1,"White",11.7820944063284,2.9978161473808
101,23,1,"White",11.6042017550091,3.12696914606124
21,24,1,"White",19.4223213179633,0.89315952318791
22,24,1,"White",19.3233962757954,0.933819549924378
23,24,1,"White",19.2251335269019,0.974694742919772
24,24,1,"White",19.1275600499458,1.01600026843302
25,24,1,"White",19.0307021437821,1.05795129272305
26,24,1,"White",18.9345854274574,1.10076298204879
27,24,1,"White",18.8392348402103,1.14465050266916
28,24,1,"White",18.7446746414711,1.18982902084309
29,24,1,"White",18.6509284108621,1.23651370282951
30,24,1,"White",18.5580190481971,1.28491948353107
31,24,1,"White",18.465968773482,1.33503086700377
32,24,1,"White",18.3747991269142,1.38616952158508
33,24,1,"White",18.2845309688833,1.43753866120132
34,24,1,"White",18.1951844799703,1.48834149977882
35,24,1,"White",18.1067791609484,1.5377812512439
36,24,1,"White",18.0193338327822,1.5850611295229
37,24,1,"White",17.9328666366284,1.62938434854214
38,24,1,"White",17.8473950338355,1.66995412222795
39,24,1,"White",17.7629358059436,1.70597519386391
40,24,1,"White",17.6795050546849,1.73690063611652
41,24,1,"White",17.597118201983,1.76270426779481
42,24,1,"White",17.5157899899538,1.78342547889976
43,24,1,"White",17.4355344809047,1.79910365943234
44,24,1,"White",17.3563650573349,1.80977819939353
45,24,1,"White",17.2782944219355,1.8154884887843
46,24,1,"White",17.2013345975894,1.81627391760564
47,24,1,"White",17.1254969273713,1.81217387585851
48,24,1,"White",17.0507920745477,1.80322923096373
49,24,1,"White",16.9772300225769,1.78956949553228
50,24,1,"White",16.904820075109,1.7714615822199
51,24,1,"White",16.833570855986,1.74918422304103
52,24,1,"White",16.7634903092415,1.72301615001009
53,24,1,"White",16.6945856991012,1.69323609514152
54,24,1,"White",16.6268636099823,1.66012279044976
55,24,1,"White",16.5603299464941,1.62395496794922
56,24,1,"White",16.4949899334374,1.58501135965436
57,24,1,"White",16.4308481158052,1.54358145095053
58,24,1,"White",16.3679083587818,1.50028085680141
59,24,1,"White",16.3061738477438,1.4561022322395
60,24,1,"White",16.2456470882593,1.41205923497496
61,24,1,"White",16.1863299060884,1.36916552271793
62,24,1,"White",16.1282234471827,1.32843475317855
63,24,1,"White",16.0711757235653,1.29088058406697
64,24,1,"White",16.0132046180011,1.25751667309335
65,24,1,"White",15.9488208886687,1.22935667796782
66,24,1,"White",15.8688757150396,1.20737083717493
67,24,1,"White",15.7605606978778,1.19174992726112
68,24,1,"White",15.6084451663882,1.18201051103764
69,24,1,"White",15.4058865568473,1.1776469206722
70,24,1,"White",15.1664407912327,1.17815348833252
71,24,1,"White",14.9233092557592,1.18302454618633
72,24,1,"White",14.7118451861388,1.19175442640134
73,24,1,"White",14.5520600528401,1.20383746114528
74,24,1,"White",14.4470332324763,1.21876798258588
75,24,1,"White",14.3838403869438,1.23607495822653
76,24,1,"White",14.3437656339549,1.25568999134814
77,24,1,"White",14.3125137175694,1.27780445024927
78,24,1,"White",14.2809837385973,1.30261403264548
79,24,1,"White",14.2435680184953,1.33031443625233
80,24,1,"White",14.1964509632633,1.36110135878537
81,24,1,"White",14.1374544147076,1.39517049796015
82,24,1,"White",14.0660376504409,1.43271755149221
83,24,1,"White",13.9832206214377,1.47393821709712
84,24,1,"White",13.8907395651443,1.51904573521742
85,24,1,"White",13.7902026185883,1.56839266521206
86,24,1,"White",13.6830130559342,1.62239800376471
87,24,1,"White",13.5703692884833,1.68148115671882
88,24,1,"White",13.4532648646739,1.74606152991784
89,24,1,"White",13.3324884700811,1.81655852920523
90,24,1,"White",13.2086239274169,1.89339156042446
91,24,1,"White",13.0820501965299,1.97698002941898
92,24,1,"White",12.952941374406,2.06774334203224
93,24,1,"White",12.8212666951676,2.16595119017122
94,24,1,"White",12.6867905300742,2.27103551100049
95,24,1,"White",12.549072387522,2.38213700129256
96,24,1,"White",12.4074669130441,2.49839606540987
97,24,1,"White",12.2611238893105,2.6189531077149
98,24,1,"White",12.108988236128,2.74294853257009
99,24,1,"White",11.9498000104405,2.8695227443379
100,24,1,"White",11.7820944063284,2.9978161473808
101,24,1,"White",11.6042017550091,3.12696914606124
21,25,1,"White",19.4223213179633,0.89315952318791
22,25,1,"White",19.3233962757954,0.933819549924378
23,25,1,"White",19.2251335269019,0.974694742919772
24,25,1,"White",19.1275600499458,1.01600026843302
25,25,1,"White",19.0307021437821,1.05795129272305
26,25,1,"White",18.9345854274574,1.10076298204879
27,25,1,"White",18.8392348402103,1.14465050266916
28,25,1,"White",18.7446746414711,1.18982902084309
29,25,1,"White",18.6509284108621,1.23651370282951
30,25,1,"White",18.5580190481971,1.28491948353107
31,25,1,"White",18.465968773482,1.33503086700377
32,25,1,"White",18.3747991269142,1.38616952158508
33,25,1,"White",18.2845309688833,1.43753866120132
34,25,1,"White",18.1951844799703,1.48834149977882
35,25,1,"White",18.1067791609484,1.5377812512439
36,25,1,"White",18.0193338327822,1.5850611295229
37,25,1,"White",17.9328666366284,1.62938434854214
38,25,1,"White",17.8473950338355,1.66995412222795
39,25,1,"White",17.7629358059436,1.70597519386391
40,25,1,"White",17.6795050546849,1.73690063611652
41,25,1,"White",17.597118201983,1.76270426779481
42,25,1,"White",17.5157899899538,1.78342547889976
43,25,1,"White",17.4355344809047,1.79910365943234
44,25,1,"White",17.3563650573349,1.80977819939353
45,25,1,"White",17.2782944219355,1.8154884887843
46,25,1,"White",17.2013345975894,1.81627391760564
47,25,1,"White",17.1254969273713,1.81217387585851
48,25,1,"White",17.0507920745477,1.80322923096373
49,25,1,"White",16.9772300225769,1.78956949553228
50,25,1,"White",16.904820075109,1.7714615822199
51,25,1,"White",16.833570855986,1.74918422304103
52,25,1,"White",16.7634903092415,1.72301615001009
53,25,1,"White",16.6945856991012,1.69323609514152
54,25,1,"White",16.6268636099823,1.66012279044976
55,25,1,"White",16.5603299464941,1.62395496794922
56,25,1,"White",16.4949899334374,1.58501135965436
57,25,1,"White",16.4308481158052,1.54358145095053
58,25,1,"White",16.3679083587818,1.50028085680141
59,25,1,"White",16.3061738477438,1.4561022322395
60,25,1,"White",16.2456470882593,1.41205923497496
61,25,1,"White",16.1863299060884,1.36916552271793
62,25,1,"White",16.1282234471827,1.32843475317855
63,25,1,"White",16.0711757235653,1.29088058406697
64,25,1,"White",16.0132046180011,1.25751667309335
65,25,1,"White",15.9488208886687,1.22935667796782
66,25,1,"White",15.8688757150396,1.20737083717493
67,25,1,"White",15.7605606978778,1.19174992726112
68,25,1,"White",15.6084451663882,1.18201051103764
69,25,1,"White",15.4058865568473,1.1776469206722
70,25,1,"White",15.1664407912327,1.17815348833252
71,25,1,"White",14.9233092557592,1.18302454618633
72,25,1,"White",14.7118451861388,1.19175442640134
73,25,1,"White",14.5520600528401,1.20383746114528
74,25,1,"White",14.4470332324763,1.21876798258588
75,25,1,"White",14.3838403869438,1.23607495822653
76,25,1,"White",14.3437656339549,1.25568999134814
77,25,1,"White",14.3125137175694,1.27780445024927
78,25,1,"White",14.2809837385973,1.30261403264548
79,25,1,"White",14.2435680184953,1.33031443625233
80,25,1,"White",14.1964509632633,1.36110135878537
81,25,1,"White",14.1374544147076,1.39517049796015
82,25,1,"White",14.0660376504409,1.43271755149221
83,25,1,"White",13.9832206214377,1.47393821709712
84,25,1,"White",13.8907395651443,1.51904573521742
85,25,1,"White",13.7902026185883,1.56839266521206
86,25,1,"White",13.6830130559342,1.62239800376471
87,25,1,"White",13.5703692884833,1.68148115671882
88,25,1,"White",13.4532648646739,1.74606152991784
89,25,1,"White",13.3324884700811,1.81655852920523
90,25,1,"White",13.2086239274169,1.89339156042446
91,25,1,"White",13.0820501965299,1.97698002941898
92,25,1,"White",12.952941374406,2.06774334203224
93,25,1,"White",12.8212666951676,2.16595119017122
94,25,1,"White",12.6867905300742,2.27103551100049
95,25,1,"White",12.549072387522,2.38213700129256
96,25,1,"White",12.4074669130441,2.49839606540987
97,25,1,"White",12.2611238893105,2.6189531077149
98,25,1,"White",12.108988236128,2.74294853257009
99,25,1,"White",11.9498000104405,2.8695227443379
100,25,1,"White",11.7820944063284,2.9978161473808
101,25,1,"White",11.6042017550091,3.12696914606124
21,10,0,"Black",17.7859255294982,0.424032018612402
22,10,0,"Black",17.7829172874562,0.492696013339178
23,10,0,"Black",17.7742391351492,0.561360008065954
24,10,0,"Black",17.7600412784366,0.630024002792734
25,10,0,"Black",17.7404751332716,0.69868799751951
26,10,0,"Black",17.7156933257012,0.767351992246288
27,10,0,"Black",17.6858496918662,0.836015986973064
28,10,0,"Black",17.6510992780013,0.904679981699842
29,10,0,"Black",17.6115983404352,0.97334397642662
30,10,0,"Black",17.56750434559,1.0420079711534
31,10,0,"Black",17.5189759699821,1.11067196588017
32,10,0,"Black",17.4661731002214,1.17933596060695
33,10,0,"Black",17.4092568330118,1.24799995533373
34,10,0,"Black",17.348389475151,1.31666395006051
35,10,0,"Black",17.2837345435306,1.38532794478728
36,10,0,"Black",17.2154567651359,1.45399193951406
37,10,0,"Black",17.1437220770461,1.52265593424084
38,10,0,"Black",17.0686976264343,1.59131992896762
39,10,0,"Black",16.9905517705673,1.65998392369439
40,10,0,"Black",16.9094540768059,1.72864791842117
41,10,0,"Black",16.8255753226046,1.7972306335599
42,10,0,"Black",16.7390874955118,1.86532567117034
43,10,0,"Black",16.6501637931697,1.9324453537242
44,10,0,"Black",16.5589786233143,1.99810200369319
45,10,0,"Black",16.4657076037756,2.06180794354903
46,10,0,"Black",16.3705275624773,2.12307549576342
47,10,0,"Black",16.2736165374369,2.18141228886978
48,10,0,"Black",16.1751537767658,2.23556377317044
49,10,0,"Black",16.0753197386692,2.2826771129774
50,10,0,"Black",15.9742960914463,2.31969821999812
51,10,0,"Black",15.8722657134899,2.34357300594011
52,10,0,"Black",15.7694126932867,2.35124738251082
53,10,0,"Black",15.6659223294173,2.33966726141775
54,10,0,"Black",15.5619811305562,2.30589495853432
55,10,0,"Black",15.4577768154715,2.25052310982929
56,10,0,"Black",15.3534983130253,2.1782257723399
57,10,0,"Black",15.2493357621736,2.09390435499
58,10,0,"Black",15.1454805119661,2.00246026670344
59,10,0,"Black",15.0421251215463,1.90879491640408
60,10,0,"Black",14.9394633601518,1.81780971301578
61,10,0,"Black",14.8376902071137,1.73420224358248
62,10,0,"Black",14.7370018518571,1.66030066579431
63,10,0,"Black",14.6375215694607,1.59690447324216
64,10,0,"Black",14.538484351814,1.54478768178193
65,10,0,"Black",14.4374215387745,1.50472430726951
66,10,0,"Black",14.3300866937278,1.47748836556081
67,10,0,"Black",14.2104556035871,1.46385387251171
68,10,0,"Black",14.0711226630697,1.4643019524239
69,10,0,"Black",13.9076611017374,1.47767479541382
70,10,0,"Black",13.7229832110358,1.50224482599635
71,10,0,"Black",13.5272648731134,1.53628389663256
72,10,0,"Black",13.3327551507821,1.57806385978351
73,10,0,"Black",13.1485858774795,1.62585656791025
74,10,0,"Black",12.9802998018101,1.67793452116973
75,10,0,"Black",12.8298464562942,1.73321532480724
76,10,0,"Black",12.6955367135995,1.79247223274095
77,10,0,"Black",12.5719973427728,1.85681011917543
78,10,0,"Black",12.450441376294,1.92733385831522
79,10,0,"Black",12.3216875914314,2.00514832436489
80,10,0,"Black",12.1791799915973,2.091358391529
81,10,0,"Black",12.0192623046536,2.18705552901212
82,10,0,"Black",11.8411779829111,2.29252690601953
83,10,0,"Black",11.6469222483214,2.40681302675768
84,10,0,"Black",11.4396145895788,2.52884715543306
85,10,0,"Black",11.2218712592231,2.65756255625221
86,10,0,"Black",10.995657318831,2.79189249342164
87,10,0,"Black",10.7622866390155,2.93077023114787
88,10,0,"Black",10.5224218994264,3.0732024693107
89,10,0,"Black",10.2760745887501,3.21951422499691
90,10,0,"Black",10.0226050047096,3.37117082442813
91,10,0,"Black",9.76072225406475,3.52967519289074
92,10,0,"Black",9.48848425261174,3.69653025567111
93,10,0,"Black",9.20329772518356,3.87323893805562
94,10,0,"Black",8.90191820564979,4.06130416533064
95,10,0,"Black",8.58045003691666,4.2619583601217
96,10,0,"Black",8.23434637092702,4.47428569651752
97,10,0,"Black",7.85840916866038,4.69634590850061
98,10,0,"Black",7.44678920013287,4.92619242095352
99,10,0,"Black",6.99298604439725,5.16187865875879
100,10,0,"Black",6.48984808954293,5.40145804679897
101,10,0,"Black",5.92957253269593,5.6429840099566
21,11,0,"Black",17.7859255294982,0.424032018612402
22,11,0,"Black",17.7829172874562,0.492696013339178
23,11,0,"Black",17.7742391351492,0.561360008065954
24,11,0,"Black",17.7600412784366,0.630024002792734
25,11,0,"Black",17.7404751332716,0.69868799751951
26,11,0,"Black",17.7156933257012,0.767351992246288
27,11,0,"Black",17.6858496918662,0.836015986973064
28,11,0,"Black",17.6510992780013,0.904679981699842
29,11,0,"Black",17.6115983404352,0.97334397642662
30,11,0,"Black",17.56750434559,1.0420079711534
31,11,0,"Black",17.5189759699821,1.11067196588017
32,11,0,"Black",17.4661731002214,1.17933596060695
33,11,0,"Black",17.4092568330118,1.24799995533373
34,11,0,"Black",17.348389475151,1.31666395006051
35,11,0,"Black",17.2837345435306,1.38532794478728
36,11,0,"Black",17.2154567651359,1.45399193951406
37,11,0,"Black",17.1437220770461,1.52265593424084
38,11,0,"Black",17.0686976264343,1.59131992896762
39,11,0,"Black",16.9905517705673,1.65998392369439
40,11,0,"Black",16.9094540768059,1.72864791842117
41,11,0,"Black",16.8255753226046,1.7972306335599
42,11,0,"Black",16.7390874955118,1.86532567117034
43,11,0,"Black",16.6501637931697,1.9324453537242
44,11,0,"Black",16.5589786233143,1.99810200369319
45,11,0,"Black",16.4657076037756,2.06180794354903
46,11,0,"Black",16.3705275624773,2.12307549576342
47,11,0,"Black",16.2736165374369,2.18141228886978
48,11,0,"Black",16.1751537767658,2.23556377317044
49,11,0,"Black",16.0753197386692,2.2826771129774
50,11,0,"Black",15.9742960914463,2.31969821999812
51,11,0,"Black",15.8722657134899,2.34357300594011
52,11,0,"Black",15.7694126932867,2.35124738251082
53,11,0,"Black",15.6659223294173,2.33966726141775
54,11,0,"Black",15.5619811305562,2.30589495853432
55,11,0,"Black",15.4577768154715,2.25052310982929
56,11,0,"Black",15.3534983130253,2.1782257723399
57,11,0,"Black",15.2493357621736,2.09390435499
58,11,0,"Black",15.1454805119661,2.00246026670344
59,11,0,"Black",15.0421251215463,1.90879491640408
60,11,0,"Black",14.9394633601518,1.81780971301578
61,11,0,"Black",14.8376902071137,1.73420224358248
62,11,0,"Black",14.7370018518571,1.66030066579431
63,11,0,"Black",14.6375215694607,1.59690447324216
64,11,0,"Black",14.538484351814,1.54478768178193
65,11,0,"Black",14.4374215387745,1.50472430726951
66,11,0,"Black",14.3300866937278,1.47748836556081
67,11,0,"Black",14.2104556035871,1.46385387251171
68,11,0,"Black",14.0711226630697,1.4643019524239
69,11,0,"Black",13.9076611017374,1.47767479541382
70,11,0,"Black",13.7229832110358,1.50224482599635
71,11,0,"Black",13.5272648731134,1.53628389663256
72,11,0,"Black",13.3327551507821,1.57806385978351
73,11,0,"Black",13.1485858774795,1.62585656791025
74,11,0,"Black",12.9802998018101,1.67793452116973
75,11,0,"Black",12.8298464562942,1.73321532480724
76,11,0,"Black",12.6955367135995,1.79247223274095
77,11,0,"Black",12.5719973427728,1.85681011917543
78,11,0,"Black",12.450441376294,1.92733385831522
79,11,0,"Black",12.3216875914314,2.00514832436489
80,11,0,"Black",12.1791799915973,2.091358391529
81,11,0,"Black",12.0192623046536,2.18705552901212
82,11,0,"Black",11.8411779829111,2.29252690601953
83,11,0,"Black",11.6469222483214,2.40681302675768
84,11,0,"Black",11.4396145895788,2.52884715543306
85,11,0,"Black",11.2218712592231,2.65756255625221
86,11,0,"Black",10.995657318831,2.79189249342164
87,11,0,"Black",10.7622866390155,2.93077023114787
88,11,0,"Black",10.5224218994264,3.0732024693107
89,11,0,"Black",10.2760745887501,3.21951422499691
90,11,0,"Black",10.0226050047096,3.37117082442813
91,11,0,"Black",9.76072225406475,3.52967519289074
92,11,0,"Black",9.48848425261174,3.69653025567111
93,11,0,"Black",9.20329772518356,3.87323893805562
94,11,0,"Black",8.90191820564979,4.06130416533064
95,11,0,"Black",8.58045003691666,4.2619583601217
96,11,0,"Black",8.23434637092702,4.47428569651752
97,11,0,"Black",7.85840916866038,4.69634590850061
98,11,0,"Black",7.44678920013287,4.92619242095352
99,11,0,"Black",6.99298604439725,5.16187865875879
100,11,0,"Black",6.48984808954293,5.40145804679897
101,11,0,"Black",5.92957253269593,5.6429840099566
21,12,0,"Black",17.7859255294982,0.424032018612402
22,12,0,"Black",17.7829172874562,0.492696013339178
23,12,0,"Black",17.7742391351492,0.561360008065954
24,12,0,"Black",17.7600412784366,0.630024002792734
25,12,0,"Black",17.7404751332716,0.69868799751951
26,12,0,"Black",17.7156933257012,0.767351992246288
27,12,0,"Black",17.6858496918662,0.836015986973064
28,12,0,"Black",17.6510992780013,0.904679981699842
29,12,0,"Black",17.6115983404352,0.97334397642662
30,12,0,"Black",17.56750434559,1.0420079711534
31,12,0,"Black",17.5189759699821,1.11067196588017
32,12,0,"Black",17.4661731002214,1.17933596060695
33,12,0,"Black",17.4092568330118,1.24799995533373
34,12,0,"Black",17.348389475151,1.31666395006051
35,12,0,"Black",17.2837345435306,1.38532794478728
36,12,0,"Black",17.2154567651359,1.45399193951406
37,12,0,"Black",17.1437220770461,1.52265593424084
38,12,0,"Black",17.0686976264343,1.59131992896762
39,12,0,"Black",16.9905517705673,1.65998392369439
40,12,0,"Black",16.9094540768059,1.72864791842117
41,12,0,"Black",16.8255753226046,1.7972306335599
42,12,0,"Black",16.7390874955118,1.86532567117034
43,12,0,"Black",16.6501637931697,1.9324453537242
44,12,0,"Black",16.5589786233143,1.99810200369319
45,12,0,"Black",16.4657076037756,2.06180794354903
46,12,0,"Black",16.3705275624773,2.12307549576342
47,12,0,"Black",16.2736165374369,2.18141228886978
48,12,0,"Black",16.1751537767658,2.23556377317044
49,12,0,"Black",16.0753197386692,2.2826771129774
50,12,0,"Black",15.9742960914463,2.31969821999812
51,12,0,"Black",15.8722657134899,2.34357300594011
52,12,0,"Black",15.7694126932867,2.35124738251082
53,12,0,"Black",15.6659223294173,2.33966726141775
54,12,0,"Black",15.5619811305562,2.30589495853432
55,12,0,"Black",15.4577768154715,2.25052310982929
56,12,0,"Black",15.3534983130253,2.1782257723399
57,12,0,"Black",15.2493357621736,2.09390435499
58,12,0,"Black",15.1454805119661,2.00246026670344
59,12,0,"Black",15.0421251215463,1.90879491640408
60,12,0,"Black",14.9394633601518,1.81780971301578
61,12,0,"Black",14.8376902071137,1.73420224358248
62,12,0,"Black",14.7370018518571,1.66030066579431
63,12,0,"Black",14.6375215694607,1.59690447324216
64,12,0,"Black",14.538484351814,1.54478768178193
65,12,0,"Black",14.4374215387745,1.50472430726951
66,12,0,"Black",14.3300866937278,1.47748836556081
67,12,0,"Black",14.2104556035871,1.46385387251171
68,12,0,"Black",14.0711226630697,1.4643019524239
69,12,0,"Black",13.9076611017374,1.47767479541382
70,12,0,"Black",13.7229832110358,1.50224482599635
71,12,0,"Black",13.5272648731134,1.53628389663256
72,12,0,"Black",13.3327551507821,1.57806385978351
73,12,0,"Black",13.1485858774795,1.62585656791025
74,12,0,"Black",12.9802998018101,1.67793452116973
75,12,0,"Black",12.8298464562942,1.73321532480724
76,12,0,"Black",12.6955367135995,1.79247223274095
77,12,0,"Black",12.5719973427728,1.85681011917543
78,12,0,"Black",12.450441376294,1.92733385831522
79,12,0,"Black",12.3216875914314,2.00514832436489
80,12,0,"Black",12.1791799915973,2.091358391529
81,12,0,"Black",12.0192623046536,2.18705552901212
82,12,0,"Black",11.8411779829111,2.29252690601953
83,12,0,"Black",11.6469222483214,2.40681302675768
84,12,0,"Black",11.4396145895788,2.52884715543306
85,12,0,"Black",11.2218712592231,2.65756255625221
86,12,0,"Black",10.995657318831,2.79189249342164
87,12,0,"Black",10.7622866390155,2.93077023114787
88,12,0,"Black",10.5224218994264,3.0732024693107
89,12,0,"Black",10.2760745887501,3.21951422499691
90,12,0,"Black",10.0226050047096,3.37117082442813
91,12,0,"Black",9.76072225406475,3.52967519289074
92,12,0,"Black",9.48848425261174,3.69653025567111
93,12,0,"Black",9.20329772518356,3.87323893805562
94,12,0,"Black",8.90191820564979,4.06130416533064
95,12,0,"Black",8.58045003691666,4.2619583601217
96,12,0,"Black",8.23434637092702,4.47428569651752
97,12,0,"Black",7.85840916866038,4.69634590850061
98,12,0,"Black",7.44678920013287,4.92619242095352
99,12,0,"Black",6.99298604439725,5.16187865875879
100,12,0,"Black",6.48984808954293,5.40145804679897
101,12,0,"Black",5.92957253269593,5.6429840099566
21,13,0,"Black",19.2418064538068,0.424032018612402
22,13,0,"Black",19.2298526272857,0.492696013339178
23,13,0,"Black",19.2122288904997,0.561360008065954
24,13,0,"Black",19.1890854493081,0.630024002792734
25,13,0,"Black",19.160573719664,0.69868799751951
26,13,0,"Black",19.1268463276145,0.767351992246288
27,13,0,"Black",19.0880571093005,0.836015986973064
28,13,0,"Black",19.0443611109566,0.904679981699842
29,13,0,"Black",18.9959145889114,0.97334397642662
30,13,0,"Black",18.9428750095872,1.0420079711534
31,13,0,"Black",18.8854010495002,1.11067196588017
32,13,0,"Black",18.8236525952604,1.17933596060695
33,13,0,"Black",18.7577907435718,1.24799995533373
34,13,0,"Black",18.687977801232,1.31666395006051
35,13,0,"Black",18.6143772851325,1.38532794478728
36,13,0,"Black",18.5371539222588,1.45399193951406
37,13,0,"Black",18.4564736496899,1.52265593424084
38,13,0,"Black",18.3725036145991,1.59131992896762
39,13,0,"Black",18.2854121742531,1.65998392369439
40,13,0,"Black",18.1953688960126,1.72864791842117
41,13,0,"Black",18.1025445573323,1.7972306335599
42,13,0,"Black",18.0071111457604,1.86532567117034
43,13,0,"Black",17.9092418589393,1.9324453537242
44,13,0,"Black",17.8091111046049,1.99810200369319
45,13,0,"Black",17.7068945005871,2.06180794354903
46,13,0,"Black",17.6027688748097,2.12307549576342
47,13,0,"Black",17.4969122652903,2.18141228886978
48,13,0,"Black",17.3895039201401,2.23556377317044
49,13,0,"Black",17.2807242975645,2.2826771129774
50,13,0,"Black",17.1707550658625,2.31969821999812
51,13,0,"Black",17.0597791034271,2.34357300594011
52,13,0,"Black",16.9479804987448,2.35124738251082
53,13,0,"Black",16.8355445503964,2.33966726141775
54,13,0,"Black",16.7226577670562,2.30589495853432
55,13,0,"Black",16.6095078674925,2.25052310982929
56,13,0,"Black",16.4962837805673,2.1782257723399
57,13,0,"Black",16.3831756452365,2.09390435499
58,13,0,"Black",16.27037481055,2.00246026670344
59,13,0,"Black",16.1580738356512,1.90879491640408
60,13,0,"Black",16.0464664897776,1.81780971301578
61,13,0,"Black",15.9357477522604,1.73420224358248
62,13,0,"Black",15.8261138125248,1.66030066579431
63,13,0,"Black",15.7176879456493,1.59690447324216
64,13,0,"Black",15.6097051435236,1.54478768178193
65,13,0,"Black",15.4996967460051,1.50472430726951
66,13,0,"Black",15.3834163164793,1.47748836556081
67,13,0,"Black",15.2548396418595,1.46385387251171
68,13,0,"Black",15.1065611168631,1.4643019524239
69,13,0,"Black",14.9341539710517,1.47767479541382
70,13,0,"Black",14.7405304958712,1.50224482599635
71,13,0,"Black",14.5358665734697,1.53628389663256
72,13,0,"Black",14.3324112666594,1.57806385978351
73,13,0,"Black",14.1392964088777,1.62585656791025
74,13,0,"Black",13.9620647487293,1.67793452116973
75,13,0,"Black",13.8026658187343,1.73321532480724
76,13,0,"Black",13.6594104915605,1.79247223274095
77,13,0,"Black",13.5269255362548,1.85681011917543
78,13,0,"Black",13.396423985297,1.92733385831522
79,13,0,"Black",13.2587246159553,2.00514832436489
80,13,0,"Black",13.1072714316422,2.091358391529
81,13,0,"Black",12.9384081602194,2.18705552901212
82,13,0,"Black",12.7513782539979,2.29252690601953
83,13,0,"Black",12.5481769349291,2.40681302675768
84,13,0,"Black",12.3319236917075,2.52884715543306
85,13,0,"Black",12.1052347768728,2.65756255625221
86,13,0,"Black",11.8700752520016,2.79189249342164
87,13,0,"Black",11.627758987707,2.93077023114787
88,13,0,"Black",11.3789486636389,3.0732024693107
89,13,0,"Black",11.1236557684835,3.21951422499691
90,13,0,"Black",10.861240599964,3.37117082442813
91,13,0,"Black",10.5904122648401,3.52967519289074
92,13,0,"Black",10.3092286789081,3.69653025567111
93,13,0,"Black",10.0150965670008,3.87323893805562
94,13,0,"Black",9.70477146298802,4.06130416533064
95,13,0,"Black",9.37435770977584,4.2619583601217
96,13,0,"Black",9.01930845930716,4.47428569651752
97,13,0,"Black",8.63442567256148,4.69634590850061
98,13,0,"Black",8.21386011955492,4.92619242095352
99,13,0,"Black",7.75111137934026,5.16187865875879
100,13,0,"Black",7.23902784000688,5.40145804679897
101,13,0,"Black",6.66980669868084,5.6429840099566
21,14,0,"Black",19.2418064538068,0.424032018612402
22,14,0,"Black",19.2298526272857,0.492696013339178
23,14,0,"Black",19.2122288904997,0.561360008065954
24,14,0,"Black",19.1890854493081,0.630024002792734
25,14,0,"Black",19.160573719664,0.69868799751951
26,14,0,"Black",19.1268463276145,0.767351992246288
27,14,0,"Black",19.0880571093005,0.836015986973064
28,14,0,"Black",19.0443611109566,0.904679981699842
29,14,0,"Black",18.9959145889114,0.97334397642662
30,14,0,"Black",18.9428750095872,1.0420079711534
31,14,0,"Black",18.8854010495002,1.11067196588017
32,14,0,"Black",18.8236525952604,1.17933596060695
33,14,0,"Black",18.7577907435718,1.24799995533373
34,14,0,"Black",18.687977801232,1.31666395006051
35,14,0,"Black",18.6143772851325,1.38532794478728
36,14,0,"Black",18.5371539222588,1.45399193951406
37,14,0,"Black",18.4564736496899,1.52265593424084
38,14,0,"Black",18.3725036145991,1.59131992896762
39,14,0,"Black",18.2854121742531,1.65998392369439
40,14,0,"Black",18.1953688960126,1.72864791842117
41,14,0,"Black",18.1025445573323,1.7972306335599
42,14,0,"Black",18.0071111457604,1.86532567117034
43,14,0,"Black",17.9092418589393,1.9324453537242
44,14,0,"Black",17.8091111046049,1.99810200369319
45,14,0,"Black",17.7068945005871,2.06180794354903
46,14,0,"Black",17.6027688748097,2.12307549576342
47,14,0,"Black",17.4969122652903,2.18141228886978
48,14,0,"Black",17.3895039201401,2.23556377317044
49,14,0,"Black",17.2807242975645,2.2826771129774
50,14,0,"Black",17.1707550658625,2.31969821999812
51,14,0,"Black",17.0597791034271,2.34357300594011
52,14,0,"Black",16.9479804987448,2.35124738251082
53,14,0,"Black",16.8355445503964,2.33966726141775
54,14,0,"Black",16.7226577670562,2.30589495853432
55,14,0,"Black",16.6095078674925,2.25052310982929
56,14,0,"Black",16.4962837805673,2.1782257723399
57,14,0,"Black",16.3831756452365,2.09390435499
58,14,0,"Black",16.27037481055,2.00246026670344
59,14,0,"Black",16.1580738356512,1.90879491640408
60,14,0,"Black",16.0464664897776,1.81780971301578
61,14,0,"Black",15.9357477522604,1.73420224358248
62,14,0,"Black",15.8261138125248,1.66030066579431
63,14,0,"Black",15.7176879456493,1.59690447324216
64,14,0,"Black",15.6097051435236,1.54478768178193
65,14,0,"Black",15.4996967460051,1.50472430726951
66,14,0,"Black",15.3834163164793,1.47748836556081
67,14,0,"Black",15.2548396418595,1.46385387251171
68,14,0,"Black",15.1065611168631,1.4643019524239
69,14,0,"Black",14.9341539710517,1.47767479541382
70,14,0,"Black",14.7405304958712,1.50224482599635
71,14,0,"Black",14.5358665734697,1.53628389663256
72,14,0,"Black",14.3324112666594,1.57806385978351
73,14,0,"Black",14.1392964088777,1.62585656791025
74,14,0,"Black",13.9620647487293,1.67793452116973
75,14,0,"Black",13.8026658187343,1.73321532480724
76,14,0,"Black",13.6594104915605,1.79247223274095
77,14,0,"Black",13.5269255362548,1.85681011917543
78,14,0,"Black",13.396423985297,1.92733385831522
79,14,0,"Black",13.2587246159553,2.00514832436489
80,14,0,"Black",13.1072714316422,2.091358391529
81,14,0,"Black",12.9384081602194,2.18705552901212
82,14,0,"Black",12.7513782539979,2.29252690601953
83,14,0,"Black",12.5481769349291,2.40681302675768
84,14,0,"Black",12.3319236917075,2.52884715543306
85,14,0,"Black",12.1052347768728,2.65756255625221
86,14,0,"Black",11.8700752520016,2.79189249342164
87,14,0,"Black",11.627758987707,2.93077023114787
88,14,0,"Black",11.3789486636389,3.0732024693107
89,14,0,"Black",11.1236557684835,3.21951422499691
90,14,0,"Black",10.861240599964,3.37117082442813
91,14,0,"Black",10.5904122648401,3.52967519289074
92,14,0,"Black",10.3092286789081,3.69653025567111
93,14,0,"Black",10.0150965670008,3.87323893805562
94,14,0,"Black",9.70477146298802,4.06130416533064
95,14,0,"Black",9.37435770977584,4.2619583601217
96,14,0,"Black",9.01930845930716,4.47428569651752
97,14,0,"Black",8.63442567256148,4.69634590850061
98,14,0,"Black",8.21386011955492,4.92619242095352
99,14,0,"Black",7.75111137934026,5.16187865875879
100,14,0,"Black",7.23902784000688,5.40145804679897
101,14,0,"Black",6.66980669868084,5.6429840099566
21,15,0,"Black",19.2418064538068,0.424032018612402
22,15,0,"Black",19.2298526272857,0.492696013339178
23,15,0,"Black",19.2122288904997,0.561360008065954
24,15,0,"Black",19.1890854493081,0.630024002792734
25,15,0,"Black",19.160573719664,0.69868799751951
26,15,0,"Black",19.1268463276145,0.767351992246288
27,15,0,"Black",19.0880571093005,0.836015986973064
28,15,0,"Black",19.0443611109566,0.904679981699842
29,15,0,"Black",18.9959145889114,0.97334397642662
30,15,0,"Black",18.9428750095872,1.0420079711534
31,15,0,"Black",18.8854010495002,1.11067196588017
32,15,0,"Black",18.8236525952604,1.17933596060695
33,15,0,"Black",18.7577907435718,1.24799995533373
34,15,0,"Black",18.687977801232,1.31666395006051
35,15,0,"Black",18.6143772851325,1.38532794478728
36,15,0,"Black",18.5371539222588,1.45399193951406
37,15,0,"Black",18.4564736496899,1.52265593424084
38,15,0,"Black",18.3725036145991,1.59131992896762
39,15,0,"Black",18.2854121742531,1.65998392369439
40,15,0,"Black",18.1953688960126,1.72864791842117
41,15,0,"Black",18.1025445573323,1.7972306335599
42,15,0,"Black",18.0071111457604,1.86532567117034
43,15,0,"Black",17.9092418589393,1.9324453537242
44,15,0,"Black",17.8091111046049,1.99810200369319
45,15,0,"Black",17.7068945005871,2.06180794354903
46,15,0,"Black",17.6027688748097,2.12307549576342
47,15,0,"Black",17.4969122652903,2.18141228886978
48,15,0,"Black",17.3895039201401,2.23556377317044
49,15,0,"Black",17.2807242975645,2.2826771129774
50,15,0,"Black",17.1707550658625,2.31969821999812
51,15,0,"Black",17.0597791034271,2.34357300594011
52,15,0,"Black",16.9479804987448,2.35124738251082
53,15,0,"Black",16.8355445503964,2.33966726141775
54,15,0,"Black",16.7226577670562,2.30589495853432
55,15,0,"Black",16.6095078674925,2.25052310982929
56,15,0,"Black",16.4962837805673,2.1782257723399
57,15,0,"Black",16.3831756452365,2.09390435499
58,15,0,"Black",16.27037481055,2.00246026670344
59,15,0,"Black",16.1580738356512,1.90879491640408
60,15,0,"Black",16.0464664897776,1.81780971301578
61,15,0,"Black",15.9357477522604,1.73420224358248
62,15,0,"Black",15.8261138125248,1.66030066579431
63,15,0,"Black",15.7176879456493,1.59690447324216
64,15,0,"Black",15.6097051435236,1.54478768178193
65,15,0,"Black",15.4996967460051,1.50472430726951
66,15,0,"Black",15.3834163164793,1.47748836556081
67,15,0,"Black",15.2548396418595,1.46385387251171
68,15,0,"Black",15.1065611168631,1.4643019524239
69,15,0,"Black",14.9341539710517,1.47767479541382
70,15,0,"Black",14.7405304958712,1.50224482599635
71,15,0,"Black",14.5358665734697,1.53628389663256
72,15,0,"Black",14.3324112666594,1.57806385978351
73,15,0,"Black",14.1392964088777,1.62585656791025
74,15,0,"Black",13.9620647487293,1.67793452116973
75,15,0,"Black",13.8026658187343,1.73321532480724
76,15,0,"Black",13.6594104915605,1.79247223274095
77,15,0,"Black",13.5269255362548,1.85681011917543
78,15,0,"Black",13.396423985297,1.92733385831522
79,15,0,"Black",13.2587246159553,2.00514832436489
80,15,0,"Black",13.1072714316422,2.091358391529
81,15,0,"Black",12.9384081602194,2.18705552901212
82,15,0,"Black",12.7513782539979,2.29252690601953
83,15,0,"Black",12.5481769349291,2.40681302675768
84,15,0,"Black",12.3319236917075,2.52884715543306
85,15,0,"Black",12.1052347768728,2.65756255625221
86,15,0,"Black",11.8700752520016,2.79189249342164
87,15,0,"Black",11.627758987707,2.93077023114787
88,15,0,"Black",11.3789486636389,3.0732024693107
89,15,0,"Black",11.1236557684835,3.21951422499691
90,15,0,"Black",10.861240599964,3.37117082442813
91,15,0,"Black",10.5904122648401,3.52967519289074
92,15,0,"Black",10.3092286789081,3.69653025567111
93,15,0,"Black",10.0150965670008,3.87323893805562
94,15,0,"Black",9.70477146298802,4.06130416533064
95,15,0,"Black",9.37435770977584,4.2619583601217
96,15,0,"Black",9.01930845930716,4.47428569651752
97,15,0,"Black",8.63442567256148,4.69634590850061
98,15,0,"Black",8.21386011955492,4.92619242095352
99,15,0,"Black",7.75111137934026,5.16187865875879
100,15,0,"Black",7.23902784000688,5.40145804679897
101,15,0,"Black",6.66980669868084,5.6429840099566
21,16,0,"Black",19.2418064538068,0.424032018612402
22,16,0,"Black",19.2298526272857,0.492696013339178
23,16,0,"Black",19.2122288904997,0.561360008065954
24,16,0,"Black",19.1890854493081,0.630024002792734
25,16,0,"Black",19.160573719664,0.69868799751951
26,16,0,"Black",19.1268463276145,0.767351992246288
27,16,0,"Black",19.0880571093005,0.836015986973064
28,16,0,"Black",19.0443611109566,0.904679981699842
29,16,0,"Black",18.9959145889114,0.97334397642662
30,16,0,"Black",18.9428750095872,1.0420079711534
31,16,0,"Black",18.8854010495002,1.11067196588017
32,16,0,"Black",18.8236525952604,1.17933596060695
33,16,0,"Black",18.7577907435718,1.24799995533373
34,16,0,"Black",18.687977801232,1.31666395006051
35,16,0,"Black",18.6143772851325,1.38532794478728
36,16,0,"Black",18.5371539222588,1.45399193951406
37,16,0,"Black",18.4564736496899,1.52265593424084
38,16,0,"Black",18.3725036145991,1.59131992896762
39,16,0,"Black",18.2854121742531,1.65998392369439
40,16,0,"Black",18.1953688960126,1.72864791842117
41,16,0,"Black",18.1025445573323,1.7972306335599
42,16,0,"Black",18.0071111457604,1.86532567117034
43,16,0,"Black",17.9092418589393,1.9324453537242
44,16,0,"Black",17.8091111046049,1.99810200369319
45,16,0,"Black",17.7068945005871,2.06180794354903
46,16,0,"Black",17.6027688748097,2.12307549576342
47,16,0,"Black",17.4969122652903,2.18141228886978
48,16,0,"Black",17.3895039201401,2.23556377317044
49,16,0,"Black",17.2807242975645,2.2826771129774
50,16,0,"Black",17.1707550658625,2.31969821999812
51,16,0,"Black",17.0597791034271,2.34357300594011
52,16,0,"Black",16.9479804987448,2.35124738251082
53,16,0,"Black",16.8355445503964,2.33966726141775
54,16,0,"Black",16.7226577670562,2.30589495853432
55,16,0,"Black",16.6095078674925,2.25052310982929
56,16,0,"Black",16.4962837805673,2.1782257723399
57,16,0,"Black",16.3831756452365,2.09390435499
58,16,0,"Black",16.27037481055,2.00246026670344
59,16,0,"Black",16.1580738356512,1.90879491640408
60,16,0,"Black",16.0464664897776,1.81780971301578
61,16,0,"Black",15.9357477522604,1.73420224358248
62,16,0,"Black",15.8261138125248,1.66030066579431
63,16,0,"Black",15.7176879456493,1.59690447324216
64,16,0,"Black",15.6097051435236,1.54478768178193
65,16,0,"Black",15.4996967460051,1.50472430726951
66,16,0,"Black",15.3834163164793,1.47748836556081
67,16,0,"Black",15.2548396418595,1.46385387251171
68,16,0,"Black",15.1065611168631,1.4643019524239
69,16,0,"Black",14.9341539710517,1.47767479541382
70,16,0,"Black",14.7405304958712,1.50224482599635
71,16,0,"Black",14.5358665734697,1.53628389663256
72,16,0,"Black",14.3324112666594,1.57806385978351
73,16,0,"Black",14.1392964088777,1.62585656791025
74,16,0,"Black",13.9620647487293,1.67793452116973
75,16,0,"Black",13.8026658187343,1.73321532480724
76,16,0,"Black",13.6594104915605,1.79247223274095
77,16,0,"Black",13.5269255362548,1.85681011917543
78,16,0,"Black",13.396423985297,1.92733385831522
79,16,0,"Black",13.2587246159553,2.00514832436489
80,16,0,"Black",13.1072714316422,2.091358391529
81,16,0,"Black",12.9384081602194,2.18705552901212
82,16,0,"Black",12.7513782539979,2.29252690601953
83,16,0,"Black",12.5481769349291,2.40681302675768
84,16,0,"Black",12.3319236917075,2.52884715543306
85,16,0,"Black",12.1052347768728,2.65756255625221
86,16,0,"Black",11.8700752520016,2.79189249342164
87,16,0,"Black",11.627758987707,2.93077023114787
88,16,0,"Black",11.3789486636389,3.0732024693107
89,16,0,"Black",11.1236557684835,3.21951422499691
90,16,0,"Black",10.861240599964,3.37117082442813
91,16,0,"Black",10.5904122648401,3.52967519289074
92,16,0,"Black",10.3092286789081,3.69653025567111
93,16,0,"Black",10.0150965670008,3.87323893805562
94,16,0,"Black",9.70477146298802,4.06130416533064
95,16,0,"Black",9.37435770977584,4.2619583601217
96,16,0,"Black",9.01930845930716,4.47428569651752
97,16,0,"Black",8.63442567256148,4.69634590850061
98,16,0,"Black",8.21386011955492,4.92619242095352
99,16,0,"Black",7.75111137934026,5.16187865875879
100,16,0,"Black",7.23902784000688,5.40145804679897
101,16,0,"Black",6.66980669868084,5.6429840099566
21,17,0,"Black",18.0091360352967,0.424032018612402
22,17,0,"Black",18.0293224024953,0.492696013339178
23,17,0,"Black",18.0438388594289,0.561360008065954
24,17,0,"Black",18.0528356119569,0.630024002792734
25,17,0,"Black",18.0564640760325,0.69868799751951
26,17,0,"Black",18.0548768777027,0.767351992246288
27,17,0,"Black",18.0482278531083,0.836015986973064
28,17,0,"Black",18.0366720484841,0.904679981699842
29,17,0,"Black",18.0203657201585,0.97334397642662
30,17,0,"Black",17.999466334554,1.0420079711534
31,17,0,"Black",17.9741325681866,1.11067196588017
32,17,0,"Black",17.9445243076665,1.17933596060695
33,17,0,"Black",17.9108026496976,1.24799995533373
34,17,0,"Black",17.8731299010774,1.31666395006051
35,17,0,"Black",17.8316695786976,1.38532794478728
36,17,0,"Black",17.7865864095435,1.45399193951406
37,17,0,"Black",17.7380463306943,1.52265593424084
38,17,0,"Black",17.6862164893231,1.59131992896762
39,17,0,"Black",17.6312652426968,1.65998392369439
40,17,0,"Black",17.573362158176,1.72864791842117
41,17,0,"Black",17.5126780132153,1.7972306335599
42,17,0,"Black",17.4493847953631,1.86532567117034
43,17,0,"Black",17.3836557022616,1.9324453537242
44,17,0,"Black",17.3156651416468,1.99810200369319
45,17,0,"Black",17.2455887313487,2.06180794354903
46,17,0,"Black",17.173603299291,2.12307549576342
47,17,0,"Black",17.0998868834912,2.18141228886978
48,17,0,"Black",17.0246187320607,2.23556377317044
49,17,0,"Black",16.9479793032048,2.2826771129774
50,17,0,"Black",16.8701502652224,2.31969821999812
51,17,0,"Black",16.7913144965066,2.34357300594011
52,17,0,"Black",16.711656085544,2.35124738251082
53,17,0,"Black",16.6313603309153,2.33966726141775
54,17,0,"Black",16.5506137412948,2.30589495853432
55,17,0,"Black",16.4696040354507,2.25052310982929
56,17,0,"Black",16.3885201422451,2.1782257723399
57,17,0,"Black",16.307552200634,2.09390435499
58,17,0,"Black",16.2268915596671,2.00246026670344
59,17,0,"Black",16.146730778488,1.90879491640408
60,17,0,"Black",16.067263626334,1.81780971301578
61,17,0,"Black",15.9886850825365,1.73420224358248
62,17,0,"Black",15.9111913365205,1.66030066579431
63,17,0,"Black",15.8349056633647,1.59690447324216
64,17,0,"Black",15.7590630549586,1.54478768178193
65,17,0,"Black",15.6811948511598,1.50472430726951
66,17,0,"Black",15.5970546153537,1.47748836556081
67,17,0,"Black",15.5006181344536,1.46385387251171
68,17,0,"Black",15.3844798031768,1.4643019524239
69,17,0,"Black",15.2442128510851,1.47767479541382
70,17,0,"Black",15.0827295696242,1.50224482599635
71,17,0,"Black",14.9102058409423,1.53628389663256
72,17,0,"Black",14.7388907278517,1.57806385978351
73,17,0,"Black",14.5779160637897,1.62585656791025
74,17,0,"Black",14.4328245973609,1.67793452116973
75,17,0,"Black",14.3055658610856,1.73321532480724
76,17,0,"Black",14.1944507276315,1.79247223274095
77,17,0,"Black",14.0941059660454,1.85681011917543
78,17,0,"Black",13.9957446088073,1.92733385831522
79,17,0,"Black",13.8901854331852,2.00514832436489
80,17,0,"Black",13.7708724425918,2.091358391529
81,17,0,"Black",13.6341493648886,2.18705552901212
82,17,0,"Black",13.4792596523868,2.29252690601953
83,17,0,"Black",13.3081985270376,2.40681302675768
84,17,0,"Black",13.1240854775356,2.52884715543306
85,17,0,"Black",12.9295367564206,2.65756255625221
86,17,0,"Black",12.7265174252691,2.79189249342164
87,17,0,"Black",12.5163413546942,2.93077023114787
88,17,0,"Black",12.2996712243457,3.0732024693107
89,17,0,"Black",12.07651852291,3.21951422499691
90,17,0,"Black",11.8462435481102,3.37117082442813
91,17,0,"Black",11.6075554067059,3.52967519289074
92,17,0,"Black",11.3585120144935,3.69653025567111
93,17,0,"Black",11.0965200963059,3.87323893805562
94,17,0,"Black",10.8183351860128,4.06130416533064
95,17,0,"Black",10.5200616265202,4.2619583601217
96,17,0,"Black",10.1971525697712,4.47428569651752
97,17,0,"Black",9.84440997674518,4.69634590850061
98,17,0,"Black",9.45598461745828,4.92619242095352
99,17,0,"Black",9.02537607096327,5.16187865875879
100,17,0,"Black",8.54543272534955,5.40145804679897
101,17,0,"Black",8.00835177774316,5.6429840099566
21,18,0,"Black",18.0091360352967,0.424032018612402
22,18,0,"Black",18.0293224024953,0.492696013339178
23,18,0,"Black",18.0438388594289,0.561360008065954
24,18,0,"Black",18.0528356119569,0.630024002792734
25,18,0,"Black",18.0564640760325,0.69868799751951
26,18,0,"Black",18.0548768777027,0.767351992246288
27,18,0,"Black",18.0482278531083,0.836015986973064
28,18,0,"Black",18.0366720484841,0.904679981699842
29,18,0,"Black",18.0203657201585,0.97334397642662
30,18,0,"Black",17.999466334554,1.0420079711534
31,18,0,"Black",17.9741325681866,1.11067196588017
32,18,0,"Black",17.9445243076665,1.17933596060695
33,18,0,"Black",17.9108026496976,1.24799995533373
34,18,0,"Black",17.8731299010774,1.31666395006051
35,18,0,"Black",17.8316695786976,1.38532794478728
36,18,0,"Black",17.7865864095435,1.45399193951406
37,18,0,"Black",17.7380463306943,1.52265593424084
38,18,0,"Black",17.6862164893231,1.59131992896762
39,18,0,"Black",17.6312652426968,1.65998392369439
40,18,0,"Black",17.573362158176,1.72864791842117
41,18,0,"Black",17.5126780132153,1.7972306335599
42,18,0,"Black",17.4493847953631,1.86532567117034
43,18,0,"Black",17.3836557022616,1.9324453537242
44,18,0,"Black",17.3156651416468,1.99810200369319
45,18,0,"Black",17.2455887313487,2.06180794354903
46,18,0,"Black",17.173603299291,2.12307549576342
47,18,0,"Black",17.0998868834912,2.18141228886978
48,18,0,"Black",17.0246187320607,2.23556377317044
49,18,0,"Black",16.9479793032048,2.2826771129774
50,18,0,"Black",16.8701502652224,2.31969821999812
51,18,0,"Black",16.7913144965066,2.34357300594011
52,18,0,"Black",16.711656085544,2.35124738251082
53,18,0,"Black",16.6313603309153,2.33966726141775
54,18,0,"Black",16.5506137412948,2.30589495853432
55,18,0,"Black",16.4696040354507,2.25052310982929
56,18,0,"Black",16.3885201422451,2.1782257723399
57,18,0,"Black",16.307552200634,2.09390435499
58,18,0,"Black",16.2268915596671,2.00246026670344
59,18,0,"Black",16.146730778488,1.90879491640408
60,18,0,"Black",16.067263626334,1.81780971301578
61,18,0,"Black",15.9886850825365,1.73420224358248
62,18,0,"Black",15.9111913365205,1.66030066579431
63,18,0,"Black",15.8349056633647,1.59690447324216
64,18,0,"Black",15.7590630549586,1.54478768178193
65,18,0,"Black",15.6811948511598,1.50472430726951
66,18,0,"Black",15.5970546153537,1.47748836556081
67,18,0,"Black",15.5006181344536,1.46385387251171
68,18,0,"Black",15.3844798031768,1.4643019524239
69,18,0,"Black",15.2442128510851,1.47767479541382
70,18,0,"Black",15.0827295696242,1.50224482599635
71,18,0,"Black",14.9102058409423,1.53628389663256
72,18,0,"Black",14.7388907278517,1.57806385978351
73,18,0,"Black",14.5779160637897,1.62585656791025
74,18,0,"Black",14.4328245973609,1.67793452116973
75,18,0,"Black",14.3055658610856,1.73321532480724
76,18,0,"Black",14.1944507276315,1.79247223274095
77,18,0,"Black",14.0941059660454,1.85681011917543
78,18,0,"Black",13.9957446088073,1.92733385831522
79,18,0,"Black",13.8901854331852,2.00514832436489
80,18,0,"Black",13.7708724425918,2.091358391529
81,18,0,"Black",13.6341493648886,2.18705552901212
82,18,0,"Black",13.4792596523868,2.29252690601953
83,18,0,"Black",13.3081985270376,2.40681302675768
84,18,0,"Black",13.1240854775356,2.52884715543306
85,18,0,"Black",12.9295367564206,2.65756255625221
86,18,0,"Black",12.7265174252691,2.79189249342164
87,18,0,"Black",12.5163413546942,2.93077023114787
88,18,0,"Black",12.2996712243457,3.0732024693107
89,18,0,"Black",12.07651852291,3.21951422499691
90,18,0,"Black",11.8462435481102,3.37117082442813
91,18,0,"Black",11.6075554067059,3.52967519289074
92,18,0,"Black",11.3585120144935,3.69653025567111
93,18,0,"Black",11.0965200963059,3.87323893805562
94,18,0,"Black",10.8183351860128,4.06130416533064
95,18,0,"Black",10.5200616265202,4.2619583601217
96,18,0,"Black",10.1971525697712,4.47428569651752
97,18,0,"Black",9.84440997674518,4.69634590850061
98,18,0,"Black",9.45598461745828,4.92619242095352
99,18,0,"Black",9.02537607096327,5.16187865875879
100,18,0,"Black",8.54543272534955,5.40145804679897
101,18,0,"Black",8.00835177774316,5.6429840099566
21,19,0,"Black",18.0091360352967,0.424032018612402
22,19,0,"Black",18.0293224024953,0.492696013339178
23,19,0,"Black",18.0438388594289,0.561360008065954
24,19,0,"Black",18.0528356119569,0.630024002792734
25,19,0,"Black",18.0564640760325,0.69868799751951
26,19,0,"Black",18.0548768777027,0.767351992246288
27,19,0,"Black",18.0482278531083,0.836015986973064
28,19,0,"Black",18.0366720484841,0.904679981699842
29,19,0,"Black",18.0203657201585,0.97334397642662
30,19,0,"Black",17.999466334554,1.0420079711534
31,19,0,"Black",17.9741325681866,1.11067196588017
32,19,0,"Black",17.9445243076665,1.17933596060695
33,19,0,"Black",17.9108026496976,1.24799995533373
34,19,0,"Black",17.8731299010774,1.31666395006051
35,19,0,"Black",17.8316695786976,1.38532794478728
36,19,0,"Black",17.7865864095435,1.45399193951406
37,19,0,"Black",17.7380463306943,1.52265593424084
38,19,0,"Black",17.6862164893231,1.59131992896762
39,19,0,"Black",17.6312652426968,1.65998392369439
40,19,0,"Black",17.573362158176,1.72864791842117
41,19,0,"Black",17.5126780132153,1.7972306335599
42,19,0,"Black",17.4493847953631,1.86532567117034
43,19,0,"Black",17.3836557022616,1.9324453537242
44,19,0,"Black",17.3156651416468,1.99810200369319
45,19,0,"Black",17.2455887313487,2.06180794354903
46,19,0,"Black",17.173603299291,2.12307549576342
47,19,0,"Black",17.0998868834912,2.18141228886978
48,19,0,"Black",17.0246187320607,2.23556377317044
49,19,0,"Black",16.9479793032048,2.2826771129774
50,19,0,"Black",16.8701502652224,2.31969821999812
51,19,0,"Black",16.7913144965066,2.34357300594011
52,19,0,"Black",16.711656085544,2.35124738251082
53,19,0,"Black",16.6313603309153,2.33966726141775
54,19,0,"Black",16.5506137412948,2.30589495853432
55,19,0,"Black",16.4696040354507,2.25052310982929
56,19,0,"Black",16.3885201422451,2.1782257723399
57,19,0,"Black",16.307552200634,2.09390435499
58,19,0,"Black",16.2268915596671,2.00246026670344
59,19,0,"Black",16.146730778488,1.90879491640408
60,19,0,"Black",16.067263626334,1.81780971301578
61,19,0,"Black",15.9886850825365,1.73420224358248
62,19,0,"Black",15.9111913365205,1.66030066579431
63,19,0,"Black",15.8349056633647,1.59690447324216
64,19,0,"Black",15.7590630549586,1.54478768178193
65,19,0,"Black",15.6811948511598,1.50472430726951
66,19,0,"Black",15.5970546153537,1.47748836556081
67,19,0,"Black",15.5006181344536,1.46385387251171
68,19,0,"Black",15.3844798031768,1.4643019524239
69,19,0,"Black",15.2442128510851,1.47767479541382
70,19,0,"Black",15.0827295696242,1.50224482599635
71,19,0,"Black",14.9102058409423,1.53628389663256
72,19,0,"Black",14.7388907278517,1.57806385978351
73,19,0,"Black",14.5779160637897,1.62585656791025
74,19,0,"Black",14.4328245973609,1.67793452116973
75,19,0,"Black",14.3055658610856,1.73321532480724
76,19,0,"Black",14.1944507276315,1.79247223274095
77,19,0,"Black",14.0941059660454,1.85681011917543
78,19,0,"Black",13.9957446088073,1.92733385831522
79,19,0,"Black",13.8901854331852,2.00514832436489
80,19,0,"Black",13.7708724425918,2.091358391529
81,19,0,"Black",13.6341493648886,2.18705552901212
82,19,0,"Black",13.4792596523868,2.29252690601953
83,19,0,"Black",13.3081985270376,2.40681302675768
84,19,0,"Black",13.1240854775356,2.52884715543306
85,19,0,"Black",12.9295367564206,2.65756255625221
86,19,0,"Black",12.7265174252691,2.79189249342164
87,19,0,"Black",12.5163413546942,2.93077023114787
88,19,0,"Black",12.2996712243457,3.0732024693107
89,19,0,"Black",12.07651852291,3.21951422499691
90,19,0,"Black",11.8462435481102,3.37117082442813
91,19,0,"Black",11.6075554067059,3.52967519289074
92,19,0,"Black",11.3585120144935,3.69653025567111
93,19,0,"Black",11.0965200963059,3.87323893805562
94,19,0,"Black",10.8183351860128,4.06130416533064
95,19,0,"Black",10.5200616265202,4.2619583601217
96,19,0,"Black",10.1971525697712,4.47428569651752
97,19,0,"Black",9.84440997674518,4.69634590850061
98,19,0,"Black",9.45598461745828,4.92619242095352
99,19,0,"Black",9.02537607096327,5.16187865875879
100,19,0,"Black",8.54543272534955,5.40145804679897
101,19,0,"Black",8.00835177774316,5.6429840099566
21,20,0,"Black",18.0091360352967,0.424032018612402
22,20,0,"Black",18.0293224024953,0.492696013339178
23,20,0,"Black",18.0438388594289,0.561360008065954
24,20,0,"Black",18.0528356119569,0.630024002792734
25,20,0,"Black",18.0564640760325,0.69868799751951
26,20,0,"Black",18.0548768777027,0.767351992246288
27,20,0,"Black",18.0482278531083,0.836015986973064
28,20,0,"Black",18.0366720484841,0.904679981699842
29,20,0,"Black",18.0203657201585,0.97334397642662
30,20,0,"Black",17.999466334554,1.0420079711534
31,20,0,"Black",17.9741325681866,1.11067196588017
32,20,0,"Black",17.9445243076665,1.17933596060695
33,20,0,"Black",17.9108026496976,1.24799995533373
34,20,0,"Black",17.8731299010774,1.31666395006051
35,20,0,"Black",17.8316695786976,1.38532794478728
36,20,0,"Black",17.7865864095435,1.45399193951406
37,20,0,"Black",17.7380463306943,1.52265593424084
38,20,0,"Black",17.6862164893231,1.59131992896762
39,20,0,"Black",17.6312652426968,1.65998392369439
40,20,0,"Black",17.573362158176,1.72864791842117
41,20,0,"Black",17.5126780132153,1.7972306335599
42,20,0,"Black",17.4493847953631,1.86532567117034
43,20,0,"Black",17.3836557022616,1.9324453537242
44,20,0,"Black",17.3156651416468,1.99810200369319
45,20,0,"Black",17.2455887313487,2.06180794354903
46,20,0,"Black",17.173603299291,2.12307549576342
47,20,0,"Black",17.0998868834912,2.18141228886978
48,20,0,"Black",17.0246187320607,2.23556377317044
49,20,0,"Black",16.9479793032048,2.2826771129774
50,20,0,"Black",16.8701502652224,2.31969821999812
51,20,0,"Black",16.7913144965066,2.34357300594011
52,20,0,"Black",16.711656085544,2.35124738251082
53,20,0,"Black",16.6313603309153,2.33966726141775
54,20,0,"Black",16.5506137412948,2.30589495853432
55,20,0,"Black",16.4696040354507,2.25052310982929
56,20,0,"Black",16.3885201422451,2.1782257723399
57,20,0,"Black",16.307552200634,2.09390435499
58,20,0,"Black",16.2268915596671,2.00246026670344
59,20,0,"Black",16.146730778488,1.90879491640408
60,20,0,"Black",16.067263626334,1.81780971301578
61,20,0,"Black",15.9886850825365,1.73420224358248
62,20,0,"Black",15.9111913365205,1.66030066579431
63,20,0,"Black",15.8349056633647,1.59690447324216
64,20,0,"Black",15.7590630549586,1.54478768178193
65,20,0,"Black",15.6811948511598,1.50472430726951
66,20,0,"Black",15.5970546153537,1.47748836556081
67,20,0,"Black",15.5006181344536,1.46385387251171
68,20,0,"Black",15.3844798031768,1.4643019524239
69,20,0,"Black",15.2442128510851,1.47767479541382
70,20,0,"Black",15.0827295696242,1.50224482599635
71,20,0,"Black",14.9102058409423,1.53628389663256
72,20,0,"Black",14.7388907278517,1.57806385978351
73,20,0,"Black",14.5779160637897,1.62585656791025
74,20,0,"Black",14.4328245973609,1.67793452116973
75,20,0,"Black",14.3055658610856,1.73321532480724
76,20,0,"Black",14.1944507276315,1.79247223274095
77,20,0,"Black",14.0941059660454,1.85681011917543
78,20,0,"Black",13.9957446088073,1.92733385831522
79,20,0,"Black",13.8901854331852,2.00514832436489
80,20,0,"Black",13.7708724425918,2.091358391529
81,20,0,"Black",13.6341493648886,2.18705552901212
82,20,0,"Black",13.4792596523868,2.29252690601953
83,20,0,"Black",13.3081985270376,2.40681302675768
84,20,0,"Black",13.1240854775356,2.52884715543306
85,20,0,"Black",12.9295367564206,2.65756255625221
86,20,0,"Black",12.7265174252691,2.79189249342164
87,20,0,"Black",12.5163413546942,2.93077023114787
88,20,0,"Black",12.2996712243457,3.0732024693107
89,20,0,"Black",12.07651852291,3.21951422499691
90,20,0,"Black",11.8462435481102,3.37117082442813
91,20,0,"Black",11.6075554067059,3.52967519289074
92,20,0,"Black",11.3585120144935,3.69653025567111
93,20,0,"Black",11.0965200963059,3.87323893805562
94,20,0,"Black",10.8183351860128,4.06130416533064
95,20,0,"Black",10.5200616265202,4.2619583601217
96,20,0,"Black",10.1971525697712,4.47428569651752
97,20,0,"Black",9.84440997674518,4.69634590850061
98,20,0,"Black",9.45598461745828,4.92619242095352
99,20,0,"Black",9.02537607096327,5.16187865875879
100,20,0,"Black",8.54543272534955,5.40145804679897
101,20,0,"Black",8.00835177774316,5.6429840099566
21,21,0,"Black",18.0091360352967,0.424032018612402
22,21,0,"Black",18.0293224024953,0.492696013339178
23,21,0,"Black",18.0438388594289,0.561360008065954
24,21,0,"Black",18.0528356119569,0.630024002792734
25,21,0,"Black",18.0564640760325,0.69868799751951
26,21,0,"Black",18.0548768777027,0.767351992246288
27,21,0,"Black",18.0482278531083,0.836015986973064
28,21,0,"Black",18.0366720484841,0.904679981699842
29,21,0,"Black",18.0203657201585,0.97334397642662
30,21,0,"Black",17.999466334554,1.0420079711534
31,21,0,"Black",17.9741325681866,1.11067196588017
32,21,0,"Black",17.9445243076665,1.17933596060695
33,21,0,"Black",17.9108026496976,1.24799995533373
34,21,0,"Black",17.8731299010774,1.31666395006051
35,21,0,"Black",17.8316695786976,1.38532794478728
36,21,0,"Black",17.7865864095435,1.45399193951406
37,21,0,"Black",17.7380463306943,1.52265593424084
38,21,0,"Black",17.6862164893231,1.59131992896762
39,21,0,"Black",17.6312652426968,1.65998392369439
40,21,0,"Black",17.573362158176,1.72864791842117
41,21,0,"Black",17.5126780132153,1.7972306335599
42,21,0,"Black",17.4493847953631,1.86532567117034
43,21,0,"Black",17.3836557022616,1.9324453537242
44,21,0,"Black",17.3156651416468,1.99810200369319
45,21,0,"Black",17.2455887313487,2.06180794354903
46,21,0,"Black",17.173603299291,2.12307549576342
47,21,0,"Black",17.0998868834912,2.18141228886978
48,21,0,"Black",17.0246187320607,2.23556377317044
49,21,0,"Black",16.9479793032048,2.2826771129774
50,21,0,"Black",16.8701502652224,2.31969821999812
51,21,0,"Black",16.7913144965066,2.34357300594011
52,21,0,"Black",16.711656085544,2.35124738251082
53,21,0,"Black",16.6313603309153,2.33966726141775
54,21,0,"Black",16.5506137412948,2.30589495853432
55,21,0,"Black",16.4696040354507,2.25052310982929
56,21,0,"Black",16.3885201422451,2.1782257723399
57,21,0,"Black",16.307552200634,2.09390435499
58,21,0,"Black",16.2268915596671,2.00246026670344
59,21,0,"Black",16.146730778488,1.90879491640408
60,21,0,"Black",16.067263626334,1.81780971301578
61,21,0,"Black",15.9886850825365,1.73420224358248
62,21,0,"Black",15.9111913365205,1.66030066579431
63,21,0,"Black",15.8349056633647,1.59690447324216
64,21,0,"Black",15.7590630549586,1.54478768178193
65,21,0,"Black",15.6811948511598,1.50472430726951
66,21,0,"Black",15.5970546153537,1.47748836556081
67,21,0,"Black",15.5006181344536,1.46385387251171
68,21,0,"Black",15.3844798031768,1.4643019524239
69,21,0,"Black",15.2442128510851,1.47767479541382
70,21,0,"Black",15.0827295696242,1.50224482599635
71,21,0,"Black",14.9102058409423,1.53628389663256
72,21,0,"Black",14.7388907278517,1.57806385978351
73,21,0,"Black",14.5779160637897,1.62585656791025
74,21,0,"Black",14.4328245973609,1.67793452116973
75,21,0,"Black",14.3055658610856,1.73321532480724
76,21,0,"Black",14.1944507276315,1.79247223274095
77,21,0,"Black",14.0941059660454,1.85681011917543
78,21,0,"Black",13.9957446088073,1.92733385831522
79,21,0,"Black",13.8901854331852,2.00514832436489
80,21,0,"Black",13.7708724425918,2.091358391529
81,21,0,"Black",13.6341493648886,2.18705552901212
82,21,0,"Black",13.4792596523868,2.29252690601953
83,21,0,"Black",13.3081985270376,2.40681302675768
84,21,0,"Black",13.1240854775356,2.52884715543306
85,21,0,"Black",12.9295367564206,2.65756255625221
86,21,0,"Black",12.7265174252691,2.79189249342164
87,21,0,"Black",12.5163413546942,2.93077023114787
88,21,0,"Black",12.2996712243457,3.0732024693107
89,21,0,"Black",12.07651852291,3.21951422499691
90,21,0,"Black",11.8462435481102,3.37117082442813
91,21,0,"Black",11.6075554067059,3.52967519289074
92,21,0,"Black",11.3585120144935,3.69653025567111
93,21,0,"Black",11.0965200963059,3.87323893805562
94,21,0,"Black",10.8183351860128,4.06130416533064
95,21,0,"Black",10.5200616265202,4.2619583601217
96,21,0,"Black",10.1971525697712,4.47428569651752
97,21,0,"Black",9.84440997674518,4.69634590850061
98,21,0,"Black",9.45598461745828,4.92619242095352
99,21,0,"Black",9.02537607096327,5.16187865875879
100,21,0,"Black",8.54543272534955,5.40145804679897
101,21,0,"Black",8.00835177774316,5.6429840099566
21,22,0,"Black",18.0091360352967,0.424032018612402
22,22,0,"Black",18.0293224024953,0.492696013339178
23,22,0,"Black",18.0438388594289,0.561360008065954
24,22,0,"Black",18.0528356119569,0.630024002792734
25,22,0,"Black",18.0564640760325,0.69868799751951
26,22,0,"Black",18.0548768777027,0.767351992246288
27,22,0,"Black",18.0482278531083,0.836015986973064
28,22,0,"Black",18.0366720484841,0.904679981699842
29,22,0,"Black",18.0203657201585,0.97334397642662
30,22,0,"Black",17.999466334554,1.0420079711534
31,22,0,"Black",17.9741325681866,1.11067196588017
32,22,0,"Black",17.9445243076665,1.17933596060695
33,22,0,"Black",17.9108026496976,1.24799995533373
34,22,0,"Black",17.8731299010774,1.31666395006051
35,22,0,"Black",17.8316695786976,1.38532794478728
36,22,0,"Black",17.7865864095435,1.45399193951406
37,22,0,"Black",17.7380463306943,1.52265593424084
38,22,0,"Black",17.6862164893231,1.59131992896762
39,22,0,"Black",17.6312652426968,1.65998392369439
40,22,0,"Black",17.573362158176,1.72864791842117
41,22,0,"Black",17.5126780132153,1.7972306335599
42,22,0,"Black",17.4493847953631,1.86532567117034
43,22,0,"Black",17.3836557022616,1.9324453537242
44,22,0,"Black",17.3156651416468,1.99810200369319
45,22,0,"Black",17.2455887313487,2.06180794354903
46,22,0,"Black",17.173603299291,2.12307549576342
47,22,0,"Black",17.0998868834912,2.18141228886978
48,22,0,"Black",17.0246187320607,2.23556377317044
49,22,0,"Black",16.9479793032048,2.2826771129774
50,22,0,"Black",16.8701502652224,2.31969821999812
51,22,0,"Black",16.7913144965066,2.34357300594011
52,22,0,"Black",16.711656085544,2.35124738251082
53,22,0,"Black",16.6313603309153,2.33966726141775
54,22,0,"Black",16.5506137412948,2.30589495853432
55,22,0,"Black",16.4696040354507,2.25052310982929
56,22,0,"Black",16.3885201422451,2.1782257723399
57,22,0,"Black",16.307552200634,2.09390435499
58,22,0,"Black",16.2268915596671,2.00246026670344
59,22,0,"Black",16.146730778488,1.90879491640408
60,22,0,"Black",16.067263626334,1.81780971301578
61,22,0,"Black",15.9886850825365,1.73420224358248
62,22,0,"Black",15.9111913365205,1.66030066579431
63,22,0,"Black",15.8349056633647,1.59690447324216
64,22,0,"Black",15.7590630549586,1.54478768178193
65,22,0,"Black",15.6811948511598,1.50472430726951
66,22,0,"Black",15.5970546153537,1.47748836556081
67,22,0,"Black",15.5006181344536,1.46385387251171
68,22,0,"Black",15.3844798031768,1.4643019524239
69,22,0,"Black",15.2442128510851,1.47767479541382
70,22,0,"Black",15.0827295696242,1.50224482599635
71,22,0,"Black",14.9102058409423,1.53628389663256
72,22,0,"Black",14.7388907278517,1.57806385978351
73,22,0,"Black",14.5779160637897,1.62585656791025
74,22,0,"Black",14.4328245973609,1.67793452116973
75,22,0,"Black",14.3055658610856,1.73321532480724
76,22,0,"Black",14.1944507276315,1.79247223274095
77,22,0,"Black",14.0941059660454,1.85681011917543
78,22,0,"Black",13.9957446088073,1.92733385831522
79,22,0,"Black",13.8901854331852,2.00514832436489
80,22,0,"Black",13.7708724425918,2.091358391529
81,22,0,"Black",13.6341493648886,2.18705552901212
82,22,0,"Black",13.4792596523868,2.29252690601953
83,22,0,"Black",13.3081985270376,2.40681302675768
84,22,0,"Black",13.1240854775356,2.52884715543306
85,22,0,"Black",12.9295367564206,2.65756255625221
86,22,0,"Black",12.7265174252691,2.79189249342164
87,22,0,"Black",12.5163413546942,2.93077023114787
88,22,0,"Black",12.2996712243457,3.0732024693107
89,22,0,"Black",12.07651852291,3.21951422499691
90,22,0,"Black",11.8462435481102,3.37117082442813
91,22,0,"Black",11.6075554067059,3.52967519289074
92,22,0,"Black",11.3585120144935,3.69653025567111
93,22,0,"Black",11.0965200963059,3.87323893805562
94,22,0,"Black",10.8183351860128,4.06130416533064
95,22,0,"Black",10.5200616265202,4.2619583601217
96,22,0,"Black",10.1971525697712,4.47428569651752
97,22,0,"Black",9.84440997674518,4.69634590850061
98,22,0,"Black",9.45598461745828,4.92619242095352
99,22,0,"Black",9.02537607096327,5.16187865875879
100,22,0,"Black",8.54543272534955,5.40145804679897
101,22,0,"Black",8.00835177774316,5.6429840099566
21,23,0,"Black",18.0091360352967,0.424032018612402
22,23,0,"Black",18.0293224024953,0.492696013339178
23,23,0,"Black",18.0438388594289,0.561360008065954
24,23,0,"Black",18.0528356119569,0.630024002792734
25,23,0,"Black",18.0564640760325,0.69868799751951
26,23,0,"Black",18.0548768777027,0.767351992246288
27,23,0,"Black",18.0482278531083,0.836015986973064
28,23,0,"Black",18.0366720484841,0.904679981699842
29,23,0,"Black",18.0203657201585,0.97334397642662
30,23,0,"Black",17.999466334554,1.0420079711534
31,23,0,"Black",17.9741325681866,1.11067196588017
32,23,0,"Black",17.9445243076665,1.17933596060695
33,23,0,"Black",17.9108026496976,1.24799995533373
34,23,0,"Black",17.8731299010774,1.31666395006051
35,23,0,"Black",17.8316695786976,1.38532794478728
36,23,0,"Black",17.7865864095435,1.45399193951406
37,23,0,"Black",17.7380463306943,1.52265593424084
38,23,0,"Black",17.6862164893231,1.59131992896762
39,23,0,"Black",17.6312652426968,1.65998392369439
40,23,0,"Black",17.573362158176,1.72864791842117
41,23,0,"Black",17.5126780132153,1.7972306335599
42,23,0,"Black",17.4493847953631,1.86532567117034
43,23,0,"Black",17.3836557022616,1.9324453537242
44,23,0,"Black",17.3156651416468,1.99810200369319
45,23,0,"Black",17.2455887313487,2.06180794354903
46,23,0,"Black",17.173603299291,2.12307549576342
47,23,0,"Black",17.0998868834912,2.18141228886978
48,23,0,"Black",17.0246187320607,2.23556377317044
49,23,0,"Black",16.9479793032048,2.2826771129774
50,23,0,"Black",16.8701502652224,2.31969821999812
51,23,0,"Black",16.7913144965066,2.34357300594011
52,23,0,"Black",16.711656085544,2.35124738251082
53,23,0,"Black",16.6313603309153,2.33966726141775
54,23,0,"Black",16.5506137412948,2.30589495853432
55,23,0,"Black",16.4696040354507,2.25052310982929
56,23,0,"Black",16.3885201422451,2.1782257723399
57,23,0,"Black",16.307552200634,2.09390435499
58,23,0,"Black",16.2268915596671,2.00246026670344
59,23,0,"Black",16.146730778488,1.90879491640408
60,23,0,"Black",16.067263626334,1.81780971301578
61,23,0,"Black",15.9886850825365,1.73420224358248
62,23,0,"Black",15.9111913365205,1.66030066579431
63,23,0,"Black",15.8349056633647,1.59690447324216
64,23,0,"Black",15.7590630549586,1.54478768178193
65,23,0,"Black",15.6811948511598,1.50472430726951
66,23,0,"Black",15.5970546153537,1.47748836556081
67,23,0,"Black",15.5006181344536,1.46385387251171
68,23,0,"Black",15.3844798031768,1.4643019524239
69,23,0,"Black",15.2442128510851,1.47767479541382
70,23,0,"Black",15.0827295696242,1.50224482599635
71,23,0,"Black",14.9102058409423,1.53628389663256
72,23,0,"Black",14.7388907278517,1.57806385978351
73,23,0,"Black",14.5779160637897,1.62585656791025
74,23,0,"Black",14.4328245973609,1.67793452116973
75,23,0,"Black",14.3055658610856,1.73321532480724
76,23,0,"Black",14.1944507276315,1.79247223274095
77,23,0,"Black",14.0941059660454,1.85681011917543
78,23,0,"Black",13.9957446088073,1.92733385831522
79,23,0,"Black",13.8901854331852,2.00514832436489
80,23,0,"Black",13.7708724425918,2.091358391529
81,23,0,"Black",13.6341493648886,2.18705552901212
82,23,0,"Black",13.4792596523868,2.29252690601953
83,23,0,"Black",13.3081985270376,2.40681302675768
84,23,0,"Black",13.1240854775356,2.52884715543306
85,23,0,"Black",12.9295367564206,2.65756255625221
86,23,0,"Black",12.7265174252691,2.79189249342164
87,23,0,"Black",12.5163413546942,2.93077023114787
88,23,0,"Black",12.2996712243457,3.0732024693107
89,23,0,"Black",12.07651852291,3.21951422499691
90,23,0,"Black",11.8462435481102,3.37117082442813
91,23,0,"Black",11.6075554067059,3.52967519289074
92,23,0,"Black",11.3585120144935,3.69653025567111
93,23,0,"Black",11.0965200963059,3.87323893805562
94,23,0,"Black",10.8183351860128,4.06130416533064
95,23,0,"Black",10.5200616265202,4.2619583601217
96,23,0,"Black",10.1971525697712,4.47428569651752
97,23,0,"Black",9.84440997674518,4.69634590850061
98,23,0,"Black",9.45598461745828,4.92619242095352
99,23,0,"Black",9.02537607096327,5.16187865875879
100,23,0,"Black",8.54543272534955,5.40145804679897
101,23,0,"Black",8.00835177774316,5.6429840099566
21,24,0,"Black",18.0091360352967,0.424032018612402
22,24,0,"Black",18.0293224024953,0.492696013339178
23,24,0,"Black",18.0438388594289,0.561360008065954
24,24,0,"Black",18.0528356119569,0.630024002792734
25,24,0,"Black",18.0564640760325,0.69868799751951
26,24,0,"Black",18.0548768777027,0.767351992246288
27,24,0,"Black",18.0482278531083,0.836015986973064
28,24,0,"Black",18.0366720484841,0.904679981699842
29,24,0,"Black",18.0203657201585,0.97334397642662
30,24,0,"Black",17.999466334554,1.0420079711534
31,24,0,"Black",17.9741325681866,1.11067196588017
32,24,0,"Black",17.9445243076665,1.17933596060695
33,24,0,"Black",17.9108026496976,1.24799995533373
34,24,0,"Black",17.8731299010774,1.31666395006051
35,24,0,"Black",17.8316695786976,1.38532794478728
36,24,0,"Black",17.7865864095435,1.45399193951406
37,24,0,"Black",17.7380463306943,1.52265593424084
38,24,0,"Black",17.6862164893231,1.59131992896762
39,24,0,"Black",17.6312652426968,1.65998392369439
40,24,0,"Black",17.573362158176,1.72864791842117
41,24,0,"Black",17.5126780132153,1.7972306335599
42,24,0,"Black",17.4493847953631,1.86532567117034
43,24,0,"Black",17.3836557022616,1.9324453537242
44,24,0,"Black",17.3156651416468,1.99810200369319
45,24,0,"Black",17.2455887313487,2.06180794354903
46,24,0,"Black",17.173603299291,2.12307549576342
47,24,0,"Black",17.0998868834912,2.18141228886978
48,24,0,"Black",17.0246187320607,2.23556377317044
49,24,0,"Black",16.9479793032048,2.2826771129774
50,24,0,"Black",16.8701502652224,2.31969821999812
51,24,0,"Black",16.7913144965066,2.34357300594011
52,24,0,"Black",16.711656085544,2.35124738251082
53,24,0,"Black",16.6313603309153,2.33966726141775
54,24,0,"Black",16.5506137412948,2.30589495853432
55,24,0,"Black",16.4696040354507,2.25052310982929
56,24,0,"Black",16.3885201422451,2.1782257723399
57,24,0,"Black",16.307552200634,2.09390435499
58,24,0,"Black",16.2268915596671,2.00246026670344
59,24,0,"Black",16.146730778488,1.90879491640408
60,24,0,"Black",16.067263626334,1.81780971301578
61,24,0,"Black",15.9886850825365,1.73420224358248
62,24,0,"Black",15.9111913365205,1.66030066579431
63,24,0,"Black",15.8349056633647,1.59690447324216
64,24,0,"Black",15.7590630549586,1.54478768178193
65,24,0,"Black",15.6811948511598,1.50472430726951
66,24,0,"Black",15.5970546153537,1.47748836556081
67,24,0,"Black",15.5006181344536,1.46385387251171
68,24,0,"Black",15.3844798031768,1.4643019524239
69,24,0,"Black",15.2442128510851,1.47767479541382
70,24,0,"Black",15.0827295696242,1.50224482599635
71,24,0,"Black",14.9102058409423,1.53628389663256
72,24,0,"Black",14.7388907278517,1.57806385978351
73,24,0,"Black",14.5779160637897,1.62585656791025
74,24,0,"Black",14.4328245973609,1.67793452116973
75,24,0,"Black",14.3055658610856,1.73321532480724
76,24,0,"Black",14.1944507276315,1.79247223274095
77,24,0,"Black",14.0941059660454,1.85681011917543
78,24,0,"Black",13.9957446088073,1.92733385831522
79,24,0,"Black",13.8901854331852,2.00514832436489
80,24,0,"Black",13.7708724425918,2.091358391529
81,24,0,"Black",13.6341493648886,2.18705552901212
82,24,0,"Black",13.4792596523868,2.29252690601953
83,24,0,"Black",13.3081985270376,2.40681302675768
84,24,0,"Black",13.1240854775356,2.52884715543306
85,24,0,"Black",12.9295367564206,2.65756255625221
86,24,0,"Black",12.7265174252691,2.79189249342164
87,24,0,"Black",12.5163413546942,2.93077023114787
88,24,0,"Black",12.2996712243457,3.0732024693107
89,24,0,"Black",12.07651852291,3.21951422499691
90,24,0,"Black",11.8462435481102,3.37117082442813
91,24,0,"Black",11.6075554067059,3.52967519289074
92,24,0,"Black",11.3585120144935,3.69653025567111
93,24,0,"Black",11.0965200963059,3.87323893805562
94,24,0,"Black",10.8183351860128,4.06130416533064
95,24,0,"Black",10.5200616265202,4.2619583601217
96,24,0,"Black",10.1971525697712,4.47428569651752
97,24,0,"Black",9.84440997674518,4.69634590850061
98,24,0,"Black",9.45598461745828,4.92619242095352
99,24,0,"Black",9.02537607096327,5.16187865875879
100,24,0,"Black",8.54543272534955,5.40145804679897
101,24,0,"Black",8.00835177774316,5.6429840099566
21,25,0,"Black",18.0091360352967,0.424032018612402
22,25,0,"Black",18.0293224024953,0.492696013339178
23,25,0,"Black",18.0438388594289,0.561360008065954
24,25,0,"Black",18.0528356119569,0.630024002792734
25,25,0,"Black",18.0564640760325,0.69868799751951
26,25,0,"Black",18.0548768777027,0.767351992246288
27,25,0,"Black",18.0482278531083,0.836015986973064
28,25,0,"Black",18.0366720484841,0.904679981699842
29,25,0,"Black",18.0203657201585,0.97334397642662
30,25,0,"Black",17.999466334554,1.0420079711534
31,25,0,"Black",17.9741325681866,1.11067196588017
32,25,0,"Black",17.9445243076665,1.17933596060695
33,25,0,"Black",17.9108026496976,1.24799995533373
34,25,0,"Black",17.8731299010774,1.31666395006051
35,25,0,"Black",17.8316695786976,1.38532794478728
36,25,0,"Black",17.7865864095435,1.45399193951406
37,25,0,"Black",17.7380463306943,1.52265593424084
38,25,0,"Black",17.6862164893231,1.59131992896762
39,25,0,"Black",17.6312652426968,1.65998392369439
40,25,0,"Black",17.573362158176,1.72864791842117
41,25,0,"Black",17.5126780132153,1.7972306335599
42,25,0,"Black",17.4493847953631,1.86532567117034
43,25,0,"Black",17.3836557022616,1.9324453537242
44,25,0,"Black",17.3156651416468,1.99810200369319
45,25,0,"Black",17.2455887313487,2.06180794354903
46,25,0,"Black",17.173603299291,2.12307549576342
47,25,0,"Black",17.0998868834912,2.18141228886978
48,25,0,"Black",17.0246187320607,2.23556377317044
49,25,0,"Black",16.9479793032048,2.2826771129774
50,25,0,"Black",16.8701502652224,2.31969821999812
51,25,0,"Black",16.7913144965066,2.34357300594011
52,25,0,"Black",16.711656085544,2.35124738251082
53,25,0,"Black",16.6313603309153,2.33966726141775
54,25,0,"Black",16.5506137412948,2.30589495853432
55,25,0,"Black",16.4696040354507,2.25052310982929
56,25,0,"Black",16.3885201422451,2.1782257723399
57,25,0,"Black",16.307552200634,2.09390435499
58,25,0,"Black",16.2268915596671,2.00246026670344
59,25,0,"Black",16.146730778488,1.90879491640408
60,25,0,"Black",16.067263626334,1.81780971301578
61,25,0,"Black",15.9886850825365,1.73420224358248
62,25,0,"Black",15.9111913365205,1.66030066579431
63,25,0,"Black",15.8349056633647,1.59690447324216
64,25,0,"Black",15.7590630549586,1.54478768178193
65,25,0,"Black",15.6811948511598,1.50472430726951
66,25,0,"Black",15.5970546153537,1.47748836556081
67,25,0,"Black",15.5006181344536,1.46385387251171
68,25,0,"Black",15.3844798031768,1.4643019524239
69,25,0,"Black",15.2442128510851,1.47767479541382
70,25,0,"Black",15.0827295696242,1.50224482599635
71,25,0,"Black",14.9102058409423,1.53628389663256
72,25,0,"Black",14.7388907278517,1.57806385978351
73,25,0,"Black",14.5779160637897,1.62585656791025
74,25,0,"Black",14.4328245973609,1.67793452116973
75,25,0,"Black",14.3055658610856,1.73321532480724
76,25,0,"Black",14.1944507276315,1.79247223274095
77,25,0,"Black",14.0941059660454,1.85681011917543
78,25,0,"Black",13.9957446088073,1.92733385831522
79,25,0,"Black",13.8901854331852,2.00514832436489
80,25,0,"Black",13.7708724425918,2.091358391529
81,25,0,"Black",13.6341493648886,2.18705552901212
82,25,0,"Black",13.4792596523868,2.29252690601953
83,25,0,"Black",13.3081985270376,2.40681302675768
84,25,0,"Black",13.1240854775356,2.52884715543306
85,25,0,"Black",12.9295367564206,2.65756255625221
86,25,0,"Black",12.7265174252691,2.79189249342164
87,25,0,"Black",12.5163413546942,2.93077023114787
88,25,0,"Black",12.2996712243457,3.0732024693107
89,25,0,"Black",12.07651852291,3.21951422499691
90,25,0,"Black",11.8462435481102,3.37117082442813
91,25,0,"Black",11.6075554067059,3.52967519289074
92,25,0,"Black",11.3585120144935,3.69653025567111
93,25,0,"Black",11.0965200963059,3.87323893805562
94,25,0,"Black",10.8183351860128,4.06130416533064
95,25,0,"Black",10.5200616265202,4.2619583601217
96,25,0,"Black",10.1971525697712,4.47428569651752
97,25,0,"Black",9.84440997674518,4.69634590850061
98,25,0,"Black",9.45598461745828,4.92619242095352
99,25,0,"Black",9.02537607096327,5.16187865875879
100,25,0,"Black",8.54543272534955,5.40145804679897
101,25,0,"Black",8.00835177774316,5.6429840099566
21,10,1,"Black",17.3982155327847,0.424032018612402
22,10,1,"Black",17.4034390936524,0.492696013339178
23,10,1,"Black",17.4029927442551,0.561360008065954
24,10,1,"Black",17.3970266904522,0.630024002792734
25,10,1,"Black",17.3856923481969,0.69868799751951
26,10,1,"Black",17.3691423435362,0.767351992246288
27,10,1,"Black",17.3475305126109,0.836015986973064
28,10,1,"Black",17.3210119016557,0.904679981699842
29,10,1,"Black",17.2897427669993,0.97334397642662
30,10,1,"Black",17.2538805750638,1.0420079711534
31,10,1,"Black",17.2135840023656,1.11067196588017
32,10,1,"Black",17.1690129355146,1.17933596060695
33,10,1,"Black",17.1203284712147,1.24799995533373
34,10,1,"Black",17.0676929162636,1.31666395006051
35,10,1,"Black",17.0112697875529,1.38532794478728
36,10,1,"Black",16.9512238120679,1.45399193951406
37,10,1,"Black",16.8877209268878,1.52265593424084
38,10,1,"Black",16.8209282791857,1.59131992896762
39,10,1,"Black",16.7510142262284,1.65998392369439
40,10,1,"Black",16.6781483353767,1.72864791842117
41,10,1,"Black",16.6025013840851,1.7972306335599
42,10,1,"Black",16.524245359902,1.86532567117034
43,10,1,"Black",16.4435534604696,1.9324453537242
44,10,1,"Black",16.360600093524,1.99810200369319
45,10,1,"Black",16.275560876895,2.06180794354903
46,10,1,"Black",16.1886126385063,2.12307549576342
47,10,1,"Black",16.0999334163756,2.18141228886978
48,10,1,"Black",16.0097024586142,2.23556377317044
49,10,1,"Black",15.9181002234273,2.2826771129774
50,10,1,"Black",15.8253083791141,2.31969821999812
51,10,1,"Black",15.7315098040674,2.34357300594011
52,10,1,"Black",15.6368885867739,2.35124738251082
53,10,1,"Black",15.5416300258142,2.33966726141775
54,10,1,"Black",15.4459206298628,2.30589495853432
55,10,1,"Black",15.3499481176878,2.25052310982929
56,10,1,"Black",15.2539014181513,2.1782257723399
57,10,1,"Black",15.1579706702093,2.09390435499
58,10,1,"Black",15.0623472229115,2.00246026670344
59,10,1,"Black",14.9672236354015,1.90879491640408
60,10,1,"Black",14.8727936769166,1.81780971301578
61,10,1,"Black",14.7792523267882,1.73420224358248
62,10,1,"Black",14.6867957744413,1.66030066579431
63,10,1,"Black",14.5955472949546,1.59690447324216
64,10,1,"Black",14.5047418802176,1.54478768178193
65,10,1,"Black",14.4119108700879,1.50472430726951
66,10,1,"Black",14.3128078279509,1.47748836556081
67,10,1,"Black",14.2014085407198,1.46385387251171
68,10,1,"Black",14.0703074031122,1.4643019524239
69,10,1,"Black",13.9150776446895,1.47767479541382
70,10,1,"Black",13.7386315568977,1.50224482599635
71,10,1,"Black",13.5511450218849,1.53628389663256
72,10,1,"Black",13.3648671024634,1.57806385978351
73,10,1,"Black",13.1889296320704,1.62585656791025
74,10,1,"Black",13.0288753593108,1.67793452116973
75,10,1,"Black",12.8866538167046,1.73321532480724
76,10,1,"Black",12.7605758769195,1.79247223274095
77,10,1,"Black",12.6452683090025,1.85681011917543
78,10,1,"Black",12.5319441454335,1.92733385831522
79,10,1,"Black",12.4114221634805,2.00514832436489
80,10,1,"Black",12.2771463665562,2.091358391529
81,10,1,"Black",12.1254604825221,2.18705552901212
82,10,1,"Black",11.9556079636894,2.29252690601953
83,10,1,"Black",11.7695840320093,2.40681302675768
84,10,1,"Black",11.5705081761764,2.52884715543306
85,10,1,"Black",11.3609966487305,2.65756255625221
86,10,1,"Black",11.143014511248,2.79189249342164
87,10,1,"Black",10.9178756343422,2.93077023114787
88,10,1,"Black",10.6862426976628,3.0732024693107
89,10,1,"Black",10.4481271898962,3.21951422499691
90,10,1,"Black",10.2028894087655,3.37117082442813
91,10,1,"Black",9.94923846103031,3.52967519289074
92,10,1,"Black",9.685232262487,3.69653025567111
93,10,1,"Black",9.40827753796852,3.87323893805562
94,10,1,"Black",9.11512982134445,4.06130416533064
95,10,1,"Black",8.80189345552102,4.2619583601217
96,10,1,"Black",8.46402159244108,4.47428569651752
97,10,1,"Black",8.09631619308415,4.69634590850061
98,10,1,"Black",7.69292802746633,4.92619242095352
99,10,1,"Black",7.24735667464042,5.16187865875879
100,10,1,"Black",6.75245052269579,5.40145804679897
101,10,1,"Black",6.2004067687585,5.6429840099566
21,11,1,"Black",17.3982155327847,0.424032018612402
22,11,1,"Black",17.4034390936524,0.492696013339178
23,11,1,"Black",17.4029927442551,0.561360008065954
24,11,1,"Black",17.3970266904522,0.630024002792734
25,11,1,"Black",17.3856923481969,0.69868799751951
26,11,1,"Black",17.3691423435362,0.767351992246288
27,11,1,"Black",17.3475305126109,0.836015986973064
28,11,1,"Black",17.3210119016557,0.904679981699842
29,11,1,"Black",17.2897427669993,0.97334397642662
30,11,1,"Black",17.2538805750638,1.0420079711534
31,11,1,"Black",17.2135840023656,1.11067196588017
32,11,1,"Black",17.1690129355146,1.17933596060695
33,11,1,"Black",17.1203284712147,1.24799995533373
34,11,1,"Black",17.0676929162636,1.31666395006051
35,11,1,"Black",17.0112697875529,1.38532794478728
36,11,1,"Black",16.9512238120679,1.45399193951406
37,11,1,"Black",16.8877209268878,1.52265593424084
38,11,1,"Black",16.8209282791857,1.59131992896762
39,11,1,"Black",16.7510142262284,1.65998392369439
40,11,1,"Black",16.6781483353767,1.72864791842117
41,11,1,"Black",16.6025013840851,1.7972306335599
42,11,1,"Black",16.524245359902,1.86532567117034
43,11,1,"Black",16.4435534604696,1.9324453537242
44,11,1,"Black",16.360600093524,1.99810200369319
45,11,1,"Black",16.275560876895,2.06180794354903
46,11,1,"Black",16.1886126385063,2.12307549576342
47,11,1,"Black",16.0999334163756,2.18141228886978
48,11,1,"Black",16.0097024586142,2.23556377317044
49,11,1,"Black",15.9181002234273,2.2826771129774
50,11,1,"Black",15.8253083791141,2.31969821999812
51,11,1,"Black",15.7315098040674,2.34357300594011
52,11,1,"Black",15.6368885867739,2.35124738251082
53,11,1,"Black",15.5416300258142,2.33966726141775
54,11,1,"Black",15.4459206298628,2.30589495853432
55,11,1,"Black",15.3499481176878,2.25052310982929
56,11,1,"Black",15.2539014181513,2.1782257723399
57,11,1,"Black",15.1579706702093,2.09390435499
58,11,1,"Black",15.0623472229115,2.00246026670344
59,11,1,"Black",14.9672236354015,1.90879491640408
60,11,1,"Black",14.8727936769166,1.81780971301578
61,11,1,"Black",14.7792523267882,1.73420224358248
62,11,1,"Black",14.6867957744413,1.66030066579431
63,11,1,"Black",14.5955472949546,1.59690447324216
64,11,1,"Black",14.5047418802176,1.54478768178193
65,11,1,"Black",14.4119108700879,1.50472430726951
66,11,1,"Black",14.3128078279509,1.47748836556081
67,11,1,"Black",14.2014085407198,1.46385387251171
68,11,1,"Black",14.0703074031122,1.4643019524239
69,11,1,"Black",13.9150776446895,1.47767479541382
70,11,1,"Black",13.7386315568977,1.50224482599635
71,11,1,"Black",13.5511450218849,1.53628389663256
72,11,1,"Black",13.3648671024634,1.57806385978351
73,11,1,"Black",13.1889296320704,1.62585656791025
74,11,1,"Black",13.0288753593108,1.67793452116973
75,11,1,"Black",12.8866538167046,1.73321532480724
76,11,1,"Black",12.7605758769195,1.79247223274095
77,11,1,"Black",12.6452683090025,1.85681011917543
78,11,1,"Black",12.5319441454335,1.92733385831522
79,11,1,"Black",12.4114221634805,2.00514832436489
80,11,1,"Black",12.2771463665562,2.091358391529
81,11,1,"Black",12.1254604825221,2.18705552901212
82,11,1,"Black",11.9556079636894,2.29252690601953
83,11,1,"Black",11.7695840320093,2.40681302675768
84,11,1,"Black",11.5705081761764,2.52884715543306
85,11,1,"Black",11.3609966487305,2.65756255625221
86,11,1,"Black",11.143014511248,2.79189249342164
87,11,1,"Black",10.9178756343422,2.93077023114787
88,11,1,"Black",10.6862426976628,3.0732024693107
89,11,1,"Black",10.4481271898962,3.21951422499691
90,11,1,"Black",10.2028894087655,3.37117082442813
91,11,1,"Black",9.94923846103031,3.52967519289074
92,11,1,"Black",9.685232262487,3.69653025567111
93,11,1,"Black",9.40827753796852,3.87323893805562
94,11,1,"Black",9.11512982134445,4.06130416533064
95,11,1,"Black",8.80189345552102,4.2619583601217
96,11,1,"Black",8.46402159244108,4.47428569651752
97,11,1,"Black",8.09631619308415,4.69634590850061
98,11,1,"Black",7.69292802746633,4.92619242095352
99,11,1,"Black",7.24735667464042,5.16187865875879
100,11,1,"Black",6.75245052269579,5.40145804679897
101,11,1,"Black",6.2004067687585,5.6429840099566
21,12,1,"Black",17.3982155327847,0.424032018612402
22,12,1,"Black",17.4034390936524,0.492696013339178
23,12,1,"Black",17.4029927442551,0.561360008065954
24,12,1,"Black",17.3970266904522,0.630024002792734
25,12,1,"Black",17.3856923481969,0.69868799751951
26,12,1,"Black",17.3691423435362,0.767351992246288
27,12,1,"Black",17.3475305126109,0.836015986973064
28,12,1,"Black",17.3210119016557,0.904679981699842
29,12,1,"Black",17.2897427669993,0.97334397642662
30,12,1,"Black",17.2538805750638,1.0420079711534
31,12,1,"Black",17.2135840023656,1.11067196588017
32,12,1,"Black",17.1690129355146,1.17933596060695
33,12,1,"Black",17.1203284712147,1.24799995533373
34,12,1,"Black",17.0676929162636,1.31666395006051
35,12,1,"Black",17.0112697875529,1.38532794478728
36,12,1,"Black",16.9512238120679,1.45399193951406
37,12,1,"Black",16.8877209268878,1.52265593424084
38,12,1,"Black",16.8209282791857,1.59131992896762
39,12,1,"Black",16.7510142262284,1.65998392369439
40,12,1,"Black",16.6781483353767,1.72864791842117
41,12,1,"Black",16.6025013840851,1.7972306335599
42,12,1,"Black",16.524245359902,1.86532567117034
43,12,1,"Black",16.4435534604696,1.9324453537242
44,12,1,"Black",16.360600093524,1.99810200369319
45,12,1,"Black",16.275560876895,2.06180794354903
46,12,1,"Black",16.1886126385063,2.12307549576342
47,12,1,"Black",16.0999334163756,2.18141228886978
48,12,1,"Black",16.0097024586142,2.23556377317044
49,12,1,"Black",15.9181002234273,2.2826771129774
50,12,1,"Black",15.8253083791141,2.31969821999812
51,12,1,"Black",15.7315098040674,2.34357300594011
52,12,1,"Black",15.6368885867739,2.35124738251082
53,12,1,"Black",15.5416300258142,2.33966726141775
54,12,1,"Black",15.4459206298628,2.30589495853432
55,12,1,"Black",15.3499481176878,2.25052310982929
56,12,1,"Black",15.2539014181513,2.1782257723399
57,12,1,"Black",15.1579706702093,2.09390435499
58,12,1,"Black",15.0623472229115,2.00246026670344
59,12,1,"Black",14.9672236354015,1.90879491640408
60,12,1,"Black",14.8727936769166,1.81780971301578
61,12,1,"Black",14.7792523267882,1.73420224358248
62,12,1,"Black",14.6867957744413,1.66030066579431
63,12,1,"Black",14.5955472949546,1.59690447324216
64,12,1,"Black",14.5047418802176,1.54478768178193
65,12,1,"Black",14.4119108700879,1.50472430726951
66,12,1,"Black",14.3128078279509,1.47748836556081
67,12,1,"Black",14.2014085407198,1.46385387251171
68,12,1,"Black",14.0703074031122,1.4643019524239
69,12,1,"Black",13.9150776446895,1.47767479541382
70,12,1,"Black",13.7386315568977,1.50224482599635
71,12,1,"Black",13.5511450218849,1.53628389663256
72,12,1,"Black",13.3648671024634,1.57806385978351
73,12,1,"Black",13.1889296320704,1.62585656791025
74,12,1,"Black",13.0288753593108,1.67793452116973
75,12,1,"Black",12.8866538167046,1.73321532480724
76,12,1,"Black",12.7605758769195,1.79247223274095
77,12,1,"Black",12.6452683090025,1.85681011917543
78,12,1,"Black",12.5319441454335,1.92733385831522
79,12,1,"Black",12.4114221634805,2.00514832436489
80,12,1,"Black",12.2771463665562,2.091358391529
81,12,1,"Black",12.1254604825221,2.18705552901212
82,12,1,"Black",11.9556079636894,2.29252690601953
83,12,1,"Black",11.7695840320093,2.40681302675768
84,12,1,"Black",11.5705081761764,2.52884715543306
85,12,1,"Black",11.3609966487305,2.65756255625221
86,12,1,"Black",11.143014511248,2.79189249342164
87,12,1,"Black",10.9178756343422,2.93077023114787
88,12,1,"Black",10.6862426976628,3.0732024693107
89,12,1,"Black",10.4481271898962,3.21951422499691
90,12,1,"Black",10.2028894087655,3.37117082442813
91,12,1,"Black",9.94923846103031,3.52967519289074
92,12,1,"Black",9.685232262487,3.69653025567111
93,12,1,"Black",9.40827753796852,3.87323893805562
94,12,1,"Black",9.11512982134445,4.06130416533064
95,12,1,"Black",8.80189345552102,4.2619583601217
96,12,1,"Black",8.46402159244108,4.47428569651752
97,12,1,"Black",8.09631619308415,4.69634590850061
98,12,1,"Black",7.69292802746633,4.92619242095352
99,12,1,"Black",7.24735667464042,5.16187865875879
100,12,1,"Black",6.75245052269579,5.40145804679897
101,12,1,"Black",6.2004067687585,5.6429840099566
21,13,1,"Black",18.8540964570933,0.424032018612402
22,13,1,"Black",18.8503744334819,0.492696013339178
23,13,1,"Black",18.8409824996056,0.561360008065954
24,13,1,"Black",18.8260708613236,0.630024002792734
25,13,1,"Black",18.8057909345893,0.69868799751951
26,13,1,"Black",18.7802953454495,0.767351992246288
27,13,1,"Black",18.7497379300452,0.836015986973064
28,13,1,"Black",18.714273734611,0.904679981699842
29,13,1,"Black",18.6740590154755,0.97334397642662
30,13,1,"Black",18.629251239061,1.0420079711534
31,13,1,"Black",18.5800090818837,1.11067196588017
32,13,1,"Black",18.5264924305536,1.17933596060695
33,13,1,"Black",18.4688623817747,1.24799995533373
34,13,1,"Black",18.4072812423446,1.31666395006051
35,13,1,"Black",18.3419125291548,1.38532794478728
36,13,1,"Black",18.2729209691908,1.45399193951406
37,13,1,"Black",18.2004724995316,1.52265593424084
38,13,1,"Black",18.1247342673505,1.59131992896762
39,13,1,"Black",18.0458746299142,1.65998392369439
40,13,1,"Black",17.9640631545834,1.72864791842117
41,13,1,"Black",17.8794706188128,1.7972306335599
42,13,1,"Black",17.7922690101506,1.86532567117034
43,13,1,"Black",17.7026315262392,1.9324453537242
44,13,1,"Black",17.6107325748145,1.99810200369319
45,13,1,"Black",17.5167477737064,2.06180794354903
46,13,1,"Black",17.4208539508387,2.12307549576342
47,13,1,"Black",17.323229144229,2.18141228886978
48,13,1,"Black",17.2240526019885,2.23556377317044
49,13,1,"Black",17.1235047823226,2.2826771129774
50,13,1,"Black",17.0217673535304,2.31969821999812
51,13,1,"Black",16.9190231940046,2.34357300594011
52,13,1,"Black",16.815456392232,2.35124738251082
53,13,1,"Black",16.7112522467933,2.33966726141775
54,13,1,"Black",16.6065972663628,2.30589495853432
55,13,1,"Black",16.5016791697088,2.25052310982929
56,13,1,"Black",16.3966868856933,2.1782257723399
57,13,1,"Black",16.2918105532723,2.09390435499
58,13,1,"Black",16.1872415214954,2.00246026670344
59,13,1,"Black",16.0831723495063,1.90879491640408
60,13,1,"Black",15.9797968065424,1.81780971301578
61,13,1,"Black",15.8773098719349,1.73420224358248
62,13,1,"Black",15.775907735109,1.66030066579431
63,13,1,"Black",15.6757136711432,1.59690447324216
64,13,1,"Black",15.5759626719272,1.54478768178193
65,13,1,"Black",15.4741860773184,1.50472430726951
66,13,1,"Black",15.3661374507024,1.47748836556081
67,13,1,"Black",15.2457925789923,1.46385387251171
68,13,1,"Black",15.1057458569056,1.4643019524239
69,13,1,"Black",14.9415705140039,1.47767479541382
70,13,1,"Black",14.756178841733,1.50224482599635
71,13,1,"Black",14.5597467222412,1.53628389663256
72,13,1,"Black",14.3645232183406,1.57806385978351
73,13,1,"Black",14.1796401634686,1.62585656791025
74,13,1,"Black",14.0106403062299,1.67793452116973
75,13,1,"Black",13.8594731791447,1.73321532480724
76,13,1,"Black",13.7244496548806,1.79247223274095
77,13,1,"Black",13.6001965024846,1.85681011917543
78,13,1,"Black",13.4779267544364,1.92733385831522
79,13,1,"Black",13.3484591880044,2.00514832436489
80,13,1,"Black",13.205237806601,2.091358391529
81,13,1,"Black",13.0446063380879,2.18705552901212
82,13,1,"Black",12.8658082347761,2.29252690601953
83,13,1,"Black",12.6708387186171,2.40681302675768
84,13,1,"Black",12.4628172783051,2.52884715543306
85,13,1,"Black",12.2443601663801,2.65756255625221
86,13,1,"Black",12.0174324444186,2.79189249342164
87,13,1,"Black",11.7833479830338,2.93077023114787
88,13,1,"Black",11.5427694618753,3.0732024693107
89,13,1,"Black",11.2957083696297,3.21951422499691
90,13,1,"Black",11.0415250040199,3.37117082442813
91,13,1,"Black",10.7789284718057,3.52967519289074
92,13,1,"Black",10.5059766887833,3.69653025567111
93,13,1,"Black",10.2200763797858,3.87323893805562
94,13,1,"Black",9.91798307868268,4.06130416533064
95,13,1,"Black",9.5958011283802,4.2619583601217
96,13,1,"Black",9.24898368082122,4.47428569651752
97,13,1,"Black",8.87233269698524,4.69634590850061
98,13,1,"Black",8.45999894688839,4.92619242095352
99,13,1,"Black",8.00548200958342,5.16187865875879
100,13,1,"Black",7.50163027315975,5.40145804679897
101,13,1,"Black",6.94064093474341,5.6429840099566
21,14,1,"Black",18.8540964570933,0.424032018612402
22,14,1,"Black",18.8503744334819,0.492696013339178
23,14,1,"Black",18.8409824996056,0.561360008065954
24,14,1,"Black",18.8260708613236,0.630024002792734
25,14,1,"Black",18.8057909345893,0.69868799751951
26,14,1,"Black",18.7802953454495,0.767351992246288
27,14,1,"Black",18.7497379300452,0.836015986973064
28,14,1,"Black",18.714273734611,0.904679981699842
29,14,1,"Black",18.6740590154755,0.97334397642662
30,14,1,"Black",18.629251239061,1.0420079711534
31,14,1,"Black",18.5800090818837,1.11067196588017
32,14,1,"Black",18.5264924305536,1.17933596060695
33,14,1,"Black",18.4688623817747,1.24799995533373
34,14,1,"Black",18.4072812423446,1.31666395006051
35,14,1,"Black",18.3419125291548,1.38532794478728
36,14,1,"Black",18.2729209691908,1.45399193951406
37,14,1,"Black",18.2004724995316,1.52265593424084
38,14,1,"Black",18.1247342673505,1.59131992896762
39,14,1,"Black",18.0458746299142,1.65998392369439
40,14,1,"Black",17.9640631545834,1.72864791842117
41,14,1,"Black",17.8794706188128,1.7972306335599
42,14,1,"Black",17.7922690101506,1.86532567117034
43,14,1,"Black",17.7026315262392,1.9324453537242
44,14,1,"Black",17.6107325748145,1.99810200369319
45,14,1,"Black",17.5167477737064,2.06180794354903
46,14,1,"Black",17.4208539508387,2.12307549576342
47,14,1,"Black",17.323229144229,2.18141228886978
48,14,1,"Black",17.2240526019885,2.23556377317044
49,14,1,"Black",17.1235047823226,2.2826771129774
50,14,1,"Black",17.0217673535304,2.31969821999812
51,14,1,"Black",16.9190231940046,2.34357300594011
52,14,1,"Black",16.815456392232,2.35124738251082
53,14,1,"Black",16.7112522467933,2.33966726141775
54,14,1,"Black",16.6065972663628,2.30589495853432
55,14,1,"Black",16.5016791697088,2.25052310982929
56,14,1,"Black",16.3966868856933,2.1782257723399
57,14,1,"Black",16.2918105532723,2.09390435499
58,14,1,"Black",16.1872415214954,2.00246026670344
59,14,1,"Black",16.0831723495063,1.90879491640408
60,14,1,"Black",15.9797968065424,1.81780971301578
61,14,1,"Black",15.8773098719349,1.73420224358248
62,14,1,"Black",15.775907735109,1.66030066579431
63,14,1,"Black",15.6757136711432,1.59690447324216
64,14,1,"Black",15.5759626719272,1.54478768178193
65,14,1,"Black",15.4741860773184,1.50472430726951
66,14,1,"Black",15.3661374507024,1.47748836556081
67,14,1,"Black",15.2457925789923,1.46385387251171
68,14,1,"Black",15.1057458569056,1.4643019524239
69,14,1,"Black",14.9415705140039,1.47767479541382
70,14,1,"Black",14.756178841733,1.50224482599635
71,14,1,"Black",14.5597467222412,1.53628389663256
72,14,1,"Black",14.3645232183406,1.57806385978351
73,14,1,"Black",14.1796401634686,1.62585656791025
74,14,1,"Black",14.0106403062299,1.67793452116973
75,14,1,"Black",13.8594731791447,1.73321532480724
76,14,1,"Black",13.7244496548806,1.79247223274095
77,14,1,"Black",13.6001965024846,1.85681011917543
78,14,1,"Black",13.4779267544364,1.92733385831522
79,14,1,"Black",13.3484591880044,2.00514832436489
80,14,1,"Black",13.205237806601,2.091358391529
81,14,1,"Black",13.0446063380879,2.18705552901212
82,14,1,"Black",12.8658082347761,2.29252690601953
83,14,1,"Black",12.6708387186171,2.40681302675768
84,14,1,"Black",12.4628172783051,2.52884715543306
85,14,1,"Black",12.2443601663801,2.65756255625221
86,14,1,"Black",12.0174324444186,2.79189249342164
87,14,1,"Black",11.7833479830338,2.93077023114787
88,14,1,"Black",11.5427694618753,3.0732024693107
89,14,1,"Black",11.2957083696297,3.21951422499691
90,14,1,"Black",11.0415250040199,3.37117082442813
91,14,1,"Black",10.7789284718057,3.52967519289074
92,14,1,"Black",10.5059766887833,3.69653025567111
93,14,1,"Black",10.2200763797858,3.87323893805562
94,14,1,"Black",9.91798307868268,4.06130416533064
95,14,1,"Black",9.5958011283802,4.2619583601217
96,14,1,"Black",9.24898368082122,4.47428569651752
97,14,1,"Black",8.87233269698524,4.69634590850061
98,14,1,"Black",8.45999894688839,4.92619242095352
99,14,1,"Black",8.00548200958342,5.16187865875879
100,14,1,"Black",7.50163027315975,5.40145804679897
101,14,1,"Black",6.94064093474341,5.6429840099566
21,15,1,"Black",18.8540964570933,0.424032018612402
22,15,1,"Black",18.8503744334819,0.492696013339178
23,15,1,"Black",18.8409824996056,0.561360008065954
24,15,1,"Black",18.8260708613236,0.630024002792734
25,15,1,"Black",18.8057909345893,0.69868799751951
26,15,1,"Black",18.7802953454495,0.767351992246288
27,15,1,"Black",18.7497379300452,0.836015986973064
28,15,1,"Black",18.714273734611,0.904679981699842
29,15,1,"Black",18.6740590154755,0.97334397642662
30,15,1,"Black",18.629251239061,1.0420079711534
31,15,1,"Black",18.5800090818837,1.11067196588017
32,15,1,"Black",18.5264924305536,1.17933596060695
33,15,1,"Black",18.4688623817747,1.24799995533373
34,15,1,"Black",18.4072812423446,1.31666395006051
35,15,1,"Black",18.3419125291548,1.38532794478728
36,15,1,"Black",18.2729209691908,1.45399193951406
37,15,1,"Black",18.2004724995316,1.52265593424084
38,15,1,"Black",18.1247342673505,1.59131992896762
39,15,1,"Black",18.0458746299142,1.65998392369439
40,15,1,"Black",17.9640631545834,1.72864791842117
41,15,1,"Black",17.8794706188128,1.7972306335599
42,15,1,"Black",17.7922690101506,1.86532567117034
43,15,1,"Black",17.7026315262392,1.9324453537242
44,15,1,"Black",17.6107325748145,1.99810200369319
45,15,1,"Black",17.5167477737064,2.06180794354903
46,15,1,"Black",17.4208539508387,2.12307549576342
47,15,1,"Black",17.323229144229,2.18141228886978
48,15,1,"Black",17.2240526019885,2.23556377317044
49,15,1,"Black",17.1235047823226,2.2826771129774
50,15,1,"Black",17.0217673535304,2.31969821999812
51,15,1,"Black",16.9190231940046,2.34357300594011
52,15,1,"Black",16.815456392232,2.35124738251082
53,15,1,"Black",16.7112522467933,2.33966726141775
54,15,1,"Black",16.6065972663628,2.30589495853432
55,15,1,"Black",16.5016791697088,2.25052310982929
56,15,1,"Black",16.3966868856933,2.1782257723399
57,15,1,"Black",16.2918105532723,2.09390435499
58,15,1,"Black",16.1872415214954,2.00246026670344
59,15,1,"Black",16.0831723495063,1.90879491640408
60,15,1,"Black",15.9797968065424,1.81780971301578
61,15,1,"Black",15.8773098719349,1.73420224358248
62,15,1,"Black",15.775907735109,1.66030066579431
63,15,1,"Black",15.6757136711432,1.59690447324216
64,15,1,"Black",15.5759626719272,1.54478768178193
65,15,1,"Black",15.4741860773184,1.50472430726951
66,15,1,"Black",15.3661374507024,1.47748836556081
67,15,1,"Black",15.2457925789923,1.46385387251171
68,15,1,"Black",15.1057458569056,1.4643019524239
69,15,1,"Black",14.9415705140039,1.47767479541382
70,15,1,"Black",14.756178841733,1.50224482599635
71,15,1,"Black",14.5597467222412,1.53628389663256
72,15,1,"Black",14.3645232183406,1.57806385978351
73,15,1,"Black",14.1796401634686,1.62585656791025
74,15,1,"Black",14.0106403062299,1.67793452116973
75,15,1,"Black",13.8594731791447,1.73321532480724
76,15,1,"Black",13.7244496548806,1.79247223274095
77,15,1,"Black",13.6001965024846,1.85681011917543
78,15,1,"Black",13.4779267544364,1.92733385831522
79,15,1,"Black",13.3484591880044,2.00514832436489
80,15,1,"Black",13.205237806601,2.091358391529
81,15,1,"Black",13.0446063380879,2.18705552901212
82,15,1,"Black",12.8658082347761,2.29252690601953
83,15,1,"Black",12.6708387186171,2.40681302675768
84,15,1,"Black",12.4628172783051,2.52884715543306
85,15,1,"Black",12.2443601663801,2.65756255625221
86,15,1,"Black",12.0174324444186,2.79189249342164
87,15,1,"Black",11.7833479830338,2.93077023114787
88,15,1,"Black",11.5427694618753,3.0732024693107
89,15,1,"Black",11.2957083696297,3.21951422499691
90,15,1,"Black",11.0415250040199,3.37117082442813
91,15,1,"Black",10.7789284718057,3.52967519289074
92,15,1,"Black",10.5059766887833,3.69653025567111
93,15,1,"Black",10.2200763797858,3.87323893805562
94,15,1,"Black",9.91798307868268,4.06130416533064
95,15,1,"Black",9.5958011283802,4.2619583601217
96,15,1,"Black",9.24898368082122,4.47428569651752
97,15,1,"Black",8.87233269698524,4.69634590850061
98,15,1,"Black",8.45999894688839,4.92619242095352
99,15,1,"Black",8.00548200958342,5.16187865875879
100,15,1,"Black",7.50163027315975,5.40145804679897
101,15,1,"Black",6.94064093474341,5.6429840099566
21,16,1,"Black",18.8540964570933,0.424032018612402
22,16,1,"Black",18.8503744334819,0.492696013339178
23,16,1,"Black",18.8409824996056,0.561360008065954
24,16,1,"Black",18.8260708613236,0.630024002792734
25,16,1,"Black",18.8057909345893,0.69868799751951
26,16,1,"Black",18.7802953454495,0.767351992246288
27,16,1,"Black",18.7497379300452,0.836015986973064
28,16,1,"Black",18.714273734611,0.904679981699842
29,16,1,"Black",18.6740590154755,0.97334397642662
30,16,1,"Black",18.629251239061,1.0420079711534
31,16,1,"Black",18.5800090818837,1.11067196588017
32,16,1,"Black",18.5264924305536,1.17933596060695
33,16,1,"Black",18.4688623817747,1.24799995533373
34,16,1,"Black",18.4072812423446,1.31666395006051
35,16,1,"Black",18.3419125291548,1.38532794478728
36,16,1,"Black",18.2729209691908,1.45399193951406
37,16,1,"Black",18.2004724995316,1.52265593424084
38,16,1,"Black",18.1247342673505,1.59131992896762
39,16,1,"Black",18.0458746299142,1.65998392369439
40,16,1,"Black",17.9640631545834,1.72864791842117
41,16,1,"Black",17.8794706188128,1.7972306335599
42,16,1,"Black",17.7922690101506,1.86532567117034
43,16,1,"Black",17.7026315262392,1.9324453537242
44,16,1,"Black",17.6107325748145,1.99810200369319
45,16,1,"Black",17.5167477737064,2.06180794354903
46,16,1,"Black",17.4208539508387,2.12307549576342
47,16,1,"Black",17.323229144229,2.18141228886978
48,16,1,"Black",17.2240526019885,2.23556377317044
49,16,1,"Black",17.1235047823226,2.2826771129774
50,16,1,"Black",17.0217673535304,2.31969821999812
51,16,1,"Black",16.9190231940046,2.34357300594011
52,16,1,"Black",16.815456392232,2.35124738251082
53,16,1,"Black",16.7112522467933,2.33966726141775
54,16,1,"Black",16.6065972663628,2.30589495853432
55,16,1,"Black",16.5016791697088,2.25052310982929
56,16,1,"Black",16.3966868856933,2.1782257723399
57,16,1,"Black",16.2918105532723,2.09390435499
58,16,1,"Black",16.1872415214954,2.00246026670344
59,16,1,"Black",16.0831723495063,1.90879491640408
60,16,1,"Black",15.9797968065424,1.81780971301578
61,16,1,"Black",15.8773098719349,1.73420224358248
62,16,1,"Black",15.775907735109,1.66030066579431
63,16,1,"Black",15.6757136711432,1.59690447324216
64,16,1,"Black",15.5759626719272,1.54478768178193
65,16,1,"Black",15.4741860773184,1.50472430726951
66,16,1,"Black",15.3661374507024,1.47748836556081
67,16,1,"Black",15.2457925789923,1.46385387251171
68,16,1,"Black",15.1057458569056,1.4643019524239
69,16,1,"Black",14.9415705140039,1.47767479541382
70,16,1,"Black",14.756178841733,1.50224482599635
71,16,1,"Black",14.5597467222412,1.53628389663256
72,16,1,"Black",14.3645232183406,1.57806385978351
73,16,1,"Black",14.1796401634686,1.62585656791025
74,16,1,"Black",14.0106403062299,1.67793452116973
75,16,1,"Black",13.8594731791447,1.73321532480724
76,16,1,"Black",13.7244496548806,1.79247223274095
77,16,1,"Black",13.6001965024846,1.85681011917543
78,16,1,"Black",13.4779267544364,1.92733385831522
79,16,1,"Black",13.3484591880044,2.00514832436489
80,16,1,"Black",13.205237806601,2.091358391529
81,16,1,"Black",13.0446063380879,2.18705552901212
82,16,1,"Black",12.8658082347761,2.29252690601953
83,16,1,"Black",12.6708387186171,2.40681302675768
84,16,1,"Black",12.4628172783051,2.52884715543306
85,16,1,"Black",12.2443601663801,2.65756255625221
86,16,1,"Black",12.0174324444186,2.79189249342164
87,16,1,"Black",11.7833479830338,2.93077023114787
88,16,1,"Black",11.5427694618753,3.0732024693107
89,16,1,"Black",11.2957083696297,3.21951422499691
90,16,1,"Black",11.0415250040199,3.37117082442813
91,16,1,"Black",10.7789284718057,3.52967519289074
92,16,1,"Black",10.5059766887833,3.69653025567111
93,16,1,"Black",10.2200763797858,3.87323893805562
94,16,1,"Black",9.91798307868268,4.06130416533064
95,16,1,"Black",9.5958011283802,4.2619583601217
96,16,1,"Black",9.24898368082122,4.47428569651752
97,16,1,"Black",8.87233269698524,4.69634590850061
98,16,1,"Black",8.45999894688839,4.92619242095352
99,16,1,"Black",8.00548200958342,5.16187865875879
100,16,1,"Black",7.50163027315975,5.40145804679897
101,16,1,"Black",6.94064093474341,5.6429840099566
21,17,1,"Black",17.6214260385832,0.424032018612402
22,17,1,"Black",17.6498442086915,0.492696013339178
23,17,1,"Black",17.6725924685348,0.561360008065954
24,17,1,"Black",17.6898210239725,0.630024002792734
25,17,1,"Black",17.7016812909578,0.69868799751951
26,17,1,"Black",17.7083258955377,0.767351992246288
27,17,1,"Black",17.709908673853,0.836015986973064
28,17,1,"Black",17.7065846721385,0.904679981699842
29,17,1,"Black",17.6985101467226,0.97334397642662
30,17,1,"Black",17.6858425640278,1.0420079711534
31,17,1,"Black",17.6687406005701,1.11067196588017
32,17,1,"Black",17.6473641429597,1.17933596060695
33,17,1,"Black",17.6218742879005,1.24799995533373
34,17,1,"Black",17.59243334219,1.31666395006051
35,17,1,"Black",17.5592048227199,1.38532794478728
36,17,1,"Black",17.5223534564755,1.45399193951406
37,17,1,"Black",17.482045180536,1.52265593424084
38,17,1,"Black",17.4384471420745,1.59131992896762
39,17,1,"Black",17.3917276983579,1.65998392369439
40,17,1,"Black",17.3420564167468,1.72864791842117
41,17,1,"Black",17.2896040746958,1.7972306335599
42,17,1,"Black",17.2345426597533,1.86532567117034
43,17,1,"Black",17.1770453695615,1.9324453537242
44,17,1,"Black",17.1172866118565,1.99810200369319
45,17,1,"Black",17.0554420044681,2.06180794354903
46,17,1,"Black",16.99168837532,2.12307549576342
47,17,1,"Black",16.9262037624299,2.18141228886978
48,17,1,"Black",16.8591674139091,2.23556377317044
49,17,1,"Black",16.7907597879629,2.2826771129774
50,17,1,"Black",16.7211625528903,2.31969821999812
51,17,1,"Black",16.6505585870841,2.34357300594011
52,17,1,"Black",16.5791319790313,2.35124738251082
53,17,1,"Black",16.5070680273122,2.33966726141775
54,17,1,"Black",16.4345532406014,2.30589495853432
55,17,1,"Black",16.361775337667,2.25052310982929
56,17,1,"Black",16.2889232473711,2.1782257723399
57,17,1,"Black",16.2161871086698,2.09390435499
58,17,1,"Black",16.1437582706125,2.00246026670344
59,17,1,"Black",16.0718292923431,1.90879491640408
60,17,1,"Black",16.0005939430989,1.81780971301578
61,17,1,"Black",15.930247202211,1.73420224358248
62,17,1,"Black",15.8609852591048,1.66030066579431
63,17,1,"Black",15.7929313888587,1.59690447324216
64,17,1,"Black",15.7253205833623,1.54478768178193
65,17,1,"Black",15.6556841824732,1.50472430726951
66,17,1,"Black",15.5797757495768,1.47748836556081
67,17,1,"Black",15.4915710715863,1.46385387251171
68,17,1,"Black",15.3836645432193,1.4643019524239
69,17,1,"Black",15.2516293940372,1.47767479541382
70,17,1,"Black",15.098377915486,1.50224482599635
71,17,1,"Black",14.9340859897139,1.53628389663256
72,17,1,"Black",14.7710026795329,1.57806385978351
73,17,1,"Black",14.6182598183806,1.62585656791025
74,17,1,"Black",14.4814001548616,1.67793452116973
75,17,1,"Black",14.362373221496,1.73321532480724
76,17,1,"Black",14.2594898909515,1.79247223274095
77,17,1,"Black",14.1673769322752,1.85681011917543
78,17,1,"Black",14.0772473779467,1.92733385831522
79,17,1,"Black",13.9799200052344,2.00514832436489
80,17,1,"Black",13.8688388175506,2.091358391529
81,17,1,"Black",13.7403475427571,2.18705552901212
82,17,1,"Black",13.593689633165,2.29252690601953
83,17,1,"Black",13.4308603107256,2.40681302675768
84,17,1,"Black",13.2549790641333,2.52884715543306
85,17,1,"Black",13.068662145928,2.65756255625221
86,17,1,"Black",12.8738746176861,2.79189249342164
87,17,1,"Black",12.6719303500209,2.93077023114787
88,17,1,"Black",12.4634920225821,3.0732024693107
89,17,1,"Black",12.2485711240561,3.21951422499691
90,17,1,"Black",12.026527952166,3.37117082442813
91,17,1,"Black",11.7960716136715,3.52967519289074
92,17,1,"Black",11.5552600243688,3.69653025567111
93,17,1,"Black",11.3014999090909,3.87323893805562
94,17,1,"Black",11.0315468017074,4.06130416533064
95,17,1,"Black",10.7415050451246,4.2619583601217
96,17,1,"Black",10.4268277912853,4.47428569651752
97,17,1,"Black",10.0823170011689,4.69634590850061
98,17,1,"Black",9.70212344479174,4.92619242095352
99,17,1,"Black",9.27974670120643,5.16187865875879
100,17,1,"Black",8.80803515850242,5.40145804679897
101,17,1,"Black",8.27918601380573,5.6429840099566
21,18,1,"Black",17.6214260385832,0.424032018612402
22,18,1,"Black",17.6498442086915,0.492696013339178
23,18,1,"Black",17.6725924685348,0.561360008065954
24,18,1,"Black",17.6898210239725,0.630024002792734
25,18,1,"Black",17.7016812909578,0.69868799751951
26,18,1,"Black",17.7083258955377,0.767351992246288
27,18,1,"Black",17.709908673853,0.836015986973064
28,18,1,"Black",17.7065846721385,0.904679981699842
29,18,1,"Black",17.6985101467226,0.97334397642662
30,18,1,"Black",17.6858425640278,1.0420079711534
31,18,1,"Black",17.6687406005701,1.11067196588017
32,18,1,"Black",17.6473641429597,1.17933596060695
33,18,1,"Black",17.6218742879005,1.24799995533373
34,18,1,"Black",17.59243334219,1.31666395006051
35,18,1,"Black",17.5592048227199,1.38532794478728
36,18,1,"Black",17.5223534564755,1.45399193951406
37,18,1,"Black",17.482045180536,1.52265593424084
38,18,1,"Black",17.4384471420745,1.59131992896762
39,18,1,"Black",17.3917276983579,1.65998392369439
40,18,1,"Black",17.3420564167468,1.72864791842117
41,18,1,"Black",17.2896040746958,1.7972306335599
42,18,1,"Black",17.2345426597533,1.86532567117034
43,18,1,"Black",17.1770453695615,1.9324453537242
44,18,1,"Black",17.1172866118565,1.99810200369319
45,18,1,"Black",17.0554420044681,2.06180794354903
46,18,1,"Black",16.99168837532,2.12307549576342
47,18,1,"Black",16.9262037624299,2.18141228886978
48,18,1,"Black",16.8591674139091,2.23556377317044
49,18,1,"Black",16.7907597879629,2.2826771129774
50,18,1,"Black",16.7211625528903,2.31969821999812
51,18,1,"Black",16.6505585870841,2.34357300594011
52,18,1,"Black",16.5791319790313,2.35124738251082
53,18,1,"Black",16.5070680273122,2.33966726141775
54,18,1,"Black",16.4345532406014,2.30589495853432
55,18,1,"Black",16.361775337667,2.25052310982929
56,18,1,"Black",16.2889232473711,2.1782257723399
57,18,1,"Black",16.2161871086698,2.09390435499
58,18,1,"Black",16.1437582706125,2.00246026670344
59,18,1,"Black",16.0718292923431,1.90879491640408
60,18,1,"Black",16.0005939430989,1.81780971301578
61,18,1,"Black",15.930247202211,1.73420224358248
62,18,1,"Black",15.8609852591048,1.66030066579431
63,18,1,"Black",15.7929313888587,1.59690447324216
64,18,1,"Black",15.7253205833623,1.54478768178193
65,18,1,"Black",15.6556841824732,1.50472430726951
66,18,1,"Black",15.5797757495768,1.47748836556081
67,18,1,"Black",15.4915710715863,1.46385387251171
68,18,1,"Black",15.3836645432193,1.4643019524239
69,18,1,"Black",15.2516293940372,1.47767479541382
70,18,1,"Black",15.098377915486,1.50224482599635
71,18,1,"Black",14.9340859897139,1.53628389663256
72,18,1,"Black",14.7710026795329,1.57806385978351
73,18,1,"Black",14.6182598183806,1.62585656791025
74,18,1,"Black",14.4814001548616,1.67793452116973
75,18,1,"Black",14.362373221496,1.73321532480724
76,18,1,"Black",14.2594898909515,1.79247223274095
77,18,1,"Black",14.1673769322752,1.85681011917543
78,18,1,"Black",14.0772473779467,1.92733385831522
79,18,1,"Black",13.9799200052344,2.00514832436489
80,18,1,"Black",13.8688388175506,2.091358391529
81,18,1,"Black",13.7403475427571,2.18705552901212
82,18,1,"Black",13.593689633165,2.29252690601953
83,18,1,"Black",13.4308603107256,2.40681302675768
84,18,1,"Black",13.2549790641333,2.52884715543306
85,18,1,"Black",13.068662145928,2.65756255625221
86,18,1,"Black",12.8738746176861,2.79189249342164
87,18,1,"Black",12.6719303500209,2.93077023114787
88,18,1,"Black",12.4634920225821,3.0732024693107
89,18,1,"Black",12.2485711240561,3.21951422499691
90,18,1,"Black",12.026527952166,3.37117082442813
91,18,1,"Black",11.7960716136715,3.52967519289074
92,18,1,"Black",11.5552600243688,3.69653025567111
93,18,1,"Black",11.3014999090909,3.87323893805562
94,18,1,"Black",11.0315468017074,4.06130416533064
95,18,1,"Black",10.7415050451246,4.2619583601217
96,18,1,"Black",10.4268277912853,4.47428569651752
97,18,1,"Black",10.0823170011689,4.69634590850061
98,18,1,"Black",9.70212344479174,4.92619242095352
99,18,1,"Black",9.27974670120643,5.16187865875879
100,18,1,"Black",8.80803515850242,5.40145804679897
101,18,1,"Black",8.27918601380573,5.6429840099566
21,19,1,"Black",17.6214260385832,0.424032018612402
22,19,1,"Black",17.6498442086915,0.492696013339178
23,19,1,"Black",17.6725924685348,0.561360008065954
24,19,1,"Black",17.6898210239725,0.630024002792734
25,19,1,"Black",17.7016812909578,0.69868799751951
26,19,1,"Black",17.7083258955377,0.767351992246288
27,19,1,"Black",17.709908673853,0.836015986973064
28,19,1,"Black",17.7065846721385,0.904679981699842
29,19,1,"Black",17.6985101467226,0.97334397642662
30,19,1,"Black",17.6858425640278,1.0420079711534
31,19,1,"Black",17.6687406005701,1.11067196588017
32,19,1,"Black",17.6473641429597,1.17933596060695
33,19,1,"Black",17.6218742879005,1.24799995533373
34,19,1,"Black",17.59243334219,1.31666395006051
35,19,1,"Black",17.5592048227199,1.38532794478728
36,19,1,"Black",17.5223534564755,1.45399193951406
37,19,1,"Black",17.482045180536,1.52265593424084
38,19,1,"Black",17.4384471420745,1.59131992896762
39,19,1,"Black",17.3917276983579,1.65998392369439
40,19,1,"Black",17.3420564167468,1.72864791842117
41,19,1,"Black",17.2896040746958,1.7972306335599
42,19,1,"Black",17.2345426597533,1.86532567117034
43,19,1,"Black",17.1770453695615,1.9324453537242
44,19,1,"Black",17.1172866118565,1.99810200369319
45,19,1,"Black",17.0554420044681,2.06180794354903
46,19,1,"Black",16.99168837532,2.12307549576342
47,19,1,"Black",16.9262037624299,2.18141228886978
48,19,1,"Black",16.8591674139091,2.23556377317044
49,19,1,"Black",16.7907597879629,2.2826771129774
50,19,1,"Black",16.7211625528903,2.31969821999812
51,19,1,"Black",16.6505585870841,2.34357300594011
52,19,1,"Black",16.5791319790313,2.35124738251082
53,19,1,"Black",16.5070680273122,2.33966726141775
54,19,1,"Black",16.4345532406014,2.30589495853432
55,19,1,"Black",16.361775337667,2.25052310982929
56,19,1,"Black",16.2889232473711,2.1782257723399
57,19,1,"Black",16.2161871086698,2.09390435499
58,19,1,"Black",16.1437582706125,2.00246026670344
59,19,1,"Black",16.0718292923431,1.90879491640408
60,19,1,"Black",16.0005939430989,1.81780971301578
61,19,1,"Black",15.930247202211,1.73420224358248
62,19,1,"Black",15.8609852591048,1.66030066579431
63,19,1,"Black",15.7929313888587,1.59690447324216
64,19,1,"Black",15.7253205833623,1.54478768178193
65,19,1,"Black",15.6556841824732,1.50472430726951
66,19,1,"Black",15.5797757495768,1.47748836556081
67,19,1,"Black",15.4915710715863,1.46385387251171
68,19,1,"Black",15.3836645432193,1.4643019524239
69,19,1,"Black",15.2516293940372,1.47767479541382
70,19,1,"Black",15.098377915486,1.50224482599635
71,19,1,"Black",14.9340859897139,1.53628389663256
72,19,1,"Black",14.7710026795329,1.57806385978351
73,19,1,"Black",14.6182598183806,1.62585656791025
74,19,1,"Black",14.4814001548616,1.67793452116973
75,19,1,"Black",14.362373221496,1.73321532480724
76,19,1,"Black",14.2594898909515,1.79247223274095
77,19,1,"Black",14.1673769322752,1.85681011917543
78,19,1,"Black",14.0772473779467,1.92733385831522
79,19,1,"Black",13.9799200052344,2.00514832436489
80,19,1,"Black",13.8688388175506,2.091358391529
81,19,1,"Black",13.7403475427571,2.18705552901212
82,19,1,"Black",13.593689633165,2.29252690601953
83,19,1,"Black",13.4308603107256,2.40681302675768
84,19,1,"Black",13.2549790641333,2.52884715543306
85,19,1,"Black",13.068662145928,2.65756255625221
86,19,1,"Black",12.8738746176861,2.79189249342164
87,19,1,"Black",12.6719303500209,2.93077023114787
88,19,1,"Black",12.4634920225821,3.0732024693107
89,19,1,"Black",12.2485711240561,3.21951422499691
90,19,1,"Black",12.026527952166,3.37117082442813
91,19,1,"Black",11.7960716136715,3.52967519289074
92,19,1,"Black",11.5552600243688,3.69653025567111
93,19,1,"Black",11.3014999090909,3.87323893805562
94,19,1,"Black",11.0315468017074,4.06130416533064
95,19,1,"Black",10.7415050451246,4.2619583601217
96,19,1,"Black",10.4268277912853,4.47428569651752
97,19,1,"Black",10.0823170011689,4.69634590850061
98,19,1,"Black",9.70212344479174,4.92619242095352
99,19,1,"Black",9.27974670120643,5.16187865875879
100,19,1,"Black",8.80803515850242,5.40145804679897
101,19,1,"Black",8.27918601380573,5.6429840099566
21,20,1,"Black",17.6214260385832,0.424032018612402
22,20,1,"Black",17.6498442086915,0.492696013339178
23,20,1,"Black",17.6725924685348,0.561360008065954
24,20,1,"Black",17.6898210239725,0.630024002792734
25,20,1,"Black",17.7016812909578,0.69868799751951
26,20,1,"Black",17.7083258955377,0.767351992246288
27,20,1,"Black",17.709908673853,0.836015986973064
28,20,1,"Black",17.7065846721385,0.904679981699842
29,20,1,"Black",17.6985101467226,0.97334397642662
30,20,1,"Black",17.6858425640278,1.0420079711534
31,20,1,"Black",17.6687406005701,1.11067196588017
32,20,1,"Black",17.6473641429597,1.17933596060695
33,20,1,"Black",17.6218742879005,1.24799995533373
34,20,1,"Black",17.59243334219,1.31666395006051
35,20,1,"Black",17.5592048227199,1.38532794478728
36,20,1,"Black",17.5223534564755,1.45399193951406
37,20,1,"Black",17.482045180536,1.52265593424084
38,20,1,"Black",17.4384471420745,1.59131992896762
39,20,1,"Black",17.3917276983579,1.65998392369439
40,20,1,"Black",17.3420564167468,1.72864791842117
41,20,1,"Black",17.2896040746958,1.7972306335599
42,20,1,"Black",17.2345426597533,1.86532567117034
43,20,1,"Black",17.1770453695615,1.9324453537242
44,20,1,"Black",17.1172866118565,1.99810200369319
45,20,1,"Black",17.0554420044681,2.06180794354903
46,20,1,"Black",16.99168837532,2.12307549576342
47,20,1,"Black",16.9262037624299,2.18141228886978
48,20,1,"Black",16.8591674139091,2.23556377317044
49,20,1,"Black",16.7907597879629,2.2826771129774
50,20,1,"Black",16.7211625528903,2.31969821999812
51,20,1,"Black",16.6505585870841,2.34357300594011
52,20,1,"Black",16.5791319790313,2.35124738251082
53,20,1,"Black",16.5070680273122,2.33966726141775
54,20,1,"Black",16.4345532406014,2.30589495853432
55,20,1,"Black",16.361775337667,2.25052310982929
56,20,1,"Black",16.2889232473711,2.1782257723399
57,20,1,"Black",16.2161871086698,2.09390435499
58,20,1,"Black",16.1437582706125,2.00246026670344
59,20,1,"Black",16.0718292923431,1.90879491640408
60,20,1,"Black",16.0005939430989,1.81780971301578
61,20,1,"Black",15.930247202211,1.73420224358248
62,20,1,"Black",15.8609852591048,1.66030066579431
63,20,1,"Black",15.7929313888587,1.59690447324216
64,20,1,"Black",15.7253205833623,1.54478768178193
65,20,1,"Black",15.6556841824732,1.50472430726951
66,20,1,"Black",15.5797757495768,1.47748836556081
67,20,1,"Black",15.4915710715863,1.46385387251171
68,20,1,"Black",15.3836645432193,1.4643019524239
69,20,1,"Black",15.2516293940372,1.47767479541382
70,20,1,"Black",15.098377915486,1.50224482599635
71,20,1,"Black",14.9340859897139,1.53628389663256
72,20,1,"Black",14.7710026795329,1.57806385978351
73,20,1,"Black",14.6182598183806,1.62585656791025
74,20,1,"Black",14.4814001548616,1.67793452116973
75,20,1,"Black",14.362373221496,1.73321532480724
76,20,1,"Black",14.2594898909515,1.79247223274095
77,20,1,"Black",14.1673769322752,1.85681011917543
78,20,1,"Black",14.0772473779467,1.92733385831522
79,20,1,"Black",13.9799200052344,2.00514832436489
80,20,1,"Black",13.8688388175506,2.091358391529
81,20,1,"Black",13.7403475427571,2.18705552901212
82,20,1,"Black",13.593689633165,2.29252690601953
83,20,1,"Black",13.4308603107256,2.40681302675768
84,20,1,"Black",13.2549790641333,2.52884715543306
85,20,1,"Black",13.068662145928,2.65756255625221
86,20,1,"Black",12.8738746176861,2.79189249342164
87,20,1,"Black",12.6719303500209,2.93077023114787
88,20,1,"Black",12.4634920225821,3.0732024693107
89,20,1,"Black",12.2485711240561,3.21951422499691
90,20,1,"Black",12.026527952166,3.37117082442813
91,20,1,"Black",11.7960716136715,3.52967519289074
92,20,1,"Black",11.5552600243688,3.69653025567111
93,20,1,"Black",11.3014999090909,3.87323893805562
94,20,1,"Black",11.0315468017074,4.06130416533064
95,20,1,"Black",10.7415050451246,4.2619583601217
96,20,1,"Black",10.4268277912853,4.47428569651752
97,20,1,"Black",10.0823170011689,4.69634590850061
98,20,1,"Black",9.70212344479174,4.92619242095352
99,20,1,"Black",9.27974670120643,5.16187865875879
100,20,1,"Black",8.80803515850242,5.40145804679897
101,20,1,"Black",8.27918601380573,5.6429840099566
21,21,1,"Black",17.6214260385832,0.424032018612402
22,21,1,"Black",17.6498442086915,0.492696013339178
23,21,1,"Black",17.6725924685348,0.561360008065954
24,21,1,"Black",17.6898210239725,0.630024002792734
25,21,1,"Black",17.7016812909578,0.69868799751951
26,21,1,"Black",17.7083258955377,0.767351992246288
27,21,1,"Black",17.709908673853,0.836015986973064
28,21,1,"Black",17.7065846721385,0.904679981699842
29,21,1,"Black",17.6985101467226,0.97334397642662
30,21,1,"Black",17.6858425640278,1.0420079711534
31,21,1,"Black",17.6687406005701,1.11067196588017
32,21,1,"Black",17.6473641429597,1.17933596060695
33,21,1,"Black",17.6218742879005,1.24799995533373
34,21,1,"Black",17.59243334219,1.31666395006051
35,21,1,"Black",17.5592048227199,1.38532794478728
36,21,1,"Black",17.5223534564755,1.45399193951406
37,21,1,"Black",17.482045180536,1.52265593424084
38,21,1,"Black",17.4384471420745,1.59131992896762
39,21,1,"Black",17.3917276983579,1.65998392369439
40,21,1,"Black",17.3420564167468,1.72864791842117
41,21,1,"Black",17.2896040746958,1.7972306335599
42,21,1,"Black",17.2345426597533,1.86532567117034
43,21,1,"Black",17.1770453695615,1.9324453537242
44,21,1,"Black",17.1172866118565,1.99810200369319
45,21,1,"Black",17.0554420044681,2.06180794354903
46,21,1,"Black",16.99168837532,2.12307549576342
47,21,1,"Black",16.9262037624299,2.18141228886978
48,21,1,"Black",16.8591674139091,2.23556377317044
49,21,1,"Black",16.7907597879629,2.2826771129774
50,21,1,"Black",16.7211625528903,2.31969821999812
51,21,1,"Black",16.6505585870841,2.34357300594011
52,21,1,"Black",16.5791319790313,2.35124738251082
53,21,1,"Black",16.5070680273122,2.33966726141775
54,21,1,"Black",16.4345532406014,2.30589495853432
55,21,1,"Black",16.361775337667,2.25052310982929
56,21,1,"Black",16.2889232473711,2.1782257723399
57,21,1,"Black",16.2161871086698,2.09390435499
58,21,1,"Black",16.1437582706125,2.00246026670344
59,21,1,"Black",16.0718292923431,1.90879491640408
60,21,1,"Black",16.0005939430989,1.81780971301578
61,21,1,"Black",15.930247202211,1.73420224358248
62,21,1,"Black",15.8609852591048,1.66030066579431
63,21,1,"Black",15.7929313888587,1.59690447324216
64,21,1,"Black",15.7253205833623,1.54478768178193
65,21,1,"Black",15.6556841824732,1.50472430726951
66,21,1,"Black",15.5797757495768,1.47748836556081
67,21,1,"Black",15.4915710715863,1.46385387251171
68,21,1,"Black",15.3836645432193,1.4643019524239
69,21,1,"Black",15.2516293940372,1.47767479541382
70,21,1,"Black",15.098377915486,1.50224482599635
71,21,1,"Black",14.9340859897139,1.53628389663256
72,21,1,"Black",14.7710026795329,1.57806385978351
73,21,1,"Black",14.6182598183806,1.62585656791025
74,21,1,"Black",14.4814001548616,1.67793452116973
75,21,1,"Black",14.362373221496,1.73321532480724
76,21,1,"Black",14.2594898909515,1.79247223274095
77,21,1,"Black",14.1673769322752,1.85681011917543
78,21,1,"Black",14.0772473779467,1.92733385831522
79,21,1,"Black",13.9799200052344,2.00514832436489
80,21,1,"Black",13.8688388175506,2.091358391529
81,21,1,"Black",13.7403475427571,2.18705552901212
82,21,1,"Black",13.593689633165,2.29252690601953
83,21,1,"Black",13.4308603107256,2.40681302675768
84,21,1,"Black",13.2549790641333,2.52884715543306
85,21,1,"Black",13.068662145928,2.65756255625221
86,21,1,"Black",12.8738746176861,2.79189249342164
87,21,1,"Black",12.6719303500209,2.93077023114787
88,21,1,"Black",12.4634920225821,3.0732024693107
89,21,1,"Black",12.2485711240561,3.21951422499691
90,21,1,"Black",12.026527952166,3.37117082442813
91,21,1,"Black",11.7960716136715,3.52967519289074
92,21,1,"Black",11.5552600243688,3.69653025567111
93,21,1,"Black",11.3014999090909,3.87323893805562
94,21,1,"Black",11.0315468017074,4.06130416533064
95,21,1,"Black",10.7415050451246,4.2619583601217
96,21,1,"Black",10.4268277912853,4.47428569651752
97,21,1,"Black",10.0823170011689,4.69634590850061
98,21,1,"Black",9.70212344479174,4.92619242095352
99,21,1,"Black",9.27974670120643,5.16187865875879
100,21,1,"Black",8.80803515850242,5.40145804679897
101,21,1,"Black",8.27918601380573,5.6429840099566
21,22,1,"Black",17.6214260385832,0.424032018612402
22,22,1,"Black",17.6498442086915,0.492696013339178
23,22,1,"Black",17.6725924685348,0.561360008065954
24,22,1,"Black",17.6898210239725,0.630024002792734
25,22,1,"Black",17.7016812909578,0.69868799751951
26,22,1,"Black",17.7083258955377,0.767351992246288
27,22,1,"Black",17.709908673853,0.836015986973064
28,22,1,"Black",17.7065846721385,0.904679981699842
29,22,1,"Black",17.6985101467226,0.97334397642662
30,22,1,"Black",17.6858425640278,1.0420079711534
31,22,1,"Black",17.6687406005701,1.11067196588017
32,22,1,"Black",17.6473641429597,1.17933596060695
33,22,1,"Black",17.6218742879005,1.24799995533373
34,22,1,"Black",17.59243334219,1.31666395006051
35,22,1,"Black",17.5592048227199,1.38532794478728
36,22,1,"Black",17.5223534564755,1.45399193951406
37,22,1,"Black",17.482045180536,1.52265593424084
38,22,1,"Black",17.4384471420745,1.59131992896762
39,22,1,"Black",17.3917276983579,1.65998392369439
40,22,1,"Black",17.3420564167468,1.72864791842117
41,22,1,"Black",17.2896040746958,1.7972306335599
42,22,1,"Black",17.2345426597533,1.86532567117034
43,22,1,"Black",17.1770453695615,1.9324453537242
44,22,1,"Black",17.1172866118565,1.99810200369319
45,22,1,"Black",17.0554420044681,2.06180794354903
46,22,1,"Black",16.99168837532,2.12307549576342
47,22,1,"Black",16.9262037624299,2.18141228886978
48,22,1,"Black",16.8591674139091,2.23556377317044
49,22,1,"Black",16.7907597879629,2.2826771129774
50,22,1,"Black",16.7211625528903,2.31969821999812
51,22,1,"Black",16.6505585870841,2.34357300594011
52,22,1,"Black",16.5791319790313,2.35124738251082
53,22,1,"Black",16.5070680273122,2.33966726141775
54,22,1,"Black",16.4345532406014,2.30589495853432
55,22,1,"Black",16.361775337667,2.25052310982929
56,22,1,"Black",16.2889232473711,2.1782257723399
57,22,1,"Black",16.2161871086698,2.09390435499
58,22,1,"Black",16.1437582706125,2.00246026670344
59,22,1,"Black",16.0718292923431,1.90879491640408
60,22,1,"Black",16.0005939430989,1.81780971301578
61,22,1,"Black",15.930247202211,1.73420224358248
62,22,1,"Black",15.8609852591048,1.66030066579431
63,22,1,"Black",15.7929313888587,1.59690447324216
64,22,1,"Black",15.7253205833623,1.54478768178193
65,22,1,"Black",15.6556841824732,1.50472430726951
66,22,1,"Black",15.5797757495768,1.47748836556081
67,22,1,"Black",15.4915710715863,1.46385387251171
68,22,1,"Black",15.3836645432193,1.4643019524239
69,22,1,"Black",15.2516293940372,1.47767479541382
70,22,1,"Black",15.098377915486,1.50224482599635
71,22,1,"Black",14.9340859897139,1.53628389663256
72,22,1,"Black",14.7710026795329,1.57806385978351
73,22,1,"Black",14.6182598183806,1.62585656791025
74,22,1,"Black",14.4814001548616,1.67793452116973
75,22,1,"Black",14.362373221496,1.73321532480724
76,22,1,"Black",14.2594898909515,1.79247223274095
77,22,1,"Black",14.1673769322752,1.85681011917543
78,22,1,"Black",14.0772473779467,1.92733385831522
79,22,1,"Black",13.9799200052344,2.00514832436489
80,22,1,"Black",13.8688388175506,2.091358391529
81,22,1,"Black",13.7403475427571,2.18705552901212
82,22,1,"Black",13.593689633165,2.29252690601953
83,22,1,"Black",13.4308603107256,2.40681302675768
84,22,1,"Black",13.2549790641333,2.52884715543306
85,22,1,"Black",13.068662145928,2.65756255625221
86,22,1,"Black",12.8738746176861,2.79189249342164
87,22,1,"Black",12.6719303500209,2.93077023114787
88,22,1,"Black",12.4634920225821,3.0732024693107
89,22,1,"Black",12.2485711240561,3.21951422499691
90,22,1,"Black",12.026527952166,3.37117082442813
91,22,1,"Black",11.7960716136715,3.52967519289074
92,22,1,"Black",11.5552600243688,3.69653025567111
93,22,1,"Black",11.3014999090909,3.87323893805562
94,22,1,"Black",11.0315468017074,4.06130416533064
95,22,1,"Black",10.7415050451246,4.2619583601217
96,22,1,"Black",10.4268277912853,4.47428569651752
97,22,1,"Black",10.0823170011689,4.69634590850061
98,22,1,"Black",9.70212344479174,4.92619242095352
99,22,1,"Black",9.27974670120643,5.16187865875879
100,22,1,"Black",8.80803515850242,5.40145804679897
101,22,1,"Black",8.27918601380573,5.6429840099566
21,23,1,"Black",17.6214260385832,0.424032018612402
22,23,1,"Black",17.6498442086915,0.492696013339178
23,23,1,"Black",17.6725924685348,0.561360008065954
24,23,1,"Black",17.6898210239725,0.630024002792734
25,23,1,"Black",17.7016812909578,0.69868799751951
26,23,1,"Black",17.7083258955377,0.767351992246288
27,23,1,"Black",17.709908673853,0.836015986973064
28,23,1,"Black",17.7065846721385,0.904679981699842
29,23,1,"Black",17.6985101467226,0.97334397642662
30,23,1,"Black",17.6858425640278,1.0420079711534
31,23,1,"Black",17.6687406005701,1.11067196588017
32,23,1,"Black",17.6473641429597,1.17933596060695
33,23,1,"Black",17.6218742879005,1.24799995533373
34,23,1,"Black",17.59243334219,1.31666395006051
35,23,1,"Black",17.5592048227199,1.38532794478728
36,23,1,"Black",17.5223534564755,1.45399193951406
37,23,1,"Black",17.482045180536,1.52265593424084
38,23,1,"Black",17.4384471420745,1.59131992896762
39,23,1,"Black",17.3917276983579,1.65998392369439
40,23,1,"Black",17.3420564167468,1.72864791842117
41,23,1,"Black",17.2896040746958,1.7972306335599
42,23,1,"Black",17.2345426597533,1.86532567117034
43,23,1,"Black",17.1770453695615,1.9324453537242
44,23,1,"Black",17.1172866118565,1.99810200369319
45,23,1,"Black",17.0554420044681,2.06180794354903
46,23,1,"Black",16.99168837532,2.12307549576342
47,23,1,"Black",16.9262037624299,2.18141228886978
48,23,1,"Black",16.8591674139091,2.23556377317044
49,23,1,"Black",16.7907597879629,2.2826771129774
50,23,1,"Black",16.7211625528903,2.31969821999812
51,23,1,"Black",16.6505585870841,2.34357300594011
52,23,1,"Black",16.5791319790313,2.35124738251082
53,23,1,"Black",16.5070680273122,2.33966726141775
54,23,1,"Black",16.4345532406014,2.30589495853432
55,23,1,"Black",16.361775337667,2.25052310982929
56,23,1,"Black",16.2889232473711,2.1782257723399
57,23,1,"Black",16.2161871086698,2.09390435499
58,23,1,"Black",16.1437582706125,2.00246026670344
59,23,1,"Black",16.0718292923431,1.90879491640408
60,23,1,"Black",16.0005939430989,1.81780971301578
61,23,1,"Black",15.930247202211,1.73420224358248
62,23,1,"Black",15.8609852591048,1.66030066579431
63,23,1,"Black",15.7929313888587,1.59690447324216
64,23,1,"Black",15.7253205833623,1.54478768178193
65,23,1,"Black",15.6556841824732,1.50472430726951
66,23,1,"Black",15.5797757495768,1.47748836556081
67,23,1,"Black",15.4915710715863,1.46385387251171
68,23,1,"Black",15.3836645432193,1.4643019524239
69,23,1,"Black",15.2516293940372,1.47767479541382
70,23,1,"Black",15.098377915486,1.50224482599635
71,23,1,"Black",14.9340859897139,1.53628389663256
72,23,1,"Black",14.7710026795329,1.57806385978351
73,23,1,"Black",14.6182598183806,1.62585656791025
74,23,1,"Black",14.4814001548616,1.67793452116973
75,23,1,"Black",14.362373221496,1.73321532480724
76,23,1,"Black",14.2594898909515,1.79247223274095
77,23,1,"Black",14.1673769322752,1.85681011917543
78,23,1,"Black",14.0772473779467,1.92733385831522
79,23,1,"Black",13.9799200052344,2.00514832436489
80,23,1,"Black",13.8688388175506,2.091358391529
81,23,1,"Black",13.7403475427571,2.18705552901212
82,23,1,"Black",13.593689633165,2.29252690601953
83,23,1,"Black",13.4308603107256,2.40681302675768
84,23,1,"Black",13.2549790641333,2.52884715543306
85,23,1,"Black",13.068662145928,2.65756255625221
86,23,1,"Black",12.8738746176861,2.79189249342164
87,23,1,"Black",12.6719303500209,2.93077023114787
88,23,1,"Black",12.4634920225821,3.0732024693107
89,23,1,"Black",12.2485711240561,3.21951422499691
90,23,1,"Black",12.026527952166,3.37117082442813
91,23,1,"Black",11.7960716136715,3.52967519289074
92,23,1,"Black",11.5552600243688,3.69653025567111
93,23,1,"Black",11.3014999090909,3.87323893805562
94,23,1,"Black",11.0315468017074,4.06130416533064
95,23,1,"Black",10.7415050451246,4.2619583601217
96,23,1,"Black",10.4268277912853,4.47428569651752
97,23,1,"Black",10.0823170011689,4.69634590850061
98,23,1,"Black",9.70212344479174,4.92619242095352
99,23,1,"Black",9.27974670120643,5.16187865875879
100,23,1,"Black",8.80803515850242,5.40145804679897
101,23,1,"Black",8.27918601380573,5.6429840099566
21,24,1,"Black",17.6214260385832,0.424032018612402
22,24,1,"Black",17.6498442086915,0.492696013339178
23,24,1,"Black",17.6725924685348,0.561360008065954
24,24,1,"Black",17.6898210239725,0.630024002792734
25,24,1,"Black",17.7016812909578,0.69868799751951
26,24,1,"Black",17.7083258955377,0.767351992246288
27,24,1,"Black",17.709908673853,0.836015986973064
28,24,1,"Black",17.7065846721385,0.904679981699842
29,24,1,"Black",17.6985101467226,0.97334397642662
30,24,1,"Black",17.6858425640278,1.0420079711534
31,24,1,"Black",17.6687406005701,1.11067196588017
32,24,1,"Black",17.6473641429597,1.17933596060695
33,24,1,"Black",17.6218742879005,1.24799995533373
34,24,1,"Black",17.59243334219,1.31666395006051
35,24,1,"Black",17.5592048227199,1.38532794478728
36,24,1,"Black",17.5223534564755,1.45399193951406
37,24,1,"Black",17.482045180536,1.52265593424084
38,24,1,"Black",17.4384471420745,1.59131992896762
39,24,1,"Black",17.3917276983579,1.65998392369439
40,24,1,"Black",17.3420564167468,1.72864791842117
41,24,1,"Black",17.2896040746958,1.7972306335599
42,24,1,"Black",17.2345426597533,1.86532567117034
43,24,1,"Black",17.1770453695615,1.9324453537242
44,24,1,"Black",17.1172866118565,1.99810200369319
45,24,1,"Black",17.0554420044681,2.06180794354903
46,24,1,"Black",16.99168837532,2.12307549576342
47,24,1,"Black",16.9262037624299,2.18141228886978
48,24,1,"Black",16.8591674139091,2.23556377317044
49,24,1,"Black",16.7907597879629,2.2826771129774
50,24,1,"Black",16.7211625528903,2.31969821999812
51,24,1,"Black",16.6505585870841,2.34357300594011
52,24,1,"Black",16.5791319790313,2.35124738251082
53,24,1,"Black",16.5070680273122,2.33966726141775
54,24,1,"Black",16.4345532406014,2.30589495853432
55,24,1,"Black",16.361775337667,2.25052310982929
56,24,1,"Black",16.2889232473711,2.1782257723399
57,24,1,"Black",16.2161871086698,2.09390435499
58,24,1,"Black",16.1437582706125,2.00246026670344
59,24,1,"Black",16.0718292923431,1.90879491640408
60,24,1,"Black",16.0005939430989,1.81780971301578
61,24,1,"Black",15.930247202211,1.73420224358248
62,24,1,"Black",15.8609852591048,1.66030066579431
63,24,1,"Black",15.7929313888587,1.59690447324216
64,24,1,"Black",15.7253205833623,1.54478768178193
65,24,1,"Black",15.6556841824732,1.50472430726951
66,24,1,"Black",15.5797757495768,1.47748836556081
67,24,1,"Black",15.4915710715863,1.46385387251171
68,24,1,"Black",15.3836645432193,1.4643019524239
69,24,1,"Black",15.2516293940372,1.47767479541382
70,24,1,"Black",15.098377915486,1.50224482599635
71,24,1,"Black",14.9340859897139,1.53628389663256
72,24,1,"Black",14.7710026795329,1.57806385978351
73,24,1,"Black",14.6182598183806,1.62585656791025
74,24,1,"Black",14.4814001548616,1.67793452116973
75,24,1,"Black",14.362373221496,1.73321532480724
76,24,1,"Black",14.2594898909515,1.79247223274095
77,24,1,"Black",14.1673769322752,1.85681011917543
78,24,1,"Black",14.0772473779467,1.92733385831522
79,24,1,"Black",13.9799200052344,2.00514832436489
80,24,1,"Black",13.8688388175506,2.091358391529
81,24,1,"Black",13.7403475427571,2.18705552901212
82,24,1,"Black",13.593689633165,2.29252690601953
83,24,1,"Black",13.4308603107256,2.40681302675768
84,24,1,"Black",13.2549790641333,2.52884715543306
85,24,1,"Black",13.068662145928,2.65756255625221
86,24,1,"Black",12.8738746176861,2.79189249342164
87,24,1,"Black",12.6719303500209,2.93077023114787
88,24,1,"Black",12.4634920225821,3.0732024693107
89,24,1,"Black",12.2485711240561,3.21951422499691
90,24,1,"Black",12.026527952166,3.37117082442813
91,24,1,"Black",11.7960716136715,3.52967519289074
92,24,1,"Black",11.5552600243688,3.69653025567111
93,24,1,"Black",11.3014999090909,3.87323893805562
94,24,1,"Black",11.0315468017074,4.06130416533064
95,24,1,"Black",10.7415050451246,4.2619583601217
96,24,1,"Black",10.4268277912853,4.47428569651752
97,24,1,"Black",10.0823170011689,4.69634590850061
98,24,1,"Black",9.70212344479174,4.92619242095352
99,24,1,"Black",9.27974670120643,5.16187865875879
100,24,1,"Black",8.80803515850242,5.40145804679897
101,24,1,"Black",8.27918601380573,5.6429840099566
21,25,1,"Black",17.6214260385832,0.424032018612402
22,25,1,"Black",17.6498442086915,0.492696013339178
23,25,1,"Black",17.6725924685348,0.561360008065954
24,25,1,"Black",17.6898210239725,0.630024002792734
25,25,1,"Black",17.7016812909578,0.69868799751951
26,25,1,"Black",17.7083258955377,0.767351992246288
27,25,1,"Black",17.709908673853,0.836015986973064
28,25,1,"Black",17.7065846721385,0.904679981699842
29,25,1,"Black",17.6985101467226,0.97334397642662
30,25,1,"Black",17.6858425640278,1.0420079711534
31,25,1,"Black",17.6687406005701,1.11067196588017
32,25,1,"Black",17.6473641429597,1.17933596060695
33,25,1,"Black",17.6218742879005,1.24799995533373
34,25,1,"Black",17.59243334219,1.31666395006051
35,25,1,"Black",17.5592048227199,1.38532794478728
36,25,1,"Black",17.5223534564755,1.45399193951406
37,25,1,"Black",17.482045180536,1.52265593424084
38,25,1,"Black",17.4384471420745,1.59131992896762
39,25,1,"Black",17.3917276983579,1.65998392369439
40,25,1,"Black",17.3420564167468,1.72864791842117
41,25,1,"Black",17.2896040746958,1.7972306335599
42,25,1,"Black",17.2345426597533,1.86532567117034
43,25,1,"Black",17.1770453695615,1.9324453537242
44,25,1,"Black",17.1172866118565,1.99810200369319
45,25,1,"Black",17.0554420044681,2.06180794354903
46,25,1,"Black",16.99168837532,2.12307549576342
47,25,1,"Black",16.9262037624299,2.18141228886978
48,25,1,"Black",16.8591674139091,2.23556377317044
49,25,1,"Black",16.7907597879629,2.2826771129774
50,25,1,"Black",16.7211625528903,2.31969821999812
51,25,1,"Black",16.6505585870841,2.34357300594011
52,25,1,"Black",16.5791319790313,2.35124738251082
53,25,1,"Black",16.5070680273122,2.33966726141775
54,25,1,"Black",16.4345532406014,2.30589495853432
55,25,1,"Black",16.361775337667,2.25052310982929
56,25,1,"Black",16.2889232473711,2.1782257723399
57,25,1,"Black",16.2161871086698,2.09390435499
58,25,1,"Black",16.1437582706125,2.00246026670344
59,25,1,"Black",16.0718292923431,1.90879491640408
60,25,1,"Black",16.0005939430989,1.81780971301578
61,25,1,"Black",15.930247202211,1.73420224358248
62,25,1,"Black",15.8609852591048,1.66030066579431
63,25,1,"Black",15.7929313888587,1.59690447324216
64,25,1,"Black",15.7253205833623,1.54478768178193
65,25,1,"Black",15.6556841824732,1.50472430726951
66,25,1,"Black",15.5797757495768,1.47748836556081
67,25,1,"Black",15.4915710715863,1.46385387251171
68,25,1,"Black",15.3836645432193,1.4643019524239
69,25,1,"Black",15.2516293940372,1.47767479541382
70,25,1,"Black",15.098377915486,1.50224482599635
71,25,1,"Black",14.9340859897139,1.53628389663256
72,25,1,"Black",14.7710026795329,1.57806385978351
73,25,1,"Black",14.6182598183806,1.62585656791025
74,25,1,"Black",14.4814001548616,1.67793452116973
75,25,1,"Black",14.362373221496,1.73321532480724
76,25,1,"Black",14.2594898909515,1.79247223274095
77,25,1,"Black",14.1673769322752,1.85681011917543
78,25,1,"Black",14.0772473779467,1.92733385831522
79,25,1,"Black",13.9799200052344,2.00514832436489
80,25,1,"Black",13.8688388175506,2.091358391529
81,25,1,"Black",13.7403475427571,2.18705552901212
82,25,1,"Black",13.593689633165,2.29252690601953
83,25,1,"Black",13.4308603107256,2.40681302675768
84,25,1,"Black",13.2549790641333,2.52884715543306
85,25,1,"Black",13.068662145928,2.65756255625221
86,25,1,"Black",12.8738746176861,2.79189249342164
87,25,1,"Black",12.6719303500209,2.93077023114787
88,25,1,"Black",12.4634920225821,3.0732024693107
89,25,1,"Black",12.2485711240561,3.21951422499691
90,25,1,"Black",12.026527952166,3.37117082442813
91,25,1,"Black",11.7960716136715,3.52967519289074
92,25,1,"Black",11.5552600243688,3.69653025567111
93,25,1,"Black",11.3014999090909,3.87323893805562
94,25,1,"Black",11.0315468017074,4.06130416533064
95,25,1,"Black",10.7415050451246,4.2619583601217
96,25,1,"Black",10.4268277912853,4.47428569651752
97,25,1,"Black",10.0823170011689,4.69634590850061
98,25,1,"Black",9.70212344479174,4.92619242095352
99,25,1,"Black",9.27974670120643,5.16187865875879
100,25,1,"Black",8.80803515850242,5.40145804679897
101,25,1,"Black",8.27918601380573,5.6429840099566
