"NACCAGE","EDUC","SEX","RACE","mean.adj","sd.adj"
21,10,0,"White",15.1387724466596,0.523359864207221
22,10,0,"White",15.0306351167824,0.761972157534665
23,10,0,"White",14.9226263471766,0.996450144434502
24,10,0,"White",14.8150779898111,1.22265951847913
25,10,0,"White",14.7083004018925,1.43646597324094
26,10,0,"White",14.6025824458645,1.63373520229233
27,10,0,"White",14.4981914894084,1.8103328992057
28,10,0,"White",14.3953734054427,1.96212475755343
29,10,0,"White",14.2943525721233,2.08497647090793
30,10,0,"White",14.1953318728436,2.17475599299102
31,10,0,"White",14.0984926962342,2.2295823863566
32,10,0,"White",14.0039949361633,2.25405004167499
33,10,0,"White",13.9119769917361,2.25391054612454
34,10,0,"White",13.8225557672957,2.23491548688362
35,10,0,"White",13.735826672422,2.20281645113059
36,10,0,"White",13.6518636219327,2.1633650260438
37,10,0,"White",13.5707190358827,2.12231279880164
38,10,0,"White",13.4924238395642,2.08541135658245
39,10,0,"White",13.416987463507,2.05839852288746
40,10,0,"White",13.3443978434781,2.04477724414361
41,10,0,"White",13.2746214204819,2.04336393471434
42,10,0,"White",13.2076031407601,2.05238489130609
43,10,0,"White",13.143266455792,2.07006641062529
44,10,0,"White",13.0815133222941,2.09463478937837
45,10,0,"White",13.0222242022202,2.12431632427175
46,10,0,"White",12.9652580627617,2.15733731201186
47,10,0,"White",12.9104523763472,2.19192404930514
48,10,0,"White",12.8576231206427,2.2263138231693
49,10,0,"White",12.8065647785517,2.2594033392992
50,10,0,"White",12.7570503382148,2.29111140233933
51,10,0,"White",12.7088312930102,2.32144473942444
52,10,0,"White",12.6616376415535,2.3504100776893
53,10,0,"White",12.6151778876975,2.37801414426865
54,10,0,"White",12.5691390405325,2.40426366629725
55,10,0,"White",12.523186614386,2.42916537090987
56,10,0,"White",12.4769646288232,2.45272598524127
57,10,0,"White",12.4300956086464,2.47495280439474
58,10,0,"White",12.3821805838954,2.49587034889455
59,10,0,"White",12.3327990898471,2.515523053662
60,10,0,"White",12.2815091670163,2.53395646293193
61,10,0,"White",12.2278473611547,2.55121612093922
62,10,0,"White",12.1713287232515,2.5673475719187
63,10,0,"White",12.1113580709466,2.58239636010525
64,10,0,"White",12.0462538640751,2.59640802973371
65,10,0,"White",11.9722720802124,2.60942812503894
66,10,0,"White",11.8835174760874,2.62151409754784
67,10,0,"White",11.7719435875823,2.63293715849422
68,10,0,"White",11.6277214159467,2.64415341554284
69,10,0,"White",11.4432949761507,2.655625072892
70,10,0,"White",11.2174368452385,2.66781433473998
71,10,0,"White",10.9554659642672,2.68118340528507
72,10,0,"White",10.6675879112858,2.69619448872558
73,10,0,"White",10.3672351743138,2.71330978925979
74,10,0,"White",10.0705185307409,2.73299151108599
75,10,0,"White",9.79185194774643,2.75565481029909
76,10,0,"White",9.53957748271864,2.78116790879205
77,10,0,"White",9.3155675469291,2.80904616768239
78,10,0,"White",9.11555180885102,2.8387990670747
79,10,0,"White",8.93271313066,2.86993608707358
80,10,0,"White",8.7612835047349,2.90196670778363
81,10,0,"White",8.59687095697605,2.93440040930943
82,10,0,"White",8.43645954680524,2.9667466717556
83,10,0,"White",8.2783615592251,2.99851497522671
84,10,0,"White",8.12169161747162,3.02936222137844
85,10,0,"White",7.96584079566684,3.06011608826611
86,10,0,"White",7.81042881087807,3.09216256471717
87,10,0,"White",7.65530402311797,3.12689107796257
88,10,0,"White",7.50054343534451,3.16569105523327
89,10,0,"White",7.34645269346101,3.20995192376023
90,10,0,"White",7.19356608631607,3.26106311077441
91,10,0,"White",7.04264654570365,3.32041404350676
92,10,0,"White",6.89468564636301,3.38939414918825
93,10,0,"White",6.75090360597874,3.46908308128512
94,10,0,"White",6.61274928518075,3.55882709124027
95,10,0,"White",6.48190018754428,3.65736982371996
96,10,0,"White",6.36026245958989,3.76345431836354
97,10,0,"White",6.24997089078345,3.87582361481035
98,10,0,"White",6.15338891353617,3.99322075269976
99,10,0,"White",6.07310860320457,4.1143887716711
100,10,0,"White",6.01195067809051,4.23807071136375
101,10,0,"White",5.97296449944114,4.36300961141704
21,11,0,"White",15.1387724466596,0.523359864207221
22,11,0,"White",15.0306351167824,0.761972157534665
23,11,0,"White",14.9226263471766,0.996450144434502
24,11,0,"White",14.8150779898111,1.22265951847913
25,11,0,"White",14.7083004018925,1.43646597324094
26,11,0,"White",14.6025824458645,1.63373520229233
27,11,0,"White",14.4981914894084,1.8103328992057
28,11,0,"White",14.3953734054427,1.96212475755343
29,11,0,"White",14.2943525721233,2.08497647090793
30,11,0,"White",14.1953318728436,2.17475599299102
31,11,0,"White",14.0984926962342,2.2295823863566
32,11,0,"White",14.0039949361633,2.25405004167499
33,11,0,"White",13.9119769917361,2.25391054612454
34,11,0,"White",13.8225557672957,2.23491548688362
35,11,0,"White",13.735826672422,2.20281645113059
36,11,0,"White",13.6518636219327,2.1633650260438
37,11,0,"White",13.5707190358827,2.12231279880164
38,11,0,"White",13.4924238395642,2.08541135658245
39,11,0,"White",13.416987463507,2.05839852288746
40,11,0,"White",13.3443978434781,2.04477724414361
41,11,0,"White",13.2746214204819,2.04336393471434
42,11,0,"White",13.2076031407601,2.05238489130609
43,11,0,"White",13.143266455792,2.07006641062529
44,11,0,"White",13.0815133222941,2.09463478937837
45,11,0,"White",13.0222242022202,2.12431632427175
46,11,0,"White",12.9652580627617,2.15733731201186
47,11,0,"White",12.9104523763472,2.19192404930514
48,11,0,"White",12.8576231206427,2.2263138231693
49,11,0,"White",12.8065647785517,2.2594033392992
50,11,0,"White",12.7570503382148,2.29111140233933
51,11,0,"White",12.7088312930102,2.32144473942444
52,11,0,"White",12.6616376415535,2.3504100776893
53,11,0,"White",12.6151778876975,2.37801414426865
54,11,0,"White",12.5691390405325,2.40426366629725
55,11,0,"White",12.523186614386,2.42916537090987
56,11,0,"White",12.4769646288232,2.45272598524127
57,11,0,"White",12.4300956086464,2.47495280439474
58,11,0,"White",12.3821805838954,2.49587034889455
59,11,0,"White",12.3327990898471,2.515523053662
60,11,0,"White",12.2815091670163,2.53395646293193
61,11,0,"White",12.2278473611547,2.55121612093922
62,11,0,"White",12.1713287232515,2.5673475719187
63,11,0,"White",12.1113580709466,2.58239636010525
64,11,0,"White",12.0462538640751,2.59640802973371
65,11,0,"White",11.9722720802124,2.60942812503894
66,11,0,"White",11.8835174760874,2.62151409754784
67,11,0,"White",11.7719435875823,2.63293715849422
68,11,0,"White",11.6277214159467,2.64415341554284
69,11,0,"White",11.4432949761507,2.655625072892
70,11,0,"White",11.2174368452385,2.66781433473998
71,11,0,"White",10.9554659642672,2.68118340528507
72,11,0,"White",10.6675879112858,2.69619448872558
73,11,0,"White",10.3672351743138,2.71330978925979
74,11,0,"White",10.0705185307409,2.73299151108599
75,11,0,"White",9.79185194774643,2.75565481029909
76,11,0,"White",9.53957748271864,2.78116790879205
77,11,0,"White",9.3155675469291,2.80904616768239
78,11,0,"White",9.11555180885102,2.8387990670747
79,11,0,"White",8.93271313066,2.86993608707358
80,11,0,"White",8.7612835047349,2.90196670778363
81,11,0,"White",8.59687095697605,2.93440040930943
82,11,0,"White",8.43645954680524,2.9667466717556
83,11,0,"White",8.2783615592251,2.99851497522671
84,11,0,"White",8.12169161747162,3.02936222137844
85,11,0,"White",7.96584079566684,3.06011608826611
86,11,0,"White",7.81042881087807,3.09216256471717
87,11,0,"White",7.65530402311797,3.12689107796257
88,11,0,"White",7.50054343534451,3.16569105523327
89,11,0,"White",7.34645269346101,3.20995192376023
90,11,0,"White",7.19356608631607,3.26106311077441
91,11,0,"White",7.04264654570365,3.32041404350676
92,11,0,"White",6.89468564636301,3.38939414918825
93,11,0,"White",6.75090360597874,3.46908308128512
94,11,0,"White",6.61274928518075,3.55882709124027
95,11,0,"White",6.48190018754428,3.65736982371996
96,11,0,"White",6.36026245958989,3.76345431836354
97,11,0,"White",6.24997089078345,3.87582361481035
98,11,0,"White",6.15338891353617,3.99322075269976
99,11,0,"White",6.07310860320457,4.1143887716711
100,11,0,"White",6.01195067809051,4.23807071136375
101,11,0,"White",5.97296449944114,4.36300961141704
21,12,0,"White",15.1387724466596,0.523359864207221
22,12,0,"White",15.0306351167824,0.761972157534665
23,12,0,"White",14.9226263471766,0.996450144434502
24,12,0,"White",14.8150779898111,1.22265951847913
25,12,0,"White",14.7083004018925,1.43646597324094
26,12,0,"White",14.6025824458645,1.63373520229233
27,12,0,"White",14.4981914894084,1.8103328992057
28,12,0,"White",14.3953734054427,1.96212475755343
29,12,0,"White",14.2943525721233,2.08497647090793
30,12,0,"White",14.1953318728436,2.17475599299102
31,12,0,"White",14.0984926962342,2.2295823863566
32,12,0,"White",14.0039949361633,2.25405004167499
33,12,0,"White",13.9119769917361,2.25391054612454
34,12,0,"White",13.8225557672957,2.23491548688362
35,12,0,"White",13.735826672422,2.20281645113059
36,12,0,"White",13.6518636219327,2.1633650260438
37,12,0,"White",13.5707190358827,2.12231279880164
38,12,0,"White",13.4924238395642,2.08541135658245
39,12,0,"White",13.416987463507,2.05839852288746
40,12,0,"White",13.3443978434781,2.04477724414361
41,12,0,"White",13.2746214204819,2.04336393471434
42,12,0,"White",13.2076031407601,2.05238489130609
43,12,0,"White",13.143266455792,2.07006641062529
44,12,0,"White",13.0815133222941,2.09463478937837
45,12,0,"White",13.0222242022202,2.12431632427175
46,12,0,"White",12.9652580627617,2.15733731201186
47,12,0,"White",12.9104523763472,2.19192404930514
48,12,0,"White",12.8576231206427,2.2263138231693
49,12,0,"White",12.8065647785517,2.2594033392992
50,12,0,"White",12.7570503382148,2.29111140233933
51,12,0,"White",12.7088312930102,2.32144473942444
52,12,0,"White",12.6616376415535,2.3504100776893
53,12,0,"White",12.6151778876975,2.37801414426865
54,12,0,"White",12.5691390405325,2.40426366629725
55,12,0,"White",12.523186614386,2.42916537090987
56,12,0,"White",12.4769646288232,2.45272598524127
57,12,0,"White",12.4300956086464,2.47495280439474
58,12,0,"White",12.3821805838954,2.49587034889455
59,12,0,"White",12.3327990898471,2.515523053662
60,12,0,"White",12.2815091670163,2.53395646293193
61,12,0,"White",12.2278473611547,2.55121612093922
62,12,0,"White",12.1713287232515,2.5673475719187
63,12,0,"White",12.1113580709466,2.58239636010525
64,12,0,"White",12.0462538640751,2.59640802973371
65,12,0,"White",11.9722720802124,2.60942812503894
66,12,0,"White",11.8835174760874,2.62151409754784
67,12,0,"White",11.7719435875823,2.63293715849422
68,12,0,"White",11.6277214159467,2.64415341554284
69,12,0,"White",11.4432949761507,2.655625072892
70,12,0,"White",11.2174368452385,2.66781433473998
71,12,0,"White",10.9554659642672,2.68118340528507
72,12,0,"White",10.6675879112858,2.69619448872558
73,12,0,"White",10.3672351743138,2.71330978925979
74,12,0,"White",10.0705185307409,2.73299151108599
75,12,0,"White",9.79185194774643,2.75565481029909
76,12,0,"White",9.53957748271864,2.78116790879205
77,12,0,"White",9.3155675469291,2.80904616768239
78,12,0,"White",9.11555180885102,2.8387990670747
79,12,0,"White",8.93271313066,2.86993608707358
80,12,0,"White",8.7612835047349,2.90196670778363
81,12,0,"White",8.59687095697605,2.93440040930943
82,12,0,"White",8.43645954680524,2.9667466717556
83,12,0,"White",8.2783615592251,2.99851497522671
84,12,0,"White",8.12169161747162,3.02936222137844
85,12,0,"White",7.96584079566684,3.06011608826611
86,12,0,"White",7.81042881087807,3.09216256471717
87,12,0,"White",7.65530402311797,3.12689107796257
88,12,0,"White",7.50054343534451,3.16569105523327
89,12,0,"White",7.34645269346101,3.20995192376023
90,12,0,"White",7.19356608631607,3.26106311077441
91,12,0,"White",7.04264654570365,3.32041404350676
92,12,0,"White",6.89468564636301,3.38939414918825
93,12,0,"White",6.75090360597874,3.46908308128512
94,12,0,"White",6.61274928518075,3.55882709124027
95,12,0,"White",6.48190018754428,3.65736982371996
96,12,0,"White",6.36026245958989,3.76345431836354
97,12,0,"White",6.24997089078345,3.87582361481035
98,12,0,"White",6.15338891353617,3.99322075269976
99,12,0,"White",6.07310860320457,4.1143887716711
100,12,0,"White",6.01195067809051,4.23807071136375
101,12,0,"White",5.97296449944114,4.36300961141704
21,13,0,"White",15.0586756691144,0.523359864207221
22,13,0,"White",14.9644499717235,0.761972157534665
23,13,0,"White",14.8703528346039,0.996450144434502
24,13,0,"White",14.7767161097246,1.22265951847913
25,13,0,"White",14.6838501542922,1.43646597324094
26,13,0,"White",14.5920438307505,1.63373520229233
27,13,0,"White",14.5015645067806,1.8103328992057
28,13,0,"White",14.4126580553011,1.96212475755343
29,13,0,"White",14.3255488544679,2.08497647090793
30,13,0,"White",14.2404397876745,2.17475599299102
31,13,0,"White",14.1575122435513,2.2295823863566
32,13,0,"White",14.0769261159666,2.25405004167499
33,13,0,"White",13.9988198040257,2.25391054612454
34,13,0,"White",13.9233102120714,2.23491548688362
35,13,0,"White",13.850492749684,2.20281645113059
36,13,0,"White",13.7804413316809,2.1633650260438
37,13,0,"White",13.7132083781171,2.12231279880164
38,13,0,"White",13.6488248142849,2.08541135658245
39,13,0,"White",13.5873000707139,2.05839852288746
40,13,0,"White",13.5286220831712,2.04477724414361
41,13,0,"White",13.4727572926612,2.04336393471434
42,13,0,"White",13.4196506454257,2.05238489130609
43,13,0,"White",13.3692255929439,2.07006641062529
44,13,0,"White",13.3213840919322,2.09463478937837
45,13,0,"White",13.2760066043445,2.12431632427175
46,13,0,"White",13.2329520973723,2.15733731201186
47,13,0,"White",13.192058043444,2.19192404930514
48,13,0,"White",13.1531404202257,2.2263138231693
49,13,0,"White",13.1159937106209,2.2594033392992
50,13,0,"White",13.0803909027702,2.29111140233933
51,13,0,"White",13.0460834900519,2.32144473942444
52,13,0,"White",13.0128014710814,2.3504100776893
53,13,0,"White",12.9802533497116,2.37801414426865
54,13,0,"White",12.9481261350328,2.40426366629725
55,13,0,"White",12.9160853413726,2.42916537090987
56,13,0,"White",12.8837749882961,2.45272598524127
57,13,0,"White",12.8508176006055,2.47495280439474
58,13,0,"White",12.8168142083406,2.49587034889455
59,13,0,"White",12.7813443467787,2.515523053662
60,13,0,"White",12.743966056434,2.53395646293193
61,13,0,"White",12.7042158830586,2.55121612093922
62,13,0,"White",12.6616088776417,2.5673475719187
63,13,0,"White",12.615549857823,2.58239636010525
64,13,0,"White",12.5643572834377,2.59640802973371
65,13,0,"White",12.5042871320613,2.60942812503894
66,13,0,"White",12.4294441604225,2.62151409754784
67,13,0,"White",12.3317819044036,2.63293715849422
68,13,0,"White",12.2014713652542,2.64415341554284
69,13,0,"White",12.0309565579445,2.655625072892
70,13,0,"White",11.8190100595185,2.66781433473998
71,13,0,"White",11.5709508110335,2.68118340528507
72,13,0,"White",11.2969843905383,2.69619448872558
73,13,0,"White",11.0105432860525,2.71330978925979
74,13,0,"White",10.7277382749658,2.73299151108599
75,13,0,"White",10.4629833244576,2.75565481029909
76,13,0,"White",10.2246204919161,2.78116790879205
77,13,0,"White",10.0145221886127,2.80904616768239
78,13,0,"White",9.82841808302089,2.8387990670747
79,13,0,"White",9.6594910373161,2.86993608707358
80,13,0,"White",9.50197304387723,2.90196670778363
81,13,0,"White",9.35147212860461,2.93440040930943
82,13,0,"White",9.20497235092003,2.9667466717556
83,13,0,"White",9.06078599582611,2.99851497522671
84,13,0,"White",8.91802768655887,3.02936222137844
85,13,0,"White",8.77608849724032,3.06011608826611
86,13,0,"White",8.63458814493777,3.09216256471717
87,13,0,"White",8.4933749896639,3.12689107796257
88,13,0,"White",8.35252603437668,3.16569105523327
89,13,0,"White",8.2123469249794,3.20995192376023
90,13,0,"White",8.0733719503207,3.26106311077441
91,13,0,"White",7.9363640421945,3.32041404350676
92,13,0,"White",7.80231477534009,3.38939414918825
93,13,0,"White",7.67244436744205,3.46908308128512
94,13,0,"White",7.54820167913029,3.55882709124027
95,13,0,"White",7.43126421398005,3.65736982371996
96,13,0,"White",7.32353811851189,3.76345431836354
97,13,0,"White",7.22715818219168,3.87582361481035
98,13,0,"White",7.14448783743063,3.99322075269976
99,13,0,"White",7.07811915958526,4.1143887716711
100,13,0,"White",7.03087286695742,4.23807071136375
101,13,0,"White",7.00579832079429,4.36300961141704
21,14,0,"White",15.0586756691144,0.523359864207221
22,14,0,"White",14.9644499717235,0.761972157534665
23,14,0,"White",14.8703528346039,0.996450144434502
24,14,0,"White",14.7767161097246,1.22265951847913
25,14,0,"White",14.6838501542922,1.43646597324094
26,14,0,"White",14.5920438307505,1.63373520229233
27,14,0,"White",14.5015645067806,1.8103328992057
28,14,0,"White",14.4126580553011,1.96212475755343
29,14,0,"White",14.3255488544679,2.08497647090793
30,14,0,"White",14.2404397876745,2.17475599299102
31,14,0,"White",14.1575122435513,2.2295823863566
32,14,0,"White",14.0769261159666,2.25405004167499
33,14,0,"White",13.9988198040257,2.25391054612454
34,14,0,"White",13.9233102120714,2.23491548688362
35,14,0,"White",13.850492749684,2.20281645113059
36,14,0,"White",13.7804413316809,2.1633650260438
37,14,0,"White",13.7132083781171,2.12231279880164
38,14,0,"White",13.6488248142849,2.08541135658245
39,14,0,"White",13.5873000707139,2.05839852288746
40,14,0,"White",13.5286220831712,2.04477724414361
41,14,0,"White",13.4727572926612,2.04336393471434
42,14,0,"White",13.4196506454257,2.05238489130609
43,14,0,"White",13.3692255929439,2.07006641062529
44,14,0,"White",13.3213840919322,2.09463478937837
45,14,0,"White",13.2760066043445,2.12431632427175
46,14,0,"White",13.2329520973723,2.15733731201186
47,14,0,"White",13.192058043444,2.19192404930514
48,14,0,"White",13.1531404202257,2.2263138231693
49,14,0,"White",13.1159937106209,2.2594033392992
50,14,0,"White",13.0803909027702,2.29111140233933
51,14,0,"White",13.0460834900519,2.32144473942444
52,14,0,"White",13.0128014710814,2.3504100776893
53,14,0,"White",12.9802533497116,2.37801414426865
54,14,0,"White",12.9481261350328,2.40426366629725
55,14,0,"White",12.9160853413726,2.42916537090987
56,14,0,"White",12.8837749882961,2.45272598524127
57,14,0,"White",12.8508176006055,2.47495280439474
58,14,0,"White",12.8168142083406,2.49587034889455
59,14,0,"White",12.7813443467787,2.515523053662
60,14,0,"White",12.743966056434,2.53395646293193
61,14,0,"White",12.7042158830586,2.55121612093922
62,14,0,"White",12.6616088776417,2.5673475719187
63,14,0,"White",12.615549857823,2.58239636010525
64,14,0,"White",12.5643572834377,2.59640802973371
65,14,0,"White",12.5042871320613,2.60942812503894
66,14,0,"White",12.4294441604225,2.62151409754784
67,14,0,"White",12.3317819044036,2.63293715849422
68,14,0,"White",12.2014713652542,2.64415341554284
69,14,0,"White",12.0309565579445,2.655625072892
70,14,0,"White",11.8190100595185,2.66781433473998
71,14,0,"White",11.5709508110335,2.68118340528507
72,14,0,"White",11.2969843905383,2.69619448872558
73,14,0,"White",11.0105432860525,2.71330978925979
74,14,0,"White",10.7277382749658,2.73299151108599
75,14,0,"White",10.4629833244576,2.75565481029909
76,14,0,"White",10.2246204919161,2.78116790879205
77,14,0,"White",10.0145221886127,2.80904616768239
78,14,0,"White",9.82841808302089,2.8387990670747
79,14,0,"White",9.6594910373161,2.86993608707358
80,14,0,"White",9.50197304387723,2.90196670778363
81,14,0,"White",9.35147212860461,2.93440040930943
82,14,0,"White",9.20497235092003,2.9667466717556
83,14,0,"White",9.06078599582611,2.99851497522671
84,14,0,"White",8.91802768655887,3.02936222137844
85,14,0,"White",8.77608849724032,3.06011608826611
86,14,0,"White",8.63458814493777,3.09216256471717
87,14,0,"White",8.4933749896639,3.12689107796257
88,14,0,"White",8.35252603437668,3.16569105523327
89,14,0,"White",8.2123469249794,3.20995192376023
90,14,0,"White",8.0733719503207,3.26106311077441
91,14,0,"White",7.9363640421945,3.32041404350676
92,14,0,"White",7.80231477534009,3.38939414918825
93,14,0,"White",7.67244436744205,3.46908308128512
94,14,0,"White",7.54820167913029,3.55882709124027
95,14,0,"White",7.43126421398005,3.65736982371996
96,14,0,"White",7.32353811851189,3.76345431836354
97,14,0,"White",7.22715818219168,3.87582361481035
98,14,0,"White",7.14448783743063,3.99322075269976
99,14,0,"White",7.07811915958526,4.1143887716711
100,14,0,"White",7.03087286695742,4.23807071136375
101,14,0,"White",7.00579832079429,4.36300961141704
21,15,0,"White",15.0586756691144,0.523359864207221
22,15,0,"White",14.9644499717235,0.761972157534665
23,15,0,"White",14.8703528346039,0.996450144434502
24,15,0,"White",14.7767161097246,1.22265951847913
25,15,0,"White",14.6838501542922,1.43646597324094
26,15,0,"White",14.5920438307505,1.63373520229233
27,15,0,"White",14.5015645067806,1.8103328992057
28,15,0,"White",14.4126580553011,1.96212475755343
29,15,0,"White",14.3255488544679,2.08497647090793
30,15,0,"White",14.2404397876745,2.17475599299102
31,15,0,"White",14.1575122435513,2.2295823863566
32,15,0,"White",14.0769261159666,2.25405004167499
33,15,0,"White",13.9988198040257,2.25391054612454
34,15,0,"White",13.9233102120714,2.23491548688362
35,15,0,"White",13.850492749684,2.20281645113059
36,15,0,"White",13.7804413316809,2.1633650260438
37,15,0,"White",13.7132083781171,2.12231279880164
38,15,0,"White",13.6488248142849,2.08541135658245
39,15,0,"White",13.5873000707139,2.05839852288746
40,15,0,"White",13.5286220831712,2.04477724414361
41,15,0,"White",13.4727572926612,2.04336393471434
42,15,0,"White",13.4196506454257,2.05238489130609
43,15,0,"White",13.3692255929439,2.07006641062529
44,15,0,"White",13.3213840919322,2.09463478937837
45,15,0,"White",13.2760066043445,2.12431632427175
46,15,0,"White",13.2329520973723,2.15733731201186
47,15,0,"White",13.192058043444,2.19192404930514
48,15,0,"White",13.1531404202257,2.2263138231693
49,15,0,"White",13.1159937106209,2.2594033392992
50,15,0,"White",13.0803909027702,2.29111140233933
51,15,0,"White",13.0460834900519,2.32144473942444
52,15,0,"White",13.0128014710814,2.3504100776893
53,15,0,"White",12.9802533497116,2.37801414426865
54,15,0,"White",12.9481261350328,2.40426366629725
55,15,0,"White",12.9160853413726,2.42916537090987
56,15,0,"White",12.8837749882961,2.45272598524127
57,15,0,"White",12.8508176006055,2.47495280439474
58,15,0,"White",12.8168142083406,2.49587034889455
59,15,0,"White",12.7813443467787,2.515523053662
60,15,0,"White",12.743966056434,2.53395646293193
61,15,0,"White",12.7042158830586,2.55121612093922
62,15,0,"White",12.6616088776417,2.5673475719187
63,15,0,"White",12.615549857823,2.58239636010525
64,15,0,"White",12.5643572834377,2.59640802973371
65,15,0,"White",12.5042871320613,2.60942812503894
66,15,0,"White",12.4294441604225,2.62151409754784
67,15,0,"White",12.3317819044036,2.63293715849422
68,15,0,"White",12.2014713652542,2.64415341554284
69,15,0,"White",12.0309565579445,2.655625072892
70,15,0,"White",11.8190100595185,2.66781433473998
71,15,0,"White",11.5709508110335,2.68118340528507
72,15,0,"White",11.2969843905383,2.69619448872558
73,15,0,"White",11.0105432860525,2.71330978925979
74,15,0,"White",10.7277382749658,2.73299151108599
75,15,0,"White",10.4629833244576,2.75565481029909
76,15,0,"White",10.2246204919161,2.78116790879205
77,15,0,"White",10.0145221886127,2.80904616768239
78,15,0,"White",9.82841808302089,2.8387990670747
79,15,0,"White",9.6594910373161,2.86993608707358
80,15,0,"White",9.50197304387723,2.90196670778363
81,15,0,"White",9.35147212860461,2.93440040930943
82,15,0,"White",9.20497235092003,2.9667466717556
83,15,0,"White",9.06078599582611,2.99851497522671
84,15,0,"White",8.91802768655887,3.02936222137844
85,15,0,"White",8.77608849724032,3.06011608826611
86,15,0,"White",8.63458814493777,3.09216256471717
87,15,0,"White",8.4933749896639,3.12689107796257
88,15,0,"White",8.35252603437668,3.16569105523327
89,15,0,"White",8.2123469249794,3.20995192376023
90,15,0,"White",8.0733719503207,3.26106311077441
91,15,0,"White",7.9363640421945,3.32041404350676
92,15,0,"White",7.80231477534009,3.38939414918825
93,15,0,"White",7.67244436744205,3.46908308128512
94,15,0,"White",7.54820167913029,3.55882709124027
95,15,0,"White",7.43126421398005,3.65736982371996
96,15,0,"White",7.32353811851189,3.76345431836354
97,15,0,"White",7.22715818219168,3.87582361481035
98,15,0,"White",7.14448783743063,3.99322075269976
99,15,0,"White",7.07811915958526,4.1143887716711
100,15,0,"White",7.03087286695742,4.23807071136375
101,15,0,"White",7.00579832079429,4.36300961141704
21,16,0,"White",15.0586756691144,0.523359864207221
22,16,0,"White",14.9644499717235,0.761972157534665
23,16,0,"White",14.8703528346039,0.996450144434502
24,16,0,"White",14.7767161097246,1.22265951847913
25,16,0,"White",14.6838501542922,1.43646597324094
26,16,0,"White",14.5920438307505,1.63373520229233
27,16,0,"White",14.5015645067806,1.8103328992057
28,16,0,"White",14.4126580553011,1.96212475755343
29,16,0,"White",14.3255488544679,2.08497647090793
30,16,0,"White",14.2404397876745,2.17475599299102
31,16,0,"White",14.1575122435513,2.2295823863566
32,16,0,"White",14.0769261159666,2.25405004167499
33,16,0,"White",13.9988198040257,2.25391054612454
34,16,0,"White",13.9233102120714,2.23491548688362
35,16,0,"White",13.850492749684,2.20281645113059
36,16,0,"White",13.7804413316809,2.1633650260438
37,16,0,"White",13.7132083781171,2.12231279880164
38,16,0,"White",13.6488248142849,2.08541135658245
39,16,0,"White",13.5873000707139,2.05839852288746
40,16,0,"White",13.5286220831712,2.04477724414361
41,16,0,"White",13.4727572926612,2.04336393471434
42,16,0,"White",13.4196506454257,2.05238489130609
43,16,0,"White",13.3692255929439,2.07006641062529
44,16,0,"White",13.3213840919322,2.09463478937837
45,16,0,"White",13.2760066043445,2.12431632427175
46,16,0,"White",13.2329520973723,2.15733731201186
47,16,0,"White",13.192058043444,2.19192404930514
48,16,0,"White",13.1531404202257,2.2263138231693
49,16,0,"White",13.1159937106209,2.2594033392992
50,16,0,"White",13.0803909027702,2.29111140233933
51,16,0,"White",13.0460834900519,2.32144473942444
52,16,0,"White",13.0128014710814,2.3504100776893
53,16,0,"White",12.9802533497116,2.37801414426865
54,16,0,"White",12.9481261350328,2.40426366629725
55,16,0,"White",12.9160853413726,2.42916537090987
56,16,0,"White",12.8837749882961,2.45272598524127
57,16,0,"White",12.8508176006055,2.47495280439474
58,16,0,"White",12.8168142083406,2.49587034889455
59,16,0,"White",12.7813443467787,2.515523053662
60,16,0,"White",12.743966056434,2.53395646293193
61,16,0,"White",12.7042158830586,2.55121612093922
62,16,0,"White",12.6616088776417,2.5673475719187
63,16,0,"White",12.615549857823,2.58239636010525
64,16,0,"White",12.5643572834377,2.59640802973371
65,16,0,"White",12.5042871320613,2.60942812503894
66,16,0,"White",12.4294441604225,2.62151409754784
67,16,0,"White",12.3317819044036,2.63293715849422
68,16,0,"White",12.2014713652542,2.64415341554284
69,16,0,"White",12.0309565579445,2.655625072892
70,16,0,"White",11.8190100595185,2.66781433473998
71,16,0,"White",11.5709508110335,2.68118340528507
72,16,0,"White",11.2969843905383,2.69619448872558
73,16,0,"White",11.0105432860525,2.71330978925979
74,16,0,"White",10.7277382749658,2.73299151108599
75,16,0,"White",10.4629833244576,2.75565481029909
76,16,0,"White",10.2246204919161,2.78116790879205
77,16,0,"White",10.0145221886127,2.80904616768239
78,16,0,"White",9.82841808302089,2.8387990670747
79,16,0,"White",9.6594910373161,2.86993608707358
80,16,0,"White",9.50197304387723,2.90196670778363
81,16,0,"White",9.35147212860461,2.93440040930943
82,16,0,"White",9.20497235092003,2.9667466717556
83,16,0,"White",9.06078599582611,2.99851497522671
84,16,0,"White",8.91802768655887,3.02936222137844
85,16,0,"White",8.77608849724032,3.06011608826611
86,16,0,"White",8.63458814493777,3.09216256471717
87,16,0,"White",8.4933749896639,3.12689107796257
88,16,0,"White",8.35252603437668,3.16569105523327
89,16,0,"White",8.2123469249794,3.20995192376023
90,16,0,"White",8.0733719503207,3.26106311077441
91,16,0,"White",7.9363640421945,3.32041404350676
92,16,0,"White",7.80231477534009,3.38939414918825
93,16,0,"White",7.67244436744205,3.46908308128512
94,16,0,"White",7.54820167913029,3.55882709124027
95,16,0,"White",7.43126421398005,3.65736982371996
96,16,0,"White",7.32353811851189,3.76345431836354
97,16,0,"White",7.22715818219168,3.87582361481035
98,16,0,"White",7.14448783743063,3.99322075269976
99,16,0,"White",7.07811915958526,4.1143887716711
100,16,0,"White",7.03087286695742,4.23807071136375
101,16,0,"White",7.00579832079429,4.36300961141704
21,17,0,"White",16.2199349187446,0.523359864207221
22,17,0,"White",16.10991014898,0.761972157534665
23,17,0,"White",16.0000139394867,0.996450144434502
24,17,0,"White",15.8905781422338,1.22265951847913
25,17,0,"White",15.7819131144278,1.43646597324094
26,17,0,"White",15.6743077185123,1.63373520229233
27,17,0,"White",15.5680293221688,1.8103328992057
28,17,0,"White",15.4633237983156,1.96212475755343
29,17,0,"White",15.3604155251088,2.08497647090793
30,17,0,"White",15.2595073859416,2.17475599299102
31,17,0,"White",15.1607807694448,2.2295823863566
32,17,0,"White",15.0643955694864,2.25405004167499
33,17,0,"White",14.9704901851719,2.25391054612454
34,17,0,"White",14.8791815208439,2.23491548688362
35,17,0,"White",14.7905649860828,2.20281645113059
36,17,0,"White",14.704714495706,2.1633650260438
37,17,0,"White",14.6216824697686,2.12231279880164
38,17,0,"White",14.5414998335627,2.08541135658245
39,17,0,"White",14.464176017618,2.05839852288746
40,17,0,"White",14.3896989577017,2.04477724414361
41,17,0,"White",14.318035094818,2.04336393471434
42,17,0,"White",14.2491293752088,2.05238489130609
43,17,0,"White",14.1829052503533,2.07006641062529
44,17,0,"White",14.1192646769679,2.09463478937837
45,17,0,"White",14.0580881170066,2.12431632427175
46,17,0,"White",13.9992345376607,2.15733731201186
47,17,0,"White",13.9425414113587,2.19192404930514
48,17,0,"White",13.8878247157668,2.2263138231693
49,17,0,"White",13.8348789337883,2.2594033392992
50,17,0,"White",13.783477053564,2.29111140233933
51,17,0,"White",13.733370568472,2.32144473942444
52,17,0,"White",13.6842894771278,2.3504100776893
53,17,0,"White",13.6359422833843,2.37801414426865
54,17,0,"White",13.5880159963319,2.40426366629725
55,17,0,"White",13.540176130298,2.42916537090987
56,17,0,"White",13.4920667048478,2.45272598524127
57,17,0,"White",13.4433102447835,2.47495280439474
58,17,0,"White",13.393507780145,2.49587034889455
59,17,0,"White",13.3422388462093,2.515523053662
60,17,0,"White",13.289061483491,2.53395646293193
61,17,0,"White",13.233512237742,2.55121612093922
62,17,0,"White",13.1751061599514,2.5673475719187
63,17,0,"White",13.113248067759,2.58239636010525
64,17,0,"White",13.046256421,2.59640802973371
65,17,0,"White",12.9703871972499,2.60942812503894
66,17,0,"White",12.8797451532375,2.62151409754784
67,17,0,"White",12.7662838248449,2.63293715849422
68,17,0,"White",12.6201742133219,2.64415341554284
69,17,0,"White",12.4338603336385,2.655625072892
70,17,0,"White",12.2061147628388,2.66781433473998
71,17,0,"White",11.9422564419801,2.68118340528507
72,17,0,"White",11.6524909491113,2.69619448872558
73,17,0,"White",11.3502507722518,2.71330978925979
74,17,0,"White",11.0516466887914,2.73299151108599
75,17,0,"White",10.7710926659095,2.75565481029909
76,17,0,"White",10.5169307609943,2.78116790879205
77,17,0,"White",10.2910333853173,2.80904616768239
78,17,0,"White",10.0891302073518,2.8387990670747
79,17,0,"White",9.90440408927334,2.86993608707358
80,17,0,"White",9.7310870234608,2.90196670778363
81,17,0,"White",9.5647870358145,2.93440040930943
82,17,0,"White",9.40248818575625,2.9667466717556
83,17,0,"White",9.24250275828867,2.99851497522671
84,17,0,"White",9.08394537664775,3.02936222137844
85,17,0,"White",8.92620711495552,3.06011608826611
86,17,0,"White",8.76890769027931,3.09216256471717
87,17,0,"White",8.61189546263177,3.12689107796257
88,17,0,"White",8.45524743497087,3.16569105523327
89,17,0,"White",8.29926925319993,3.20995192376023
90,17,0,"White",8.14449520616755,3.26106311077441
91,17,0,"White",7.99168822566768,3.32041404350676
92,17,0,"White",7.8418398864396,3.38939414918825
93,17,0,"White",7.69617040616788,3.46908308128512
94,17,0,"White",7.55612864548245,3.55882709124027
95,17,0,"White",7.42339210795854,3.65736982371996
96,17,0,"White",7.29986694011671,3.76345431836354
97,17,0,"White",7.18768793142283,3.87582361481035
98,17,0,"White",7.0892185142881,3.99322075269976
99,17,0,"White",7.00705076406906,4.1143887716711
100,17,0,"White",6.94400539906755,4.23807071136375
101,17,0,"White",6.90313178053075,4.36300961141704
21,18,0,"White",16.2199349187446,0.523359864207221
22,18,0,"White",16.10991014898,0.761972157534665
23,18,0,"White",16.0000139394867,0.996450144434502
24,18,0,"White",15.8905781422338,1.22265951847913
25,18,0,"White",15.7819131144278,1.43646597324094
26,18,0,"White",15.6743077185123,1.63373520229233
27,18,0,"White",15.5680293221688,1.8103328992057
28,18,0,"White",15.4633237983156,1.96212475755343
29,18,0,"White",15.3604155251088,2.08497647090793
30,18,0,"White",15.2595073859416,2.17475599299102
31,18,0,"White",15.1607807694448,2.2295823863566
32,18,0,"White",15.0643955694864,2.25405004167499
33,18,0,"White",14.9704901851719,2.25391054612454
34,18,0,"White",14.8791815208439,2.23491548688362
35,18,0,"White",14.7905649860828,2.20281645113059
36,18,0,"White",14.704714495706,2.1633650260438
37,18,0,"White",14.6216824697686,2.12231279880164
38,18,0,"White",14.5414998335627,2.08541135658245
39,18,0,"White",14.464176017618,2.05839852288746
40,18,0,"White",14.3896989577017,2.04477724414361
41,18,0,"White",14.318035094818,2.04336393471434
42,18,0,"White",14.2491293752088,2.05238489130609
43,18,0,"White",14.1829052503533,2.07006641062529
44,18,0,"White",14.1192646769679,2.09463478937837
45,18,0,"White",14.0580881170066,2.12431632427175
46,18,0,"White",13.9992345376607,2.15733731201186
47,18,0,"White",13.9425414113587,2.19192404930514
48,18,0,"White",13.8878247157668,2.2263138231693
49,18,0,"White",13.8348789337883,2.2594033392992
50,18,0,"White",13.783477053564,2.29111140233933
51,18,0,"White",13.733370568472,2.32144473942444
52,18,0,"White",13.6842894771278,2.3504100776893
53,18,0,"White",13.6359422833843,2.37801414426865
54,18,0,"White",13.5880159963319,2.40426366629725
55,18,0,"White",13.540176130298,2.42916537090987
56,18,0,"White",13.4920667048478,2.45272598524127
57,18,0,"White",13.4433102447835,2.47495280439474
58,18,0,"White",13.393507780145,2.49587034889455
59,18,0,"White",13.3422388462093,2.515523053662
60,18,0,"White",13.289061483491,2.53395646293193
61,18,0,"White",13.233512237742,2.55121612093922
62,18,0,"White",13.1751061599514,2.5673475719187
63,18,0,"White",13.113248067759,2.58239636010525
64,18,0,"White",13.046256421,2.59640802973371
65,18,0,"White",12.9703871972499,2.60942812503894
66,18,0,"White",12.8797451532375,2.62151409754784
67,18,0,"White",12.7662838248449,2.63293715849422
68,18,0,"White",12.6201742133219,2.64415341554284
69,18,0,"White",12.4338603336385,2.655625072892
70,18,0,"White",12.2061147628388,2.66781433473998
71,18,0,"White",11.9422564419801,2.68118340528507
72,18,0,"White",11.6524909491113,2.69619448872558
73,18,0,"White",11.3502507722518,2.71330978925979
74,18,0,"White",11.0516466887914,2.73299151108599
75,18,0,"White",10.7710926659095,2.75565481029909
76,18,0,"White",10.5169307609943,2.78116790879205
77,18,0,"White",10.2910333853173,2.80904616768239
78,18,0,"White",10.0891302073518,2.8387990670747
79,18,0,"White",9.90440408927334,2.86993608707358
80,18,0,"White",9.7310870234608,2.90196670778363
81,18,0,"White",9.5647870358145,2.93440040930943
82,18,0,"White",9.40248818575625,2.9667466717556
83,18,0,"White",9.24250275828867,2.99851497522671
84,18,0,"White",9.08394537664775,3.02936222137844
85,18,0,"White",8.92620711495552,3.06011608826611
86,18,0,"White",8.76890769027931,3.09216256471717
87,18,0,"White",8.61189546263177,3.12689107796257
88,18,0,"White",8.45524743497087,3.16569105523327
89,18,0,"White",8.29926925319993,3.20995192376023
90,18,0,"White",8.14449520616755,3.26106311077441
91,18,0,"White",7.99168822566768,3.32041404350676
92,18,0,"White",7.8418398864396,3.38939414918825
93,18,0,"White",7.69617040616788,3.46908308128512
94,18,0,"White",7.55612864548245,3.55882709124027
95,18,0,"White",7.42339210795854,3.65736982371996
96,18,0,"White",7.29986694011671,3.76345431836354
97,18,0,"White",7.18768793142283,3.87582361481035
98,18,0,"White",7.0892185142881,3.99322075269976
99,18,0,"White",7.00705076406906,4.1143887716711
100,18,0,"White",6.94400539906755,4.23807071136375
101,18,0,"White",6.90313178053075,4.36300961141704
21,19,0,"White",16.2199349187446,0.523359864207221
22,19,0,"White",16.10991014898,0.761972157534665
23,19,0,"White",16.0000139394867,0.996450144434502
24,19,0,"White",15.8905781422338,1.22265951847913
25,19,0,"White",15.7819131144278,1.43646597324094
26,19,0,"White",15.6743077185123,1.63373520229233
27,19,0,"White",15.5680293221688,1.8103328992057
28,19,0,"White",15.4633237983156,1.96212475755343
29,19,0,"White",15.3604155251088,2.08497647090793
30,19,0,"White",15.2595073859416,2.17475599299102
31,19,0,"White",15.1607807694448,2.2295823863566
32,19,0,"White",15.0643955694864,2.25405004167499
33,19,0,"White",14.9704901851719,2.25391054612454
34,19,0,"White",14.8791815208439,2.23491548688362
35,19,0,"White",14.7905649860828,2.20281645113059
36,19,0,"White",14.704714495706,2.1633650260438
37,19,0,"White",14.6216824697686,2.12231279880164
38,19,0,"White",14.5414998335627,2.08541135658245
39,19,0,"White",14.464176017618,2.05839852288746
40,19,0,"White",14.3896989577017,2.04477724414361
41,19,0,"White",14.318035094818,2.04336393471434
42,19,0,"White",14.2491293752088,2.05238489130609
43,19,0,"White",14.1829052503533,2.07006641062529
44,19,0,"White",14.1192646769679,2.09463478937837
45,19,0,"White",14.0580881170066,2.12431632427175
46,19,0,"White",13.9992345376607,2.15733731201186
47,19,0,"White",13.9425414113587,2.19192404930514
48,19,0,"White",13.8878247157668,2.2263138231693
49,19,0,"White",13.8348789337883,2.2594033392992
50,19,0,"White",13.783477053564,2.29111140233933
51,19,0,"White",13.733370568472,2.32144473942444
52,19,0,"White",13.6842894771278,2.3504100776893
53,19,0,"White",13.6359422833843,2.37801414426865
54,19,0,"White",13.5880159963319,2.40426366629725
55,19,0,"White",13.540176130298,2.42916537090987
56,19,0,"White",13.4920667048478,2.45272598524127
57,19,0,"White",13.4433102447835,2.47495280439474
58,19,0,"White",13.393507780145,2.49587034889455
59,19,0,"White",13.3422388462093,2.515523053662
60,19,0,"White",13.289061483491,2.53395646293193
61,19,0,"White",13.233512237742,2.55121612093922
62,19,0,"White",13.1751061599514,2.5673475719187
63,19,0,"White",13.113248067759,2.58239636010525
64,19,0,"White",13.046256421,2.59640802973371
65,19,0,"White",12.9703871972499,2.60942812503894
66,19,0,"White",12.8797451532375,2.62151409754784
67,19,0,"White",12.7662838248449,2.63293715849422
68,19,0,"White",12.6201742133219,2.64415341554284
69,19,0,"White",12.4338603336385,2.655625072892
70,19,0,"White",12.2061147628388,2.66781433473998
71,19,0,"White",11.9422564419801,2.68118340528507
72,19,0,"White",11.6524909491113,2.69619448872558
73,19,0,"White",11.3502507722518,2.71330978925979
74,19,0,"White",11.0516466887914,2.73299151108599
75,19,0,"White",10.7710926659095,2.75565481029909
76,19,0,"White",10.5169307609943,2.78116790879205
77,19,0,"White",10.2910333853173,2.80904616768239
78,19,0,"White",10.0891302073518,2.8387990670747
79,19,0,"White",9.90440408927334,2.86993608707358
80,19,0,"White",9.7310870234608,2.90196670778363
81,19,0,"White",9.5647870358145,2.93440040930943
82,19,0,"White",9.40248818575625,2.9667466717556
83,19,0,"White",9.24250275828867,2.99851497522671
84,19,0,"White",9.08394537664775,3.02936222137844
85,19,0,"White",8.92620711495552,3.06011608826611
86,19,0,"White",8.76890769027931,3.09216256471717
87,19,0,"White",8.61189546263177,3.12689107796257
88,19,0,"White",8.45524743497087,3.16569105523327
89,19,0,"White",8.29926925319993,3.20995192376023
90,19,0,"White",8.14449520616755,3.26106311077441
91,19,0,"White",7.99168822566768,3.32041404350676
92,19,0,"White",7.8418398864396,3.38939414918825
93,19,0,"White",7.69617040616788,3.46908308128512
94,19,0,"White",7.55612864548245,3.55882709124027
95,19,0,"White",7.42339210795854,3.65736982371996
96,19,0,"White",7.29986694011671,3.76345431836354
97,19,0,"White",7.18768793142283,3.87582361481035
98,19,0,"White",7.0892185142881,3.99322075269976
99,19,0,"White",7.00705076406906,4.1143887716711
100,19,0,"White",6.94400539906755,4.23807071136375
101,19,0,"White",6.90313178053075,4.36300961141704
21,20,0,"White",16.2199349187446,0.523359864207221
22,20,0,"White",16.10991014898,0.761972157534665
23,20,0,"White",16.0000139394867,0.996450144434502
24,20,0,"White",15.8905781422338,1.22265951847913
25,20,0,"White",15.7819131144278,1.43646597324094
26,20,0,"White",15.6743077185123,1.63373520229233
27,20,0,"White",15.5680293221688,1.8103328992057
28,20,0,"White",15.4633237983156,1.96212475755343
29,20,0,"White",15.3604155251088,2.08497647090793
30,20,0,"White",15.2595073859416,2.17475599299102
31,20,0,"White",15.1607807694448,2.2295823863566
32,20,0,"White",15.0643955694864,2.25405004167499
33,20,0,"White",14.9704901851719,2.25391054612454
34,20,0,"White",14.8791815208439,2.23491548688362
35,20,0,"White",14.7905649860828,2.20281645113059
36,20,0,"White",14.704714495706,2.1633650260438
37,20,0,"White",14.6216824697686,2.12231279880164
38,20,0,"White",14.5414998335627,2.08541135658245
39,20,0,"White",14.464176017618,2.05839852288746
40,20,0,"White",14.3896989577017,2.04477724414361
41,20,0,"White",14.318035094818,2.04336393471434
42,20,0,"White",14.2491293752088,2.05238489130609
43,20,0,"White",14.1829052503533,2.07006641062529
44,20,0,"White",14.1192646769679,2.09463478937837
45,20,0,"White",14.0580881170066,2.12431632427175
46,20,0,"White",13.9992345376607,2.15733731201186
47,20,0,"White",13.9425414113587,2.19192404930514
48,20,0,"White",13.8878247157668,2.2263138231693
49,20,0,"White",13.8348789337883,2.2594033392992
50,20,0,"White",13.783477053564,2.29111140233933
51,20,0,"White",13.733370568472,2.32144473942444
52,20,0,"White",13.6842894771278,2.3504100776893
53,20,0,"White",13.6359422833843,2.37801414426865
54,20,0,"White",13.5880159963319,2.40426366629725
55,20,0,"White",13.540176130298,2.42916537090987
56,20,0,"White",13.4920667048478,2.45272598524127
57,20,0,"White",13.4433102447835,2.47495280439474
58,20,0,"White",13.393507780145,2.49587034889455
59,20,0,"White",13.3422388462093,2.515523053662
60,20,0,"White",13.289061483491,2.53395646293193
61,20,0,"White",13.233512237742,2.55121612093922
62,20,0,"White",13.1751061599514,2.5673475719187
63,20,0,"White",13.113248067759,2.58239636010525
64,20,0,"White",13.046256421,2.59640802973371
65,20,0,"White",12.9703871972499,2.60942812503894
66,20,0,"White",12.8797451532375,2.62151409754784
67,20,0,"White",12.7662838248449,2.63293715849422
68,20,0,"White",12.6201742133219,2.64415341554284
69,20,0,"White",12.4338603336385,2.655625072892
70,20,0,"White",12.2061147628388,2.66781433473998
71,20,0,"White",11.9422564419801,2.68118340528507
72,20,0,"White",11.6524909491113,2.69619448872558
73,20,0,"White",11.3502507722518,2.71330978925979
74,20,0,"White",11.0516466887914,2.73299151108599
75,20,0,"White",10.7710926659095,2.75565481029909
76,20,0,"White",10.5169307609943,2.78116790879205
77,20,0,"White",10.2910333853173,2.80904616768239
78,20,0,"White",10.0891302073518,2.8387990670747
79,20,0,"White",9.90440408927334,2.86993608707358
80,20,0,"White",9.7310870234608,2.90196670778363
81,20,0,"White",9.5647870358145,2.93440040930943
82,20,0,"White",9.40248818575625,2.9667466717556
83,20,0,"White",9.24250275828867,2.99851497522671
84,20,0,"White",9.08394537664775,3.02936222137844
85,20,0,"White",8.92620711495552,3.06011608826611
86,20,0,"White",8.76890769027931,3.09216256471717
87,20,0,"White",8.61189546263177,3.12689107796257
88,20,0,"White",8.45524743497087,3.16569105523327
89,20,0,"White",8.29926925319993,3.20995192376023
90,20,0,"White",8.14449520616755,3.26106311077441
91,20,0,"White",7.99168822566768,3.32041404350676
92,20,0,"White",7.8418398864396,3.38939414918825
93,20,0,"White",7.69617040616788,3.46908308128512
94,20,0,"White",7.55612864548245,3.55882709124027
95,20,0,"White",7.42339210795854,3.65736982371996
96,20,0,"White",7.29986694011671,3.76345431836354
97,20,0,"White",7.18768793142283,3.87582361481035
98,20,0,"White",7.0892185142881,3.99322075269976
99,20,0,"White",7.00705076406906,4.1143887716711
100,20,0,"White",6.94400539906755,4.23807071136375
101,20,0,"White",6.90313178053075,4.36300961141704
21,21,0,"White",16.2199349187446,0.523359864207221
22,21,0,"White",16.10991014898,0.761972157534665
23,21,0,"White",16.0000139394867,0.996450144434502
24,21,0,"White",15.8905781422338,1.22265951847913
25,21,0,"White",15.7819131144278,1.43646597324094
26,21,0,"White",15.6743077185123,1.63373520229233
27,21,0,"White",15.5680293221688,1.8103328992057
28,21,0,"White",15.4633237983156,1.96212475755343
29,21,0,"White",15.3604155251088,2.08497647090793
30,21,0,"White",15.2595073859416,2.17475599299102
31,21,0,"White",15.1607807694448,2.2295823863566
32,21,0,"White",15.0643955694864,2.25405004167499
33,21,0,"White",14.9704901851719,2.25391054612454
34,21,0,"White",14.8791815208439,2.23491548688362
35,21,0,"White",14.7905649860828,2.20281645113059
36,21,0,"White",14.704714495706,2.1633650260438
37,21,0,"White",14.6216824697686,2.12231279880164
38,21,0,"White",14.5414998335627,2.08541135658245
39,21,0,"White",14.464176017618,2.05839852288746
40,21,0,"White",14.3896989577017,2.04477724414361
41,21,0,"White",14.318035094818,2.04336393471434
42,21,0,"White",14.2491293752088,2.05238489130609
43,21,0,"White",14.1829052503533,2.07006641062529
44,21,0,"White",14.1192646769679,2.09463478937837
45,21,0,"White",14.0580881170066,2.12431632427175
46,21,0,"White",13.9992345376607,2.15733731201186
47,21,0,"White",13.9425414113587,2.19192404930514
48,21,0,"White",13.8878247157668,2.2263138231693
49,21,0,"White",13.8348789337883,2.2594033392992
50,21,0,"White",13.783477053564,2.29111140233933
51,21,0,"White",13.733370568472,2.32144473942444
52,21,0,"White",13.6842894771278,2.3504100776893
53,21,0,"White",13.6359422833843,2.37801414426865
54,21,0,"White",13.5880159963319,2.40426366629725
55,21,0,"White",13.540176130298,2.42916537090987
56,21,0,"White",13.4920667048478,2.45272598524127
57,21,0,"White",13.4433102447835,2.47495280439474
58,21,0,"White",13.393507780145,2.49587034889455
59,21,0,"White",13.3422388462093,2.515523053662
60,21,0,"White",13.289061483491,2.53395646293193
61,21,0,"White",13.233512237742,2.55121612093922
62,21,0,"White",13.1751061599514,2.5673475719187
63,21,0,"White",13.113248067759,2.58239636010525
64,21,0,"White",13.046256421,2.59640802973371
65,21,0,"White",12.9703871972499,2.60942812503894
66,21,0,"White",12.8797451532375,2.62151409754784
67,21,0,"White",12.7662838248449,2.63293715849422
68,21,0,"White",12.6201742133219,2.64415341554284
69,21,0,"White",12.4338603336385,2.655625072892
70,21,0,"White",12.2061147628388,2.66781433473998
71,21,0,"White",11.9422564419801,2.68118340528507
72,21,0,"White",11.6524909491113,2.69619448872558
73,21,0,"White",11.3502507722518,2.71330978925979
74,21,0,"White",11.0516466887914,2.73299151108599
75,21,0,"White",10.7710926659095,2.75565481029909
76,21,0,"White",10.5169307609943,2.78116790879205
77,21,0,"White",10.2910333853173,2.80904616768239
78,21,0,"White",10.0891302073518,2.8387990670747
79,21,0,"White",9.90440408927334,2.86993608707358
80,21,0,"White",9.7310870234608,2.90196670778363
81,21,0,"White",9.5647870358145,2.93440040930943
82,21,0,"White",9.40248818575625,2.9667466717556
83,21,0,"White",9.24250275828867,2.99851497522671
84,21,0,"White",9.08394537664775,3.02936222137844
85,21,0,"White",8.92620711495552,3.06011608826611
86,21,0,"White",8.76890769027931,3.09216256471717
87,21,0,"White",8.61189546263177,3.12689107796257
88,21,0,"White",8.45524743497087,3.16569105523327
89,21,0,"White",8.29926925319993,3.20995192376023
90,21,0,"White",8.14449520616755,3.26106311077441
91,21,0,"White",7.99168822566768,3.32041404350676
92,21,0,"White",7.8418398864396,3.38939414918825
93,21,0,"White",7.69617040616788,3.46908308128512
94,21,0,"White",7.55612864548245,3.55882709124027
95,21,0,"White",7.42339210795854,3.65736982371996
96,21,0,"White",7.29986694011671,3.76345431836354
97,21,0,"White",7.18768793142283,3.87582361481035
98,21,0,"White",7.0892185142881,3.99322075269976
99,21,0,"White",7.00705076406906,4.1143887716711
100,21,0,"White",6.94400539906755,4.23807071136375
101,21,0,"White",6.90313178053075,4.36300961141704
21,22,0,"White",16.2199349187446,0.523359864207221
22,22,0,"White",16.10991014898,0.761972157534665
23,22,0,"White",16.0000139394867,0.996450144434502
24,22,0,"White",15.8905781422338,1.22265951847913
25,22,0,"White",15.7819131144278,1.43646597324094
26,22,0,"White",15.6743077185123,1.63373520229233
27,22,0,"White",15.5680293221688,1.8103328992057
28,22,0,"White",15.4633237983156,1.96212475755343
29,22,0,"White",15.3604155251088,2.08497647090793
30,22,0,"White",15.2595073859416,2.17475599299102
31,22,0,"White",15.1607807694448,2.2295823863566
32,22,0,"White",15.0643955694864,2.25405004167499
33,22,0,"White",14.9704901851719,2.25391054612454
34,22,0,"White",14.8791815208439,2.23491548688362
35,22,0,"White",14.7905649860828,2.20281645113059
36,22,0,"White",14.704714495706,2.1633650260438
37,22,0,"White",14.6216824697686,2.12231279880164
38,22,0,"White",14.5414998335627,2.08541135658245
39,22,0,"White",14.464176017618,2.05839852288746
40,22,0,"White",14.3896989577017,2.04477724414361
41,22,0,"White",14.318035094818,2.04336393471434
42,22,0,"White",14.2491293752088,2.05238489130609
43,22,0,"White",14.1829052503533,2.07006641062529
44,22,0,"White",14.1192646769679,2.09463478937837
45,22,0,"White",14.0580881170066,2.12431632427175
46,22,0,"White",13.9992345376607,2.15733731201186
47,22,0,"White",13.9425414113587,2.19192404930514
48,22,0,"White",13.8878247157668,2.2263138231693
49,22,0,"White",13.8348789337883,2.2594033392992
50,22,0,"White",13.783477053564,2.29111140233933
51,22,0,"White",13.733370568472,2.32144473942444
52,22,0,"White",13.6842894771278,2.3504100776893
53,22,0,"White",13.6359422833843,2.37801414426865
54,22,0,"White",13.5880159963319,2.40426366629725
55,22,0,"White",13.540176130298,2.42916537090987
56,22,0,"White",13.4920667048478,2.45272598524127
57,22,0,"White",13.4433102447835,2.47495280439474
58,22,0,"White",13.393507780145,2.49587034889455
59,22,0,"White",13.3422388462093,2.515523053662
60,22,0,"White",13.289061483491,2.53395646293193
61,22,0,"White",13.233512237742,2.55121612093922
62,22,0,"White",13.1751061599514,2.5673475719187
63,22,0,"White",13.113248067759,2.58239636010525
64,22,0,"White",13.046256421,2.59640802973371
65,22,0,"White",12.9703871972499,2.60942812503894
66,22,0,"White",12.8797451532375,2.62151409754784
67,22,0,"White",12.7662838248449,2.63293715849422
68,22,0,"White",12.6201742133219,2.64415341554284
69,22,0,"White",12.4338603336385,2.655625072892
70,22,0,"White",12.2061147628388,2.66781433473998
71,22,0,"White",11.9422564419801,2.68118340528507
72,22,0,"White",11.6524909491113,2.69619448872558
73,22,0,"White",11.3502507722518,2.71330978925979
74,22,0,"White",11.0516466887914,2.73299151108599
75,22,0,"White",10.7710926659095,2.75565481029909
76,22,0,"White",10.5169307609943,2.78116790879205
77,22,0,"White",10.2910333853173,2.80904616768239
78,22,0,"White",10.0891302073518,2.8387990670747
79,22,0,"White",9.90440408927334,2.86993608707358
80,22,0,"White",9.7310870234608,2.90196670778363
81,22,0,"White",9.5647870358145,2.93440040930943
82,22,0,"White",9.40248818575625,2.9667466717556
83,22,0,"White",9.24250275828867,2.99851497522671
84,22,0,"White",9.08394537664775,3.02936222137844
85,22,0,"White",8.92620711495552,3.06011608826611
86,22,0,"White",8.76890769027931,3.09216256471717
87,22,0,"White",8.61189546263177,3.12689107796257
88,22,0,"White",8.45524743497087,3.16569105523327
89,22,0,"White",8.29926925319993,3.20995192376023
90,22,0,"White",8.14449520616755,3.26106311077441
91,22,0,"White",7.99168822566768,3.32041404350676
92,22,0,"White",7.8418398864396,3.38939414918825
93,22,0,"White",7.69617040616788,3.46908308128512
94,22,0,"White",7.55612864548245,3.55882709124027
95,22,0,"White",7.42339210795854,3.65736982371996
96,22,0,"White",7.29986694011671,3.76345431836354
97,22,0,"White",7.18768793142283,3.87582361481035
98,22,0,"White",7.0892185142881,3.99322075269976
99,22,0,"White",7.00705076406906,4.1143887716711
100,22,0,"White",6.94400539906755,4.23807071136375
101,22,0,"White",6.90313178053075,4.36300961141704
21,23,0,"White",16.2199349187446,0.523359864207221
22,23,0,"White",16.10991014898,0.761972157534665
23,23,0,"White",16.0000139394867,0.996450144434502
24,23,0,"White",15.8905781422338,1.22265951847913
25,23,0,"White",15.7819131144278,1.43646597324094
26,23,0,"White",15.6743077185123,1.63373520229233
27,23,0,"White",15.5680293221688,1.8103328992057
28,23,0,"White",15.4633237983156,1.96212475755343
29,23,0,"White",15.3604155251088,2.08497647090793
30,23,0,"White",15.2595073859416,2.17475599299102
31,23,0,"White",15.1607807694448,2.2295823863566
32,23,0,"White",15.0643955694864,2.25405004167499
33,23,0,"White",14.9704901851719,2.25391054612454
34,23,0,"White",14.8791815208439,2.23491548688362
35,23,0,"White",14.7905649860828,2.20281645113059
36,23,0,"White",14.704714495706,2.1633650260438
37,23,0,"White",14.6216824697686,2.12231279880164
38,23,0,"White",14.5414998335627,2.08541135658245
39,23,0,"White",14.464176017618,2.05839852288746
40,23,0,"White",14.3896989577017,2.04477724414361
41,23,0,"White",14.318035094818,2.04336393471434
42,23,0,"White",14.2491293752088,2.05238489130609
43,23,0,"White",14.1829052503533,2.07006641062529
44,23,0,"White",14.1192646769679,2.09463478937837
45,23,0,"White",14.0580881170066,2.12431632427175
46,23,0,"White",13.9992345376607,2.15733731201186
47,23,0,"White",13.9425414113587,2.19192404930514
48,23,0,"White",13.8878247157668,2.2263138231693
49,23,0,"White",13.8348789337883,2.2594033392992
50,23,0,"White",13.783477053564,2.29111140233933
51,23,0,"White",13.733370568472,2.32144473942444
52,23,0,"White",13.6842894771278,2.3504100776893
53,23,0,"White",13.6359422833843,2.37801414426865
54,23,0,"White",13.5880159963319,2.40426366629725
55,23,0,"White",13.540176130298,2.42916537090987
56,23,0,"White",13.4920667048478,2.45272598524127
57,23,0,"White",13.4433102447835,2.47495280439474
58,23,0,"White",13.393507780145,2.49587034889455
59,23,0,"White",13.3422388462093,2.515523053662
60,23,0,"White",13.289061483491,2.53395646293193
61,23,0,"White",13.233512237742,2.55121612093922
62,23,0,"White",13.1751061599514,2.5673475719187
63,23,0,"White",13.113248067759,2.58239636010525
64,23,0,"White",13.046256421,2.59640802973371
65,23,0,"White",12.9703871972499,2.60942812503894
66,23,0,"White",12.8797451532375,2.62151409754784
67,23,0,"White",12.7662838248449,2.63293715849422
68,23,0,"White",12.6201742133219,2.64415341554284
69,23,0,"White",12.4338603336385,2.655625072892
70,23,0,"White",12.2061147628388,2.66781433473998
71,23,0,"White",11.9422564419801,2.68118340528507
72,23,0,"White",11.6524909491113,2.69619448872558
73,23,0,"White",11.3502507722518,2.71330978925979
74,23,0,"White",11.0516466887914,2.73299151108599
75,23,0,"White",10.7710926659095,2.75565481029909
76,23,0,"White",10.5169307609943,2.78116790879205
77,23,0,"White",10.2910333853173,2.80904616768239
78,23,0,"White",10.0891302073518,2.8387990670747
79,23,0,"White",9.90440408927334,2.86993608707358
80,23,0,"White",9.7310870234608,2.90196670778363
81,23,0,"White",9.5647870358145,2.93440040930943
82,23,0,"White",9.40248818575625,2.9667466717556
83,23,0,"White",9.24250275828867,2.99851497522671
84,23,0,"White",9.08394537664775,3.02936222137844
85,23,0,"White",8.92620711495552,3.06011608826611
86,23,0,"White",8.76890769027931,3.09216256471717
87,23,0,"White",8.61189546263177,3.12689107796257
88,23,0,"White",8.45524743497087,3.16569105523327
89,23,0,"White",8.29926925319993,3.20995192376023
90,23,0,"White",8.14449520616755,3.26106311077441
91,23,0,"White",7.99168822566768,3.32041404350676
92,23,0,"White",7.8418398864396,3.38939414918825
93,23,0,"White",7.69617040616788,3.46908308128512
94,23,0,"White",7.55612864548245,3.55882709124027
95,23,0,"White",7.42339210795854,3.65736982371996
96,23,0,"White",7.29986694011671,3.76345431836354
97,23,0,"White",7.18768793142283,3.87582361481035
98,23,0,"White",7.0892185142881,3.99322075269976
99,23,0,"White",7.00705076406906,4.1143887716711
100,23,0,"White",6.94400539906755,4.23807071136375
101,23,0,"White",6.90313178053075,4.36300961141704
21,24,0,"White",16.2199349187446,0.523359864207221
22,24,0,"White",16.10991014898,0.761972157534665
23,24,0,"White",16.0000139394867,0.996450144434502
24,24,0,"White",15.8905781422338,1.22265951847913
25,24,0,"White",15.7819131144278,1.43646597324094
26,24,0,"White",15.6743077185123,1.63373520229233
27,24,0,"White",15.5680293221688,1.8103328992057
28,24,0,"White",15.4633237983156,1.96212475755343
29,24,0,"White",15.3604155251088,2.08497647090793
30,24,0,"White",15.2595073859416,2.17475599299102
31,24,0,"White",15.1607807694448,2.2295823863566
32,24,0,"White",15.0643955694864,2.25405004167499
33,24,0,"White",14.9704901851719,2.25391054612454
34,24,0,"White",14.8791815208439,2.23491548688362
35,24,0,"White",14.7905649860828,2.20281645113059
36,24,0,"White",14.704714495706,2.1633650260438
37,24,0,"White",14.6216824697686,2.12231279880164
38,24,0,"White",14.5414998335627,2.08541135658245
39,24,0,"White",14.464176017618,2.05839852288746
40,24,0,"White",14.3896989577017,2.04477724414361
41,24,0,"White",14.318035094818,2.04336393471434
42,24,0,"White",14.2491293752088,2.05238489130609
43,24,0,"White",14.1829052503533,2.07006641062529
44,24,0,"White",14.1192646769679,2.09463478937837
45,24,0,"White",14.0580881170066,2.12431632427175
46,24,0,"White",13.9992345376607,2.15733731201186
47,24,0,"White",13.9425414113587,2.19192404930514
48,24,0,"White",13.8878247157668,2.2263138231693
49,24,0,"White",13.8348789337883,2.2594033392992
50,24,0,"White",13.783477053564,2.29111140233933
51,24,0,"White",13.733370568472,2.32144473942444
52,24,0,"White",13.6842894771278,2.3504100776893
53,24,0,"White",13.6359422833843,2.37801414426865
54,24,0,"White",13.5880159963319,2.40426366629725
55,24,0,"White",13.540176130298,2.42916537090987
56,24,0,"White",13.4920667048478,2.45272598524127
57,24,0,"White",13.4433102447835,2.47495280439474
58,24,0,"White",13.393507780145,2.49587034889455
59,24,0,"White",13.3422388462093,2.515523053662
60,24,0,"White",13.289061483491,2.53395646293193
61,24,0,"White",13.233512237742,2.55121612093922
62,24,0,"White",13.1751061599514,2.5673475719187
63,24,0,"White",13.113248067759,2.58239636010525
64,24,0,"White",13.046256421,2.59640802973371
65,24,0,"White",12.9703871972499,2.60942812503894
66,24,0,"White",12.8797451532375,2.62151409754784
67,24,0,"White",12.7662838248449,2.63293715849422
68,24,0,"White",12.6201742133219,2.64415341554284
69,24,0,"White",12.4338603336385,2.655625072892
70,24,0,"White",12.2061147628388,2.66781433473998
71,24,0,"White",11.9422564419801,2.68118340528507
72,24,0,"White",11.6524909491113,2.69619448872558
73,24,0,"White",11.3502507722518,2.71330978925979
74,24,0,"White",11.0516466887914,2.73299151108599
75,24,0,"White",10.7710926659095,2.75565481029909
76,24,0,"White",10.5169307609943,2.78116790879205
77,24,0,"White",10.2910333853173,2.80904616768239
78,24,0,"White",10.0891302073518,2.8387990670747
79,24,0,"White",9.90440408927334,2.86993608707358
80,24,0,"White",9.7310870234608,2.90196670778363
81,24,0,"White",9.5647870358145,2.93440040930943
82,24,0,"White",9.40248818575625,2.9667466717556
83,24,0,"White",9.24250275828867,2.99851497522671
84,24,0,"White",9.08394537664775,3.02936222137844
85,24,0,"White",8.92620711495552,3.06011608826611
86,24,0,"White",8.76890769027931,3.09216256471717
87,24,0,"White",8.61189546263177,3.12689107796257
88,24,0,"White",8.45524743497087,3.16569105523327
89,24,0,"White",8.29926925319993,3.20995192376023
90,24,0,"White",8.14449520616755,3.26106311077441
91,24,0,"White",7.99168822566768,3.32041404350676
92,24,0,"White",7.8418398864396,3.38939414918825
93,24,0,"White",7.69617040616788,3.46908308128512
94,24,0,"White",7.55612864548245,3.55882709124027
95,24,0,"White",7.42339210795854,3.65736982371996
96,24,0,"White",7.29986694011671,3.76345431836354
97,24,0,"White",7.18768793142283,3.87582361481035
98,24,0,"White",7.0892185142881,3.99322075269976
99,24,0,"White",7.00705076406906,4.1143887716711
100,24,0,"White",6.94400539906755,4.23807071136375
101,24,0,"White",6.90313178053075,4.36300961141704
21,25,0,"White",16.2199349187446,0.523359864207221
22,25,0,"White",16.10991014898,0.761972157534665
23,25,0,"White",16.0000139394867,0.996450144434502
24,25,0,"White",15.8905781422338,1.22265951847913
25,25,0,"White",15.7819131144278,1.43646597324094
26,25,0,"White",15.6743077185123,1.63373520229233
27,25,0,"White",15.5680293221688,1.8103328992057
28,25,0,"White",15.4633237983156,1.96212475755343
29,25,0,"White",15.3604155251088,2.08497647090793
30,25,0,"White",15.2595073859416,2.17475599299102
31,25,0,"White",15.1607807694448,2.2295823863566
32,25,0,"White",15.0643955694864,2.25405004167499
33,25,0,"White",14.9704901851719,2.25391054612454
34,25,0,"White",14.8791815208439,2.23491548688362
35,25,0,"White",14.7905649860828,2.20281645113059
36,25,0,"White",14.704714495706,2.1633650260438
37,25,0,"White",14.6216824697686,2.12231279880164
38,25,0,"White",14.5414998335627,2.08541135658245
39,25,0,"White",14.464176017618,2.05839852288746
40,25,0,"White",14.3896989577017,2.04477724414361
41,25,0,"White",14.318035094818,2.04336393471434
42,25,0,"White",14.2491293752088,2.05238489130609
43,25,0,"White",14.1829052503533,2.07006641062529
44,25,0,"White",14.1192646769679,2.09463478937837
45,25,0,"White",14.0580881170066,2.12431632427175
46,25,0,"White",13.9992345376607,2.15733731201186
47,25,0,"White",13.9425414113587,2.19192404930514
48,25,0,"White",13.8878247157668,2.2263138231693
49,25,0,"White",13.8348789337883,2.2594033392992
50,25,0,"White",13.783477053564,2.29111140233933
51,25,0,"White",13.733370568472,2.32144473942444
52,25,0,"White",13.6842894771278,2.3504100776893
53,25,0,"White",13.6359422833843,2.37801414426865
54,25,0,"White",13.5880159963319,2.40426366629725
55,25,0,"White",13.540176130298,2.42916537090987
56,25,0,"White",13.4920667048478,2.45272598524127
57,25,0,"White",13.4433102447835,2.47495280439474
58,25,0,"White",13.393507780145,2.49587034889455
59,25,0,"White",13.3422388462093,2.515523053662
60,25,0,"White",13.289061483491,2.53395646293193
61,25,0,"White",13.233512237742,2.55121612093922
62,25,0,"White",13.1751061599514,2.5673475719187
63,25,0,"White",13.113248067759,2.58239636010525
64,25,0,"White",13.046256421,2.59640802973371
65,25,0,"White",12.9703871972499,2.60942812503894
66,25,0,"White",12.8797451532375,2.62151409754784
67,25,0,"White",12.7662838248449,2.63293715849422
68,25,0,"White",12.6201742133219,2.64415341554284
69,25,0,"White",12.4338603336385,2.655625072892
70,25,0,"White",12.2061147628388,2.66781433473998
71,25,0,"White",11.9422564419801,2.68118340528507
72,25,0,"White",11.6524909491113,2.69619448872558
73,25,0,"White",11.3502507722518,2.71330978925979
74,25,0,"White",11.0516466887914,2.73299151108599
75,25,0,"White",10.7710926659095,2.75565481029909
76,25,0,"White",10.5169307609943,2.78116790879205
77,25,0,"White",10.2910333853173,2.80904616768239
78,25,0,"White",10.0891302073518,2.8387990670747
79,25,0,"White",9.90440408927334,2.86993608707358
80,25,0,"White",9.7310870234608,2.90196670778363
81,25,0,"White",9.5647870358145,2.93440040930943
82,25,0,"White",9.40248818575625,2.9667466717556
83,25,0,"White",9.24250275828867,2.99851497522671
84,25,0,"White",9.08394537664775,3.02936222137844
85,25,0,"White",8.92620711495552,3.06011608826611
86,25,0,"White",8.76890769027931,3.09216256471717
87,25,0,"White",8.61189546263177,3.12689107796257
88,25,0,"White",8.45524743497087,3.16569105523327
89,25,0,"White",8.29926925319993,3.20995192376023
90,25,0,"White",8.14449520616755,3.26106311077441
91,25,0,"White",7.99168822566768,3.32041404350676
92,25,0,"White",7.8418398864396,3.38939414918825
93,25,0,"White",7.69617040616788,3.46908308128512
94,25,0,"White",7.55612864548245,3.55882709124027
95,25,0,"White",7.42339210795854,3.65736982371996
96,25,0,"White",7.29986694011671,3.76345431836354
97,25,0,"White",7.18768793142283,3.87582361481035
98,25,0,"White",7.0892185142881,3.99322075269976
99,25,0,"White",7.00705076406906,4.1143887716711
100,25,0,"White",6.94400539906755,4.23807071136375
101,25,0,"White",6.90313178053075,4.36300961141704
21,10,1,"White",13.6196108119214,0.523359864207221
22,10,1,"White",13.5521365360953,0.761972157534665
23,10,1,"White",13.4847908205406,0.996450144434502
24,10,1,"White",13.4179055172262,1.22265951847913
25,10,1,"White",13.3517909833587,1.43646597324094
26,10,1,"White",13.2867360813818,1.63373520229233
27,10,1,"White",13.2230081789768,1.8103328992057
28,10,1,"White",13.1608531490621,1.96212475755343
29,10,1,"White",13.1004953697938,2.08497647090793
30,10,1,"White",13.0421377245652,2.17475599299102
31,10,1,"White",12.9859616020069,2.2295823863566
32,10,1,"White",12.9321268959871,2.25405004167499
33,10,1,"White",12.880772005611,2.25391054612454
34,10,1,"White",12.8320138352216,2.23491548688362
35,10,1,"White",12.785947794399,2.20281645113059
36,10,1,"White",12.7426477979608,2.1633650260438
37,10,1,"White",12.7021662659619,2.12231279880164
38,10,1,"White",12.6645341236945,2.08541135658245
39,10,1,"White",12.6297608016884,2.05839852288746
40,10,1,"White",12.5978342357106,2.04477724414361
41,10,1,"White",12.5687208667654,2.04336393471434
42,10,1,"White",12.5423656410948,2.05238489130609
43,10,1,"White",12.5186920101778,2.07006641062529
44,10,1,"White",12.4976019307309,2.09463478937837
45,10,1,"White",12.4789758647082,2.12431632427175
46,10,1,"White",12.4626727793007,2.15733731201186
47,10,1,"White",12.4485301469373,2.19192404930514
48,10,1,"White",12.4363639452839,2.2263138231693
49,10,1,"White",12.4259686572439,2.2594033392992
50,10,1,"White",12.4171172709581,2.29111140233933
51,10,1,"White",12.4095612798047,2.32144473942444
52,10,1,"White",12.403030682399,2.3504100776893
53,10,1,"White",12.3972339825941,2.37801414426865
54,10,1,"White",12.3918581894802,2.40426366629725
55,10,1,"White",12.3865688173848,2.42916537090987
56,10,1,"White",12.3810098858731,2.45272598524127
57,10,1,"White",12.3748039197474,2.47495280439474
58,10,1,"White",12.3675519490474,2.49587034889455
59,10,1,"White",12.3588335090503,2.515523053662
60,10,1,"White",12.3482066402705,2.53395646293193
61,10,1,"White",12.33520788846,2.55121612093922
62,10,1,"White",12.3193523046079,2.5673475719187
63,10,1,"White",12.3000447063541,2.58239636010525
64,10,1,"White",12.2756035535336,2.59640802973371
65,10,1,"White",12.2422848237221,2.60942812503894
66,10,1,"White",12.1941932736481,2.62151409754784
67,10,1,"White",12.1232824391941,2.63293715849422
68,10,1,"White",12.0197233216096,2.64415341554284
69,10,1,"White",11.8759599358647,2.655625072892
70,10,1,"White",11.6907648590036,2.66781433473998
71,10,1,"White",11.4694570320834,2.68118340528507
72,10,1,"White",11.2222420331531,2.69619448872558
73,10,1,"White",10.9625523502322,2.71330978925979
74,10,1,"White",10.7064987607103,2.73299151108599
75,10,1,"White",10.468495231767,2.75565481029909
76,10,1,"White",10.2568838207903,2.78116790879205
77,10,1,"White",10.0735369390518,2.80904616768239
78,10,1,"White",9.91418425502483,2.8387990670747
79,10,1,"White",9.7720086308849,2.86993608707358
80,10,1,"White",9.64124205901089,2.90196670778363
81,10,1,"White",9.51749256530312,2.93440040930943
82,10,1,"White",9.3977442091834,2.9667466717556
83,10,1,"White",9.28030927565434,2.99851497522671
84,10,1,"White",9.16430238795196,3.02936222137844
85,10,1,"White",9.04911462019826,3.06011608826611
86,10,1,"White",8.93436568946058,3.09216256471717
87,10,1,"White",8.81990395575157,3.12689107796257
88,10,1,"White",8.7058064220292,3.16569105523327
89,10,1,"White",8.59237873419678,3.20995192376023
90,10,1,"White",8.48015518110293,3.26106311077441
91,10,1,"White",8.3698986945416,3.32041404350676
92,10,1,"White",8.26260084925204,3.38939414918825
93,10,1,"White",8.15948186291886,3.46908308128512
94,10,1,"White",8.06199059617196,3.55882709124027
95,10,1,"White",7.97180455258658,3.65736982371996
96,10,1,"White",7.89082987868327,3.76345431836354
97,10,1,"White",7.82120136392792,3.87582361481035
98,10,1,"White",7.76528244073173,3.99322075269976
99,10,1,"White",7.72566518445122,4.1143887716711
100,10,1,"White",7.70517031338824,4.23807071136375
101,10,1,"White",7.70684718878996,4.36300961141704
21,11,1,"White",13.6196108119214,0.523359864207221
22,11,1,"White",13.5521365360953,0.761972157534665
23,11,1,"White",13.4847908205406,0.996450144434502
24,11,1,"White",13.4179055172262,1.22265951847913
25,11,1,"White",13.3517909833587,1.43646597324094
26,11,1,"White",13.2867360813818,1.63373520229233
27,11,1,"White",13.2230081789768,1.8103328992057
28,11,1,"White",13.1608531490621,1.96212475755343
29,11,1,"White",13.1004953697938,2.08497647090793
30,11,1,"White",13.0421377245652,2.17475599299102
31,11,1,"White",12.9859616020069,2.2295823863566
32,11,1,"White",12.9321268959871,2.25405004167499
33,11,1,"White",12.880772005611,2.25391054612454
34,11,1,"White",12.8320138352216,2.23491548688362
35,11,1,"White",12.785947794399,2.20281645113059
36,11,1,"White",12.7426477979608,2.1633650260438
37,11,1,"White",12.7021662659619,2.12231279880164
38,11,1,"White",12.6645341236945,2.08541135658245
39,11,1,"White",12.6297608016884,2.05839852288746
40,11,1,"White",12.5978342357106,2.04477724414361
41,11,1,"White",12.5687208667654,2.04336393471434
42,11,1,"White",12.5423656410948,2.05238489130609
43,11,1,"White",12.5186920101778,2.07006641062529
44,11,1,"White",12.4976019307309,2.09463478937837
45,11,1,"White",12.4789758647082,2.12431632427175
46,11,1,"White",12.4626727793007,2.15733731201186
47,11,1,"White",12.4485301469373,2.19192404930514
48,11,1,"White",12.4363639452839,2.2263138231693
49,11,1,"White",12.4259686572439,2.2594033392992
50,11,1,"White",12.4171172709581,2.29111140233933
51,11,1,"White",12.4095612798047,2.32144473942444
52,11,1,"White",12.403030682399,2.3504100776893
53,11,1,"White",12.3972339825941,2.37801414426865
54,11,1,"White",12.3918581894802,2.40426366629725
55,11,1,"White",12.3865688173848,2.42916537090987
56,11,1,"White",12.3810098858731,2.45272598524127
57,11,1,"White",12.3748039197474,2.47495280439474
58,11,1,"White",12.3675519490474,2.49587034889455
59,11,1,"White",12.3588335090503,2.515523053662
60,11,1,"White",12.3482066402705,2.53395646293193
61,11,1,"White",12.33520788846,2.55121612093922
62,11,1,"White",12.3193523046079,2.5673475719187
63,11,1,"White",12.3000447063541,2.58239636010525
64,11,1,"White",12.2756035535336,2.59640802973371
65,11,1,"White",12.2422848237221,2.60942812503894
66,11,1,"White",12.1941932736481,2.62151409754784
67,11,1,"White",12.1232824391941,2.63293715849422
68,11,1,"White",12.0197233216096,2.64415341554284
69,11,1,"White",11.8759599358647,2.655625072892
70,11,1,"White",11.6907648590036,2.66781433473998
71,11,1,"White",11.4694570320834,2.68118340528507
72,11,1,"White",11.2222420331531,2.69619448872558
73,11,1,"White",10.9625523502322,2.71330978925979
74,11,1,"White",10.7064987607103,2.73299151108599
75,11,1,"White",10.468495231767,2.75565481029909
76,11,1,"White",10.2568838207903,2.78116790879205
77,11,1,"White",10.0735369390518,2.80904616768239
78,11,1,"White",9.91418425502483,2.8387990670747
79,11,1,"White",9.7720086308849,2.86993608707358
80,11,1,"White",9.64124205901089,2.90196670778363
81,11,1,"White",9.51749256530312,2.93440040930943
82,11,1,"White",9.3977442091834,2.9667466717556
83,11,1,"White",9.28030927565434,2.99851497522671
84,11,1,"White",9.16430238795196,3.02936222137844
85,11,1,"White",9.04911462019826,3.06011608826611
86,11,1,"White",8.93436568946058,3.09216256471717
87,11,1,"White",8.81990395575157,3.12689107796257
88,11,1,"White",8.7058064220292,3.16569105523327
89,11,1,"White",8.59237873419678,3.20995192376023
90,11,1,"White",8.48015518110293,3.26106311077441
91,11,1,"White",8.3698986945416,3.32041404350676
92,11,1,"White",8.26260084925204,3.38939414918825
93,11,1,"White",8.15948186291886,3.46908308128512
94,11,1,"White",8.06199059617196,3.55882709124027
95,11,1,"White",7.97180455258658,3.65736982371996
96,11,1,"White",7.89082987868327,3.76345431836354
97,11,1,"White",7.82120136392792,3.87582361481035
98,11,1,"White",7.76528244073173,3.99322075269976
99,11,1,"White",7.72566518445122,4.1143887716711
100,11,1,"White",7.70517031338824,4.23807071136375
101,11,1,"White",7.70684718878996,4.36300961141704
21,12,1,"White",13.6196108119214,0.523359864207221
22,12,1,"White",13.5521365360953,0.761972157534665
23,12,1,"White",13.4847908205406,0.996450144434502
24,12,1,"White",13.4179055172262,1.22265951847913
25,12,1,"White",13.3517909833587,1.43646597324094
26,12,1,"White",13.2867360813818,1.63373520229233
27,12,1,"White",13.2230081789768,1.8103328992057
28,12,1,"White",13.1608531490621,1.96212475755343
29,12,1,"White",13.1004953697938,2.08497647090793
30,12,1,"White",13.0421377245652,2.17475599299102
31,12,1,"White",12.9859616020069,2.2295823863566
32,12,1,"White",12.9321268959871,2.25405004167499
33,12,1,"White",12.880772005611,2.25391054612454
34,12,1,"White",12.8320138352216,2.23491548688362
35,12,1,"White",12.785947794399,2.20281645113059
36,12,1,"White",12.7426477979608,2.1633650260438
37,12,1,"White",12.7021662659619,2.12231279880164
38,12,1,"White",12.6645341236945,2.08541135658245
39,12,1,"White",12.6297608016884,2.05839852288746
40,12,1,"White",12.5978342357106,2.04477724414361
41,12,1,"White",12.5687208667654,2.04336393471434
42,12,1,"White",12.5423656410948,2.05238489130609
43,12,1,"White",12.5186920101778,2.07006641062529
44,12,1,"White",12.4976019307309,2.09463478937837
45,12,1,"White",12.4789758647082,2.12431632427175
46,12,1,"White",12.4626727793007,2.15733731201186
47,12,1,"White",12.4485301469373,2.19192404930514
48,12,1,"White",12.4363639452839,2.2263138231693
49,12,1,"White",12.4259686572439,2.2594033392992
50,12,1,"White",12.4171172709581,2.29111140233933
51,12,1,"White",12.4095612798047,2.32144473942444
52,12,1,"White",12.403030682399,2.3504100776893
53,12,1,"White",12.3972339825941,2.37801414426865
54,12,1,"White",12.3918581894802,2.40426366629725
55,12,1,"White",12.3865688173848,2.42916537090987
56,12,1,"White",12.3810098858731,2.45272598524127
57,12,1,"White",12.3748039197474,2.47495280439474
58,12,1,"White",12.3675519490474,2.49587034889455
59,12,1,"White",12.3588335090503,2.515523053662
60,12,1,"White",12.3482066402705,2.53395646293193
61,12,1,"White",12.33520788846,2.55121612093922
62,12,1,"White",12.3193523046079,2.5673475719187
63,12,1,"White",12.3000447063541,2.58239636010525
64,12,1,"White",12.2756035535336,2.59640802973371
65,12,1,"White",12.2422848237221,2.60942812503894
66,12,1,"White",12.1941932736481,2.62151409754784
67,12,1,"White",12.1232824391941,2.63293715849422
68,12,1,"White",12.0197233216096,2.64415341554284
69,12,1,"White",11.8759599358647,2.655625072892
70,12,1,"White",11.6907648590036,2.66781433473998
71,12,1,"White",11.4694570320834,2.68118340528507
72,12,1,"White",11.2222420331531,2.69619448872558
73,12,1,"White",10.9625523502322,2.71330978925979
74,12,1,"White",10.7064987607103,2.73299151108599
75,12,1,"White",10.468495231767,2.75565481029909
76,12,1,"White",10.2568838207903,2.78116790879205
77,12,1,"White",10.0735369390518,2.80904616768239
78,12,1,"White",9.91418425502483,2.8387990670747
79,12,1,"White",9.7720086308849,2.86993608707358
80,12,1,"White",9.64124205901089,2.90196670778363
81,12,1,"White",9.51749256530312,2.93440040930943
82,12,1,"White",9.3977442091834,2.9667466717556
83,12,1,"White",9.28030927565434,2.99851497522671
84,12,1,"White",9.16430238795196,3.02936222137844
85,12,1,"White",9.04911462019826,3.06011608826611
86,12,1,"White",8.93436568946058,3.09216256471717
87,12,1,"White",8.81990395575157,3.12689107796257
88,12,1,"White",8.7058064220292,3.16569105523327
89,12,1,"White",8.59237873419678,3.20995192376023
90,12,1,"White",8.48015518110293,3.26106311077441
91,12,1,"White",8.3698986945416,3.32041404350676
92,12,1,"White",8.26260084925204,3.38939414918825
93,12,1,"White",8.15948186291886,3.46908308128512
94,12,1,"White",8.06199059617196,3.55882709124027
95,12,1,"White",7.97180455258658,3.65736982371996
96,12,1,"White",7.89082987868327,3.76345431836354
97,12,1,"White",7.82120136392792,3.87582361481035
98,12,1,"White",7.76528244073173,3.99322075269976
99,12,1,"White",7.72566518445122,4.1143887716711
100,12,1,"White",7.70517031338824,4.23807071136375
101,12,1,"White",7.70684718878996,4.36300961141704
21,13,1,"White",13.5395140343762,0.523359864207221
22,13,1,"White",13.4859513910364,0.761972157534665
23,13,1,"White",13.4325173079679,0.996450144434502
24,13,1,"White",13.3795436371397,1.22265951847913
25,13,1,"White",13.3273407357584,1.43646597324094
26,13,1,"White",13.2761974662678,1.63373520229233
27,13,1,"White",13.2263811963489,1.8103328992057
28,13,1,"White",13.1781377989205,1.96212475755343
29,13,1,"White",13.1316916521385,2.08497647090793
30,13,1,"White",13.0872456393961,2.17475599299102
31,13,1,"White",13.044981149324,2.2295823863566
32,13,1,"White",13.0050580757904,2.25405004167499
33,13,1,"White",12.9676148179006,2.25391054612454
34,13,1,"White",12.9327682799974,2.23491548688362
35,13,1,"White",12.9006138716611,2.20281645113059
36,13,1,"White",12.8712255077091,2.1633650260438
37,13,1,"White",12.8446556081964,2.12231279880164
38,13,1,"White",12.8209350984152,2.08541135658245
39,13,1,"White",12.8000734088953,2.05839852288746
40,13,1,"White",12.7820584754037,2.04477724414361
41,13,1,"White",12.7668567389448,2.04336393471434
42,13,1,"White",12.7544131457604,2.05238489130609
43,13,1,"White",12.7446511473296,2.07006641062529
44,13,1,"White",12.737472700369,2.09463478937837
45,13,1,"White",12.7327582668325,2.12431632427175
46,13,1,"White",12.7303668139113,2.15733731201186
47,13,1,"White",12.7301358140341,2.19192404930514
48,13,1,"White",12.7318812448669,2.2263138231693
49,13,1,"White",12.7353975893132,2.2594033392992
50,13,1,"White",12.7404578355136,2.29111140233933
51,13,1,"White",12.7468134768464,2.32144473942444
52,13,1,"White",12.7541945119269,2.3504100776893
53,13,1,"White",12.7623094446083,2.37801414426865
54,13,1,"White",12.7708452839805,2.40426366629725
55,13,1,"White",12.7794675443714,2.42916537090987
56,13,1,"White",12.787820245346,2.45272598524127
57,13,1,"White",12.7955259117065,2.47495280439474
58,13,1,"White",12.8021855734927,2.49587034889455
59,13,1,"White",12.8073787659818,2.515523053662
60,13,1,"White",12.8106635296883,2.53395646293193
61,13,1,"White",12.811576410364,2.55121612093922
62,13,1,"White",12.8096324589981,2.5673475719187
63,13,1,"White",12.8042364932305,2.58239636010525
64,13,1,"White",12.7937069728963,2.59640802973371
65,13,1,"White",12.774299875571,2.60942812503894
66,13,1,"White",12.7401199579833,2.62151409754784
67,13,1,"White",12.6831207560155,2.63293715849422
68,13,1,"White",12.5934732709172,2.64415341554284
69,13,1,"White",12.4636215176586,2.655625072892
70,13,1,"White",12.2923380732837,2.66781433473998
71,13,1,"White",12.0849418788497,2.68118340528507
72,13,1,"White",11.8516385124056,2.69619448872558
73,13,1,"White",11.6058604619709,2.71330978925979
74,13,1,"White",11.3637185049353,2.73299151108599
75,13,1,"White",11.1396266084782,2.75565481029909
76,13,1,"White",10.9419268299877,2.78116790879205
77,13,1,"White",10.7724915807355,2.80904616768239
78,13,1,"White",10.6270505291947,2.8387990670747
79,13,1,"White",10.498786537541,2.86993608707358
80,13,1,"White",10.3819315981532,2.90196670778363
81,13,1,"White",10.2720937369317,2.93440040930943
82,13,1,"White",10.1662570132982,2.9667466717556
83,13,1,"White",10.0627337122554,2.99851497522671
84,13,1,"White",9.96063845703921,3.02936222137844
85,13,1,"White",9.85936232177174,3.06011608826611
86,13,1,"White",9.75852502352028,3.09216256471717
87,13,1,"White",9.6579749222975,3.12689107796257
88,13,1,"White",9.55778902106137,3.16569105523327
89,13,1,"White",9.45827296571518,3.20995192376023
90,13,1,"White",9.35996104510756,3.26106311077441
91,13,1,"White",9.26361619103245,3.32041404350676
92,13,1,"White",9.17022997822913,3.38939414918825
93,13,1,"White",9.08102262438217,3.46908308128512
94,13,1,"White",8.9974429901215,3.55882709124027
95,13,1,"White",8.92116857902235,3.65736982371996
96,13,1,"White",8.85410553760527,3.76345431836354
97,13,1,"White",8.79838865533615,3.87582361481035
98,13,1,"White",8.75638136462619,3.99322075269976
99,13,1,"White",8.73067574083191,4.1143887716711
100,13,1,"White",8.72409250225516,4.23807071136375
101,13,1,"White",8.73968101014311,4.36300961141704
21,14,1,"White",13.5395140343762,0.523359864207221
22,14,1,"White",13.4859513910364,0.761972157534665
23,14,1,"White",13.4325173079679,0.996450144434502
24,14,1,"White",13.3795436371397,1.22265951847913
25,14,1,"White",13.3273407357584,1.43646597324094
26,14,1,"White",13.2761974662678,1.63373520229233
27,14,1,"White",13.2263811963489,1.8103328992057
28,14,1,"White",13.1781377989205,1.96212475755343
29,14,1,"White",13.1316916521385,2.08497647090793
30,14,1,"White",13.0872456393961,2.17475599299102
31,14,1,"White",13.044981149324,2.2295823863566
32,14,1,"White",13.0050580757904,2.25405004167499
33,14,1,"White",12.9676148179006,2.25391054612454
34,14,1,"White",12.9327682799974,2.23491548688362
35,14,1,"White",12.9006138716611,2.20281645113059
36,14,1,"White",12.8712255077091,2.1633650260438
37,14,1,"White",12.8446556081964,2.12231279880164
38,14,1,"White",12.8209350984152,2.08541135658245
39,14,1,"White",12.8000734088953,2.05839852288746
40,14,1,"White",12.7820584754037,2.04477724414361
41,14,1,"White",12.7668567389448,2.04336393471434
42,14,1,"White",12.7544131457604,2.05238489130609
43,14,1,"White",12.7446511473296,2.07006641062529
44,14,1,"White",12.737472700369,2.09463478937837
45,14,1,"White",12.7327582668325,2.12431632427175
46,14,1,"White",12.7303668139113,2.15733731201186
47,14,1,"White",12.7301358140341,2.19192404930514
48,14,1,"White",12.7318812448669,2.2263138231693
49,14,1,"White",12.7353975893132,2.2594033392992
50,14,1,"White",12.7404578355136,2.29111140233933
51,14,1,"White",12.7468134768464,2.32144473942444
52,14,1,"White",12.7541945119269,2.3504100776893
53,14,1,"White",12.7623094446083,2.37801414426865
54,14,1,"White",12.7708452839805,2.40426366629725
55,14,1,"White",12.7794675443714,2.42916537090987
56,14,1,"White",12.787820245346,2.45272598524127
57,14,1,"White",12.7955259117065,2.47495280439474
58,14,1,"White",12.8021855734927,2.49587034889455
59,14,1,"White",12.8073787659818,2.515523053662
60,14,1,"White",12.8106635296883,2.53395646293193
61,14,1,"White",12.811576410364,2.55121612093922
62,14,1,"White",12.8096324589981,2.5673475719187
63,14,1,"White",12.8042364932305,2.58239636010525
64,14,1,"White",12.7937069728963,2.59640802973371
65,14,1,"White",12.774299875571,2.60942812503894
66,14,1,"White",12.7401199579833,2.62151409754784
67,14,1,"White",12.6831207560155,2.63293715849422
68,14,1,"White",12.5934732709172,2.64415341554284
69,14,1,"White",12.4636215176586,2.655625072892
70,14,1,"White",12.2923380732837,2.66781433473998
71,14,1,"White",12.0849418788497,2.68118340528507
72,14,1,"White",11.8516385124056,2.69619448872558
73,14,1,"White",11.6058604619709,2.71330978925979
74,14,1,"White",11.3637185049353,2.73299151108599
75,14,1,"White",11.1396266084782,2.75565481029909
76,14,1,"White",10.9419268299877,2.78116790879205
77,14,1,"White",10.7724915807355,2.80904616768239
78,14,1,"White",10.6270505291947,2.8387990670747
79,14,1,"White",10.498786537541,2.86993608707358
80,14,1,"White",10.3819315981532,2.90196670778363
81,14,1,"White",10.2720937369317,2.93440040930943
82,14,1,"White",10.1662570132982,2.9667466717556
83,14,1,"White",10.0627337122554,2.99851497522671
84,14,1,"White",9.96063845703921,3.02936222137844
85,14,1,"White",9.85936232177174,3.06011608826611
86,14,1,"White",9.75852502352028,3.09216256471717
87,14,1,"White",9.6579749222975,3.12689107796257
88,14,1,"White",9.55778902106137,3.16569105523327
89,14,1,"White",9.45827296571518,3.20995192376023
90,14,1,"White",9.35996104510756,3.26106311077441
91,14,1,"White",9.26361619103245,3.32041404350676
92,14,1,"White",9.17022997822913,3.38939414918825
93,14,1,"White",9.08102262438217,3.46908308128512
94,14,1,"White",8.9974429901215,3.55882709124027
95,14,1,"White",8.92116857902235,3.65736982371996
96,14,1,"White",8.85410553760527,3.76345431836354
97,14,1,"White",8.79838865533615,3.87582361481035
98,14,1,"White",8.75638136462619,3.99322075269976
99,14,1,"White",8.73067574083191,4.1143887716711
100,14,1,"White",8.72409250225516,4.23807071136375
101,14,1,"White",8.73968101014311,4.36300961141704
21,15,1,"White",13.5395140343762,0.523359864207221
22,15,1,"White",13.4859513910364,0.761972157534665
23,15,1,"White",13.4325173079679,0.996450144434502
24,15,1,"White",13.3795436371397,1.22265951847913
25,15,1,"White",13.3273407357584,1.43646597324094
26,15,1,"White",13.2761974662678,1.63373520229233
27,15,1,"White",13.2263811963489,1.8103328992057
28,15,1,"White",13.1781377989205,1.96212475755343
29,15,1,"White",13.1316916521385,2.08497647090793
30,15,1,"White",13.0872456393961,2.17475599299102
31,15,1,"White",13.044981149324,2.2295823863566
32,15,1,"White",13.0050580757904,2.25405004167499
33,15,1,"White",12.9676148179006,2.25391054612454
34,15,1,"White",12.9327682799974,2.23491548688362
35,15,1,"White",12.9006138716611,2.20281645113059
36,15,1,"White",12.8712255077091,2.1633650260438
37,15,1,"White",12.8446556081964,2.12231279880164
38,15,1,"White",12.8209350984152,2.08541135658245
39,15,1,"White",12.8000734088953,2.05839852288746
40,15,1,"White",12.7820584754037,2.04477724414361
41,15,1,"White",12.7668567389448,2.04336393471434
42,15,1,"White",12.7544131457604,2.05238489130609
43,15,1,"White",12.7446511473296,2.07006641062529
44,15,1,"White",12.737472700369,2.09463478937837
45,15,1,"White",12.7327582668325,2.12431632427175
46,15,1,"White",12.7303668139113,2.15733731201186
47,15,1,"White",12.7301358140341,2.19192404930514
48,15,1,"White",12.7318812448669,2.2263138231693
49,15,1,"White",12.7353975893132,2.2594033392992
50,15,1,"White",12.7404578355136,2.29111140233933
51,15,1,"White",12.7468134768464,2.32144473942444
52,15,1,"White",12.7541945119269,2.3504100776893
53,15,1,"White",12.7623094446083,2.37801414426865
54,15,1,"White",12.7708452839805,2.40426366629725
55,15,1,"White",12.7794675443714,2.42916537090987
56,15,1,"White",12.787820245346,2.45272598524127
57,15,1,"White",12.7955259117065,2.47495280439474
58,15,1,"White",12.8021855734927,2.49587034889455
59,15,1,"White",12.8073787659818,2.515523053662
60,15,1,"White",12.8106635296883,2.53395646293193
61,15,1,"White",12.811576410364,2.55121612093922
62,15,1,"White",12.8096324589981,2.5673475719187
63,15,1,"White",12.8042364932305,2.58239636010525
64,15,1,"White",12.7937069728963,2.59640802973371
65,15,1,"White",12.774299875571,2.60942812503894
66,15,1,"White",12.7401199579833,2.62151409754784
67,15,1,"White",12.6831207560155,2.63293715849422
68,15,1,"White",12.5934732709172,2.64415341554284
69,15,1,"White",12.4636215176586,2.655625072892
70,15,1,"White",12.2923380732837,2.66781433473998
71,15,1,"White",12.0849418788497,2.68118340528507
72,15,1,"White",11.8516385124056,2.69619448872558
73,15,1,"White",11.6058604619709,2.71330978925979
74,15,1,"White",11.3637185049353,2.73299151108599
75,15,1,"White",11.1396266084782,2.75565481029909
76,15,1,"White",10.9419268299877,2.78116790879205
77,15,1,"White",10.7724915807355,2.80904616768239
78,15,1,"White",10.6270505291947,2.8387990670747
79,15,1,"White",10.498786537541,2.86993608707358
80,15,1,"White",10.3819315981532,2.90196670778363
81,15,1,"White",10.2720937369317,2.93440040930943
82,15,1,"White",10.1662570132982,2.9667466717556
83,15,1,"White",10.0627337122554,2.99851497522671
84,15,1,"White",9.96063845703921,3.02936222137844
85,15,1,"White",9.85936232177174,3.06011608826611
86,15,1,"White",9.75852502352028,3.09216256471717
87,15,1,"White",9.6579749222975,3.12689107796257
88,15,1,"White",9.55778902106137,3.16569105523327
89,15,1,"White",9.45827296571518,3.20995192376023
90,15,1,"White",9.35996104510756,3.26106311077441
91,15,1,"White",9.26361619103245,3.32041404350676
92,15,1,"White",9.17022997822913,3.38939414918825
93,15,1,"White",9.08102262438217,3.46908308128512
94,15,1,"White",8.9974429901215,3.55882709124027
95,15,1,"White",8.92116857902235,3.65736982371996
96,15,1,"White",8.85410553760527,3.76345431836354
97,15,1,"White",8.79838865533615,3.87582361481035
98,15,1,"White",8.75638136462619,3.99322075269976
99,15,1,"White",8.73067574083191,4.1143887716711
100,15,1,"White",8.72409250225516,4.23807071136375
101,15,1,"White",8.73968101014311,4.36300961141704
21,16,1,"White",13.5395140343762,0.523359864207221
22,16,1,"White",13.4859513910364,0.761972157534665
23,16,1,"White",13.4325173079679,0.996450144434502
24,16,1,"White",13.3795436371397,1.22265951847913
25,16,1,"White",13.3273407357584,1.43646597324094
26,16,1,"White",13.2761974662678,1.63373520229233
27,16,1,"White",13.2263811963489,1.8103328992057
28,16,1,"White",13.1781377989205,1.96212475755343
29,16,1,"White",13.1316916521385,2.08497647090793
30,16,1,"White",13.0872456393961,2.17475599299102
31,16,1,"White",13.044981149324,2.2295823863566
32,16,1,"White",13.0050580757904,2.25405004167499
33,16,1,"White",12.9676148179006,2.25391054612454
34,16,1,"White",12.9327682799974,2.23491548688362
35,16,1,"White",12.9006138716611,2.20281645113059
36,16,1,"White",12.8712255077091,2.1633650260438
37,16,1,"White",12.8446556081964,2.12231279880164
38,16,1,"White",12.8209350984152,2.08541135658245
39,16,1,"White",12.8000734088953,2.05839852288746
40,16,1,"White",12.7820584754037,2.04477724414361
41,16,1,"White",12.7668567389448,2.04336393471434
42,16,1,"White",12.7544131457604,2.05238489130609
43,16,1,"White",12.7446511473296,2.07006641062529
44,16,1,"White",12.737472700369,2.09463478937837
45,16,1,"White",12.7327582668325,2.12431632427175
46,16,1,"White",12.7303668139113,2.15733731201186
47,16,1,"White",12.7301358140341,2.19192404930514
48,16,1,"White",12.7318812448669,2.2263138231693
49,16,1,"White",12.7353975893132,2.2594033392992
50,16,1,"White",12.7404578355136,2.29111140233933
51,16,1,"White",12.7468134768464,2.32144473942444
52,16,1,"White",12.7541945119269,2.3504100776893
53,16,1,"White",12.7623094446083,2.37801414426865
54,16,1,"White",12.7708452839805,2.40426366629725
55,16,1,"White",12.7794675443714,2.42916537090987
56,16,1,"White",12.787820245346,2.45272598524127
57,16,1,"White",12.7955259117065,2.47495280439474
58,16,1,"White",12.8021855734927,2.49587034889455
59,16,1,"White",12.8073787659818,2.515523053662
60,16,1,"White",12.8106635296883,2.53395646293193
61,16,1,"White",12.811576410364,2.55121612093922
62,16,1,"White",12.8096324589981,2.5673475719187
63,16,1,"White",12.8042364932305,2.58239636010525
64,16,1,"White",12.7937069728963,2.59640802973371
65,16,1,"White",12.774299875571,2.60942812503894
66,16,1,"White",12.7401199579833,2.62151409754784
67,16,1,"White",12.6831207560155,2.63293715849422
68,16,1,"White",12.5934732709172,2.64415341554284
69,16,1,"White",12.4636215176586,2.655625072892
70,16,1,"White",12.2923380732837,2.66781433473998
71,16,1,"White",12.0849418788497,2.68118340528507
72,16,1,"White",11.8516385124056,2.69619448872558
73,16,1,"White",11.6058604619709,2.71330978925979
74,16,1,"White",11.3637185049353,2.73299151108599
75,16,1,"White",11.1396266084782,2.75565481029909
76,16,1,"White",10.9419268299877,2.78116790879205
77,16,1,"White",10.7724915807355,2.80904616768239
78,16,1,"White",10.6270505291947,2.8387990670747
79,16,1,"White",10.498786537541,2.86993608707358
80,16,1,"White",10.3819315981532,2.90196670778363
81,16,1,"White",10.2720937369317,2.93440040930943
82,16,1,"White",10.1662570132982,2.9667466717556
83,16,1,"White",10.0627337122554,2.99851497522671
84,16,1,"White",9.96063845703921,3.02936222137844
85,16,1,"White",9.85936232177174,3.06011608826611
86,16,1,"White",9.75852502352028,3.09216256471717
87,16,1,"White",9.6579749222975,3.12689107796257
88,16,1,"White",9.55778902106137,3.16569105523327
89,16,1,"White",9.45827296571518,3.20995192376023
90,16,1,"White",9.35996104510756,3.26106311077441
91,16,1,"White",9.26361619103245,3.32041404350676
92,16,1,"White",9.17022997822913,3.38939414918825
93,16,1,"White",9.08102262438217,3.46908308128512
94,16,1,"White",8.9974429901215,3.55882709124027
95,16,1,"White",8.92116857902235,3.65736982371996
96,16,1,"White",8.85410553760527,3.76345431836354
97,16,1,"White",8.79838865533615,3.87582361481035
98,16,1,"White",8.75638136462619,3.99322075269976
99,16,1,"White",8.73067574083191,4.1143887716711
100,16,1,"White",8.72409250225516,4.23807071136375
101,16,1,"White",8.73968101014311,4.36300961141704
21,17,1,"White",14.7007732840064,0.523359864207221
22,17,1,"White",14.6314115682929,0.761972157534665
23,17,1,"White",14.5621784128507,0.996450144434502
24,17,1,"White",14.4934056696489,1.22265951847913
25,17,1,"White",14.4254036958939,1.43646597324094
26,17,1,"White",14.3584613540296,1.63373520229233
27,17,1,"White",14.2928460117371,1.8103328992057
28,17,1,"White",14.228803541935,1.96212475755343
29,17,1,"White",14.1665583227793,2.08497647090793
30,17,1,"White",14.1063132376632,2.17475599299102
31,17,1,"White",14.0482496752175,2.2295823863566
32,17,1,"White",13.9925275293102,2.25405004167499
33,17,1,"White",13.9392851990467,2.25391054612454
34,17,1,"White",13.8886395887699,2.23491548688362
35,17,1,"White",13.8406861080599,2.20281645113059
36,17,1,"White",13.7954986717342,2.1633650260438
37,17,1,"White",13.7531296998478,2.12231279880164
38,17,1,"White",13.713610117693,2.08541135658245
39,17,1,"White",13.6769493557994,2.05839852288746
40,17,1,"White",13.6431353499342,2.04477724414361
41,17,1,"White",13.6121345411016,2.04336393471434
42,17,1,"White",13.5838918755435,2.05238489130609
43,17,1,"White",13.558330804739,2.07006641062529
44,17,1,"White",13.5353532854048,2.09463478937837
45,17,1,"White",13.5148397794946,2.12431632427175
46,17,1,"White",13.4966492541997,2.15733731201186
47,17,1,"White",13.4806191819488,2.19192404930514
48,17,1,"White",13.466565540408,2.2263138231693
49,17,1,"White",13.4542828124806,2.2594033392992
50,17,1,"White",13.4435439863073,2.29111140233933
51,17,1,"White",13.4341005552664,2.32144473942444
52,17,1,"White",13.4256825179733,2.3504100776893
53,17,1,"White",13.417998378281,2.37801414426865
54,17,1,"White",13.4107351452796,2.40426366629725
55,17,1,"White",13.4035583332968,2.42916537090987
56,17,1,"White",13.3961119618977,2.45272598524127
57,17,1,"White",13.3880185558845,2.47495280439474
58,17,1,"White",13.3788791452971,2.49587034889455
59,17,1,"White",13.3682732654125,2.515523053662
60,17,1,"White",13.3557589567453,2.53395646293193
61,17,1,"White",13.3408727650473,2.55121612093922
62,17,1,"White",13.3231297413078,2.5673475719187
63,17,1,"White",13.3019347031665,2.58239636010525
64,17,1,"White",13.2756061104586,2.59640802973371
65,17,1,"White",13.2403999407596,2.60942812503894
66,17,1,"White",13.1904209507982,2.62151409754784
67,17,1,"White",13.1176226764568,2.63293715849422
68,17,1,"White",13.0121761189848,2.64415341554284
69,17,1,"White",12.8665252933525,2.655625072892
70,17,1,"White",12.6794427766039,2.66781433473998
71,17,1,"White",12.4562475097963,2.68118340528507
72,17,1,"White",12.2071450709785,2.69619448872558
73,17,1,"White",11.9455679481702,2.71330978925979
74,17,1,"White",11.6876269187609,2.73299151108599
75,17,1,"White",11.4477359499301,2.75565481029909
76,17,1,"White",11.234237099066,2.78116790879205
77,17,1,"White",11.0490027774401,2.80904616768239
78,17,1,"White",10.8877626535256,2.8387990670747
79,17,1,"White",10.7436995894982,2.86993608707358
80,17,1,"White",10.6110455777368,2.90196670778363
81,17,1,"White",10.4854086441416,2.93440040930943
82,17,1,"White",10.3637728481344,2.9667466717556
83,17,1,"White",10.2444504747179,2.99851497522671
84,17,1,"White",10.1265561471281,3.02936222137844
85,17,1,"White",10.0094809394869,3.06011608826611
86,17,1,"White",9.89284456886182,3.09216256471717
87,17,1,"White",9.77649539526537,3.12689107796257
88,17,1,"White",9.66051042165556,3.16569105523327
89,17,1,"White",9.5451952939357,3.20995192376023
90,17,1,"White",9.43108430095441,3.26106311077441
91,17,1,"White",9.31894037450563,3.32041404350676
92,17,1,"White",9.20975508932863,3.38939414918825
93,17,1,"White",9.10474866310801,3.46908308128512
94,17,1,"White",9.00536995647366,3.55882709124027
95,17,1,"White",8.91329647300084,3.65736982371996
96,17,1,"White",8.83043435921009,3.76345431836354
97,17,1,"White",8.7589184045673,3.87582361481035
98,17,1,"White",8.70111204148366,3.99322075269976
99,17,1,"White",8.65960734531571,4.1143887716711
100,17,1,"White",8.63722503436529,4.23807071136375
101,17,1,"White",8.63701446987957,4.36300961141704
21,18,1,"White",14.7007732840064,0.523359864207221
22,18,1,"White",14.6314115682929,0.761972157534665
23,18,1,"White",14.5621784128507,0.996450144434502
24,18,1,"White",14.4934056696489,1.22265951847913
25,18,1,"White",14.4254036958939,1.43646597324094
26,18,1,"White",14.3584613540296,1.63373520229233
27,18,1,"White",14.2928460117371,1.8103328992057
28,18,1,"White",14.228803541935,1.96212475755343
29,18,1,"White",14.1665583227793,2.08497647090793
30,18,1,"White",14.1063132376632,2.17475599299102
31,18,1,"White",14.0482496752175,2.2295823863566
32,18,1,"White",13.9925275293102,2.25405004167499
33,18,1,"White",13.9392851990467,2.25391054612454
34,18,1,"White",13.8886395887699,2.23491548688362
35,18,1,"White",13.8406861080599,2.20281645113059
36,18,1,"White",13.7954986717342,2.1633650260438
37,18,1,"White",13.7531296998478,2.12231279880164
38,18,1,"White",13.713610117693,2.08541135658245
39,18,1,"White",13.6769493557994,2.05839852288746
40,18,1,"White",13.6431353499342,2.04477724414361
41,18,1,"White",13.6121345411016,2.04336393471434
42,18,1,"White",13.5838918755435,2.05238489130609
43,18,1,"White",13.558330804739,2.07006641062529
44,18,1,"White",13.5353532854048,2.09463478937837
45,18,1,"White",13.5148397794946,2.12431632427175
46,18,1,"White",13.4966492541997,2.15733731201186
47,18,1,"White",13.4806191819488,2.19192404930514
48,18,1,"White",13.466565540408,2.2263138231693
49,18,1,"White",13.4542828124806,2.2594033392992
50,18,1,"White",13.4435439863073,2.29111140233933
51,18,1,"White",13.4341005552664,2.32144473942444
52,18,1,"White",13.4256825179733,2.3504100776893
53,18,1,"White",13.417998378281,2.37801414426865
54,18,1,"White",13.4107351452796,2.40426366629725
55,18,1,"White",13.4035583332968,2.42916537090987
56,18,1,"White",13.3961119618977,2.45272598524127
57,18,1,"White",13.3880185558845,2.47495280439474
58,18,1,"White",13.3788791452971,2.49587034889455
59,18,1,"White",13.3682732654125,2.515523053662
60,18,1,"White",13.3557589567453,2.53395646293193
61,18,1,"White",13.3408727650473,2.55121612093922
62,18,1,"White",13.3231297413078,2.5673475719187
63,18,1,"White",13.3019347031665,2.58239636010525
64,18,1,"White",13.2756061104586,2.59640802973371
65,18,1,"White",13.2403999407596,2.60942812503894
66,18,1,"White",13.1904209507982,2.62151409754784
67,18,1,"White",13.1176226764568,2.63293715849422
68,18,1,"White",13.0121761189848,2.64415341554284
69,18,1,"White",12.8665252933525,2.655625072892
70,18,1,"White",12.6794427766039,2.66781433473998
71,18,1,"White",12.4562475097963,2.68118340528507
72,18,1,"White",12.2071450709785,2.69619448872558
73,18,1,"White",11.9455679481702,2.71330978925979
74,18,1,"White",11.6876269187609,2.73299151108599
75,18,1,"White",11.4477359499301,2.75565481029909
76,18,1,"White",11.234237099066,2.78116790879205
77,18,1,"White",11.0490027774401,2.80904616768239
78,18,1,"White",10.8877626535256,2.8387990670747
79,18,1,"White",10.7436995894982,2.86993608707358
80,18,1,"White",10.6110455777368,2.90196670778363
81,18,1,"White",10.4854086441416,2.93440040930943
82,18,1,"White",10.3637728481344,2.9667466717556
83,18,1,"White",10.2444504747179,2.99851497522671
84,18,1,"White",10.1265561471281,3.02936222137844
85,18,1,"White",10.0094809394869,3.06011608826611
86,18,1,"White",9.89284456886182,3.09216256471717
87,18,1,"White",9.77649539526537,3.12689107796257
88,18,1,"White",9.66051042165556,3.16569105523327
89,18,1,"White",9.5451952939357,3.20995192376023
90,18,1,"White",9.43108430095441,3.26106311077441
91,18,1,"White",9.31894037450563,3.32041404350676
92,18,1,"White",9.20975508932863,3.38939414918825
93,18,1,"White",9.10474866310801,3.46908308128512
94,18,1,"White",9.00536995647366,3.55882709124027
95,18,1,"White",8.91329647300084,3.65736982371996
96,18,1,"White",8.83043435921009,3.76345431836354
97,18,1,"White",8.7589184045673,3.87582361481035
98,18,1,"White",8.70111204148366,3.99322075269976
99,18,1,"White",8.65960734531571,4.1143887716711
100,18,1,"White",8.63722503436529,4.23807071136375
101,18,1,"White",8.63701446987957,4.36300961141704
21,19,1,"White",14.7007732840064,0.523359864207221
22,19,1,"White",14.6314115682929,0.761972157534665
23,19,1,"White",14.5621784128507,0.996450144434502
24,19,1,"White",14.4934056696489,1.22265951847913
25,19,1,"White",14.4254036958939,1.43646597324094
26,19,1,"White",14.3584613540296,1.63373520229233
27,19,1,"White",14.2928460117371,1.8103328992057
28,19,1,"White",14.228803541935,1.96212475755343
29,19,1,"White",14.1665583227793,2.08497647090793
30,19,1,"White",14.1063132376632,2.17475599299102
31,19,1,"White",14.0482496752175,2.2295823863566
32,19,1,"White",13.9925275293102,2.25405004167499
33,19,1,"White",13.9392851990467,2.25391054612454
34,19,1,"White",13.8886395887699,2.23491548688362
35,19,1,"White",13.8406861080599,2.20281645113059
36,19,1,"White",13.7954986717342,2.1633650260438
37,19,1,"White",13.7531296998478,2.12231279880164
38,19,1,"White",13.713610117693,2.08541135658245
39,19,1,"White",13.6769493557994,2.05839852288746
40,19,1,"White",13.6431353499342,2.04477724414361
41,19,1,"White",13.6121345411016,2.04336393471434
42,19,1,"White",13.5838918755435,2.05238489130609
43,19,1,"White",13.558330804739,2.07006641062529
44,19,1,"White",13.5353532854048,2.09463478937837
45,19,1,"White",13.5148397794946,2.12431632427175
46,19,1,"White",13.4966492541997,2.15733731201186
47,19,1,"White",13.4806191819488,2.19192404930514
48,19,1,"White",13.466565540408,2.2263138231693
49,19,1,"White",13.4542828124806,2.2594033392992
50,19,1,"White",13.4435439863073,2.29111140233933
51,19,1,"White",13.4341005552664,2.32144473942444
52,19,1,"White",13.4256825179733,2.3504100776893
53,19,1,"White",13.417998378281,2.37801414426865
54,19,1,"White",13.4107351452796,2.40426366629725
55,19,1,"White",13.4035583332968,2.42916537090987
56,19,1,"White",13.3961119618977,2.45272598524127
57,19,1,"White",13.3880185558845,2.47495280439474
58,19,1,"White",13.3788791452971,2.49587034889455
59,19,1,"White",13.3682732654125,2.515523053662
60,19,1,"White",13.3557589567453,2.53395646293193
61,19,1,"White",13.3408727650473,2.55121612093922
62,19,1,"White",13.3231297413078,2.5673475719187
63,19,1,"White",13.3019347031665,2.58239636010525
64,19,1,"White",13.2756061104586,2.59640802973371
65,19,1,"White",13.2403999407596,2.60942812503894
66,19,1,"White",13.1904209507982,2.62151409754784
67,19,1,"White",13.1176226764568,2.63293715849422
68,19,1,"White",13.0121761189848,2.64415341554284
69,19,1,"White",12.8665252933525,2.655625072892
70,19,1,"White",12.6794427766039,2.66781433473998
71,19,1,"White",12.4562475097963,2.68118340528507
72,19,1,"White",12.2071450709785,2.69619448872558
73,19,1,"White",11.9455679481702,2.71330978925979
74,19,1,"White",11.6876269187609,2.73299151108599
75,19,1,"White",11.4477359499301,2.75565481029909
76,19,1,"White",11.234237099066,2.78116790879205
77,19,1,"White",11.0490027774401,2.80904616768239
78,19,1,"White",10.8877626535256,2.8387990670747
79,19,1,"White",10.7436995894982,2.86993608707358
80,19,1,"White",10.6110455777368,2.90196670778363
81,19,1,"White",10.4854086441416,2.93440040930943
82,19,1,"White",10.3637728481344,2.9667466717556
83,19,1,"White",10.2444504747179,2.99851497522671
84,19,1,"White",10.1265561471281,3.02936222137844
85,19,1,"White",10.0094809394869,3.06011608826611
86,19,1,"White",9.89284456886182,3.09216256471717
87,19,1,"White",9.77649539526537,3.12689107796257
88,19,1,"White",9.66051042165556,3.16569105523327
89,19,1,"White",9.5451952939357,3.20995192376023
90,19,1,"White",9.43108430095441,3.26106311077441
91,19,1,"White",9.31894037450563,3.32041404350676
92,19,1,"White",9.20975508932863,3.38939414918825
93,19,1,"White",9.10474866310801,3.46908308128512
94,19,1,"White",9.00536995647366,3.55882709124027
95,19,1,"White",8.91329647300084,3.65736982371996
96,19,1,"White",8.83043435921009,3.76345431836354
97,19,1,"White",8.7589184045673,3.87582361481035
98,19,1,"White",8.70111204148366,3.99322075269976
99,19,1,"White",8.65960734531571,4.1143887716711
100,19,1,"White",8.63722503436529,4.23807071136375
101,19,1,"White",8.63701446987957,4.36300961141704
21,20,1,"White",14.7007732840064,0.523359864207221
22,20,1,"White",14.6314115682929,0.761972157534665
23,20,1,"White",14.5621784128507,0.996450144434502
24,20,1,"White",14.4934056696489,1.22265951847913
25,20,1,"White",14.4254036958939,1.43646597324094
26,20,1,"White",14.3584613540296,1.63373520229233
27,20,1,"White",14.2928460117371,1.8103328992057
28,20,1,"White",14.228803541935,1.96212475755343
29,20,1,"White",14.1665583227793,2.08497647090793
30,20,1,"White",14.1063132376632,2.17475599299102
31,20,1,"White",14.0482496752175,2.2295823863566
32,20,1,"White",13.9925275293102,2.25405004167499
33,20,1,"White",13.9392851990467,2.25391054612454
34,20,1,"White",13.8886395887699,2.23491548688362
35,20,1,"White",13.8406861080599,2.20281645113059
36,20,1,"White",13.7954986717342,2.1633650260438
37,20,1,"White",13.7531296998478,2.12231279880164
38,20,1,"White",13.713610117693,2.08541135658245
39,20,1,"White",13.6769493557994,2.05839852288746
40,20,1,"White",13.6431353499342,2.04477724414361
41,20,1,"White",13.6121345411016,2.04336393471434
42,20,1,"White",13.5838918755435,2.05238489130609
43,20,1,"White",13.558330804739,2.07006641062529
44,20,1,"White",13.5353532854048,2.09463478937837
45,20,1,"White",13.5148397794946,2.12431632427175
46,20,1,"White",13.4966492541997,2.15733731201186
47,20,1,"White",13.4806191819488,2.19192404930514
48,20,1,"White",13.466565540408,2.2263138231693
49,20,1,"White",13.4542828124806,2.2594033392992
50,20,1,"White",13.4435439863073,2.29111140233933
51,20,1,"White",13.4341005552664,2.32144473942444
52,20,1,"White",13.4256825179733,2.3504100776893
53,20,1,"White",13.417998378281,2.37801414426865
54,20,1,"White",13.4107351452796,2.40426366629725
55,20,1,"White",13.4035583332968,2.42916537090987
56,20,1,"White",13.3961119618977,2.45272598524127
57,20,1,"White",13.3880185558845,2.47495280439474
58,20,1,"White",13.3788791452971,2.49587034889455
59,20,1,"White",13.3682732654125,2.515523053662
60,20,1,"White",13.3557589567453,2.53395646293193
61,20,1,"White",13.3408727650473,2.55121612093922
62,20,1,"White",13.3231297413078,2.5673475719187
63,20,1,"White",13.3019347031665,2.58239636010525
64,20,1,"White",13.2756061104586,2.59640802973371
65,20,1,"White",13.2403999407596,2.60942812503894
66,20,1,"White",13.1904209507982,2.62151409754784
67,20,1,"White",13.1176226764568,2.63293715849422
68,20,1,"White",13.0121761189848,2.64415341554284
69,20,1,"White",12.8665252933525,2.655625072892
70,20,1,"White",12.6794427766039,2.66781433473998
71,20,1,"White",12.4562475097963,2.68118340528507
72,20,1,"White",12.2071450709785,2.69619448872558
73,20,1,"White",11.9455679481702,2.71330978925979
74,20,1,"White",11.6876269187609,2.73299151108599
75,20,1,"White",11.4477359499301,2.75565481029909
76,20,1,"White",11.234237099066,2.78116790879205
77,20,1,"White",11.0490027774401,2.80904616768239
78,20,1,"White",10.8877626535256,2.8387990670747
79,20,1,"White",10.7436995894982,2.86993608707358
80,20,1,"White",10.6110455777368,2.90196670778363
81,20,1,"White",10.4854086441416,2.93440040930943
82,20,1,"White",10.3637728481344,2.9667466717556
83,20,1,"White",10.2444504747179,2.99851497522671
84,20,1,"White",10.1265561471281,3.02936222137844
85,20,1,"White",10.0094809394869,3.06011608826611
86,20,1,"White",9.89284456886182,3.09216256471717
87,20,1,"White",9.77649539526537,3.12689107796257
88,20,1,"White",9.66051042165556,3.16569105523327
89,20,1,"White",9.5451952939357,3.20995192376023
90,20,1,"White",9.43108430095441,3.26106311077441
91,20,1,"White",9.31894037450563,3.32041404350676
92,20,1,"White",9.20975508932863,3.38939414918825
93,20,1,"White",9.10474866310801,3.46908308128512
94,20,1,"White",9.00536995647366,3.55882709124027
95,20,1,"White",8.91329647300084,3.65736982371996
96,20,1,"White",8.83043435921009,3.76345431836354
97,20,1,"White",8.7589184045673,3.87582361481035
98,20,1,"White",8.70111204148366,3.99322075269976
99,20,1,"White",8.65960734531571,4.1143887716711
100,20,1,"White",8.63722503436529,4.23807071136375
101,20,1,"White",8.63701446987957,4.36300961141704
21,21,1,"White",14.7007732840064,0.523359864207221
22,21,1,"White",14.6314115682929,0.761972157534665
23,21,1,"White",14.5621784128507,0.996450144434502
24,21,1,"White",14.4934056696489,1.22265951847913
25,21,1,"White",14.4254036958939,1.43646597324094
26,21,1,"White",14.3584613540296,1.63373520229233
27,21,1,"White",14.2928460117371,1.8103328992057
28,21,1,"White",14.228803541935,1.96212475755343
29,21,1,"White",14.1665583227793,2.08497647090793
30,21,1,"White",14.1063132376632,2.17475599299102
31,21,1,"White",14.0482496752175,2.2295823863566
32,21,1,"White",13.9925275293102,2.25405004167499
33,21,1,"White",13.9392851990467,2.25391054612454
34,21,1,"White",13.8886395887699,2.23491548688362
35,21,1,"White",13.8406861080599,2.20281645113059
36,21,1,"White",13.7954986717342,2.1633650260438
37,21,1,"White",13.7531296998478,2.12231279880164
38,21,1,"White",13.713610117693,2.08541135658245
39,21,1,"White",13.6769493557994,2.05839852288746
40,21,1,"White",13.6431353499342,2.04477724414361
41,21,1,"White",13.6121345411016,2.04336393471434
42,21,1,"White",13.5838918755435,2.05238489130609
43,21,1,"White",13.558330804739,2.07006641062529
44,21,1,"White",13.5353532854048,2.09463478937837
45,21,1,"White",13.5148397794946,2.12431632427175
46,21,1,"White",13.4966492541997,2.15733731201186
47,21,1,"White",13.4806191819488,2.19192404930514
48,21,1,"White",13.466565540408,2.2263138231693
49,21,1,"White",13.4542828124806,2.2594033392992
50,21,1,"White",13.4435439863073,2.29111140233933
51,21,1,"White",13.4341005552664,2.32144473942444
52,21,1,"White",13.4256825179733,2.3504100776893
53,21,1,"White",13.417998378281,2.37801414426865
54,21,1,"White",13.4107351452796,2.40426366629725
55,21,1,"White",13.4035583332968,2.42916537090987
56,21,1,"White",13.3961119618977,2.45272598524127
57,21,1,"White",13.3880185558845,2.47495280439474
58,21,1,"White",13.3788791452971,2.49587034889455
59,21,1,"White",13.3682732654125,2.515523053662
60,21,1,"White",13.3557589567453,2.53395646293193
61,21,1,"White",13.3408727650473,2.55121612093922
62,21,1,"White",13.3231297413078,2.5673475719187
63,21,1,"White",13.3019347031665,2.58239636010525
64,21,1,"White",13.2756061104586,2.59640802973371
65,21,1,"White",13.2403999407596,2.60942812503894
66,21,1,"White",13.1904209507982,2.62151409754784
67,21,1,"White",13.1176226764568,2.63293715849422
68,21,1,"White",13.0121761189848,2.64415341554284
69,21,1,"White",12.8665252933525,2.655625072892
70,21,1,"White",12.6794427766039,2.66781433473998
71,21,1,"White",12.4562475097963,2.68118340528507
72,21,1,"White",12.2071450709785,2.69619448872558
73,21,1,"White",11.9455679481702,2.71330978925979
74,21,1,"White",11.6876269187609,2.73299151108599
75,21,1,"White",11.4477359499301,2.75565481029909
76,21,1,"White",11.234237099066,2.78116790879205
77,21,1,"White",11.0490027774401,2.80904616768239
78,21,1,"White",10.8877626535256,2.8387990670747
79,21,1,"White",10.7436995894982,2.86993608707358
80,21,1,"White",10.6110455777368,2.90196670778363
81,21,1,"White",10.4854086441416,2.93440040930943
82,21,1,"White",10.3637728481344,2.9667466717556
83,21,1,"White",10.2444504747179,2.99851497522671
84,21,1,"White",10.1265561471281,3.02936222137844
85,21,1,"White",10.0094809394869,3.06011608826611
86,21,1,"White",9.89284456886182,3.09216256471717
87,21,1,"White",9.77649539526537,3.12689107796257
88,21,1,"White",9.66051042165556,3.16569105523327
89,21,1,"White",9.5451952939357,3.20995192376023
90,21,1,"White",9.43108430095441,3.26106311077441
91,21,1,"White",9.31894037450563,3.32041404350676
92,21,1,"White",9.20975508932863,3.38939414918825
93,21,1,"White",9.10474866310801,3.46908308128512
94,21,1,"White",9.00536995647366,3.55882709124027
95,21,1,"White",8.91329647300084,3.65736982371996
96,21,1,"White",8.83043435921009,3.76345431836354
97,21,1,"White",8.7589184045673,3.87582361481035
98,21,1,"White",8.70111204148366,3.99322075269976
99,21,1,"White",8.65960734531571,4.1143887716711
100,21,1,"White",8.63722503436529,4.23807071136375
101,21,1,"White",8.63701446987957,4.36300961141704
21,22,1,"White",14.7007732840064,0.523359864207221
22,22,1,"White",14.6314115682929,0.761972157534665
23,22,1,"White",14.5621784128507,0.996450144434502
24,22,1,"White",14.4934056696489,1.22265951847913
25,22,1,"White",14.4254036958939,1.43646597324094
26,22,1,"White",14.3584613540296,1.63373520229233
27,22,1,"White",14.2928460117371,1.8103328992057
28,22,1,"White",14.228803541935,1.96212475755343
29,22,1,"White",14.1665583227793,2.08497647090793
30,22,1,"White",14.1063132376632,2.17475599299102
31,22,1,"White",14.0482496752175,2.2295823863566
32,22,1,"White",13.9925275293102,2.25405004167499
33,22,1,"White",13.9392851990467,2.25391054612454
34,22,1,"White",13.8886395887699,2.23491548688362
35,22,1,"White",13.8406861080599,2.20281645113059
36,22,1,"White",13.7954986717342,2.1633650260438
37,22,1,"White",13.7531296998478,2.12231279880164
38,22,1,"White",13.713610117693,2.08541135658245
39,22,1,"White",13.6769493557994,2.05839852288746
40,22,1,"White",13.6431353499342,2.04477724414361
41,22,1,"White",13.6121345411016,2.04336393471434
42,22,1,"White",13.5838918755435,2.05238489130609
43,22,1,"White",13.558330804739,2.07006641062529
44,22,1,"White",13.5353532854048,2.09463478937837
45,22,1,"White",13.5148397794946,2.12431632427175
46,22,1,"White",13.4966492541997,2.15733731201186
47,22,1,"White",13.4806191819488,2.19192404930514
48,22,1,"White",13.466565540408,2.2263138231693
49,22,1,"White",13.4542828124806,2.2594033392992
50,22,1,"White",13.4435439863073,2.29111140233933
51,22,1,"White",13.4341005552664,2.32144473942444
52,22,1,"White",13.4256825179733,2.3504100776893
53,22,1,"White",13.417998378281,2.37801414426865
54,22,1,"White",13.4107351452796,2.40426366629725
55,22,1,"White",13.4035583332968,2.42916537090987
56,22,1,"White",13.3961119618977,2.45272598524127
57,22,1,"White",13.3880185558845,2.47495280439474
58,22,1,"White",13.3788791452971,2.49587034889455
59,22,1,"White",13.3682732654125,2.515523053662
60,22,1,"White",13.3557589567453,2.53395646293193
61,22,1,"White",13.3408727650473,2.55121612093922
62,22,1,"White",13.3231297413078,2.5673475719187
63,22,1,"White",13.3019347031665,2.58239636010525
64,22,1,"White",13.2756061104586,2.59640802973371
65,22,1,"White",13.2403999407596,2.60942812503894
66,22,1,"White",13.1904209507982,2.62151409754784
67,22,1,"White",13.1176226764568,2.63293715849422
68,22,1,"White",13.0121761189848,2.64415341554284
69,22,1,"White",12.8665252933525,2.655625072892
70,22,1,"White",12.6794427766039,2.66781433473998
71,22,1,"White",12.4562475097963,2.68118340528507
72,22,1,"White",12.2071450709785,2.69619448872558
73,22,1,"White",11.9455679481702,2.71330978925979
74,22,1,"White",11.6876269187609,2.73299151108599
75,22,1,"White",11.4477359499301,2.75565481029909
76,22,1,"White",11.234237099066,2.78116790879205
77,22,1,"White",11.0490027774401,2.80904616768239
78,22,1,"White",10.8877626535256,2.8387990670747
79,22,1,"White",10.7436995894982,2.86993608707358
80,22,1,"White",10.6110455777368,2.90196670778363
81,22,1,"White",10.4854086441416,2.93440040930943
82,22,1,"White",10.3637728481344,2.9667466717556
83,22,1,"White",10.2444504747179,2.99851497522671
84,22,1,"White",10.1265561471281,3.02936222137844
85,22,1,"White",10.0094809394869,3.06011608826611
86,22,1,"White",9.89284456886182,3.09216256471717
87,22,1,"White",9.77649539526537,3.12689107796257
88,22,1,"White",9.66051042165556,3.16569105523327
89,22,1,"White",9.5451952939357,3.20995192376023
90,22,1,"White",9.43108430095441,3.26106311077441
91,22,1,"White",9.31894037450563,3.32041404350676
92,22,1,"White",9.20975508932863,3.38939414918825
93,22,1,"White",9.10474866310801,3.46908308128512
94,22,1,"White",9.00536995647366,3.55882709124027
95,22,1,"White",8.91329647300084,3.65736982371996
96,22,1,"White",8.83043435921009,3.76345431836354
97,22,1,"White",8.7589184045673,3.87582361481035
98,22,1,"White",8.70111204148366,3.99322075269976
99,22,1,"White",8.65960734531571,4.1143887716711
100,22,1,"White",8.63722503436529,4.23807071136375
101,22,1,"White",8.63701446987957,4.36300961141704
21,23,1,"White",14.7007732840064,0.523359864207221
22,23,1,"White",14.6314115682929,0.761972157534665
23,23,1,"White",14.5621784128507,0.996450144434502
24,23,1,"White",14.4934056696489,1.22265951847913
25,23,1,"White",14.4254036958939,1.43646597324094
26,23,1,"White",14.3584613540296,1.63373520229233
27,23,1,"White",14.2928460117371,1.8103328992057
28,23,1,"White",14.228803541935,1.96212475755343
29,23,1,"White",14.1665583227793,2.08497647090793
30,23,1,"White",14.1063132376632,2.17475599299102
31,23,1,"White",14.0482496752175,2.2295823863566
32,23,1,"White",13.9925275293102,2.25405004167499
33,23,1,"White",13.9392851990467,2.25391054612454
34,23,1,"White",13.8886395887699,2.23491548688362
35,23,1,"White",13.8406861080599,2.20281645113059
36,23,1,"White",13.7954986717342,2.1633650260438
37,23,1,"White",13.7531296998478,2.12231279880164
38,23,1,"White",13.713610117693,2.08541135658245
39,23,1,"White",13.6769493557994,2.05839852288746
40,23,1,"White",13.6431353499342,2.04477724414361
41,23,1,"White",13.6121345411016,2.04336393471434
42,23,1,"White",13.5838918755435,2.05238489130609
43,23,1,"White",13.558330804739,2.07006641062529
44,23,1,"White",13.5353532854048,2.09463478937837
45,23,1,"White",13.5148397794946,2.12431632427175
46,23,1,"White",13.4966492541997,2.15733731201186
47,23,1,"White",13.4806191819488,2.19192404930514
48,23,1,"White",13.466565540408,2.2263138231693
49,23,1,"White",13.4542828124806,2.2594033392992
50,23,1,"White",13.4435439863073,2.29111140233933
51,23,1,"White",13.4341005552664,2.32144473942444
52,23,1,"White",13.4256825179733,2.3504100776893
53,23,1,"White",13.417998378281,2.37801414426865
54,23,1,"White",13.4107351452796,2.40426366629725
55,23,1,"White",13.4035583332968,2.42916537090987
56,23,1,"White",13.3961119618977,2.45272598524127
57,23,1,"White",13.3880185558845,2.47495280439474
58,23,1,"White",13.3788791452971,2.49587034889455
59,23,1,"White",13.3682732654125,2.515523053662
60,23,1,"White",13.3557589567453,2.53395646293193
61,23,1,"White",13.3408727650473,2.55121612093922
62,23,1,"White",13.3231297413078,2.5673475719187
63,23,1,"White",13.3019347031665,2.58239636010525
64,23,1,"White",13.2756061104586,2.59640802973371
65,23,1,"White",13.2403999407596,2.60942812503894
66,23,1,"White",13.1904209507982,2.62151409754784
67,23,1,"White",13.1176226764568,2.63293715849422
68,23,1,"White",13.0121761189848,2.64415341554284
69,23,1,"White",12.8665252933525,2.655625072892
70,23,1,"White",12.6794427766039,2.66781433473998
71,23,1,"White",12.4562475097963,2.68118340528507
72,23,1,"White",12.2071450709785,2.69619448872558
73,23,1,"White",11.9455679481702,2.71330978925979
74,23,1,"White",11.6876269187609,2.73299151108599
75,23,1,"White",11.4477359499301,2.75565481029909
76,23,1,"White",11.234237099066,2.78116790879205
77,23,1,"White",11.0490027774401,2.80904616768239
78,23,1,"White",10.8877626535256,2.8387990670747
79,23,1,"White",10.7436995894982,2.86993608707358
80,23,1,"White",10.6110455777368,2.90196670778363
81,23,1,"White",10.4854086441416,2.93440040930943
82,23,1,"White",10.3637728481344,2.9667466717556
83,23,1,"White",10.2444504747179,2.99851497522671
84,23,1,"White",10.1265561471281,3.02936222137844
85,23,1,"White",10.0094809394869,3.06011608826611
86,23,1,"White",9.89284456886182,3.09216256471717
87,23,1,"White",9.77649539526537,3.12689107796257
88,23,1,"White",9.66051042165556,3.16569105523327
89,23,1,"White",9.5451952939357,3.20995192376023
90,23,1,"White",9.43108430095441,3.26106311077441
91,23,1,"White",9.31894037450563,3.32041404350676
92,23,1,"White",9.20975508932863,3.38939414918825
93,23,1,"White",9.10474866310801,3.46908308128512
94,23,1,"White",9.00536995647366,3.55882709124027
95,23,1,"White",8.91329647300084,3.65736982371996
96,23,1,"White",8.83043435921009,3.76345431836354
97,23,1,"White",8.7589184045673,3.87582361481035
98,23,1,"White",8.70111204148366,3.99322075269976
99,23,1,"White",8.65960734531571,4.1143887716711
100,23,1,"White",8.63722503436529,4.23807071136375
101,23,1,"White",8.63701446987957,4.36300961141704
21,24,1,"White",14.7007732840064,0.523359864207221
22,24,1,"White",14.6314115682929,0.761972157534665
23,24,1,"White",14.5621784128507,0.996450144434502
24,24,1,"White",14.4934056696489,1.22265951847913
25,24,1,"White",14.4254036958939,1.43646597324094
26,24,1,"White",14.3584613540296,1.63373520229233
27,24,1,"White",14.2928460117371,1.8103328992057
28,24,1,"White",14.228803541935,1.96212475755343
29,24,1,"White",14.1665583227793,2.08497647090793
30,24,1,"White",14.1063132376632,2.17475599299102
31,24,1,"White",14.0482496752175,2.2295823863566
32,24,1,"White",13.9925275293102,2.25405004167499
33,24,1,"White",13.9392851990467,2.25391054612454
34,24,1,"White",13.8886395887699,2.23491548688362
35,24,1,"White",13.8406861080599,2.20281645113059
36,24,1,"White",13.7954986717342,2.1633650260438
37,24,1,"White",13.7531296998478,2.12231279880164
38,24,1,"White",13.713610117693,2.08541135658245
39,24,1,"White",13.6769493557994,2.05839852288746
40,24,1,"White",13.6431353499342,2.04477724414361
41,24,1,"White",13.6121345411016,2.04336393471434
42,24,1,"White",13.5838918755435,2.05238489130609
43,24,1,"White",13.558330804739,2.07006641062529
44,24,1,"White",13.5353532854048,2.09463478937837
45,24,1,"White",13.5148397794946,2.12431632427175
46,24,1,"White",13.4966492541997,2.15733731201186
47,24,1,"White",13.4806191819488,2.19192404930514
48,24,1,"White",13.466565540408,2.2263138231693
49,24,1,"White",13.4542828124806,2.2594033392992
50,24,1,"White",13.4435439863073,2.29111140233933
51,24,1,"White",13.4341005552664,2.32144473942444
52,24,1,"White",13.4256825179733,2.3504100776893
53,24,1,"White",13.417998378281,2.37801414426865
54,24,1,"White",13.4107351452796,2.40426366629725
55,24,1,"White",13.4035583332968,2.42916537090987
56,24,1,"White",13.3961119618977,2.45272598524127
57,24,1,"White",13.3880185558845,2.47495280439474
58,24,1,"White",13.3788791452971,2.49587034889455
59,24,1,"White",13.3682732654125,2.515523053662
60,24,1,"White",13.3557589567453,2.53395646293193
61,24,1,"White",13.3408727650473,2.55121612093922
62,24,1,"White",13.3231297413078,2.5673475719187
63,24,1,"White",13.3019347031665,2.58239636010525
64,24,1,"White",13.2756061104586,2.59640802973371
65,24,1,"White",13.2403999407596,2.60942812503894
66,24,1,"White",13.1904209507982,2.62151409754784
67,24,1,"White",13.1176226764568,2.63293715849422
68,24,1,"White",13.0121761189848,2.64415341554284
69,24,1,"White",12.8665252933525,2.655625072892
70,24,1,"White",12.6794427766039,2.66781433473998
71,24,1,"White",12.4562475097963,2.68118340528507
72,24,1,"White",12.2071450709785,2.69619448872558
73,24,1,"White",11.9455679481702,2.71330978925979
74,24,1,"White",11.6876269187609,2.73299151108599
75,24,1,"White",11.4477359499301,2.75565481029909
76,24,1,"White",11.234237099066,2.78116790879205
77,24,1,"White",11.0490027774401,2.80904616768239
78,24,1,"White",10.8877626535256,2.8387990670747
79,24,1,"White",10.7436995894982,2.86993608707358
80,24,1,"White",10.6110455777368,2.90196670778363
81,24,1,"White",10.4854086441416,2.93440040930943
82,24,1,"White",10.3637728481344,2.9667466717556
83,24,1,"White",10.2444504747179,2.99851497522671
84,24,1,"White",10.1265561471281,3.02936222137844
85,24,1,"White",10.0094809394869,3.06011608826611
86,24,1,"White",9.89284456886182,3.09216256471717
87,24,1,"White",9.77649539526537,3.12689107796257
88,24,1,"White",9.66051042165556,3.16569105523327
89,24,1,"White",9.5451952939357,3.20995192376023
90,24,1,"White",9.43108430095441,3.26106311077441
91,24,1,"White",9.31894037450563,3.32041404350676
92,24,1,"White",9.20975508932863,3.38939414918825
93,24,1,"White",9.10474866310801,3.46908308128512
94,24,1,"White",9.00536995647366,3.55882709124027
95,24,1,"White",8.91329647300084,3.65736982371996
96,24,1,"White",8.83043435921009,3.76345431836354
97,24,1,"White",8.7589184045673,3.87582361481035
98,24,1,"White",8.70111204148366,3.99322075269976
99,24,1,"White",8.65960734531571,4.1143887716711
100,24,1,"White",8.63722503436529,4.23807071136375
101,24,1,"White",8.63701446987957,4.36300961141704
21,25,1,"White",14.7007732840064,0.523359864207221
22,25,1,"White",14.6314115682929,0.761972157534665
23,25,1,"White",14.5621784128507,0.996450144434502
24,25,1,"White",14.4934056696489,1.22265951847913
25,25,1,"White",14.4254036958939,1.43646597324094
26,25,1,"White",14.3584613540296,1.63373520229233
27,25,1,"White",14.2928460117371,1.8103328992057
28,25,1,"White",14.228803541935,1.96212475755343
29,25,1,"White",14.1665583227793,2.08497647090793
30,25,1,"White",14.1063132376632,2.17475599299102
31,25,1,"White",14.0482496752175,2.2295823863566
32,25,1,"White",13.9925275293102,2.25405004167499
33,25,1,"White",13.9392851990467,2.25391054612454
34,25,1,"White",13.8886395887699,2.23491548688362
35,25,1,"White",13.8406861080599,2.20281645113059
36,25,1,"White",13.7954986717342,2.1633650260438
37,25,1,"White",13.7531296998478,2.12231279880164
38,25,1,"White",13.713610117693,2.08541135658245
39,25,1,"White",13.6769493557994,2.05839852288746
40,25,1,"White",13.6431353499342,2.04477724414361
41,25,1,"White",13.6121345411016,2.04336393471434
42,25,1,"White",13.5838918755435,2.05238489130609
43,25,1,"White",13.558330804739,2.07006641062529
44,25,1,"White",13.5353532854048,2.09463478937837
45,25,1,"White",13.5148397794946,2.12431632427175
46,25,1,"White",13.4966492541997,2.15733731201186
47,25,1,"White",13.4806191819488,2.19192404930514
48,25,1,"White",13.466565540408,2.2263138231693
49,25,1,"White",13.4542828124806,2.2594033392992
50,25,1,"White",13.4435439863073,2.29111140233933
51,25,1,"White",13.4341005552664,2.32144473942444
52,25,1,"White",13.4256825179733,2.3504100776893
53,25,1,"White",13.417998378281,2.37801414426865
54,25,1,"White",13.4107351452796,2.40426366629725
55,25,1,"White",13.4035583332968,2.42916537090987
56,25,1,"White",13.3961119618977,2.45272598524127
57,25,1,"White",13.3880185558845,2.47495280439474
58,25,1,"White",13.3788791452971,2.49587034889455
59,25,1,"White",13.3682732654125,2.515523053662
60,25,1,"White",13.3557589567453,2.53395646293193
61,25,1,"White",13.3408727650473,2.55121612093922
62,25,1,"White",13.3231297413078,2.5673475719187
63,25,1,"White",13.3019347031665,2.58239636010525
64,25,1,"White",13.2756061104586,2.59640802973371
65,25,1,"White",13.2403999407596,2.60942812503894
66,25,1,"White",13.1904209507982,2.62151409754784
67,25,1,"White",13.1176226764568,2.63293715849422
68,25,1,"White",13.0121761189848,2.64415341554284
69,25,1,"White",12.8665252933525,2.655625072892
70,25,1,"White",12.6794427766039,2.66781433473998
71,25,1,"White",12.4562475097963,2.68118340528507
72,25,1,"White",12.2071450709785,2.69619448872558
73,25,1,"White",11.9455679481702,2.71330978925979
74,25,1,"White",11.6876269187609,2.73299151108599
75,25,1,"White",11.4477359499301,2.75565481029909
76,25,1,"White",11.234237099066,2.78116790879205
77,25,1,"White",11.0490027774401,2.80904616768239
78,25,1,"White",10.8877626535256,2.8387990670747
79,25,1,"White",10.7436995894982,2.86993608707358
80,25,1,"White",10.6110455777368,2.90196670778363
81,25,1,"White",10.4854086441416,2.93440040930943
82,25,1,"White",10.3637728481344,2.9667466717556
83,25,1,"White",10.2444504747179,2.99851497522671
84,25,1,"White",10.1265561471281,3.02936222137844
85,25,1,"White",10.0094809394869,3.06011608826611
86,25,1,"White",9.89284456886182,3.09216256471717
87,25,1,"White",9.77649539526537,3.12689107796257
88,25,1,"White",9.66051042165556,3.16569105523327
89,25,1,"White",9.5451952939357,3.20995192376023
90,25,1,"White",9.43108430095441,3.26106311077441
91,25,1,"White",9.31894037450563,3.32041404350676
92,25,1,"White",9.20975508932863,3.38939414918825
93,25,1,"White",9.10474866310801,3.46908308128512
94,25,1,"White",9.00536995647366,3.55882709124027
95,25,1,"White",8.91329647300084,3.65736982371996
96,25,1,"White",8.83043435921009,3.76345431836354
97,25,1,"White",8.7589184045673,3.87582361481035
98,25,1,"White",8.70111204148366,3.99322075269976
99,25,1,"White",8.65960734531571,4.1143887716711
100,25,1,"White",8.63722503436529,4.23807071136375
101,25,1,"White",8.63701446987957,4.36300961141704
21,10,0,"Black",12.5660171382136,7.00070005012465
22,10,0,"Black",12.5489719447875,6.8492550922247
23,10,0,"Black",12.5040962699924,6.69781013432476
24,10,0,"Black",12.43403163351,6.54636517642481
25,10,0,"Black",12.3413081334285,6.39492021852486
26,10,0,"Black",12.2283444462421,6.24347526062492
27,10,0,"Black",12.0974478268512,6.09203030272497
28,10,0,"Black",11.9508141085625,5.94058534482503
29,10,0,"Black",11.7905277030888,5.78914038692508
30,10,0,"Black",11.6185616005491,5.63769542902514
31,10,0,"Black",11.4367773694685,5.48625047112519
32,10,0,"Black",11.2469251567783,5.33480551322524
33,10,0,"Black",11.0506436878162,5.1833605553253
34,10,0,"Black",10.8494602663259,5.03191559742535
35,10,0,"Black",10.6447907744571,4.88047063952541
36,10,0,"Black",10.4379396727661,4.72902568162546
37,10,0,"Black",10.230100000215,4.57758072372551
38,10,0,"Black",10.0223533741724,4.42613576582557
39,10,0,"Black",9.81566999041274,4.27469080792562
40,10,0,"Black",9.61090862311698,4.12324585002568
41,10,0,"Black",9.40881662487205,3.9721225452958
42,10,0,"Black",9.21002992667114,3.82292915958633
43,10,0,"Black",9.0150730379136,3.67759561191768
44,10,0,"Black",8.82435904640496,3.53805182131026
45,10,0,"Black",8.63818961835694,3.40622770678449
46,10,0,"Black",8.45675499838744,3.28405318736076
47,10,0,"Black",8.28013400952056,3.17345814846206
48,10,0,"Black",8.10829405318654,3.07636702012935
49,10,0,"Black",7.94109110922185,2.99469279248006
50,10,0,"Black",7.77826973586911,2.93034701514198
51,10,0,"Black",7.61946306977713,2.88524123774292
52,10,0,"Black",7.46419282600092,2.86128700991066
53,10,0,"Black",7.31186929800164,2.86039588127301
54,10,0,"Black",7.16179135764665,2.8843544775091
55,10,0,"Black",7.0131464552095,2.93116071516782
56,10,0,"Black",6.86501061936991,2.99443236484834
57,10,0,"Black",6.71634845721378,3.06754320506264
58,10,0,"Black",6.56601315423321,3.1438670143227
59,10,0,"Black",6.41274647432645,3.21677757114049
60,10,0,"Black",6.25517875979797,3.27964865402798
61,10,0,"Black",6.0918289313584,3.32643039405158
62,10,0,"Black",5.92110448812456,3.35777302072284
63,10,0,"Black",5.74147107916847,3.37864940771153
64,10,0,"Black",5.55331779055674,3.39410447275668
65,10,0,"Black",5.36082243238992,3.40918313359734
66,10,0,"Black",5.17212111035151,3.42893030797257
67,10,0,"Black",4.999308225708,3.45839091362139
68,10,0,"Black",4.85752020444635,3.50170978253937
69,10,0,"Black",4.75485651778669,3.55799513411433
70,10,0,"Black",4.68230070269505,3.62460423968618
71,10,0,"Black",4.61413512957787,3.6988926126149
72,10,0,"Black",4.52258242640912,3.77821576626042
73,10,0,"Black",4.39244690285747,3.8599292139827
74,10,0,"Black",4.2218634930734,3.94138908739194
75,10,0,"Black",4.01589470221987,4.02056729534944
76,10,0,"Black",3.78012755300316,4.09720703368872
77,10,0,"Black",3.52009148990288,4.17136804237242
78,10,0,"Black",3.24117718252401,4.24311006136312
79,10,0,"Black",2.94774336246915,4.31249283062346
80,10,0,"Black",2.64222366021077,4.37957609011603
81,10,0,"Black",2.32504540844325,4.44443043106623
82,10,0,"Black",1.99462964208286,4.50777752046574
83,10,0,"Black",1.64750847909301,4.57134819274404
84,10,0,"Black",1.27961630956205,4.63696009243276
85,10,0,"Black",0.887580984781071,4.70643086406355
86,10,0,"Black",0.468841198069123,4.78157815216804
87,10,0,"Black",0.0216464847732408,4.8642196012779
88,10,0,"Black",-0.454942777731563,4.95628478467332
89,10,0,"Black",-0.961055370042296,5.06171262052898
90,10,0,"Black",-1.49600923072799,5.18618005662743
91,10,0,"Black",-2.0583114563297,5.33542134827049
92,10,0,"Black",-2.6456583013605,5.51517075075998
93,10,0,"Black",-3.25493517830548,5.73116251939773
94,10,0,"Black",-3.88221665762177,5.98913090948556
95,10,0,"Black",-4.5227664677385,6.29379375664961
96,10,0,"Black",-5.17103749505683,6.64179680556385
97,10,0,"Black",-5.82067178394997,7.02593644475439
98,10,0,"Black",-6.46450053676309,7.43898535616597
99,10,0,"Black",-7.09454411381344,7.87371622174332
100,10,0,"Black",-7.70201203339027,8.32290172343119
101,10,0,"Black",-8.27730297175485,8.77931454317432
21,11,0,"Black",12.5660171382136,7.00070005012465
22,11,0,"Black",12.5489719447875,6.8492550922247
23,11,0,"Black",12.5040962699924,6.69781013432476
24,11,0,"Black",12.43403163351,6.54636517642481
25,11,0,"Black",12.3413081334285,6.39492021852486
26,11,0,"Black",12.2283444462421,6.24347526062492
27,11,0,"Black",12.0974478268512,6.09203030272497
28,11,0,"Black",11.9508141085625,5.94058534482503
29,11,0,"Black",11.7905277030888,5.78914038692508
30,11,0,"Black",11.6185616005491,5.63769542902514
31,11,0,"Black",11.4367773694685,5.48625047112519
32,11,0,"Black",11.2469251567783,5.33480551322524
33,11,0,"Black",11.0506436878162,5.1833605553253
34,11,0,"Black",10.8494602663259,5.03191559742535
35,11,0,"Black",10.6447907744571,4.88047063952541
36,11,0,"Black",10.4379396727661,4.72902568162546
37,11,0,"Black",10.230100000215,4.57758072372551
38,11,0,"Black",10.0223533741724,4.42613576582557
39,11,0,"Black",9.81566999041274,4.27469080792562
40,11,0,"Black",9.61090862311698,4.12324585002568
41,11,0,"Black",9.40881662487205,3.9721225452958
42,11,0,"Black",9.21002992667114,3.82292915958633
43,11,0,"Black",9.0150730379136,3.67759561191768
44,11,0,"Black",8.82435904640496,3.53805182131026
45,11,0,"Black",8.63818961835694,3.40622770678449
46,11,0,"Black",8.45675499838744,3.28405318736076
47,11,0,"Black",8.28013400952056,3.17345814846206
48,11,0,"Black",8.10829405318654,3.07636702012935
49,11,0,"Black",7.94109110922185,2.99469279248006
50,11,0,"Black",7.77826973586911,2.93034701514198
51,11,0,"Black",7.61946306977713,2.88524123774292
52,11,0,"Black",7.46419282600092,2.86128700991066
53,11,0,"Black",7.31186929800164,2.86039588127301
54,11,0,"Black",7.16179135764665,2.8843544775091
55,11,0,"Black",7.0131464552095,2.93116071516782
56,11,0,"Black",6.86501061936991,2.99443236484834
57,11,0,"Black",6.71634845721378,3.06754320506264
58,11,0,"Black",6.56601315423321,3.1438670143227
59,11,0,"Black",6.41274647432645,3.21677757114049
60,11,0,"Black",6.25517875979797,3.27964865402798
61,11,0,"Black",6.0918289313584,3.32643039405158
62,11,0,"Black",5.92110448812456,3.35777302072284
63,11,0,"Black",5.74147107916847,3.37864940771153
64,11,0,"Black",5.55331779055674,3.39410447275668
65,11,0,"Black",5.36082243238992,3.40918313359734
66,11,0,"Black",5.17212111035151,3.42893030797257
67,11,0,"Black",4.999308225708,3.45839091362139
68,11,0,"Black",4.85752020444635,3.50170978253937
69,11,0,"Black",4.75485651778669,3.55799513411433
70,11,0,"Black",4.68230070269505,3.62460423968618
71,11,0,"Black",4.61413512957787,3.6988926126149
72,11,0,"Black",4.52258242640912,3.77821576626042
73,11,0,"Black",4.39244690285747,3.8599292139827
74,11,0,"Black",4.2218634930734,3.94138908739194
75,11,0,"Black",4.01589470221987,4.02056729534944
76,11,0,"Black",3.78012755300316,4.09720703368872
77,11,0,"Black",3.52009148990288,4.17136804237242
78,11,0,"Black",3.24117718252401,4.24311006136312
79,11,0,"Black",2.94774336246915,4.31249283062346
80,11,0,"Black",2.64222366021077,4.37957609011603
81,11,0,"Black",2.32504540844325,4.44443043106623
82,11,0,"Black",1.99462964208286,4.50777752046574
83,11,0,"Black",1.64750847909301,4.57134819274404
84,11,0,"Black",1.27961630956205,4.63696009243276
85,11,0,"Black",0.887580984781071,4.70643086406355
86,11,0,"Black",0.468841198069123,4.78157815216804
87,11,0,"Black",0.0216464847732408,4.8642196012779
88,11,0,"Black",-0.454942777731563,4.95628478467332
89,11,0,"Black",-0.961055370042296,5.06171262052898
90,11,0,"Black",-1.49600923072799,5.18618005662743
91,11,0,"Black",-2.0583114563297,5.33542134827049
92,11,0,"Black",-2.6456583013605,5.51517075075998
93,11,0,"Black",-3.25493517830548,5.73116251939773
94,11,0,"Black",-3.88221665762177,5.98913090948556
95,11,0,"Black",-4.5227664677385,6.29379375664961
96,11,0,"Black",-5.17103749505683,6.64179680556385
97,11,0,"Black",-5.82067178394997,7.02593644475439
98,11,0,"Black",-6.46450053676309,7.43898535616597
99,11,0,"Black",-7.09454411381344,7.87371622174332
100,11,0,"Black",-7.70201203339027,8.32290172343119
101,11,0,"Black",-8.27730297175485,8.77931454317432
21,12,0,"Black",12.5660171382136,7.00070005012465
22,12,0,"Black",12.5489719447875,6.8492550922247
23,12,0,"Black",12.5040962699924,6.69781013432476
24,12,0,"Black",12.43403163351,6.54636517642481
25,12,0,"Black",12.3413081334285,6.39492021852486
26,12,0,"Black",12.2283444462421,6.24347526062492
27,12,0,"Black",12.0974478268512,6.09203030272497
28,12,0,"Black",11.9508141085625,5.94058534482503
29,12,0,"Black",11.7905277030888,5.78914038692508
30,12,0,"Black",11.6185616005491,5.63769542902514
31,12,0,"Black",11.4367773694685,5.48625047112519
32,12,0,"Black",11.2469251567783,5.33480551322524
33,12,0,"Black",11.0506436878162,5.1833605553253
34,12,0,"Black",10.8494602663259,5.03191559742535
35,12,0,"Black",10.6447907744571,4.88047063952541
36,12,0,"Black",10.4379396727661,4.72902568162546
37,12,0,"Black",10.230100000215,4.57758072372551
38,12,0,"Black",10.0223533741724,4.42613576582557
39,12,0,"Black",9.81566999041274,4.27469080792562
40,12,0,"Black",9.61090862311698,4.12324585002568
41,12,0,"Black",9.40881662487205,3.9721225452958
42,12,0,"Black",9.21002992667114,3.82292915958633
43,12,0,"Black",9.0150730379136,3.67759561191768
44,12,0,"Black",8.82435904640496,3.53805182131026
45,12,0,"Black",8.63818961835694,3.40622770678449
46,12,0,"Black",8.45675499838744,3.28405318736076
47,12,0,"Black",8.28013400952056,3.17345814846206
48,12,0,"Black",8.10829405318654,3.07636702012935
49,12,0,"Black",7.94109110922185,2.99469279248006
50,12,0,"Black",7.77826973586911,2.93034701514198
51,12,0,"Black",7.61946306977713,2.88524123774292
52,12,0,"Black",7.46419282600092,2.86128700991066
53,12,0,"Black",7.31186929800164,2.86039588127301
54,12,0,"Black",7.16179135764665,2.8843544775091
55,12,0,"Black",7.0131464552095,2.93116071516782
56,12,0,"Black",6.86501061936991,2.99443236484834
57,12,0,"Black",6.71634845721378,3.06754320506264
58,12,0,"Black",6.56601315423321,3.1438670143227
59,12,0,"Black",6.41274647432645,3.21677757114049
60,12,0,"Black",6.25517875979797,3.27964865402798
61,12,0,"Black",6.0918289313584,3.32643039405158
62,12,0,"Black",5.92110448812456,3.35777302072284
63,12,0,"Black",5.74147107916847,3.37864940771153
64,12,0,"Black",5.55331779055674,3.39410447275668
65,12,0,"Black",5.36082243238992,3.40918313359734
66,12,0,"Black",5.17212111035151,3.42893030797257
67,12,0,"Black",4.999308225708,3.45839091362139
68,12,0,"Black",4.85752020444635,3.50170978253937
69,12,0,"Black",4.75485651778669,3.55799513411433
70,12,0,"Black",4.68230070269505,3.62460423968618
71,12,0,"Black",4.61413512957787,3.6988926126149
72,12,0,"Black",4.52258242640912,3.77821576626042
73,12,0,"Black",4.39244690285747,3.8599292139827
74,12,0,"Black",4.2218634930734,3.94138908739194
75,12,0,"Black",4.01589470221987,4.02056729534944
76,12,0,"Black",3.78012755300316,4.09720703368872
77,12,0,"Black",3.52009148990288,4.17136804237242
78,12,0,"Black",3.24117718252401,4.24311006136312
79,12,0,"Black",2.94774336246915,4.31249283062346
80,12,0,"Black",2.64222366021077,4.37957609011603
81,12,0,"Black",2.32504540844325,4.44443043106623
82,12,0,"Black",1.99462964208286,4.50777752046574
83,12,0,"Black",1.64750847909301,4.57134819274404
84,12,0,"Black",1.27961630956205,4.63696009243276
85,12,0,"Black",0.887580984781071,4.70643086406355
86,12,0,"Black",0.468841198069123,4.78157815216804
87,12,0,"Black",0.0216464847732408,4.8642196012779
88,12,0,"Black",-0.454942777731563,4.95628478467332
89,12,0,"Black",-0.961055370042296,5.06171262052898
90,12,0,"Black",-1.49600923072799,5.18618005662743
91,12,0,"Black",-2.0583114563297,5.33542134827049
92,12,0,"Black",-2.6456583013605,5.51517075075998
93,12,0,"Black",-3.25493517830548,5.73116251939773
94,12,0,"Black",-3.88221665762177,5.98913090948556
95,12,0,"Black",-4.5227664677385,6.29379375664961
96,12,0,"Black",-5.17103749505683,6.64179680556385
97,12,0,"Black",-5.82067178394997,7.02593644475439
98,12,0,"Black",-6.46450053676309,7.43898535616597
99,12,0,"Black",-7.09454411381344,7.87371622174332
100,12,0,"Black",-7.70201203339027,8.32290172343119
101,12,0,"Black",-8.27730297175485,8.77931454317432
21,13,0,"Black",13.2044833209508,7.00070005012465
22,13,0,"Black",13.2827248084191,6.8492550922247
23,13,0,"Black",13.3331358145183,6.69781013432476
24,13,0,"Black",13.3583578589303,6.54636517642481
25,13,0,"Black",13.3609210397432,6.39492021852486
26,13,0,"Black",13.3432440334511,6.24347526062492
27,13,0,"Black",13.3076340949546,6.09203030272497
28,13,0,"Black",13.2562870575603,5.94058534482503
29,13,0,"Black",13.191287332981,5.78914038692508
30,13,0,"Black",13.1146079113356,5.63769542902514
31,13,0,"Black",13.0281103611494,5.48625047112519
32,13,0,"Black",12.9335448293536,5.33480551322524
33,13,0,"Black",12.8325500412859,5.1833605553253
34,13,0,"Black",12.7266533006899,5.03191559742535
35,13,0,"Black",12.6172704897155,4.88047063952541
36,13,0,"Black",12.5057060689188,4.72902568162546
37,13,0,"Black",12.3931530772621,4.57758072372551
38,13,0,"Black",12.2806931321139,4.42613576582557
39,13,0,"Black",12.1692964292486,4.27469080792562
40,13,0,"Black",12.0598217428472,4.12324585002568
41,13,0,"Black",11.9530164254967,3.9721225452958
42,13,0,"Black",11.8495164081901,3.82292915958633
43,13,0,"Black",11.749846200327,3.67759561191768
44,13,0,"Black",11.6544188897127,3.53805182131026
45,13,0,"Black",11.563536142559,3.40622770678449
46,13,0,"Black",11.4773882034839,3.28405318736076
47,13,0,"Black",11.3960538955114,3.17345814846206
48,13,0,"Black",11.3195006200718,3.07636702012935
49,13,0,"Black",11.2475843570014,2.99469279248006
50,13,0,"Black",11.1800496645431,2.93034701514198
51,13,0,"Black",11.1165296793455,2.88524123774292
52,13,0,"Black",11.0565461164636,2.86128700991066
53,13,0,"Black",10.9995092693587,2.86039588127301
54,13,0,"Black",10.9447180098981,2.8843544775091
55,13,0,"Black",10.8913597883553,2.93116071516782
56,13,0,"Black",10.8385106334101,2.99443236484834
57,13,0,"Black",10.7851351521483,3.06754320506264
58,13,0,"Black",10.7300865300621,3.1438670143227
59,13,0,"Black",10.6721065310497,3.21677757114049
60,13,0,"Black",10.6098254974156,3.27964865402798
61,13,0,"Black",10.5417623498704,3.32643039405158
62,13,0,"Black",10.466324587531,3.35777302072284
63,13,0,"Black",10.3819778594692,3.37864940771153
64,13,0,"Black",10.2891112517519,3.39410447275668
65,13,0,"Black",10.1919025744794,3.40918313359734
66,13,0,"Black",10.0984879333354,3.42893030797257
67,13,0,"Black",10.0209617295863,3.45839091362139
68,13,0,"Black",9.97446038921897,3.50170978253937
69,13,0,"Black",9.96708338345369,3.55799513411433
70,13,0,"Black",9.98981424925642,3.62460423968618
71,13,0,"Black",10.0169353570336,3.6988926126149
72,13,0,"Black",10.0206693347592,3.77821576626042
73,13,0,"Black",9.98582049210195,3.8599292139827
74,13,0,"Black",9.91052376321225,3.94138908739194
75,13,0,"Black",9.79984165325309,4.02056729534944
76,13,0,"Black",9.65936118493075,4.09720703368872
77,13,0,"Black",9.49461180272484,4.17136804237242
78,13,0,"Black",9.31098417624034,4.24311006136312
79,13,0,"Black",9.11283703707985,4.31249283062346
80,13,0,"Black",8.90260401571584,4.37957609011603
81,13,0,"Black",8.68071244484269,4.44443043106623
82,13,0,"Black",8.44558335937667,4.50777752046574
83,13,0,"Black",8.19374887728119,4.57134819274404
84,13,0,"Black",7.92114338864461,4.63696009243276
85,13,0,"Black",7.624394744758,4.70643086406355
86,13,0,"Black",7.30094163894042,4.78157815216804
87,13,0,"Black",6.94903360653891,4.8642196012779
88,13,0,"Black",6.56773102492847,4.95628478467332
89,13,0,"Black",6.15690511351211,5.06171262052898
90,13,0,"Black",5.71723793372079,5.18618005662743
91,13,0,"Black",5.25022238901345,5.33542134827049
92,13,0,"Black",4.75816222487702,5.51517075075998
93,13,0,"Black",4.24417202882641,5.73116251939773
94,13,0,"Black",3.71217723040449,5.98913090948556
95,13,0,"Black",3.16691410118213,6.29379375664961
96,13,0,"Black",2.61392975475817,6.64179680556385
97,13,0,"Black",2.05958214675941,7.02593644475439
98,13,0,"Black",1.51104007484065,7.43898535616597
99,13,0,"Black",0.976283178684671,7.87371622174332
100,13,0,"Black",0.464101940002213,8.32290172343119
101,13,0,"Black",-0.0159023174679928,8.77931454317432
21,14,0,"Black",13.2044833209508,7.00070005012465
22,14,0,"Black",13.2827248084191,6.8492550922247
23,14,0,"Black",13.3331358145183,6.69781013432476
24,14,0,"Black",13.3583578589303,6.54636517642481
25,14,0,"Black",13.3609210397432,6.39492021852486
26,14,0,"Black",13.3432440334511,6.24347526062492
27,14,0,"Black",13.3076340949546,6.09203030272497
28,14,0,"Black",13.2562870575603,5.94058534482503
29,14,0,"Black",13.191287332981,5.78914038692508
30,14,0,"Black",13.1146079113356,5.63769542902514
31,14,0,"Black",13.0281103611494,5.48625047112519
32,14,0,"Black",12.9335448293536,5.33480551322524
33,14,0,"Black",12.8325500412859,5.1833605553253
34,14,0,"Black",12.7266533006899,5.03191559742535
35,14,0,"Black",12.6172704897155,4.88047063952541
36,14,0,"Black",12.5057060689188,4.72902568162546
37,14,0,"Black",12.3931530772621,4.57758072372551
38,14,0,"Black",12.2806931321139,4.42613576582557
39,14,0,"Black",12.1692964292486,4.27469080792562
40,14,0,"Black",12.0598217428472,4.12324585002568
41,14,0,"Black",11.9530164254967,3.9721225452958
42,14,0,"Black",11.8495164081901,3.82292915958633
43,14,0,"Black",11.749846200327,3.67759561191768
44,14,0,"Black",11.6544188897127,3.53805182131026
45,14,0,"Black",11.563536142559,3.40622770678449
46,14,0,"Black",11.4773882034839,3.28405318736076
47,14,0,"Black",11.3960538955114,3.17345814846206
48,14,0,"Black",11.3195006200718,3.07636702012935
49,14,0,"Black",11.2475843570014,2.99469279248006
50,14,0,"Black",11.1800496645431,2.93034701514198
51,14,0,"Black",11.1165296793455,2.88524123774292
52,14,0,"Black",11.0565461164636,2.86128700991066
53,14,0,"Black",10.9995092693587,2.86039588127301
54,14,0,"Black",10.9447180098981,2.8843544775091
55,14,0,"Black",10.8913597883553,2.93116071516782
56,14,0,"Black",10.8385106334101,2.99443236484834
57,14,0,"Black",10.7851351521483,3.06754320506264
58,14,0,"Black",10.7300865300621,3.1438670143227
59,14,0,"Black",10.6721065310497,3.21677757114049
60,14,0,"Black",10.6098254974156,3.27964865402798
61,14,0,"Black",10.5417623498704,3.32643039405158
62,14,0,"Black",10.466324587531,3.35777302072284
63,14,0,"Black",10.3819778594692,3.37864940771153
64,14,0,"Black",10.2891112517519,3.39410447275668
65,14,0,"Black",10.1919025744794,3.40918313359734
66,14,0,"Black",10.0984879333354,3.42893030797257
67,14,0,"Black",10.0209617295863,3.45839091362139
68,14,0,"Black",9.97446038921897,3.50170978253937
69,14,0,"Black",9.96708338345369,3.55799513411433
70,14,0,"Black",9.98981424925642,3.62460423968618
71,14,0,"Black",10.0169353570336,3.6988926126149
72,14,0,"Black",10.0206693347592,3.77821576626042
73,14,0,"Black",9.98582049210195,3.8599292139827
74,14,0,"Black",9.91052376321225,3.94138908739194
75,14,0,"Black",9.79984165325309,4.02056729534944
76,14,0,"Black",9.65936118493075,4.09720703368872
77,14,0,"Black",9.49461180272484,4.17136804237242
78,14,0,"Black",9.31098417624034,4.24311006136312
79,14,0,"Black",9.11283703707985,4.31249283062346
80,14,0,"Black",8.90260401571584,4.37957609011603
81,14,0,"Black",8.68071244484269,4.44443043106623
82,14,0,"Black",8.44558335937667,4.50777752046574
83,14,0,"Black",8.19374887728119,4.57134819274404
84,14,0,"Black",7.92114338864461,4.63696009243276
85,14,0,"Black",7.624394744758,4.70643086406355
86,14,0,"Black",7.30094163894042,4.78157815216804
87,14,0,"Black",6.94903360653891,4.8642196012779
88,14,0,"Black",6.56773102492847,4.95628478467332
89,14,0,"Black",6.15690511351211,5.06171262052898
90,14,0,"Black",5.71723793372079,5.18618005662743
91,14,0,"Black",5.25022238901345,5.33542134827049
92,14,0,"Black",4.75816222487702,5.51517075075998
93,14,0,"Black",4.24417202882641,5.73116251939773
94,14,0,"Black",3.71217723040449,5.98913090948556
95,14,0,"Black",3.16691410118213,6.29379375664961
96,14,0,"Black",2.61392975475817,6.64179680556385
97,14,0,"Black",2.05958214675941,7.02593644475439
98,14,0,"Black",1.51104007484065,7.43898535616597
99,14,0,"Black",0.976283178684671,7.87371622174332
100,14,0,"Black",0.464101940002213,8.32290172343119
101,14,0,"Black",-0.0159023174679928,8.77931454317432
21,15,0,"Black",13.2044833209508,7.00070005012465
22,15,0,"Black",13.2827248084191,6.8492550922247
23,15,0,"Black",13.3331358145183,6.69781013432476
24,15,0,"Black",13.3583578589303,6.54636517642481
25,15,0,"Black",13.3609210397432,6.39492021852486
26,15,0,"Black",13.3432440334511,6.24347526062492
27,15,0,"Black",13.3076340949546,6.09203030272497
28,15,0,"Black",13.2562870575603,5.94058534482503
29,15,0,"Black",13.191287332981,5.78914038692508
30,15,0,"Black",13.1146079113356,5.63769542902514
31,15,0,"Black",13.0281103611494,5.48625047112519
32,15,0,"Black",12.9335448293536,5.33480551322524
33,15,0,"Black",12.8325500412859,5.1833605553253
34,15,0,"Black",12.7266533006899,5.03191559742535
35,15,0,"Black",12.6172704897155,4.88047063952541
36,15,0,"Black",12.5057060689188,4.72902568162546
37,15,0,"Black",12.3931530772621,4.57758072372551
38,15,0,"Black",12.2806931321139,4.42613576582557
39,15,0,"Black",12.1692964292486,4.27469080792562
40,15,0,"Black",12.0598217428472,4.12324585002568
41,15,0,"Black",11.9530164254967,3.9721225452958
42,15,0,"Black",11.8495164081901,3.82292915958633
43,15,0,"Black",11.749846200327,3.67759561191768
44,15,0,"Black",11.6544188897127,3.53805182131026
45,15,0,"Black",11.563536142559,3.40622770678449
46,15,0,"Black",11.4773882034839,3.28405318736076
47,15,0,"Black",11.3960538955114,3.17345814846206
48,15,0,"Black",11.3195006200718,3.07636702012935
49,15,0,"Black",11.2475843570014,2.99469279248006
50,15,0,"Black",11.1800496645431,2.93034701514198
51,15,0,"Black",11.1165296793455,2.88524123774292
52,15,0,"Black",11.0565461164636,2.86128700991066
53,15,0,"Black",10.9995092693587,2.86039588127301
54,15,0,"Black",10.9447180098981,2.8843544775091
55,15,0,"Black",10.8913597883553,2.93116071516782
56,15,0,"Black",10.8385106334101,2.99443236484834
57,15,0,"Black",10.7851351521483,3.06754320506264
58,15,0,"Black",10.7300865300621,3.1438670143227
59,15,0,"Black",10.6721065310497,3.21677757114049
60,15,0,"Black",10.6098254974156,3.27964865402798
61,15,0,"Black",10.5417623498704,3.32643039405158
62,15,0,"Black",10.466324587531,3.35777302072284
63,15,0,"Black",10.3819778594692,3.37864940771153
64,15,0,"Black",10.2891112517519,3.39410447275668
65,15,0,"Black",10.1919025744794,3.40918313359734
66,15,0,"Black",10.0984879333354,3.42893030797257
67,15,0,"Black",10.0209617295863,3.45839091362139
68,15,0,"Black",9.97446038921897,3.50170978253937
69,15,0,"Black",9.96708338345369,3.55799513411433
70,15,0,"Black",9.98981424925642,3.62460423968618
71,15,0,"Black",10.0169353570336,3.6988926126149
72,15,0,"Black",10.0206693347592,3.77821576626042
73,15,0,"Black",9.98582049210195,3.8599292139827
74,15,0,"Black",9.91052376321225,3.94138908739194
75,15,0,"Black",9.79984165325309,4.02056729534944
76,15,0,"Black",9.65936118493075,4.09720703368872
77,15,0,"Black",9.49461180272484,4.17136804237242
78,15,0,"Black",9.31098417624034,4.24311006136312
79,15,0,"Black",9.11283703707985,4.31249283062346
80,15,0,"Black",8.90260401571584,4.37957609011603
81,15,0,"Black",8.68071244484269,4.44443043106623
82,15,0,"Black",8.44558335937667,4.50777752046574
83,15,0,"Black",8.19374887728119,4.57134819274404
84,15,0,"Black",7.92114338864461,4.63696009243276
85,15,0,"Black",7.624394744758,4.70643086406355
86,15,0,"Black",7.30094163894042,4.78157815216804
87,15,0,"Black",6.94903360653891,4.8642196012779
88,15,0,"Black",6.56773102492847,4.95628478467332
89,15,0,"Black",6.15690511351211,5.06171262052898
90,15,0,"Black",5.71723793372079,5.18618005662743
91,15,0,"Black",5.25022238901345,5.33542134827049
92,15,0,"Black",4.75816222487702,5.51517075075998
93,15,0,"Black",4.24417202882641,5.73116251939773
94,15,0,"Black",3.71217723040449,5.98913090948556
95,15,0,"Black",3.16691410118213,6.29379375664961
96,15,0,"Black",2.61392975475817,6.64179680556385
97,15,0,"Black",2.05958214675941,7.02593644475439
98,15,0,"Black",1.51104007484065,7.43898535616597
99,15,0,"Black",0.976283178684671,7.87371622174332
100,15,0,"Black",0.464101940002213,8.32290172343119
101,15,0,"Black",-0.0159023174679928,8.77931454317432
21,16,0,"Black",13.2044833209508,7.00070005012465
22,16,0,"Black",13.2827248084191,6.8492550922247
23,16,0,"Black",13.3331358145183,6.69781013432476
24,16,0,"Black",13.3583578589303,6.54636517642481
25,16,0,"Black",13.3609210397432,6.39492021852486
26,16,0,"Black",13.3432440334511,6.24347526062492
27,16,0,"Black",13.3076340949546,6.09203030272497
28,16,0,"Black",13.2562870575603,5.94058534482503
29,16,0,"Black",13.191287332981,5.78914038692508
30,16,0,"Black",13.1146079113356,5.63769542902514
31,16,0,"Black",13.0281103611494,5.48625047112519
32,16,0,"Black",12.9335448293536,5.33480551322524
33,16,0,"Black",12.8325500412859,5.1833605553253
34,16,0,"Black",12.7266533006899,5.03191559742535
35,16,0,"Black",12.6172704897155,4.88047063952541
36,16,0,"Black",12.5057060689188,4.72902568162546
37,16,0,"Black",12.3931530772621,4.57758072372551
38,16,0,"Black",12.2806931321139,4.42613576582557
39,16,0,"Black",12.1692964292486,4.27469080792562
40,16,0,"Black",12.0598217428472,4.12324585002568
41,16,0,"Black",11.9530164254967,3.9721225452958
42,16,0,"Black",11.8495164081901,3.82292915958633
43,16,0,"Black",11.749846200327,3.67759561191768
44,16,0,"Black",11.6544188897127,3.53805182131026
45,16,0,"Black",11.563536142559,3.40622770678449
46,16,0,"Black",11.4773882034839,3.28405318736076
47,16,0,"Black",11.3960538955114,3.17345814846206
48,16,0,"Black",11.3195006200718,3.07636702012935
49,16,0,"Black",11.2475843570014,2.99469279248006
50,16,0,"Black",11.1800496645431,2.93034701514198
51,16,0,"Black",11.1165296793455,2.88524123774292
52,16,0,"Black",11.0565461164636,2.86128700991066
53,16,0,"Black",10.9995092693587,2.86039588127301
54,16,0,"Black",10.9447180098981,2.8843544775091
55,16,0,"Black",10.8913597883553,2.93116071516782
56,16,0,"Black",10.8385106334101,2.99443236484834
57,16,0,"Black",10.7851351521483,3.06754320506264
58,16,0,"Black",10.7300865300621,3.1438670143227
59,16,0,"Black",10.6721065310497,3.21677757114049
60,16,0,"Black",10.6098254974156,3.27964865402798
61,16,0,"Black",10.5417623498704,3.32643039405158
62,16,0,"Black",10.466324587531,3.35777302072284
63,16,0,"Black",10.3819778594692,3.37864940771153
64,16,0,"Black",10.2891112517519,3.39410447275668
65,16,0,"Black",10.1919025744794,3.40918313359734
66,16,0,"Black",10.0984879333354,3.42893030797257
67,16,0,"Black",10.0209617295863,3.45839091362139
68,16,0,"Black",9.97446038921897,3.50170978253937
69,16,0,"Black",9.96708338345369,3.55799513411433
70,16,0,"Black",9.98981424925642,3.62460423968618
71,16,0,"Black",10.0169353570336,3.6988926126149
72,16,0,"Black",10.0206693347592,3.77821576626042
73,16,0,"Black",9.98582049210195,3.8599292139827
74,16,0,"Black",9.91052376321225,3.94138908739194
75,16,0,"Black",9.79984165325309,4.02056729534944
76,16,0,"Black",9.65936118493075,4.09720703368872
77,16,0,"Black",9.49461180272484,4.17136804237242
78,16,0,"Black",9.31098417624034,4.24311006136312
79,16,0,"Black",9.11283703707985,4.31249283062346
80,16,0,"Black",8.90260401571584,4.37957609011603
81,16,0,"Black",8.68071244484269,4.44443043106623
82,16,0,"Black",8.44558335937667,4.50777752046574
83,16,0,"Black",8.19374887728119,4.57134819274404
84,16,0,"Black",7.92114338864461,4.63696009243276
85,16,0,"Black",7.624394744758,4.70643086406355
86,16,0,"Black",7.30094163894042,4.78157815216804
87,16,0,"Black",6.94903360653891,4.8642196012779
88,16,0,"Black",6.56773102492847,4.95628478467332
89,16,0,"Black",6.15690511351211,5.06171262052898
90,16,0,"Black",5.71723793372079,5.18618005662743
91,16,0,"Black",5.25022238901345,5.33542134827049
92,16,0,"Black",4.75816222487702,5.51517075075998
93,16,0,"Black",4.24417202882641,5.73116251939773
94,16,0,"Black",3.71217723040449,5.98913090948556
95,16,0,"Black",3.16691410118213,6.29379375664961
96,16,0,"Black",2.61392975475817,6.64179680556385
97,16,0,"Black",2.05958214675941,7.02593644475439
98,16,0,"Black",1.51104007484065,7.43898535616597
99,16,0,"Black",0.976283178684671,7.87371622174332
100,16,0,"Black",0.464101940002213,8.32290172343119
101,16,0,"Black",-0.0159023174679928,8.77931454317432
21,17,0,"Black",11.0833527544498,7.00070005012465
22,17,0,"Black",11.2220530967623,6.8492550922247
23,17,0,"Black",11.3329229577058,6.69781013432476
24,17,0,"Black",11.418603856962,6.54636517642481
25,17,0,"Black",11.4816258926191,6.39492021852486
26,17,0,"Black",11.5244077411712,6.24347526062492
27,17,0,"Black",11.549256657519,6.09203030272497
28,17,0,"Black",11.5583684749689,5.94058534482503
29,17,0,"Black",11.5538276052338,5.78914038692508
30,17,0,"Black",11.5376070384327,5.63769542902514
31,17,0,"Black",11.5115683430906,5.48625047112519
32,17,0,"Black",11.4774616661391,5.33480551322524
33,17,0,"Black",11.4369257329156,5.1833605553253
34,17,0,"Black",11.3914878471638,5.03191559742535
35,17,0,"Black",11.3425638910337,4.88047063952541
36,17,0,"Black",11.2914583250812,4.72902568162546
37,17,0,"Black",11.2393641882688,4.57758072372551
38,17,0,"Black",11.1873630979647,4.42613576582557
39,17,0,"Black",11.1364252499437,4.27469080792562
40,17,0,"Black",11.0874094183865,4.12324585002568
41,17,0,"Black",11.0410629558802,3.9721225452958
42,17,0,"Black",10.9980217934179,3.82292915958633
43,17,0,"Black",10.958810440399,3.67759561191768
44,17,0,"Black",10.9238419846289,3.53805182131026
45,17,0,"Black",10.8934180923195,3.40622770678449
46,17,0,"Black",10.8677290080886,3.28405318736076
47,17,0,"Black",10.8468535549603,3.17345814846206
48,17,0,"Black",10.8307591343649,3.07636702012935
49,17,0,"Black",10.8193017261388,2.99469279248006
50,17,0,"Black",10.8122258885247,2.93034701514198
51,17,0,"Black",10.8091647581713,2.88524123774292
52,17,0,"Black",10.8096400501337,2.86128700991066
53,17,0,"Black",10.813062057873,2.86039588127301
54,17,0,"Black",10.8187296532566,2.8843544775091
55,17,0,"Black",10.825830286558,2.93116071516782
56,17,0,"Black",10.833439986457,2.99443236484834
57,17,0,"Black",10.8405233600395,3.06754320506264
58,17,0,"Black",10.8459335927975,3.1438670143227
59,17,0,"Black",10.8484124486294,3.21677757114049
60,17,0,"Black",10.8465902698395,3.27964865402798
61,17,0,"Black",10.8389859771385,3.32643039405158
62,17,0,"Black",10.8240070696433,3.35777302072284
63,17,0,"Black",10.8001191964258,3.37864940771153
64,17,0,"Black",10.7677114435527,3.39410447275668
65,17,0,"Black",10.7309616211244,3.40918313359734
66,17,0,"Black",10.6980058348246,3.42893030797257
67,17,0,"Black",10.6809384859197,3.45839091362139
68,17,0,"Black",10.6948960003967,3.50170978253937
69,17,0,"Black",10.7479778494756,3.55799513411433
70,17,0,"Black",10.8311675701226,3.62460423968618
71,17,0,"Black",10.918747532744,3.6988926126149
72,17,0,"Black",10.9829403653138,3.77821576626042
73,17,0,"Black",11.0085503775008,3.8599292139827
74,17,0,"Black",10.9937125034553,3.94138908739194
75,17,0,"Black",10.9434892483404,4.02056729534944
76,17,0,"Black",10.8634676348623,4.09720703368872
77,17,0,"Black",10.7591771075006,4.17136804237242
78,17,0,"Black",10.6360083358603,4.24311006136312
79,17,0,"Black",10.498320051544,4.31249283062346
80,17,0,"Black",10.3485458850243,4.37957609011603
81,17,0,"Black",10.1871131689953,4.44443043106623
82,17,0,"Black",10.0124429383735,4.50777752046574
83,17,0,"Black",9.82106731112229,4.57134819274404
84,17,0,"Black",9.60892067732994,4.63696009243276
85,17,0,"Black",9.37263088828755,4.70643086406355
86,17,0,"Black",9.1096366373142,4.78157815216804
87,17,0,"Black",8.81818745975692,4.8642196012779
88,17,0,"Black",8.49734373299071,4.95628478467332
89,17,0,"Black",8.14697667641858,5.06171262052898
90,17,0,"Black",7.76776835147148,5.18618005662743
91,17,0,"Black",7.36121166160837,5.33542134827049
92,17,0,"Black",6.92961035231617,5.51517075075998
93,17,0,"Black",6.47607901110979,5.73116251939773
94,17,0,"Black",6.0045430675321,5.98913090948556
95,17,0,"Black",5.51973879315397,6.29379375664961
96,17,0,"Black",5.02721330157423,6.64179680556385
97,17,0,"Black",4.53332454841969,7.02593644475439
98,17,0,"Black",4.04524133134517,7.43898535616597
99,17,0,"Black",3.57094329003341,7.87371622174332
100,17,0,"Black",3.11922090619519,8.32290172343119
101,17,0,"Black",2.69967550356921,8.77931454317432
21,18,0,"Black",11.0833527544498,7.00070005012465
22,18,0,"Black",11.2220530967623,6.8492550922247
23,18,0,"Black",11.3329229577058,6.69781013432476
24,18,0,"Black",11.418603856962,6.54636517642481
25,18,0,"Black",11.4816258926191,6.39492021852486
26,18,0,"Black",11.5244077411712,6.24347526062492
27,18,0,"Black",11.549256657519,6.09203030272497
28,18,0,"Black",11.5583684749689,5.94058534482503
29,18,0,"Black",11.5538276052338,5.78914038692508
30,18,0,"Black",11.5376070384327,5.63769542902514
31,18,0,"Black",11.5115683430906,5.48625047112519
32,18,0,"Black",11.4774616661391,5.33480551322524
33,18,0,"Black",11.4369257329156,5.1833605553253
34,18,0,"Black",11.3914878471638,5.03191559742535
35,18,0,"Black",11.3425638910337,4.88047063952541
36,18,0,"Black",11.2914583250812,4.72902568162546
37,18,0,"Black",11.2393641882688,4.57758072372551
38,18,0,"Black",11.1873630979647,4.42613576582557
39,18,0,"Black",11.1364252499437,4.27469080792562
40,18,0,"Black",11.0874094183865,4.12324585002568
41,18,0,"Black",11.0410629558802,3.9721225452958
42,18,0,"Black",10.9980217934179,3.82292915958633
43,18,0,"Black",10.958810440399,3.67759561191768
44,18,0,"Black",10.9238419846289,3.53805182131026
45,18,0,"Black",10.8934180923195,3.40622770678449
46,18,0,"Black",10.8677290080886,3.28405318736076
47,18,0,"Black",10.8468535549603,3.17345814846206
48,18,0,"Black",10.8307591343649,3.07636702012935
49,18,0,"Black",10.8193017261388,2.99469279248006
50,18,0,"Black",10.8122258885247,2.93034701514198
51,18,0,"Black",10.8091647581713,2.88524123774292
52,18,0,"Black",10.8096400501337,2.86128700991066
53,18,0,"Black",10.813062057873,2.86039588127301
54,18,0,"Black",10.8187296532566,2.8843544775091
55,18,0,"Black",10.825830286558,2.93116071516782
56,18,0,"Black",10.833439986457,2.99443236484834
57,18,0,"Black",10.8405233600395,3.06754320506264
58,18,0,"Black",10.8459335927975,3.1438670143227
59,18,0,"Black",10.8484124486294,3.21677757114049
60,18,0,"Black",10.8465902698395,3.27964865402798
61,18,0,"Black",10.8389859771385,3.32643039405158
62,18,0,"Black",10.8240070696433,3.35777302072284
63,18,0,"Black",10.8001191964258,3.37864940771153
64,18,0,"Black",10.7677114435527,3.39410447275668
65,18,0,"Black",10.7309616211244,3.40918313359734
66,18,0,"Black",10.6980058348246,3.42893030797257
67,18,0,"Black",10.6809384859197,3.45839091362139
68,18,0,"Black",10.6948960003967,3.50170978253937
69,18,0,"Black",10.7479778494756,3.55799513411433
70,18,0,"Black",10.8311675701226,3.62460423968618
71,18,0,"Black",10.918747532744,3.6988926126149
72,18,0,"Black",10.9829403653138,3.77821576626042
73,18,0,"Black",11.0085503775008,3.8599292139827
74,18,0,"Black",10.9937125034553,3.94138908739194
75,18,0,"Black",10.9434892483404,4.02056729534944
76,18,0,"Black",10.8634676348623,4.09720703368872
77,18,0,"Black",10.7591771075006,4.17136804237242
78,18,0,"Black",10.6360083358603,4.24311006136312
79,18,0,"Black",10.498320051544,4.31249283062346
80,18,0,"Black",10.3485458850243,4.37957609011603
81,18,0,"Black",10.1871131689953,4.44443043106623
82,18,0,"Black",10.0124429383735,4.50777752046574
83,18,0,"Black",9.82106731112229,4.57134819274404
84,18,0,"Black",9.60892067732994,4.63696009243276
85,18,0,"Black",9.37263088828755,4.70643086406355
86,18,0,"Black",9.1096366373142,4.78157815216804
87,18,0,"Black",8.81818745975692,4.8642196012779
88,18,0,"Black",8.49734373299071,4.95628478467332
89,18,0,"Black",8.14697667641858,5.06171262052898
90,18,0,"Black",7.76776835147148,5.18618005662743
91,18,0,"Black",7.36121166160837,5.33542134827049
92,18,0,"Black",6.92961035231617,5.51517075075998
93,18,0,"Black",6.47607901110979,5.73116251939773
94,18,0,"Black",6.0045430675321,5.98913090948556
95,18,0,"Black",5.51973879315397,6.29379375664961
96,18,0,"Black",5.02721330157423,6.64179680556385
97,18,0,"Black",4.53332454841969,7.02593644475439
98,18,0,"Black",4.04524133134517,7.43898535616597
99,18,0,"Black",3.57094329003341,7.87371622174332
100,18,0,"Black",3.11922090619519,8.32290172343119
101,18,0,"Black",2.69967550356921,8.77931454317432
21,19,0,"Black",11.0833527544498,7.00070005012465
22,19,0,"Black",11.2220530967623,6.8492550922247
23,19,0,"Black",11.3329229577058,6.69781013432476
24,19,0,"Black",11.418603856962,6.54636517642481
25,19,0,"Black",11.4816258926191,6.39492021852486
26,19,0,"Black",11.5244077411712,6.24347526062492
27,19,0,"Black",11.549256657519,6.09203030272497
28,19,0,"Black",11.5583684749689,5.94058534482503
29,19,0,"Black",11.5538276052338,5.78914038692508
30,19,0,"Black",11.5376070384327,5.63769542902514
31,19,0,"Black",11.5115683430906,5.48625047112519
32,19,0,"Black",11.4774616661391,5.33480551322524
33,19,0,"Black",11.4369257329156,5.1833605553253
34,19,0,"Black",11.3914878471638,5.03191559742535
35,19,0,"Black",11.3425638910337,4.88047063952541
36,19,0,"Black",11.2914583250812,4.72902568162546
37,19,0,"Black",11.2393641882688,4.57758072372551
38,19,0,"Black",11.1873630979647,4.42613576582557
39,19,0,"Black",11.1364252499437,4.27469080792562
40,19,0,"Black",11.0874094183865,4.12324585002568
41,19,0,"Black",11.0410629558802,3.9721225452958
42,19,0,"Black",10.9980217934179,3.82292915958633
43,19,0,"Black",10.958810440399,3.67759561191768
44,19,0,"Black",10.9238419846289,3.53805182131026
45,19,0,"Black",10.8934180923195,3.40622770678449
46,19,0,"Black",10.8677290080886,3.28405318736076
47,19,0,"Black",10.8468535549603,3.17345814846206
48,19,0,"Black",10.8307591343649,3.07636702012935
49,19,0,"Black",10.8193017261388,2.99469279248006
50,19,0,"Black",10.8122258885247,2.93034701514198
51,19,0,"Black",10.8091647581713,2.88524123774292
52,19,0,"Black",10.8096400501337,2.86128700991066
53,19,0,"Black",10.813062057873,2.86039588127301
54,19,0,"Black",10.8187296532566,2.8843544775091
55,19,0,"Black",10.825830286558,2.93116071516782
56,19,0,"Black",10.833439986457,2.99443236484834
57,19,0,"Black",10.8405233600395,3.06754320506264
58,19,0,"Black",10.8459335927975,3.1438670143227
59,19,0,"Black",10.8484124486294,3.21677757114049
60,19,0,"Black",10.8465902698395,3.27964865402798
61,19,0,"Black",10.8389859771385,3.32643039405158
62,19,0,"Black",10.8240070696433,3.35777302072284
63,19,0,"Black",10.8001191964258,3.37864940771153
64,19,0,"Black",10.7677114435527,3.39410447275668
65,19,0,"Black",10.7309616211244,3.40918313359734
66,19,0,"Black",10.6980058348246,3.42893030797257
67,19,0,"Black",10.6809384859197,3.45839091362139
68,19,0,"Black",10.6948960003967,3.50170978253937
69,19,0,"Black",10.7479778494756,3.55799513411433
70,19,0,"Black",10.8311675701226,3.62460423968618
71,19,0,"Black",10.918747532744,3.6988926126149
72,19,0,"Black",10.9829403653138,3.77821576626042
73,19,0,"Black",11.0085503775008,3.8599292139827
74,19,0,"Black",10.9937125034553,3.94138908739194
75,19,0,"Black",10.9434892483404,4.02056729534944
76,19,0,"Black",10.8634676348623,4.09720703368872
77,19,0,"Black",10.7591771075006,4.17136804237242
78,19,0,"Black",10.6360083358603,4.24311006136312
79,19,0,"Black",10.498320051544,4.31249283062346
80,19,0,"Black",10.3485458850243,4.37957609011603
81,19,0,"Black",10.1871131689953,4.44443043106623
82,19,0,"Black",10.0124429383735,4.50777752046574
83,19,0,"Black",9.82106731112229,4.57134819274404
84,19,0,"Black",9.60892067732994,4.63696009243276
85,19,0,"Black",9.37263088828755,4.70643086406355
86,19,0,"Black",9.1096366373142,4.78157815216804
87,19,0,"Black",8.81818745975692,4.8642196012779
88,19,0,"Black",8.49734373299071,4.95628478467332
89,19,0,"Black",8.14697667641858,5.06171262052898
90,19,0,"Black",7.76776835147148,5.18618005662743
91,19,0,"Black",7.36121166160837,5.33542134827049
92,19,0,"Black",6.92961035231617,5.51517075075998
93,19,0,"Black",6.47607901110979,5.73116251939773
94,19,0,"Black",6.0045430675321,5.98913090948556
95,19,0,"Black",5.51973879315397,6.29379375664961
96,19,0,"Black",5.02721330157423,6.64179680556385
97,19,0,"Black",4.53332454841969,7.02593644475439
98,19,0,"Black",4.04524133134517,7.43898535616597
99,19,0,"Black",3.57094329003341,7.87371622174332
100,19,0,"Black",3.11922090619519,8.32290172343119
101,19,0,"Black",2.69967550356921,8.77931454317432
21,20,0,"Black",11.0833527544498,7.00070005012465
22,20,0,"Black",11.2220530967623,6.8492550922247
23,20,0,"Black",11.3329229577058,6.69781013432476
24,20,0,"Black",11.418603856962,6.54636517642481
25,20,0,"Black",11.4816258926191,6.39492021852486
26,20,0,"Black",11.5244077411712,6.24347526062492
27,20,0,"Black",11.549256657519,6.09203030272497
28,20,0,"Black",11.5583684749689,5.94058534482503
29,20,0,"Black",11.5538276052338,5.78914038692508
30,20,0,"Black",11.5376070384327,5.63769542902514
31,20,0,"Black",11.5115683430906,5.48625047112519
32,20,0,"Black",11.4774616661391,5.33480551322524
33,20,0,"Black",11.4369257329156,5.1833605553253
34,20,0,"Black",11.3914878471638,5.03191559742535
35,20,0,"Black",11.3425638910337,4.88047063952541
36,20,0,"Black",11.2914583250812,4.72902568162546
37,20,0,"Black",11.2393641882688,4.57758072372551
38,20,0,"Black",11.1873630979647,4.42613576582557
39,20,0,"Black",11.1364252499437,4.27469080792562
40,20,0,"Black",11.0874094183865,4.12324585002568
41,20,0,"Black",11.0410629558802,3.9721225452958
42,20,0,"Black",10.9980217934179,3.82292915958633
43,20,0,"Black",10.958810440399,3.67759561191768
44,20,0,"Black",10.9238419846289,3.53805182131026
45,20,0,"Black",10.8934180923195,3.40622770678449
46,20,0,"Black",10.8677290080886,3.28405318736076
47,20,0,"Black",10.8468535549603,3.17345814846206
48,20,0,"Black",10.8307591343649,3.07636702012935
49,20,0,"Black",10.8193017261388,2.99469279248006
50,20,0,"Black",10.8122258885247,2.93034701514198
51,20,0,"Black",10.8091647581713,2.88524123774292
52,20,0,"Black",10.8096400501337,2.86128700991066
53,20,0,"Black",10.813062057873,2.86039588127301
54,20,0,"Black",10.8187296532566,2.8843544775091
55,20,0,"Black",10.825830286558,2.93116071516782
56,20,0,"Black",10.833439986457,2.99443236484834
57,20,0,"Black",10.8405233600395,3.06754320506264
58,20,0,"Black",10.8459335927975,3.1438670143227
59,20,0,"Black",10.8484124486294,3.21677757114049
60,20,0,"Black",10.8465902698395,3.27964865402798
61,20,0,"Black",10.8389859771385,3.32643039405158
62,20,0,"Black",10.8240070696433,3.35777302072284
63,20,0,"Black",10.8001191964258,3.37864940771153
64,20,0,"Black",10.7677114435527,3.39410447275668
65,20,0,"Black",10.7309616211244,3.40918313359734
66,20,0,"Black",10.6980058348246,3.42893030797257
67,20,0,"Black",10.6809384859197,3.45839091362139
68,20,0,"Black",10.6948960003967,3.50170978253937
69,20,0,"Black",10.7479778494756,3.55799513411433
70,20,0,"Black",10.8311675701226,3.62460423968618
71,20,0,"Black",10.918747532744,3.6988926126149
72,20,0,"Black",10.9829403653138,3.77821576626042
73,20,0,"Black",11.0085503775008,3.8599292139827
74,20,0,"Black",10.9937125034553,3.94138908739194
75,20,0,"Black",10.9434892483404,4.02056729534944
76,20,0,"Black",10.8634676348623,4.09720703368872
77,20,0,"Black",10.7591771075006,4.17136804237242
78,20,0,"Black",10.6360083358603,4.24311006136312
79,20,0,"Black",10.498320051544,4.31249283062346
80,20,0,"Black",10.3485458850243,4.37957609011603
81,20,0,"Black",10.1871131689953,4.44443043106623
82,20,0,"Black",10.0124429383735,4.50777752046574
83,20,0,"Black",9.82106731112229,4.57134819274404
84,20,0,"Black",9.60892067732994,4.63696009243276
85,20,0,"Black",9.37263088828755,4.70643086406355
86,20,0,"Black",9.1096366373142,4.78157815216804
87,20,0,"Black",8.81818745975692,4.8642196012779
88,20,0,"Black",8.49734373299071,4.95628478467332
89,20,0,"Black",8.14697667641858,5.06171262052898
90,20,0,"Black",7.76776835147148,5.18618005662743
91,20,0,"Black",7.36121166160837,5.33542134827049
92,20,0,"Black",6.92961035231617,5.51517075075998
93,20,0,"Black",6.47607901110979,5.73116251939773
94,20,0,"Black",6.0045430675321,5.98913090948556
95,20,0,"Black",5.51973879315397,6.29379375664961
96,20,0,"Black",5.02721330157423,6.64179680556385
97,20,0,"Black",4.53332454841969,7.02593644475439
98,20,0,"Black",4.04524133134517,7.43898535616597
99,20,0,"Black",3.57094329003341,7.87371622174332
100,20,0,"Black",3.11922090619519,8.32290172343119
101,20,0,"Black",2.69967550356921,8.77931454317432
21,21,0,"Black",11.0833527544498,7.00070005012465
22,21,0,"Black",11.2220530967623,6.8492550922247
23,21,0,"Black",11.3329229577058,6.69781013432476
24,21,0,"Black",11.418603856962,6.54636517642481
25,21,0,"Black",11.4816258926191,6.39492021852486
26,21,0,"Black",11.5244077411712,6.24347526062492
27,21,0,"Black",11.549256657519,6.09203030272497
28,21,0,"Black",11.5583684749689,5.94058534482503
29,21,0,"Black",11.5538276052338,5.78914038692508
30,21,0,"Black",11.5376070384327,5.63769542902514
31,21,0,"Black",11.5115683430906,5.48625047112519
32,21,0,"Black",11.4774616661391,5.33480551322524
33,21,0,"Black",11.4369257329156,5.1833605553253
34,21,0,"Black",11.3914878471638,5.03191559742535
35,21,0,"Black",11.3425638910337,4.88047063952541
36,21,0,"Black",11.2914583250812,4.72902568162546
37,21,0,"Black",11.2393641882688,4.57758072372551
38,21,0,"Black",11.1873630979647,4.42613576582557
39,21,0,"Black",11.1364252499437,4.27469080792562
40,21,0,"Black",11.0874094183865,4.12324585002568
41,21,0,"Black",11.0410629558802,3.9721225452958
42,21,0,"Black",10.9980217934179,3.82292915958633
43,21,0,"Black",10.958810440399,3.67759561191768
44,21,0,"Black",10.9238419846289,3.53805182131026
45,21,0,"Black",10.8934180923195,3.40622770678449
46,21,0,"Black",10.8677290080886,3.28405318736076
47,21,0,"Black",10.8468535549603,3.17345814846206
48,21,0,"Black",10.8307591343649,3.07636702012935
49,21,0,"Black",10.8193017261388,2.99469279248006
50,21,0,"Black",10.8122258885247,2.93034701514198
51,21,0,"Black",10.8091647581713,2.88524123774292
52,21,0,"Black",10.8096400501337,2.86128700991066
53,21,0,"Black",10.813062057873,2.86039588127301
54,21,0,"Black",10.8187296532566,2.8843544775091
55,21,0,"Black",10.825830286558,2.93116071516782
56,21,0,"Black",10.833439986457,2.99443236484834
57,21,0,"Black",10.8405233600395,3.06754320506264
58,21,0,"Black",10.8459335927975,3.1438670143227
59,21,0,"Black",10.8484124486294,3.21677757114049
60,21,0,"Black",10.8465902698395,3.27964865402798
61,21,0,"Black",10.8389859771385,3.32643039405158
62,21,0,"Black",10.8240070696433,3.35777302072284
63,21,0,"Black",10.8001191964258,3.37864940771153
64,21,0,"Black",10.7677114435527,3.39410447275668
65,21,0,"Black",10.7309616211244,3.40918313359734
66,21,0,"Black",10.6980058348246,3.42893030797257
67,21,0,"Black",10.6809384859197,3.45839091362139
68,21,0,"Black",10.6948960003967,3.50170978253937
69,21,0,"Black",10.7479778494756,3.55799513411433
70,21,0,"Black",10.8311675701226,3.62460423968618
71,21,0,"Black",10.918747532744,3.6988926126149
72,21,0,"Black",10.9829403653138,3.77821576626042
73,21,0,"Black",11.0085503775008,3.8599292139827
74,21,0,"Black",10.9937125034553,3.94138908739194
75,21,0,"Black",10.9434892483404,4.02056729534944
76,21,0,"Black",10.8634676348623,4.09720703368872
77,21,0,"Black",10.7591771075006,4.17136804237242
78,21,0,"Black",10.6360083358603,4.24311006136312
79,21,0,"Black",10.498320051544,4.31249283062346
80,21,0,"Black",10.3485458850243,4.37957609011603
81,21,0,"Black",10.1871131689953,4.44443043106623
82,21,0,"Black",10.0124429383735,4.50777752046574
83,21,0,"Black",9.82106731112229,4.57134819274404
84,21,0,"Black",9.60892067732994,4.63696009243276
85,21,0,"Black",9.37263088828755,4.70643086406355
86,21,0,"Black",9.1096366373142,4.78157815216804
87,21,0,"Black",8.81818745975692,4.8642196012779
88,21,0,"Black",8.49734373299071,4.95628478467332
89,21,0,"Black",8.14697667641858,5.06171262052898
90,21,0,"Black",7.76776835147148,5.18618005662743
91,21,0,"Black",7.36121166160837,5.33542134827049
92,21,0,"Black",6.92961035231617,5.51517075075998
93,21,0,"Black",6.47607901110979,5.73116251939773
94,21,0,"Black",6.0045430675321,5.98913090948556
95,21,0,"Black",5.51973879315397,6.29379375664961
96,21,0,"Black",5.02721330157423,6.64179680556385
97,21,0,"Black",4.53332454841969,7.02593644475439
98,21,0,"Black",4.04524133134517,7.43898535616597
99,21,0,"Black",3.57094329003341,7.87371622174332
100,21,0,"Black",3.11922090619519,8.32290172343119
101,21,0,"Black",2.69967550356921,8.77931454317432
21,22,0,"Black",11.0833527544498,7.00070005012465
22,22,0,"Black",11.2220530967623,6.8492550922247
23,22,0,"Black",11.3329229577058,6.69781013432476
24,22,0,"Black",11.418603856962,6.54636517642481
25,22,0,"Black",11.4816258926191,6.39492021852486
26,22,0,"Black",11.5244077411712,6.24347526062492
27,22,0,"Black",11.549256657519,6.09203030272497
28,22,0,"Black",11.5583684749689,5.94058534482503
29,22,0,"Black",11.5538276052338,5.78914038692508
30,22,0,"Black",11.5376070384327,5.63769542902514
31,22,0,"Black",11.5115683430906,5.48625047112519
32,22,0,"Black",11.4774616661391,5.33480551322524
33,22,0,"Black",11.4369257329156,5.1833605553253
34,22,0,"Black",11.3914878471638,5.03191559742535
35,22,0,"Black",11.3425638910337,4.88047063952541
36,22,0,"Black",11.2914583250812,4.72902568162546
37,22,0,"Black",11.2393641882688,4.57758072372551
38,22,0,"Black",11.1873630979647,4.42613576582557
39,22,0,"Black",11.1364252499437,4.27469080792562
40,22,0,"Black",11.0874094183865,4.12324585002568
41,22,0,"Black",11.0410629558802,3.9721225452958
42,22,0,"Black",10.9980217934179,3.82292915958633
43,22,0,"Black",10.958810440399,3.67759561191768
44,22,0,"Black",10.9238419846289,3.53805182131026
45,22,0,"Black",10.8934180923195,3.40622770678449
46,22,0,"Black",10.8677290080886,3.28405318736076
47,22,0,"Black",10.8468535549603,3.17345814846206
48,22,0,"Black",10.8307591343649,3.07636702012935
49,22,0,"Black",10.8193017261388,2.99469279248006
50,22,0,"Black",10.8122258885247,2.93034701514198
51,22,0,"Black",10.8091647581713,2.88524123774292
52,22,0,"Black",10.8096400501337,2.86128700991066
53,22,0,"Black",10.813062057873,2.86039588127301
54,22,0,"Black",10.8187296532566,2.8843544775091
55,22,0,"Black",10.825830286558,2.93116071516782
56,22,0,"Black",10.833439986457,2.99443236484834
57,22,0,"Black",10.8405233600395,3.06754320506264
58,22,0,"Black",10.8459335927975,3.1438670143227
59,22,0,"Black",10.8484124486294,3.21677757114049
60,22,0,"Black",10.8465902698395,3.27964865402798
61,22,0,"Black",10.8389859771385,3.32643039405158
62,22,0,"Black",10.8240070696433,3.35777302072284
63,22,0,"Black",10.8001191964258,3.37864940771153
64,22,0,"Black",10.7677114435527,3.39410447275668
65,22,0,"Black",10.7309616211244,3.40918313359734
66,22,0,"Black",10.6980058348246,3.42893030797257
67,22,0,"Black",10.6809384859197,3.45839091362139
68,22,0,"Black",10.6948960003967,3.50170978253937
69,22,0,"Black",10.7479778494756,3.55799513411433
70,22,0,"Black",10.8311675701226,3.62460423968618
71,22,0,"Black",10.918747532744,3.6988926126149
72,22,0,"Black",10.9829403653138,3.77821576626042
73,22,0,"Black",11.0085503775008,3.8599292139827
74,22,0,"Black",10.9937125034553,3.94138908739194
75,22,0,"Black",10.9434892483404,4.02056729534944
76,22,0,"Black",10.8634676348623,4.09720703368872
77,22,0,"Black",10.7591771075006,4.17136804237242
78,22,0,"Black",10.6360083358603,4.24311006136312
79,22,0,"Black",10.498320051544,4.31249283062346
80,22,0,"Black",10.3485458850243,4.37957609011603
81,22,0,"Black",10.1871131689953,4.44443043106623
82,22,0,"Black",10.0124429383735,4.50777752046574
83,22,0,"Black",9.82106731112229,4.57134819274404
84,22,0,"Black",9.60892067732994,4.63696009243276
85,22,0,"Black",9.37263088828755,4.70643086406355
86,22,0,"Black",9.1096366373142,4.78157815216804
87,22,0,"Black",8.81818745975692,4.8642196012779
88,22,0,"Black",8.49734373299071,4.95628478467332
89,22,0,"Black",8.14697667641858,5.06171262052898
90,22,0,"Black",7.76776835147148,5.18618005662743
91,22,0,"Black",7.36121166160837,5.33542134827049
92,22,0,"Black",6.92961035231617,5.51517075075998
93,22,0,"Black",6.47607901110979,5.73116251939773
94,22,0,"Black",6.0045430675321,5.98913090948556
95,22,0,"Black",5.51973879315397,6.29379375664961
96,22,0,"Black",5.02721330157423,6.64179680556385
97,22,0,"Black",4.53332454841969,7.02593644475439
98,22,0,"Black",4.04524133134517,7.43898535616597
99,22,0,"Black",3.57094329003341,7.87371622174332
100,22,0,"Black",3.11922090619519,8.32290172343119
101,22,0,"Black",2.69967550356921,8.77931454317432
21,23,0,"Black",11.0833527544498,7.00070005012465
22,23,0,"Black",11.2220530967623,6.8492550922247
23,23,0,"Black",11.3329229577058,6.69781013432476
24,23,0,"Black",11.418603856962,6.54636517642481
25,23,0,"Black",11.4816258926191,6.39492021852486
26,23,0,"Black",11.5244077411712,6.24347526062492
27,23,0,"Black",11.549256657519,6.09203030272497
28,23,0,"Black",11.5583684749689,5.94058534482503
29,23,0,"Black",11.5538276052338,5.78914038692508
30,23,0,"Black",11.5376070384327,5.63769542902514
31,23,0,"Black",11.5115683430906,5.48625047112519
32,23,0,"Black",11.4774616661391,5.33480551322524
33,23,0,"Black",11.4369257329156,5.1833605553253
34,23,0,"Black",11.3914878471638,5.03191559742535
35,23,0,"Black",11.3425638910337,4.88047063952541
36,23,0,"Black",11.2914583250812,4.72902568162546
37,23,0,"Black",11.2393641882688,4.57758072372551
38,23,0,"Black",11.1873630979647,4.42613576582557
39,23,0,"Black",11.1364252499437,4.27469080792562
40,23,0,"Black",11.0874094183865,4.12324585002568
41,23,0,"Black",11.0410629558802,3.9721225452958
42,23,0,"Black",10.9980217934179,3.82292915958633
43,23,0,"Black",10.958810440399,3.67759561191768
44,23,0,"Black",10.9238419846289,3.53805182131026
45,23,0,"Black",10.8934180923195,3.40622770678449
46,23,0,"Black",10.8677290080886,3.28405318736076
47,23,0,"Black",10.8468535549603,3.17345814846206
48,23,0,"Black",10.8307591343649,3.07636702012935
49,23,0,"Black",10.8193017261388,2.99469279248006
50,23,0,"Black",10.8122258885247,2.93034701514198
51,23,0,"Black",10.8091647581713,2.88524123774292
52,23,0,"Black",10.8096400501337,2.86128700991066
53,23,0,"Black",10.813062057873,2.86039588127301
54,23,0,"Black",10.8187296532566,2.8843544775091
55,23,0,"Black",10.825830286558,2.93116071516782
56,23,0,"Black",10.833439986457,2.99443236484834
57,23,0,"Black",10.8405233600395,3.06754320506264
58,23,0,"Black",10.8459335927975,3.1438670143227
59,23,0,"Black",10.8484124486294,3.21677757114049
60,23,0,"Black",10.8465902698395,3.27964865402798
61,23,0,"Black",10.8389859771385,3.32643039405158
62,23,0,"Black",10.8240070696433,3.35777302072284
63,23,0,"Black",10.8001191964258,3.37864940771153
64,23,0,"Black",10.7677114435527,3.39410447275668
65,23,0,"Black",10.7309616211244,3.40918313359734
66,23,0,"Black",10.6980058348246,3.42893030797257
67,23,0,"Black",10.6809384859197,3.45839091362139
68,23,0,"Black",10.6948960003967,3.50170978253937
69,23,0,"Black",10.7479778494756,3.55799513411433
70,23,0,"Black",10.8311675701226,3.62460423968618
71,23,0,"Black",10.918747532744,3.6988926126149
72,23,0,"Black",10.9829403653138,3.77821576626042
73,23,0,"Black",11.0085503775008,3.8599292139827
74,23,0,"Black",10.9937125034553,3.94138908739194
75,23,0,"Black",10.9434892483404,4.02056729534944
76,23,0,"Black",10.8634676348623,4.09720703368872
77,23,0,"Black",10.7591771075006,4.17136804237242
78,23,0,"Black",10.6360083358603,4.24311006136312
79,23,0,"Black",10.498320051544,4.31249283062346
80,23,0,"Black",10.3485458850243,4.37957609011603
81,23,0,"Black",10.1871131689953,4.44443043106623
82,23,0,"Black",10.0124429383735,4.50777752046574
83,23,0,"Black",9.82106731112229,4.57134819274404
84,23,0,"Black",9.60892067732994,4.63696009243276
85,23,0,"Black",9.37263088828755,4.70643086406355
86,23,0,"Black",9.1096366373142,4.78157815216804
87,23,0,"Black",8.81818745975692,4.8642196012779
88,23,0,"Black",8.49734373299071,4.95628478467332
89,23,0,"Black",8.14697667641858,5.06171262052898
90,23,0,"Black",7.76776835147148,5.18618005662743
91,23,0,"Black",7.36121166160837,5.33542134827049
92,23,0,"Black",6.92961035231617,5.51517075075998
93,23,0,"Black",6.47607901110979,5.73116251939773
94,23,0,"Black",6.0045430675321,5.98913090948556
95,23,0,"Black",5.51973879315397,6.29379375664961
96,23,0,"Black",5.02721330157423,6.64179680556385
97,23,0,"Black",4.53332454841969,7.02593644475439
98,23,0,"Black",4.04524133134517,7.43898535616597
99,23,0,"Black",3.57094329003341,7.87371622174332
100,23,0,"Black",3.11922090619519,8.32290172343119
101,23,0,"Black",2.69967550356921,8.77931454317432
21,24,0,"Black",11.0833527544498,7.00070005012465
22,24,0,"Black",11.2220530967623,6.8492550922247
23,24,0,"Black",11.3329229577058,6.69781013432476
24,24,0,"Black",11.418603856962,6.54636517642481
25,24,0,"Black",11.4816258926191,6.39492021852486
26,24,0,"Black",11.5244077411712,6.24347526062492
27,24,0,"Black",11.549256657519,6.09203030272497
28,24,0,"Black",11.5583684749689,5.94058534482503
29,24,0,"Black",11.5538276052338,5.78914038692508
30,24,0,"Black",11.5376070384327,5.63769542902514
31,24,0,"Black",11.5115683430906,5.48625047112519
32,24,0,"Black",11.4774616661391,5.33480551322524
33,24,0,"Black",11.4369257329156,5.1833605553253
34,24,0,"Black",11.3914878471638,5.03191559742535
35,24,0,"Black",11.3425638910337,4.88047063952541
36,24,0,"Black",11.2914583250812,4.72902568162546
37,24,0,"Black",11.2393641882688,4.57758072372551
38,24,0,"Black",11.1873630979647,4.42613576582557
39,24,0,"Black",11.1364252499437,4.27469080792562
40,24,0,"Black",11.0874094183865,4.12324585002568
41,24,0,"Black",11.0410629558802,3.9721225452958
42,24,0,"Black",10.9980217934179,3.82292915958633
43,24,0,"Black",10.958810440399,3.67759561191768
44,24,0,"Black",10.9238419846289,3.53805182131026
45,24,0,"Black",10.8934180923195,3.40622770678449
46,24,0,"Black",10.8677290080886,3.28405318736076
47,24,0,"Black",10.8468535549603,3.17345814846206
48,24,0,"Black",10.8307591343649,3.07636702012935
49,24,0,"Black",10.8193017261388,2.99469279248006
50,24,0,"Black",10.8122258885247,2.93034701514198
51,24,0,"Black",10.8091647581713,2.88524123774292
52,24,0,"Black",10.8096400501337,2.86128700991066
53,24,0,"Black",10.813062057873,2.86039588127301
54,24,0,"Black",10.8187296532566,2.8843544775091
55,24,0,"Black",10.825830286558,2.93116071516782
56,24,0,"Black",10.833439986457,2.99443236484834
57,24,0,"Black",10.8405233600395,3.06754320506264
58,24,0,"Black",10.8459335927975,3.1438670143227
59,24,0,"Black",10.8484124486294,3.21677757114049
60,24,0,"Black",10.8465902698395,3.27964865402798
61,24,0,"Black",10.8389859771385,3.32643039405158
62,24,0,"Black",10.8240070696433,3.35777302072284
63,24,0,"Black",10.8001191964258,3.37864940771153
64,24,0,"Black",10.7677114435527,3.39410447275668
65,24,0,"Black",10.7309616211244,3.40918313359734
66,24,0,"Black",10.6980058348246,3.42893030797257
67,24,0,"Black",10.6809384859197,3.45839091362139
68,24,0,"Black",10.6948960003967,3.50170978253937
69,24,0,"Black",10.7479778494756,3.55799513411433
70,24,0,"Black",10.8311675701226,3.62460423968618
71,24,0,"Black",10.918747532744,3.6988926126149
72,24,0,"Black",10.9829403653138,3.77821576626042
73,24,0,"Black",11.0085503775008,3.8599292139827
74,24,0,"Black",10.9937125034553,3.94138908739194
75,24,0,"Black",10.9434892483404,4.02056729534944
76,24,0,"Black",10.8634676348623,4.09720703368872
77,24,0,"Black",10.7591771075006,4.17136804237242
78,24,0,"Black",10.6360083358603,4.24311006136312
79,24,0,"Black",10.498320051544,4.31249283062346
80,24,0,"Black",10.3485458850243,4.37957609011603
81,24,0,"Black",10.1871131689953,4.44443043106623
82,24,0,"Black",10.0124429383735,4.50777752046574
83,24,0,"Black",9.82106731112229,4.57134819274404
84,24,0,"Black",9.60892067732994,4.63696009243276
85,24,0,"Black",9.37263088828755,4.70643086406355
86,24,0,"Black",9.1096366373142,4.78157815216804
87,24,0,"Black",8.81818745975692,4.8642196012779
88,24,0,"Black",8.49734373299071,4.95628478467332
89,24,0,"Black",8.14697667641858,5.06171262052898
90,24,0,"Black",7.76776835147148,5.18618005662743
91,24,0,"Black",7.36121166160837,5.33542134827049
92,24,0,"Black",6.92961035231617,5.51517075075998
93,24,0,"Black",6.47607901110979,5.73116251939773
94,24,0,"Black",6.0045430675321,5.98913090948556
95,24,0,"Black",5.51973879315397,6.29379375664961
96,24,0,"Black",5.02721330157423,6.64179680556385
97,24,0,"Black",4.53332454841969,7.02593644475439
98,24,0,"Black",4.04524133134517,7.43898535616597
99,24,0,"Black",3.57094329003341,7.87371622174332
100,24,0,"Black",3.11922090619519,8.32290172343119
101,24,0,"Black",2.69967550356921,8.77931454317432
21,25,0,"Black",11.0833527544498,7.00070005012465
22,25,0,"Black",11.2220530967623,6.8492550922247
23,25,0,"Black",11.3329229577058,6.69781013432476
24,25,0,"Black",11.418603856962,6.54636517642481
25,25,0,"Black",11.4816258926191,6.39492021852486
26,25,0,"Black",11.5244077411712,6.24347526062492
27,25,0,"Black",11.549256657519,6.09203030272497
28,25,0,"Black",11.5583684749689,5.94058534482503
29,25,0,"Black",11.5538276052338,5.78914038692508
30,25,0,"Black",11.5376070384327,5.63769542902514
31,25,0,"Black",11.5115683430906,5.48625047112519
32,25,0,"Black",11.4774616661391,5.33480551322524
33,25,0,"Black",11.4369257329156,5.1833605553253
34,25,0,"Black",11.3914878471638,5.03191559742535
35,25,0,"Black",11.3425638910337,4.88047063952541
36,25,0,"Black",11.2914583250812,4.72902568162546
37,25,0,"Black",11.2393641882688,4.57758072372551
38,25,0,"Black",11.1873630979647,4.42613576582557
39,25,0,"Black",11.1364252499437,4.27469080792562
40,25,0,"Black",11.0874094183865,4.12324585002568
41,25,0,"Black",11.0410629558802,3.9721225452958
42,25,0,"Black",10.9980217934179,3.82292915958633
43,25,0,"Black",10.958810440399,3.67759561191768
44,25,0,"Black",10.9238419846289,3.53805182131026
45,25,0,"Black",10.8934180923195,3.40622770678449
46,25,0,"Black",10.8677290080886,3.28405318736076
47,25,0,"Black",10.8468535549603,3.17345814846206
48,25,0,"Black",10.8307591343649,3.07636702012935
49,25,0,"Black",10.8193017261388,2.99469279248006
50,25,0,"Black",10.8122258885247,2.93034701514198
51,25,0,"Black",10.8091647581713,2.88524123774292
52,25,0,"Black",10.8096400501337,2.86128700991066
53,25,0,"Black",10.813062057873,2.86039588127301
54,25,0,"Black",10.8187296532566,2.8843544775091
55,25,0,"Black",10.825830286558,2.93116071516782
56,25,0,"Black",10.833439986457,2.99443236484834
57,25,0,"Black",10.8405233600395,3.06754320506264
58,25,0,"Black",10.8459335927975,3.1438670143227
59,25,0,"Black",10.8484124486294,3.21677757114049
60,25,0,"Black",10.8465902698395,3.27964865402798
61,25,0,"Black",10.8389859771385,3.32643039405158
62,25,0,"Black",10.8240070696433,3.35777302072284
63,25,0,"Black",10.8001191964258,3.37864940771153
64,25,0,"Black",10.7677114435527,3.39410447275668
65,25,0,"Black",10.7309616211244,3.40918313359734
66,25,0,"Black",10.6980058348246,3.42893030797257
67,25,0,"Black",10.6809384859197,3.45839091362139
68,25,0,"Black",10.6948960003967,3.50170978253937
69,25,0,"Black",10.7479778494756,3.55799513411433
70,25,0,"Black",10.8311675701226,3.62460423968618
71,25,0,"Black",10.918747532744,3.6988926126149
72,25,0,"Black",10.9829403653138,3.77821576626042
73,25,0,"Black",11.0085503775008,3.8599292139827
74,25,0,"Black",10.9937125034553,3.94138908739194
75,25,0,"Black",10.9434892483404,4.02056729534944
76,25,0,"Black",10.8634676348623,4.09720703368872
77,25,0,"Black",10.7591771075006,4.17136804237242
78,25,0,"Black",10.6360083358603,4.24311006136312
79,25,0,"Black",10.498320051544,4.31249283062346
80,25,0,"Black",10.3485458850243,4.37957609011603
81,25,0,"Black",10.1871131689953,4.44443043106623
82,25,0,"Black",10.0124429383735,4.50777752046574
83,25,0,"Black",9.82106731112229,4.57134819274404
84,25,0,"Black",9.60892067732994,4.63696009243276
85,25,0,"Black",9.37263088828755,4.70643086406355
86,25,0,"Black",9.1096366373142,4.78157815216804
87,25,0,"Black",8.81818745975692,4.8642196012779
88,25,0,"Black",8.49734373299071,4.95628478467332
89,25,0,"Black",8.14697667641858,5.06171262052898
90,25,0,"Black",7.76776835147148,5.18618005662743
91,25,0,"Black",7.36121166160837,5.33542134827049
92,25,0,"Black",6.92961035231617,5.51517075075998
93,25,0,"Black",6.47607901110979,5.73116251939773
94,25,0,"Black",6.0045430675321,5.98913090948556
95,25,0,"Black",5.51973879315397,6.29379375664961
96,25,0,"Black",5.02721330157423,6.64179680556385
97,25,0,"Black",4.53332454841969,7.02593644475439
98,25,0,"Black",4.04524133134517,7.43898535616597
99,25,0,"Black",3.57094329003341,7.87371622174332
100,25,0,"Black",3.11922090619519,8.32290172343119
101,25,0,"Black",2.69967550356921,8.77931454317432
21,10,1,"Black",12.333859256863,7.00070005012465
22,10,1,"Black",12.3419609935212,6.8492550922247
23,10,1,"Black",12.3222322488103,6.69781013432476
24,10,1,"Black",12.2773145424122,6.54636517642481
25,10,1,"Black",12.2097379724149,6.39492021852486
26,10,1,"Black",12.1219212153128,6.24347526062492
27,10,1,"Black",12.0161715260062,6.09203030272497
28,10,1,"Black",11.8946847378018,5.94058534482503
29,10,1,"Black",11.7595452624123,5.78914038692508
30,10,1,"Black",11.6127260899568,5.63769542902514
31,10,1,"Black",11.4560887889605,5.48625047112519
32,10,1,"Black",11.2913835063546,5.33480551322524
33,10,1,"Black",11.1202489674768,5.1833605553253
34,10,1,"Black",10.9442124760707,5.03191559742535
35,10,1,"Black",10.7646899142862,4.88047063952541
36,10,1,"Black",10.5829857426794,4.72902568162546
37,10,1,"Black",10.4002930002126,4.57758072372551
38,10,1,"Black",10.2176933042542,4.42613576582557
39,10,1,"Black",10.0361568505789,4.27469080792562
40,10,1,"Black",9.85654241336738,4.12324585002568
41,10,1,"Black",9.67959734520672,3.9721225452958
42,10,1,"Black",9.50595757709006,3.82292915958633
43,10,1,"Black",9.33614761841678,3.67759561191768
44,10,1,"Black",9.17058055699241,3.53805182131026
45,10,1,"Black",9.00955805902865,3.40622770678449
46,10,1,"Black",8.85327036914342,3.28405318736076
47,10,1,"Black",8.70179631036079,3.17345814846206
48,10,1,"Black",8.55510328411104,3.07636702012935
49,10,1,"Black",8.41304727023062,2.99469279248006
50,10,1,"Black",8.27537282696214,2.93034701514198
51,10,1,"Black",8.14171309095442,2.88524123774292
52,10,1,"Black",8.01158977726247,2.86128700991066
53,10,1,"Black",7.88441317934745,2.86039588127301
54,10,1,"Black",7.75948216907673,2.8843544775091
55,10,1,"Black",7.63598419672384,2.93116071516782
56,10,1,"Black",7.51299529096851,2.99443236484834
57,10,1,"Black",7.38948005889665,3.06754320506264
58,10,1,"Black",7.26429168600033,3.1438670143227
59,10,1,"Black",7.13617193617784,3.21677757114049
60,10,1,"Black",7.00375115173363,3.27964865402798
61,10,1,"Black",6.86554825337832,3.32643039405158
62,10,1,"Black",6.71997074022874,3.35777302072284
63,10,1,"Black",6.56548426135691,3.37864940771153
64,10,1,"Black",6.40247790282945,3.39410447275668
65,10,1,"Black",6.23512947474689,3.40918313359734
66,10,1,"Black",6.07157508279275,3.42893030797257
67,10,1,"Black",5.9239091282335,3.45839091362139
68,10,1,"Black",5.8072680370561,3.50170978253937
69,10,1,"Black",5.72975128048071,3.55799513411433
70,10,1,"Black",5.68234239547334,3.62460423968618
71,10,1,"Black",5.63932375244041,3.6988926126149
72,10,1,"Black",5.57291797935593,3.77821576626042
73,10,1,"Black",5.46792938588854,3.8599292139827
74,10,1,"Black",5.32249290618873,3.94138908739194
75,10,1,"Black",5.14167104541947,4.02056729534944
76,10,1,"Black",4.93105082628702,4.09720703368872
77,10,1,"Black",4.696161693271,4.17136804237242
78,10,1,"Black",4.44239431597639,4.24311006136312
79,10,1,"Black",4.17410742600579,4.31249283062346
80,10,1,"Black",3.89373465383168,4.37957609011603
81,10,1,"Black",3.60170333214842,4.44443043106623
82,10,1,"Black",3.29643449587229,4.50777752046574
83,10,1,"Black",2.97446026296671,4.57134819274404
84,10,1,"Black",2.63171502352001,4.63696009243276
85,10,1,"Black",2.2648266288233,4.70643086406355
86,10,1,"Black",1.87123377219561,4.78157815216804
87,10,1,"Black",1.44918598898399,4.8642196012779
88,10,1,"Black",0.99774365656345,4.95628478467332
89,10,1,"Black",0.51677799433698,5.06171262052898
90,10,1,"Black",0.00697106373554645,5.18618005662743
91,10,1,"Black",-0.530184231781899,5.33542134827049
92,10,1,"Black",-1.09238414672843,5.51517075075998
93,10,1,"Black",-1.67651409358915,5.73116251939773
94,10,1,"Black",-2.27864864282118,5.98913090948556
95,10,1,"Black",-2.89405152285364,6.29379375664961
96,10,1,"Black",-3.51717562008772,6.64179680556385
97,10,1,"Black",-4.14166297889659,7.02593644475439
98,10,1,"Black",-4.76034480162545,7.43898535616597
99,10,1,"Black",-5.36524144859154,7.87371622174332
100,10,1,"Black",-5.9475624380841,8.32290172343119
101,10,1,"Black",-6.49770644636442,8.77931454317432
21,11,1,"Black",12.333859256863,7.00070005012465
22,11,1,"Black",12.3419609935212,6.8492550922247
23,11,1,"Black",12.3222322488103,6.69781013432476
24,11,1,"Black",12.2773145424122,6.54636517642481
25,11,1,"Black",12.2097379724149,6.39492021852486
26,11,1,"Black",12.1219212153128,6.24347526062492
27,11,1,"Black",12.0161715260062,6.09203030272497
28,11,1,"Black",11.8946847378018,5.94058534482503
29,11,1,"Black",11.7595452624123,5.78914038692508
30,11,1,"Black",11.6127260899568,5.63769542902514
31,11,1,"Black",11.4560887889605,5.48625047112519
32,11,1,"Black",11.2913835063546,5.33480551322524
33,11,1,"Black",11.1202489674768,5.1833605553253
34,11,1,"Black",10.9442124760707,5.03191559742535
35,11,1,"Black",10.7646899142862,4.88047063952541
36,11,1,"Black",10.5829857426794,4.72902568162546
37,11,1,"Black",10.4002930002126,4.57758072372551
38,11,1,"Black",10.2176933042542,4.42613576582557
39,11,1,"Black",10.0361568505789,4.27469080792562
40,11,1,"Black",9.85654241336738,4.12324585002568
41,11,1,"Black",9.67959734520672,3.9721225452958
42,11,1,"Black",9.50595757709006,3.82292915958633
43,11,1,"Black",9.33614761841678,3.67759561191768
44,11,1,"Black",9.17058055699241,3.53805182131026
45,11,1,"Black",9.00955805902865,3.40622770678449
46,11,1,"Black",8.85327036914342,3.28405318736076
47,11,1,"Black",8.70179631036079,3.17345814846206
48,11,1,"Black",8.55510328411104,3.07636702012935
49,11,1,"Black",8.41304727023062,2.99469279248006
50,11,1,"Black",8.27537282696214,2.93034701514198
51,11,1,"Black",8.14171309095442,2.88524123774292
52,11,1,"Black",8.01158977726247,2.86128700991066
53,11,1,"Black",7.88441317934745,2.86039588127301
54,11,1,"Black",7.75948216907673,2.8843544775091
55,11,1,"Black",7.63598419672384,2.93116071516782
56,11,1,"Black",7.51299529096851,2.99443236484834
57,11,1,"Black",7.38948005889665,3.06754320506264
58,11,1,"Black",7.26429168600033,3.1438670143227
59,11,1,"Black",7.13617193617784,3.21677757114049
60,11,1,"Black",7.00375115173363,3.27964865402798
61,11,1,"Black",6.86554825337832,3.32643039405158
62,11,1,"Black",6.71997074022874,3.35777302072284
63,11,1,"Black",6.56548426135691,3.37864940771153
64,11,1,"Black",6.40247790282945,3.39410447275668
65,11,1,"Black",6.23512947474689,3.40918313359734
66,11,1,"Black",6.07157508279275,3.42893030797257
67,11,1,"Black",5.9239091282335,3.45839091362139
68,11,1,"Black",5.8072680370561,3.50170978253937
69,11,1,"Black",5.72975128048071,3.55799513411433
70,11,1,"Black",5.68234239547334,3.62460423968618
71,11,1,"Black",5.63932375244041,3.6988926126149
72,11,1,"Black",5.57291797935593,3.77821576626042
73,11,1,"Black",5.46792938588854,3.8599292139827
74,11,1,"Black",5.32249290618873,3.94138908739194
75,11,1,"Black",5.14167104541947,4.02056729534944
76,11,1,"Black",4.93105082628702,4.09720703368872
77,11,1,"Black",4.696161693271,4.17136804237242
78,11,1,"Black",4.44239431597639,4.24311006136312
79,11,1,"Black",4.17410742600579,4.31249283062346
80,11,1,"Black",3.89373465383168,4.37957609011603
81,11,1,"Black",3.60170333214842,4.44443043106623
82,11,1,"Black",3.29643449587229,4.50777752046574
83,11,1,"Black",2.97446026296671,4.57134819274404
84,11,1,"Black",2.63171502352001,4.63696009243276
85,11,1,"Black",2.2648266288233,4.70643086406355
86,11,1,"Black",1.87123377219561,4.78157815216804
87,11,1,"Black",1.44918598898399,4.8642196012779
88,11,1,"Black",0.99774365656345,4.95628478467332
89,11,1,"Black",0.51677799433698,5.06171262052898
90,11,1,"Black",0.00697106373554645,5.18618005662743
91,11,1,"Black",-0.530184231781899,5.33542134827049
92,11,1,"Black",-1.09238414672843,5.51517075075998
93,11,1,"Black",-1.67651409358915,5.73116251939773
94,11,1,"Black",-2.27864864282118,5.98913090948556
95,11,1,"Black",-2.89405152285364,6.29379375664961
96,11,1,"Black",-3.51717562008772,6.64179680556385
97,11,1,"Black",-4.14166297889659,7.02593644475439
98,11,1,"Black",-4.76034480162545,7.43898535616597
99,11,1,"Black",-5.36524144859154,7.87371622174332
100,11,1,"Black",-5.9475624380841,8.32290172343119
101,11,1,"Black",-6.49770644636442,8.77931454317432
21,12,1,"Black",12.333859256863,7.00070005012465
22,12,1,"Black",12.3419609935212,6.8492550922247
23,12,1,"Black",12.3222322488103,6.69781013432476
24,12,1,"Black",12.2773145424122,6.54636517642481
25,12,1,"Black",12.2097379724149,6.39492021852486
26,12,1,"Black",12.1219212153128,6.24347526062492
27,12,1,"Black",12.0161715260062,6.09203030272497
28,12,1,"Black",11.8946847378018,5.94058534482503
29,12,1,"Black",11.7595452624123,5.78914038692508
30,12,1,"Black",11.6127260899568,5.63769542902514
31,12,1,"Black",11.4560887889605,5.48625047112519
32,12,1,"Black",11.2913835063546,5.33480551322524
33,12,1,"Black",11.1202489674768,5.1833605553253
34,12,1,"Black",10.9442124760707,5.03191559742535
35,12,1,"Black",10.7646899142862,4.88047063952541
36,12,1,"Black",10.5829857426794,4.72902568162546
37,12,1,"Black",10.4002930002126,4.57758072372551
38,12,1,"Black",10.2176933042542,4.42613576582557
39,12,1,"Black",10.0361568505789,4.27469080792562
40,12,1,"Black",9.85654241336738,4.12324585002568
41,12,1,"Black",9.67959734520672,3.9721225452958
42,12,1,"Black",9.50595757709006,3.82292915958633
43,12,1,"Black",9.33614761841678,3.67759561191768
44,12,1,"Black",9.17058055699241,3.53805182131026
45,12,1,"Black",9.00955805902865,3.40622770678449
46,12,1,"Black",8.85327036914342,3.28405318736076
47,12,1,"Black",8.70179631036079,3.17345814846206
48,12,1,"Black",8.55510328411104,3.07636702012935
49,12,1,"Black",8.41304727023062,2.99469279248006
50,12,1,"Black",8.27537282696214,2.93034701514198
51,12,1,"Black",8.14171309095442,2.88524123774292
52,12,1,"Black",8.01158977726247,2.86128700991066
53,12,1,"Black",7.88441317934745,2.86039588127301
54,12,1,"Black",7.75948216907673,2.8843544775091
55,12,1,"Black",7.63598419672384,2.93116071516782
56,12,1,"Black",7.51299529096851,2.99443236484834
57,12,1,"Black",7.38948005889665,3.06754320506264
58,12,1,"Black",7.26429168600033,3.1438670143227
59,12,1,"Black",7.13617193617784,3.21677757114049
60,12,1,"Black",7.00375115173363,3.27964865402798
61,12,1,"Black",6.86554825337832,3.32643039405158
62,12,1,"Black",6.71997074022874,3.35777302072284
63,12,1,"Black",6.56548426135691,3.37864940771153
64,12,1,"Black",6.40247790282945,3.39410447275668
65,12,1,"Black",6.23512947474689,3.40918313359734
66,12,1,"Black",6.07157508279275,3.42893030797257
67,12,1,"Black",5.9239091282335,3.45839091362139
68,12,1,"Black",5.8072680370561,3.50170978253937
69,12,1,"Black",5.72975128048071,3.55799513411433
70,12,1,"Black",5.68234239547334,3.62460423968618
71,12,1,"Black",5.63932375244041,3.6988926126149
72,12,1,"Black",5.57291797935593,3.77821576626042
73,12,1,"Black",5.46792938588854,3.8599292139827
74,12,1,"Black",5.32249290618873,3.94138908739194
75,12,1,"Black",5.14167104541947,4.02056729534944
76,12,1,"Black",4.93105082628702,4.09720703368872
77,12,1,"Black",4.696161693271,4.17136804237242
78,12,1,"Black",4.44239431597639,4.24311006136312
79,12,1,"Black",4.17410742600579,4.31249283062346
80,12,1,"Black",3.89373465383168,4.37957609011603
81,12,1,"Black",3.60170333214842,4.44443043106623
82,12,1,"Black",3.29643449587229,4.50777752046574
83,12,1,"Black",2.97446026296671,4.57134819274404
84,12,1,"Black",2.63171502352001,4.63696009243276
85,12,1,"Black",2.2648266288233,4.70643086406355
86,12,1,"Black",1.87123377219561,4.78157815216804
87,12,1,"Black",1.44918598898399,4.8642196012779
88,12,1,"Black",0.99774365656345,4.95628478467332
89,12,1,"Black",0.51677799433698,5.06171262052898
90,12,1,"Black",0.00697106373554645,5.18618005662743
91,12,1,"Black",-0.530184231781899,5.33542134827049
92,12,1,"Black",-1.09238414672843,5.51517075075998
93,12,1,"Black",-1.67651409358915,5.73116251939773
94,12,1,"Black",-2.27864864282118,5.98913090948556
95,12,1,"Black",-2.89405152285364,6.29379375664961
96,12,1,"Black",-3.51717562008772,6.64179680556385
97,12,1,"Black",-4.14166297889659,7.02593644475439
98,12,1,"Black",-4.76034480162545,7.43898535616597
99,12,1,"Black",-5.36524144859154,7.87371622174332
100,12,1,"Black",-5.9475624380841,8.32290172343119
101,12,1,"Black",-6.49770644636442,8.77931454317432
21,13,1,"Black",12.9723254396002,7.00070005012465
22,13,1,"Black",13.0757138571528,6.8492550922247
23,13,1,"Black",13.1512717933363,6.69781013432476
24,13,1,"Black",13.2016407678325,6.54636517642481
25,13,1,"Black",13.2293508787296,6.39492021852486
26,13,1,"Black",13.2368208025218,6.24347526062492
27,13,1,"Black",13.2263577941096,6.09203030272497
28,13,1,"Black",13.2001576867996,5.94058534482503
29,13,1,"Black",13.1603048923045,5.78914038692508
30,13,1,"Black",13.1087724007434,5.63769542902514
31,13,1,"Black",13.0474217806414,5.48625047112519
32,13,1,"Black",12.9780031789299,5.33480551322524
33,13,1,"Black",12.9021553209464,5.1833605553253
34,13,1,"Black",12.8214055104347,5.03191559742535
35,13,1,"Black",12.7371696295446,4.88047063952541
36,13,1,"Black",12.6507521388322,4.72902568162546
37,13,1,"Black",12.5633460772598,4.57758072372551
38,13,1,"Black",12.4760330621957,4.42613576582557
39,13,1,"Black",12.3897832894148,4.27469080792562
40,13,1,"Black",12.3054555330976,4.12324585002568
41,13,1,"Black",12.2237971458313,3.9721225452958
42,13,1,"Black",12.1454440586091,3.82292915958633
43,13,1,"Black",12.0709207808301,3.67759561191768
44,13,1,"Black",12.0006404003001,3.53805182131026
45,13,1,"Black",11.9349045832308,3.40622770678449
46,13,1,"Black",11.8739035742399,3.28405318736076
47,13,1,"Black",11.8177161963516,3.17345814846206
48,13,1,"Black",11.7663098509963,3.07636702012935
49,13,1,"Black",11.7195405180102,2.99469279248006
50,13,1,"Black",11.6771527556361,2.93034701514198
51,13,1,"Black",11.6387797005228,2.88524123774292
52,13,1,"Black",11.6039430677252,2.86128700991066
53,13,1,"Black",11.5720531507045,2.86039588127301
54,13,1,"Black",11.5424088213282,2.8843544775091
55,13,1,"Black",11.5141975298696,2.93116071516782
56,13,1,"Black",11.4864953050087,2.99443236484834
57,13,1,"Black",11.4582667538312,3.06754320506264
58,13,1,"Black",11.4283650618293,3.1438670143227
59,13,1,"Black",11.3955319929011,3.21677757114049
60,13,1,"Black",11.3583978893513,3.27964865402798
61,13,1,"Black",11.3154816718904,3.32643039405158
62,13,1,"Black",11.2651908396351,3.35777302072284
63,13,1,"Black",11.2059910416577,3.37864940771153
64,13,1,"Black",11.1382713640246,3.39410447275668
65,13,1,"Black",11.0662096168364,3.40918313359734
66,13,1,"Black",10.9979419057766,3.42893030797257
67,13,1,"Black",10.9455626321118,3.45839091362139
68,13,1,"Black",10.9242082218287,3.50170978253937
69,13,1,"Black",10.9419781461477,3.55799513411433
70,13,1,"Black",10.9898559420347,3.62460423968618
71,13,1,"Black",11.0421239798962,3.6988926126149
72,13,1,"Black",11.071004887706,3.77821576626042
73,13,1,"Black",11.061302975133,3.8599292139827
74,13,1,"Black",11.0111531763276,3.94138908739194
75,13,1,"Black",10.9256179964527,4.02056729534944
76,13,1,"Black",10.8102844582146,4.09720703368872
77,13,1,"Black",10.670682006093,4.17136804237242
78,13,1,"Black",10.5122013096927,4.24311006136312
79,13,1,"Black",10.3392011006165,4.31249283062346
80,13,1,"Black",10.1541150093368,4.37957609011603
81,13,1,"Black",9.95737036854787,4.44443043106623
82,13,1,"Black",9.74738821316611,4.50777752046574
83,13,1,"Black",9.52070066115489,4.57134819274404
84,13,1,"Black",9.27324210260257,4.63696009243276
85,13,1,"Black",9.00164038880022,4.70643086406355
86,13,1,"Black",8.70333421306691,4.78157815216804
87,13,1,"Black",8.37657311074966,4.8642196012779
88,13,1,"Black",8.02041745922349,4.95628478467332
89,13,1,"Black",7.63473847789139,5.06171262052898
90,13,1,"Black",7.22021822818432,5.18618005662743
91,13,1,"Black",6.77834961356125,5.33542134827049
92,13,1,"Black",6.31143637950909,5.51517075075998
93,13,1,"Black",5.82259311354274,5.73116251939773
94,13,1,"Black",5.31574524520508,5.98913090948556
95,13,1,"Black",4.79562904606699,6.29379375664961
96,13,1,"Black",4.26779162972728,6.64179680556385
97,13,1,"Black",3.73859095181279,7.02593644475439
98,13,1,"Black",3.21519580997829,7.43898535616597
99,13,1,"Black",2.70558584390657,7.87371622174332
100,13,1,"Black",2.21855153530838,8.32290172343119
101,13,1,"Black",1.76369420792244,8.77931454317432
21,14,1,"Black",12.9723254396002,7.00070005012465
22,14,1,"Black",13.0757138571528,6.8492550922247
23,14,1,"Black",13.1512717933363,6.69781013432476
24,14,1,"Black",13.2016407678325,6.54636517642481
25,14,1,"Black",13.2293508787296,6.39492021852486
26,14,1,"Black",13.2368208025218,6.24347526062492
27,14,1,"Black",13.2263577941096,6.09203030272497
28,14,1,"Black",13.2001576867996,5.94058534482503
29,14,1,"Black",13.1603048923045,5.78914038692508
30,14,1,"Black",13.1087724007434,5.63769542902514
31,14,1,"Black",13.0474217806414,5.48625047112519
32,14,1,"Black",12.9780031789299,5.33480551322524
33,14,1,"Black",12.9021553209464,5.1833605553253
34,14,1,"Black",12.8214055104347,5.03191559742535
35,14,1,"Black",12.7371696295446,4.88047063952541
36,14,1,"Black",12.6507521388322,4.72902568162546
37,14,1,"Black",12.5633460772598,4.57758072372551
38,14,1,"Black",12.4760330621957,4.42613576582557
39,14,1,"Black",12.3897832894148,4.27469080792562
40,14,1,"Black",12.3054555330976,4.12324585002568
41,14,1,"Black",12.2237971458313,3.9721225452958
42,14,1,"Black",12.1454440586091,3.82292915958633
43,14,1,"Black",12.0709207808301,3.67759561191768
44,14,1,"Black",12.0006404003001,3.53805182131026
45,14,1,"Black",11.9349045832308,3.40622770678449
46,14,1,"Black",11.8739035742399,3.28405318736076
47,14,1,"Black",11.8177161963516,3.17345814846206
48,14,1,"Black",11.7663098509963,3.07636702012935
49,14,1,"Black",11.7195405180102,2.99469279248006
50,14,1,"Black",11.6771527556361,2.93034701514198
51,14,1,"Black",11.6387797005228,2.88524123774292
52,14,1,"Black",11.6039430677252,2.86128700991066
53,14,1,"Black",11.5720531507045,2.86039588127301
54,14,1,"Black",11.5424088213282,2.8843544775091
55,14,1,"Black",11.5141975298696,2.93116071516782
56,14,1,"Black",11.4864953050087,2.99443236484834
57,14,1,"Black",11.4582667538312,3.06754320506264
58,14,1,"Black",11.4283650618293,3.1438670143227
59,14,1,"Black",11.3955319929011,3.21677757114049
60,14,1,"Black",11.3583978893513,3.27964865402798
61,14,1,"Black",11.3154816718904,3.32643039405158
62,14,1,"Black",11.2651908396351,3.35777302072284
63,14,1,"Black",11.2059910416577,3.37864940771153
64,14,1,"Black",11.1382713640246,3.39410447275668
65,14,1,"Black",11.0662096168364,3.40918313359734
66,14,1,"Black",10.9979419057766,3.42893030797257
67,14,1,"Black",10.9455626321118,3.45839091362139
68,14,1,"Black",10.9242082218287,3.50170978253937
69,14,1,"Black",10.9419781461477,3.55799513411433
70,14,1,"Black",10.9898559420347,3.62460423968618
71,14,1,"Black",11.0421239798962,3.6988926126149
72,14,1,"Black",11.071004887706,3.77821576626042
73,14,1,"Black",11.061302975133,3.8599292139827
74,14,1,"Black",11.0111531763276,3.94138908739194
75,14,1,"Black",10.9256179964527,4.02056729534944
76,14,1,"Black",10.8102844582146,4.09720703368872
77,14,1,"Black",10.670682006093,4.17136804237242
78,14,1,"Black",10.5122013096927,4.24311006136312
79,14,1,"Black",10.3392011006165,4.31249283062346
80,14,1,"Black",10.1541150093368,4.37957609011603
81,14,1,"Black",9.95737036854787,4.44443043106623
82,14,1,"Black",9.74738821316611,4.50777752046574
83,14,1,"Black",9.52070066115489,4.57134819274404
84,14,1,"Black",9.27324210260257,4.63696009243276
85,14,1,"Black",9.00164038880022,4.70643086406355
86,14,1,"Black",8.70333421306691,4.78157815216804
87,14,1,"Black",8.37657311074966,4.8642196012779
88,14,1,"Black",8.02041745922349,4.95628478467332
89,14,1,"Black",7.63473847789139,5.06171262052898
90,14,1,"Black",7.22021822818432,5.18618005662743
91,14,1,"Black",6.77834961356125,5.33542134827049
92,14,1,"Black",6.31143637950909,5.51517075075998
93,14,1,"Black",5.82259311354274,5.73116251939773
94,14,1,"Black",5.31574524520508,5.98913090948556
95,14,1,"Black",4.79562904606699,6.29379375664961
96,14,1,"Black",4.26779162972728,6.64179680556385
97,14,1,"Black",3.73859095181279,7.02593644475439
98,14,1,"Black",3.21519580997829,7.43898535616597
99,14,1,"Black",2.70558584390657,7.87371622174332
100,14,1,"Black",2.21855153530838,8.32290172343119
101,14,1,"Black",1.76369420792244,8.77931454317432
21,15,1,"Black",12.9723254396002,7.00070005012465
22,15,1,"Black",13.0757138571528,6.8492550922247
23,15,1,"Black",13.1512717933363,6.69781013432476
24,15,1,"Black",13.2016407678325,6.54636517642481
25,15,1,"Black",13.2293508787296,6.39492021852486
26,15,1,"Black",13.2368208025218,6.24347526062492
27,15,1,"Black",13.2263577941096,6.09203030272497
28,15,1,"Black",13.2001576867996,5.94058534482503
29,15,1,"Black",13.1603048923045,5.78914038692508
30,15,1,"Black",13.1087724007434,5.63769542902514
31,15,1,"Black",13.0474217806414,5.48625047112519
32,15,1,"Black",12.9780031789299,5.33480551322524
33,15,1,"Black",12.9021553209464,5.1833605553253
34,15,1,"Black",12.8214055104347,5.03191559742535
35,15,1,"Black",12.7371696295446,4.88047063952541
36,15,1,"Black",12.6507521388322,4.72902568162546
37,15,1,"Black",12.5633460772598,4.57758072372551
38,15,1,"Black",12.4760330621957,4.42613576582557
39,15,1,"Black",12.3897832894148,4.27469080792562
40,15,1,"Black",12.3054555330976,4.12324585002568
41,15,1,"Black",12.2237971458313,3.9721225452958
42,15,1,"Black",12.1454440586091,3.82292915958633
43,15,1,"Black",12.0709207808301,3.67759561191768
44,15,1,"Black",12.0006404003001,3.53805182131026
45,15,1,"Black",11.9349045832308,3.40622770678449
46,15,1,"Black",11.8739035742399,3.28405318736076
47,15,1,"Black",11.8177161963516,3.17345814846206
48,15,1,"Black",11.7663098509963,3.07636702012935
49,15,1,"Black",11.7195405180102,2.99469279248006
50,15,1,"Black",11.6771527556361,2.93034701514198
51,15,1,"Black",11.6387797005228,2.88524123774292
52,15,1,"Black",11.6039430677252,2.86128700991066
53,15,1,"Black",11.5720531507045,2.86039588127301
54,15,1,"Black",11.5424088213282,2.8843544775091
55,15,1,"Black",11.5141975298696,2.93116071516782
56,15,1,"Black",11.4864953050087,2.99443236484834
57,15,1,"Black",11.4582667538312,3.06754320506264
58,15,1,"Black",11.4283650618293,3.1438670143227
59,15,1,"Black",11.3955319929011,3.21677757114049
60,15,1,"Black",11.3583978893513,3.27964865402798
61,15,1,"Black",11.3154816718904,3.32643039405158
62,15,1,"Black",11.2651908396351,3.35777302072284
63,15,1,"Black",11.2059910416577,3.37864940771153
64,15,1,"Black",11.1382713640246,3.39410447275668
65,15,1,"Black",11.0662096168364,3.40918313359734
66,15,1,"Black",10.9979419057766,3.42893030797257
67,15,1,"Black",10.9455626321118,3.45839091362139
68,15,1,"Black",10.9242082218287,3.50170978253937
69,15,1,"Black",10.9419781461477,3.55799513411433
70,15,1,"Black",10.9898559420347,3.62460423968618
71,15,1,"Black",11.0421239798962,3.6988926126149
72,15,1,"Black",11.071004887706,3.77821576626042
73,15,1,"Black",11.061302975133,3.8599292139827
74,15,1,"Black",11.0111531763276,3.94138908739194
75,15,1,"Black",10.9256179964527,4.02056729534944
76,15,1,"Black",10.8102844582146,4.09720703368872
77,15,1,"Black",10.670682006093,4.17136804237242
78,15,1,"Black",10.5122013096927,4.24311006136312
79,15,1,"Black",10.3392011006165,4.31249283062346
80,15,1,"Black",10.1541150093368,4.37957609011603
81,15,1,"Black",9.95737036854787,4.44443043106623
82,15,1,"Black",9.74738821316611,4.50777752046574
83,15,1,"Black",9.52070066115489,4.57134819274404
84,15,1,"Black",9.27324210260257,4.63696009243276
85,15,1,"Black",9.00164038880022,4.70643086406355
86,15,1,"Black",8.70333421306691,4.78157815216804
87,15,1,"Black",8.37657311074966,4.8642196012779
88,15,1,"Black",8.02041745922349,4.95628478467332
89,15,1,"Black",7.63473847789139,5.06171262052898
90,15,1,"Black",7.22021822818432,5.18618005662743
91,15,1,"Black",6.77834961356125,5.33542134827049
92,15,1,"Black",6.31143637950909,5.51517075075998
93,15,1,"Black",5.82259311354274,5.73116251939773
94,15,1,"Black",5.31574524520508,5.98913090948556
95,15,1,"Black",4.79562904606699,6.29379375664961
96,15,1,"Black",4.26779162972728,6.64179680556385
97,15,1,"Black",3.73859095181279,7.02593644475439
98,15,1,"Black",3.21519580997829,7.43898535616597
99,15,1,"Black",2.70558584390657,7.87371622174332
100,15,1,"Black",2.21855153530838,8.32290172343119
101,15,1,"Black",1.76369420792244,8.77931454317432
21,16,1,"Black",12.9723254396002,7.00070005012465
22,16,1,"Black",13.0757138571528,6.8492550922247
23,16,1,"Black",13.1512717933363,6.69781013432476
24,16,1,"Black",13.2016407678325,6.54636517642481
25,16,1,"Black",13.2293508787296,6.39492021852486
26,16,1,"Black",13.2368208025218,6.24347526062492
27,16,1,"Black",13.2263577941096,6.09203030272497
28,16,1,"Black",13.2001576867996,5.94058534482503
29,16,1,"Black",13.1603048923045,5.78914038692508
30,16,1,"Black",13.1087724007434,5.63769542902514
31,16,1,"Black",13.0474217806414,5.48625047112519
32,16,1,"Black",12.9780031789299,5.33480551322524
33,16,1,"Black",12.9021553209464,5.1833605553253
34,16,1,"Black",12.8214055104347,5.03191559742535
35,16,1,"Black",12.7371696295446,4.88047063952541
36,16,1,"Black",12.6507521388322,4.72902568162546
37,16,1,"Black",12.5633460772598,4.57758072372551
38,16,1,"Black",12.4760330621957,4.42613576582557
39,16,1,"Black",12.3897832894148,4.27469080792562
40,16,1,"Black",12.3054555330976,4.12324585002568
41,16,1,"Black",12.2237971458313,3.9721225452958
42,16,1,"Black",12.1454440586091,3.82292915958633
43,16,1,"Black",12.0709207808301,3.67759561191768
44,16,1,"Black",12.0006404003001,3.53805182131026
45,16,1,"Black",11.9349045832308,3.40622770678449
46,16,1,"Black",11.8739035742399,3.28405318736076
47,16,1,"Black",11.8177161963516,3.17345814846206
48,16,1,"Black",11.7663098509963,3.07636702012935
49,16,1,"Black",11.7195405180102,2.99469279248006
50,16,1,"Black",11.6771527556361,2.93034701514198
51,16,1,"Black",11.6387797005228,2.88524123774292
52,16,1,"Black",11.6039430677252,2.86128700991066
53,16,1,"Black",11.5720531507045,2.86039588127301
54,16,1,"Black",11.5424088213282,2.8843544775091
55,16,1,"Black",11.5141975298696,2.93116071516782
56,16,1,"Black",11.4864953050087,2.99443236484834
57,16,1,"Black",11.4582667538312,3.06754320506264
58,16,1,"Black",11.4283650618293,3.1438670143227
59,16,1,"Black",11.3955319929011,3.21677757114049
60,16,1,"Black",11.3583978893513,3.27964865402798
61,16,1,"Black",11.3154816718904,3.32643039405158
62,16,1,"Black",11.2651908396351,3.35777302072284
63,16,1,"Black",11.2059910416577,3.37864940771153
64,16,1,"Black",11.1382713640246,3.39410447275668
65,16,1,"Black",11.0662096168364,3.40918313359734
66,16,1,"Black",10.9979419057766,3.42893030797257
67,16,1,"Black",10.9455626321118,3.45839091362139
68,16,1,"Black",10.9242082218287,3.50170978253937
69,16,1,"Black",10.9419781461477,3.55799513411433
70,16,1,"Black",10.9898559420347,3.62460423968618
71,16,1,"Black",11.0421239798962,3.6988926126149
72,16,1,"Black",11.071004887706,3.77821576626042
73,16,1,"Black",11.061302975133,3.8599292139827
74,16,1,"Black",11.0111531763276,3.94138908739194
75,16,1,"Black",10.9256179964527,4.02056729534944
76,16,1,"Black",10.8102844582146,4.09720703368872
77,16,1,"Black",10.670682006093,4.17136804237242
78,16,1,"Black",10.5122013096927,4.24311006136312
79,16,1,"Black",10.3392011006165,4.31249283062346
80,16,1,"Black",10.1541150093368,4.37957609011603
81,16,1,"Black",9.95737036854787,4.44443043106623
82,16,1,"Black",9.74738821316611,4.50777752046574
83,16,1,"Black",9.52070066115489,4.57134819274404
84,16,1,"Black",9.27324210260257,4.63696009243276
85,16,1,"Black",9.00164038880022,4.70643086406355
86,16,1,"Black",8.70333421306691,4.78157815216804
87,16,1,"Black",8.37657311074966,4.8642196012779
88,16,1,"Black",8.02041745922349,4.95628478467332
89,16,1,"Black",7.63473847789139,5.06171262052898
90,16,1,"Black",7.22021822818432,5.18618005662743
91,16,1,"Black",6.77834961356125,5.33542134827049
92,16,1,"Black",6.31143637950909,5.51517075075998
93,16,1,"Black",5.82259311354274,5.73116251939773
94,16,1,"Black",5.31574524520508,5.98913090948556
95,16,1,"Black",4.79562904606699,6.29379375664961
96,16,1,"Black",4.26779162972728,6.64179680556385
97,16,1,"Black",3.73859095181279,7.02593644475439
98,16,1,"Black",3.21519580997829,7.43898535616597
99,16,1,"Black",2.70558584390657,7.87371622174332
100,16,1,"Black",2.21855153530838,8.32290172343119
101,16,1,"Black",1.76369420792244,8.77931454317432
21,17,1,"Black",10.8511948730992,7.00070005012465
22,17,1,"Black",11.015042145496,6.8492550922247
23,17,1,"Black",11.1510589365237,6.69781013432476
24,17,1,"Black",11.2618867658642,6.54636517642481
25,17,1,"Black",11.3500557316055,6.39492021852486
26,17,1,"Black",11.417984510242,6.24347526062492
27,17,1,"Black",11.467980356674,6.09203030272497
28,17,1,"Black",11.5022391042081,5.94058534482503
29,17,1,"Black",11.5228451645573,5.78914038692508
30,17,1,"Black",11.5317715278404,5.63769542902514
31,17,1,"Black",11.5308797625827,5.48625047112519
32,17,1,"Black",11.5219200157154,5.33480551322524
33,17,1,"Black",11.5065310125762,5.1833605553253
34,17,1,"Black",11.4862400569087,5.03191559742535
35,17,1,"Black",11.4624630308628,4.88047063952541
36,17,1,"Black",11.4365043949946,4.72902568162546
37,17,1,"Black",11.4095571882664,4.57758072372551
38,17,1,"Black",11.3827030280466,4.42613576582557
39,17,1,"Black",11.3569121101098,4.27469080792562
40,17,1,"Black",11.3330432086369,4.12324585002568
41,17,1,"Black",11.3118436762149,3.9721225452958
42,17,1,"Black",11.2939494438368,3.82292915958633
43,17,1,"Black",11.2798850209021,3.67759561191768
44,17,1,"Black",11.2700634952164,3.53805182131026
45,17,1,"Black",11.2647865329912,3.40622770678449
46,17,1,"Black",11.2642443788446,3.28405318736076
47,17,1,"Black",11.2685158558005,3.17345814846206
48,17,1,"Black",11.2775683652894,3.07636702012935
49,17,1,"Black",11.2912578871476,2.99469279248006
50,17,1,"Black",11.3093289796177,2.93034701514198
51,17,1,"Black",11.3314147793486,2.88524123774292
52,17,1,"Black",11.3570370013952,2.86128700991066
53,17,1,"Black",11.3856059392188,2.86039588127301
54,17,1,"Black",11.4164204646867,2.8843544775091
55,17,1,"Black",11.4486680280724,2.93116071516782
56,17,1,"Black",11.4814246580556,2.99443236484834
57,17,1,"Black",11.5136549617224,3.06754320506264
58,17,1,"Black",11.5442121245647,3.1438670143227
59,17,1,"Black",11.5718379104808,3.21677757114049
60,17,1,"Black",11.5951626617752,3.27964865402798
61,17,1,"Black",11.6127052991584,3.32643039405158
62,17,1,"Black",11.6228733217475,3.35777302072284
63,17,1,"Black",11.6241323786142,3.37864940771153
64,17,1,"Black",11.6168715558254,3.39410447275668
65,17,1,"Black",11.6052686634814,3.40918313359734
66,17,1,"Black",11.5974598072659,3.42893030797257
67,17,1,"Black",11.6055393884452,3.45839091362139
68,17,1,"Black",11.6446438330064,3.50170978253937
69,17,1,"Black",11.7228726121696,3.55799513411433
70,17,1,"Black",11.8312092629008,3.62460423968618
71,17,1,"Black",11.9439361556065,3.6988926126149
72,17,1,"Black",12.0332759182606,3.77821576626042
73,17,1,"Black",12.0840328605318,3.8599292139827
74,17,1,"Black",12.0943419165706,3.94138908739194
75,17,1,"Black",12.06926559154,4.02056729534944
76,17,1,"Black",12.0143909081461,4.09720703368872
77,17,1,"Black",11.9352473108687,4.17136804237242
78,17,1,"Black",11.8372254693127,4.24311006136312
79,17,1,"Black",11.7246841150807,4.31249283062346
80,17,1,"Black",11.6000568786452,4.37957609011603
81,17,1,"Black",11.4637710927005,4.44443043106623
82,17,1,"Black",11.314247792163,4.50777752046574
83,17,1,"Black",11.148019094996,4.57134819274404
84,17,1,"Black",10.9610193912879,4.63696009243276
85,17,1,"Black",10.7498765323298,4.70643086406355
86,17,1,"Black",10.5120292114407,4.78157815216804
87,17,1,"Black",10.2457269639677,4.8642196012779
88,17,1,"Black",9.95003016728573,4.95628478467332
89,17,1,"Black",9.62481004079785,5.06171262052898
90,17,1,"Black",9.27074864593502,5.18618005662743
91,17,1,"Black",8.88933888615617,5.33542134827049
92,17,1,"Black",8.48288450694824,5.51517075075998
93,17,1,"Black",8.05450009582612,5.73116251939773
94,17,1,"Black",7.60811108233269,5.98913090948556
95,17,1,"Black",7.14845373803882,6.29379375664961
96,17,1,"Black",6.68107517654334,6.64179680556385
97,17,1,"Black",6.21233335347307,7.02593644475439
98,17,1,"Black",5.74939706648281,7.43898535616597
99,17,1,"Black",5.30024595525532,7.87371622174332
100,17,1,"Black",4.87367050150135,8.32290172343119
101,17,1,"Black",4.47927202895964,8.77931454317432
21,18,1,"Black",10.8511948730992,7.00070005012465
22,18,1,"Black",11.015042145496,6.8492550922247
23,18,1,"Black",11.1510589365237,6.69781013432476
24,18,1,"Black",11.2618867658642,6.54636517642481
25,18,1,"Black",11.3500557316055,6.39492021852486
26,18,1,"Black",11.417984510242,6.24347526062492
27,18,1,"Black",11.467980356674,6.09203030272497
28,18,1,"Black",11.5022391042081,5.94058534482503
29,18,1,"Black",11.5228451645573,5.78914038692508
30,18,1,"Black",11.5317715278404,5.63769542902514
31,18,1,"Black",11.5308797625827,5.48625047112519
32,18,1,"Black",11.5219200157154,5.33480551322524
33,18,1,"Black",11.5065310125762,5.1833605553253
34,18,1,"Black",11.4862400569087,5.03191559742535
35,18,1,"Black",11.4624630308628,4.88047063952541
36,18,1,"Black",11.4365043949946,4.72902568162546
37,18,1,"Black",11.4095571882664,4.57758072372551
38,18,1,"Black",11.3827030280466,4.42613576582557
39,18,1,"Black",11.3569121101098,4.27469080792562
40,18,1,"Black",11.3330432086369,4.12324585002568
41,18,1,"Black",11.3118436762149,3.9721225452958
42,18,1,"Black",11.2939494438368,3.82292915958633
43,18,1,"Black",11.2798850209021,3.67759561191768
44,18,1,"Black",11.2700634952164,3.53805182131026
45,18,1,"Black",11.2647865329912,3.40622770678449
46,18,1,"Black",11.2642443788446,3.28405318736076
47,18,1,"Black",11.2685158558005,3.17345814846206
48,18,1,"Black",11.2775683652894,3.07636702012935
49,18,1,"Black",11.2912578871476,2.99469279248006
50,18,1,"Black",11.3093289796177,2.93034701514198
51,18,1,"Black",11.3314147793486,2.88524123774292
52,18,1,"Black",11.3570370013952,2.86128700991066
53,18,1,"Black",11.3856059392188,2.86039588127301
54,18,1,"Black",11.4164204646867,2.8843544775091
55,18,1,"Black",11.4486680280724,2.93116071516782
56,18,1,"Black",11.4814246580556,2.99443236484834
57,18,1,"Black",11.5136549617224,3.06754320506264
58,18,1,"Black",11.5442121245647,3.1438670143227
59,18,1,"Black",11.5718379104808,3.21677757114049
60,18,1,"Black",11.5951626617752,3.27964865402798
61,18,1,"Black",11.6127052991584,3.32643039405158
62,18,1,"Black",11.6228733217475,3.35777302072284
63,18,1,"Black",11.6241323786142,3.37864940771153
64,18,1,"Black",11.6168715558254,3.39410447275668
65,18,1,"Black",11.6052686634814,3.40918313359734
66,18,1,"Black",11.5974598072659,3.42893030797257
67,18,1,"Black",11.6055393884452,3.45839091362139
68,18,1,"Black",11.6446438330064,3.50170978253937
69,18,1,"Black",11.7228726121696,3.55799513411433
70,18,1,"Black",11.8312092629008,3.62460423968618
71,18,1,"Black",11.9439361556065,3.6988926126149
72,18,1,"Black",12.0332759182606,3.77821576626042
73,18,1,"Black",12.0840328605318,3.8599292139827
74,18,1,"Black",12.0943419165706,3.94138908739194
75,18,1,"Black",12.06926559154,4.02056729534944
76,18,1,"Black",12.0143909081461,4.09720703368872
77,18,1,"Black",11.9352473108687,4.17136804237242
78,18,1,"Black",11.8372254693127,4.24311006136312
79,18,1,"Black",11.7246841150807,4.31249283062346
80,18,1,"Black",11.6000568786452,4.37957609011603
81,18,1,"Black",11.4637710927005,4.44443043106623
82,18,1,"Black",11.314247792163,4.50777752046574
83,18,1,"Black",11.148019094996,4.57134819274404
84,18,1,"Black",10.9610193912879,4.63696009243276
85,18,1,"Black",10.7498765323298,4.70643086406355
86,18,1,"Black",10.5120292114407,4.78157815216804
87,18,1,"Black",10.2457269639677,4.8642196012779
88,18,1,"Black",9.95003016728573,4.95628478467332
89,18,1,"Black",9.62481004079785,5.06171262052898
90,18,1,"Black",9.27074864593502,5.18618005662743
91,18,1,"Black",8.88933888615617,5.33542134827049
92,18,1,"Black",8.48288450694824,5.51517075075998
93,18,1,"Black",8.05450009582612,5.73116251939773
94,18,1,"Black",7.60811108233269,5.98913090948556
95,18,1,"Black",7.14845373803882,6.29379375664961
96,18,1,"Black",6.68107517654334,6.64179680556385
97,18,1,"Black",6.21233335347307,7.02593644475439
98,18,1,"Black",5.74939706648281,7.43898535616597
99,18,1,"Black",5.30024595525532,7.87371622174332
100,18,1,"Black",4.87367050150135,8.32290172343119
101,18,1,"Black",4.47927202895964,8.77931454317432
21,19,1,"Black",10.8511948730992,7.00070005012465
22,19,1,"Black",11.015042145496,6.8492550922247
23,19,1,"Black",11.1510589365237,6.69781013432476
24,19,1,"Black",11.2618867658642,6.54636517642481
25,19,1,"Black",11.3500557316055,6.39492021852486
26,19,1,"Black",11.417984510242,6.24347526062492
27,19,1,"Black",11.467980356674,6.09203030272497
28,19,1,"Black",11.5022391042081,5.94058534482503
29,19,1,"Black",11.5228451645573,5.78914038692508
30,19,1,"Black",11.5317715278404,5.63769542902514
31,19,1,"Black",11.5308797625827,5.48625047112519
32,19,1,"Black",11.5219200157154,5.33480551322524
33,19,1,"Black",11.5065310125762,5.1833605553253
34,19,1,"Black",11.4862400569087,5.03191559742535
35,19,1,"Black",11.4624630308628,4.88047063952541
36,19,1,"Black",11.4365043949946,4.72902568162546
37,19,1,"Black",11.4095571882664,4.57758072372551
38,19,1,"Black",11.3827030280466,4.42613576582557
39,19,1,"Black",11.3569121101098,4.27469080792562
40,19,1,"Black",11.3330432086369,4.12324585002568
41,19,1,"Black",11.3118436762149,3.9721225452958
42,19,1,"Black",11.2939494438368,3.82292915958633
43,19,1,"Black",11.2798850209021,3.67759561191768
44,19,1,"Black",11.2700634952164,3.53805182131026
45,19,1,"Black",11.2647865329912,3.40622770678449
46,19,1,"Black",11.2642443788446,3.28405318736076
47,19,1,"Black",11.2685158558005,3.17345814846206
48,19,1,"Black",11.2775683652894,3.07636702012935
49,19,1,"Black",11.2912578871476,2.99469279248006
50,19,1,"Black",11.3093289796177,2.93034701514198
51,19,1,"Black",11.3314147793486,2.88524123774292
52,19,1,"Black",11.3570370013952,2.86128700991066
53,19,1,"Black",11.3856059392188,2.86039588127301
54,19,1,"Black",11.4164204646867,2.8843544775091
55,19,1,"Black",11.4486680280724,2.93116071516782
56,19,1,"Black",11.4814246580556,2.99443236484834
57,19,1,"Black",11.5136549617224,3.06754320506264
58,19,1,"Black",11.5442121245647,3.1438670143227
59,19,1,"Black",11.5718379104808,3.21677757114049
60,19,1,"Black",11.5951626617752,3.27964865402798
61,19,1,"Black",11.6127052991584,3.32643039405158
62,19,1,"Black",11.6228733217475,3.35777302072284
63,19,1,"Black",11.6241323786142,3.37864940771153
64,19,1,"Black",11.6168715558254,3.39410447275668
65,19,1,"Black",11.6052686634814,3.40918313359734
66,19,1,"Black",11.5974598072659,3.42893030797257
67,19,1,"Black",11.6055393884452,3.45839091362139
68,19,1,"Black",11.6446438330064,3.50170978253937
69,19,1,"Black",11.7228726121696,3.55799513411433
70,19,1,"Black",11.8312092629008,3.62460423968618
71,19,1,"Black",11.9439361556065,3.6988926126149
72,19,1,"Black",12.0332759182606,3.77821576626042
73,19,1,"Black",12.0840328605318,3.8599292139827
74,19,1,"Black",12.0943419165706,3.94138908739194
75,19,1,"Black",12.06926559154,4.02056729534944
76,19,1,"Black",12.0143909081461,4.09720703368872
77,19,1,"Black",11.9352473108687,4.17136804237242
78,19,1,"Black",11.8372254693127,4.24311006136312
79,19,1,"Black",11.7246841150807,4.31249283062346
80,19,1,"Black",11.6000568786452,4.37957609011603
81,19,1,"Black",11.4637710927005,4.44443043106623
82,19,1,"Black",11.314247792163,4.50777752046574
83,19,1,"Black",11.148019094996,4.57134819274404
84,19,1,"Black",10.9610193912879,4.63696009243276
85,19,1,"Black",10.7498765323298,4.70643086406355
86,19,1,"Black",10.5120292114407,4.78157815216804
87,19,1,"Black",10.2457269639677,4.8642196012779
88,19,1,"Black",9.95003016728573,4.95628478467332
89,19,1,"Black",9.62481004079785,5.06171262052898
90,19,1,"Black",9.27074864593502,5.18618005662743
91,19,1,"Black",8.88933888615617,5.33542134827049
92,19,1,"Black",8.48288450694824,5.51517075075998
93,19,1,"Black",8.05450009582612,5.73116251939773
94,19,1,"Black",7.60811108233269,5.98913090948556
95,19,1,"Black",7.14845373803882,6.29379375664961
96,19,1,"Black",6.68107517654334,6.64179680556385
97,19,1,"Black",6.21233335347307,7.02593644475439
98,19,1,"Black",5.74939706648281,7.43898535616597
99,19,1,"Black",5.30024595525532,7.87371622174332
100,19,1,"Black",4.87367050150135,8.32290172343119
101,19,1,"Black",4.47927202895964,8.77931454317432
21,20,1,"Black",10.8511948730992,7.00070005012465
22,20,1,"Black",11.015042145496,6.8492550922247
23,20,1,"Black",11.1510589365237,6.69781013432476
24,20,1,"Black",11.2618867658642,6.54636517642481
25,20,1,"Black",11.3500557316055,6.39492021852486
26,20,1,"Black",11.417984510242,6.24347526062492
27,20,1,"Black",11.467980356674,6.09203030272497
28,20,1,"Black",11.5022391042081,5.94058534482503
29,20,1,"Black",11.5228451645573,5.78914038692508
30,20,1,"Black",11.5317715278404,5.63769542902514
31,20,1,"Black",11.5308797625827,5.48625047112519
32,20,1,"Black",11.5219200157154,5.33480551322524
33,20,1,"Black",11.5065310125762,5.1833605553253
34,20,1,"Black",11.4862400569087,5.03191559742535
35,20,1,"Black",11.4624630308628,4.88047063952541
36,20,1,"Black",11.4365043949946,4.72902568162546
37,20,1,"Black",11.4095571882664,4.57758072372551
38,20,1,"Black",11.3827030280466,4.42613576582557
39,20,1,"Black",11.3569121101098,4.27469080792562
40,20,1,"Black",11.3330432086369,4.12324585002568
41,20,1,"Black",11.3118436762149,3.9721225452958
42,20,1,"Black",11.2939494438368,3.82292915958633
43,20,1,"Black",11.2798850209021,3.67759561191768
44,20,1,"Black",11.2700634952164,3.53805182131026
45,20,1,"Black",11.2647865329912,3.40622770678449
46,20,1,"Black",11.2642443788446,3.28405318736076
47,20,1,"Black",11.2685158558005,3.17345814846206
48,20,1,"Black",11.2775683652894,3.07636702012935
49,20,1,"Black",11.2912578871476,2.99469279248006
50,20,1,"Black",11.3093289796177,2.93034701514198
51,20,1,"Black",11.3314147793486,2.88524123774292
52,20,1,"Black",11.3570370013952,2.86128700991066
53,20,1,"Black",11.3856059392188,2.86039588127301
54,20,1,"Black",11.4164204646867,2.8843544775091
55,20,1,"Black",11.4486680280724,2.93116071516782
56,20,1,"Black",11.4814246580556,2.99443236484834
57,20,1,"Black",11.5136549617224,3.06754320506264
58,20,1,"Black",11.5442121245647,3.1438670143227
59,20,1,"Black",11.5718379104808,3.21677757114049
60,20,1,"Black",11.5951626617752,3.27964865402798
61,20,1,"Black",11.6127052991584,3.32643039405158
62,20,1,"Black",11.6228733217475,3.35777302072284
63,20,1,"Black",11.6241323786142,3.37864940771153
64,20,1,"Black",11.6168715558254,3.39410447275668
65,20,1,"Black",11.6052686634814,3.40918313359734
66,20,1,"Black",11.5974598072659,3.42893030797257
67,20,1,"Black",11.6055393884452,3.45839091362139
68,20,1,"Black",11.6446438330064,3.50170978253937
69,20,1,"Black",11.7228726121696,3.55799513411433
70,20,1,"Black",11.8312092629008,3.62460423968618
71,20,1,"Black",11.9439361556065,3.6988926126149
72,20,1,"Black",12.0332759182606,3.77821576626042
73,20,1,"Black",12.0840328605318,3.8599292139827
74,20,1,"Black",12.0943419165706,3.94138908739194
75,20,1,"Black",12.06926559154,4.02056729534944
76,20,1,"Black",12.0143909081461,4.09720703368872
77,20,1,"Black",11.9352473108687,4.17136804237242
78,20,1,"Black",11.8372254693127,4.24311006136312
79,20,1,"Black",11.7246841150807,4.31249283062346
80,20,1,"Black",11.6000568786452,4.37957609011603
81,20,1,"Black",11.4637710927005,4.44443043106623
82,20,1,"Black",11.314247792163,4.50777752046574
83,20,1,"Black",11.148019094996,4.57134819274404
84,20,1,"Black",10.9610193912879,4.63696009243276
85,20,1,"Black",10.7498765323298,4.70643086406355
86,20,1,"Black",10.5120292114407,4.78157815216804
87,20,1,"Black",10.2457269639677,4.8642196012779
88,20,1,"Black",9.95003016728573,4.95628478467332
89,20,1,"Black",9.62481004079785,5.06171262052898
90,20,1,"Black",9.27074864593502,5.18618005662743
91,20,1,"Black",8.88933888615617,5.33542134827049
92,20,1,"Black",8.48288450694824,5.51517075075998
93,20,1,"Black",8.05450009582612,5.73116251939773
94,20,1,"Black",7.60811108233269,5.98913090948556
95,20,1,"Black",7.14845373803882,6.29379375664961
96,20,1,"Black",6.68107517654334,6.64179680556385
97,20,1,"Black",6.21233335347307,7.02593644475439
98,20,1,"Black",5.74939706648281,7.43898535616597
99,20,1,"Black",5.30024595525532,7.87371622174332
100,20,1,"Black",4.87367050150135,8.32290172343119
101,20,1,"Black",4.47927202895964,8.77931454317432
21,21,1,"Black",10.8511948730992,7.00070005012465
22,21,1,"Black",11.015042145496,6.8492550922247
23,21,1,"Black",11.1510589365237,6.69781013432476
24,21,1,"Black",11.2618867658642,6.54636517642481
25,21,1,"Black",11.3500557316055,6.39492021852486
26,21,1,"Black",11.417984510242,6.24347526062492
27,21,1,"Black",11.467980356674,6.09203030272497
28,21,1,"Black",11.5022391042081,5.94058534482503
29,21,1,"Black",11.5228451645573,5.78914038692508
30,21,1,"Black",11.5317715278404,5.63769542902514
31,21,1,"Black",11.5308797625827,5.48625047112519
32,21,1,"Black",11.5219200157154,5.33480551322524
33,21,1,"Black",11.5065310125762,5.1833605553253
34,21,1,"Black",11.4862400569087,5.03191559742535
35,21,1,"Black",11.4624630308628,4.88047063952541
36,21,1,"Black",11.4365043949946,4.72902568162546
37,21,1,"Black",11.4095571882664,4.57758072372551
38,21,1,"Black",11.3827030280466,4.42613576582557
39,21,1,"Black",11.3569121101098,4.27469080792562
40,21,1,"Black",11.3330432086369,4.12324585002568
41,21,1,"Black",11.3118436762149,3.9721225452958
42,21,1,"Black",11.2939494438368,3.82292915958633
43,21,1,"Black",11.2798850209021,3.67759561191768
44,21,1,"Black",11.2700634952164,3.53805182131026
45,21,1,"Black",11.2647865329912,3.40622770678449
46,21,1,"Black",11.2642443788446,3.28405318736076
47,21,1,"Black",11.2685158558005,3.17345814846206
48,21,1,"Black",11.2775683652894,3.07636702012935
49,21,1,"Black",11.2912578871476,2.99469279248006
50,21,1,"Black",11.3093289796177,2.93034701514198
51,21,1,"Black",11.3314147793486,2.88524123774292
52,21,1,"Black",11.3570370013952,2.86128700991066
53,21,1,"Black",11.3856059392188,2.86039588127301
54,21,1,"Black",11.4164204646867,2.8843544775091
55,21,1,"Black",11.4486680280724,2.93116071516782
56,21,1,"Black",11.4814246580556,2.99443236484834
57,21,1,"Black",11.5136549617224,3.06754320506264
58,21,1,"Black",11.5442121245647,3.1438670143227
59,21,1,"Black",11.5718379104808,3.21677757114049
60,21,1,"Black",11.5951626617752,3.27964865402798
61,21,1,"Black",11.6127052991584,3.32643039405158
62,21,1,"Black",11.6228733217475,3.35777302072284
63,21,1,"Black",11.6241323786142,3.37864940771153
64,21,1,"Black",11.6168715558254,3.39410447275668
65,21,1,"Black",11.6052686634814,3.40918313359734
66,21,1,"Black",11.5974598072659,3.42893030797257
67,21,1,"Black",11.6055393884452,3.45839091362139
68,21,1,"Black",11.6446438330064,3.50170978253937
69,21,1,"Black",11.7228726121696,3.55799513411433
70,21,1,"Black",11.8312092629008,3.62460423968618
71,21,1,"Black",11.9439361556065,3.6988926126149
72,21,1,"Black",12.0332759182606,3.77821576626042
73,21,1,"Black",12.0840328605318,3.8599292139827
74,21,1,"Black",12.0943419165706,3.94138908739194
75,21,1,"Black",12.06926559154,4.02056729534944
76,21,1,"Black",12.0143909081461,4.09720703368872
77,21,1,"Black",11.9352473108687,4.17136804237242
78,21,1,"Black",11.8372254693127,4.24311006136312
79,21,1,"Black",11.7246841150807,4.31249283062346
80,21,1,"Black",11.6000568786452,4.37957609011603
81,21,1,"Black",11.4637710927005,4.44443043106623
82,21,1,"Black",11.314247792163,4.50777752046574
83,21,1,"Black",11.148019094996,4.57134819274404
84,21,1,"Black",10.9610193912879,4.63696009243276
85,21,1,"Black",10.7498765323298,4.70643086406355
86,21,1,"Black",10.5120292114407,4.78157815216804
87,21,1,"Black",10.2457269639677,4.8642196012779
88,21,1,"Black",9.95003016728573,4.95628478467332
89,21,1,"Black",9.62481004079785,5.06171262052898
90,21,1,"Black",9.27074864593502,5.18618005662743
91,21,1,"Black",8.88933888615617,5.33542134827049
92,21,1,"Black",8.48288450694824,5.51517075075998
93,21,1,"Black",8.05450009582612,5.73116251939773
94,21,1,"Black",7.60811108233269,5.98913090948556
95,21,1,"Black",7.14845373803882,6.29379375664961
96,21,1,"Black",6.68107517654334,6.64179680556385
97,21,1,"Black",6.21233335347307,7.02593644475439
98,21,1,"Black",5.74939706648281,7.43898535616597
99,21,1,"Black",5.30024595525532,7.87371622174332
100,21,1,"Black",4.87367050150135,8.32290172343119
101,21,1,"Black",4.47927202895964,8.77931454317432
21,22,1,"Black",10.8511948730992,7.00070005012465
22,22,1,"Black",11.015042145496,6.8492550922247
23,22,1,"Black",11.1510589365237,6.69781013432476
24,22,1,"Black",11.2618867658642,6.54636517642481
25,22,1,"Black",11.3500557316055,6.39492021852486
26,22,1,"Black",11.417984510242,6.24347526062492
27,22,1,"Black",11.467980356674,6.09203030272497
28,22,1,"Black",11.5022391042081,5.94058534482503
29,22,1,"Black",11.5228451645573,5.78914038692508
30,22,1,"Black",11.5317715278404,5.63769542902514
31,22,1,"Black",11.5308797625827,5.48625047112519
32,22,1,"Black",11.5219200157154,5.33480551322524
33,22,1,"Black",11.5065310125762,5.1833605553253
34,22,1,"Black",11.4862400569087,5.03191559742535
35,22,1,"Black",11.4624630308628,4.88047063952541
36,22,1,"Black",11.4365043949946,4.72902568162546
37,22,1,"Black",11.4095571882664,4.57758072372551
38,22,1,"Black",11.3827030280466,4.42613576582557
39,22,1,"Black",11.3569121101098,4.27469080792562
40,22,1,"Black",11.3330432086369,4.12324585002568
41,22,1,"Black",11.3118436762149,3.9721225452958
42,22,1,"Black",11.2939494438368,3.82292915958633
43,22,1,"Black",11.2798850209021,3.67759561191768
44,22,1,"Black",11.2700634952164,3.53805182131026
45,22,1,"Black",11.2647865329912,3.40622770678449
46,22,1,"Black",11.2642443788446,3.28405318736076
47,22,1,"Black",11.2685158558005,3.17345814846206
48,22,1,"Black",11.2775683652894,3.07636702012935
49,22,1,"Black",11.2912578871476,2.99469279248006
50,22,1,"Black",11.3093289796177,2.93034701514198
51,22,1,"Black",11.3314147793486,2.88524123774292
52,22,1,"Black",11.3570370013952,2.86128700991066
53,22,1,"Black",11.3856059392188,2.86039588127301
54,22,1,"Black",11.4164204646867,2.8843544775091
55,22,1,"Black",11.4486680280724,2.93116071516782
56,22,1,"Black",11.4814246580556,2.99443236484834
57,22,1,"Black",11.5136549617224,3.06754320506264
58,22,1,"Black",11.5442121245647,3.1438670143227
59,22,1,"Black",11.5718379104808,3.21677757114049
60,22,1,"Black",11.5951626617752,3.27964865402798
61,22,1,"Black",11.6127052991584,3.32643039405158
62,22,1,"Black",11.6228733217475,3.35777302072284
63,22,1,"Black",11.6241323786142,3.37864940771153
64,22,1,"Black",11.6168715558254,3.39410447275668
65,22,1,"Black",11.6052686634814,3.40918313359734
66,22,1,"Black",11.5974598072659,3.42893030797257
67,22,1,"Black",11.6055393884452,3.45839091362139
68,22,1,"Black",11.6446438330064,3.50170978253937
69,22,1,"Black",11.7228726121696,3.55799513411433
70,22,1,"Black",11.8312092629008,3.62460423968618
71,22,1,"Black",11.9439361556065,3.6988926126149
72,22,1,"Black",12.0332759182606,3.77821576626042
73,22,1,"Black",12.0840328605318,3.8599292139827
74,22,1,"Black",12.0943419165706,3.94138908739194
75,22,1,"Black",12.06926559154,4.02056729534944
76,22,1,"Black",12.0143909081461,4.09720703368872
77,22,1,"Black",11.9352473108687,4.17136804237242
78,22,1,"Black",11.8372254693127,4.24311006136312
79,22,1,"Black",11.7246841150807,4.31249283062346
80,22,1,"Black",11.6000568786452,4.37957609011603
81,22,1,"Black",11.4637710927005,4.44443043106623
82,22,1,"Black",11.314247792163,4.50777752046574
83,22,1,"Black",11.148019094996,4.57134819274404
84,22,1,"Black",10.9610193912879,4.63696009243276
85,22,1,"Black",10.7498765323298,4.70643086406355
86,22,1,"Black",10.5120292114407,4.78157815216804
87,22,1,"Black",10.2457269639677,4.8642196012779
88,22,1,"Black",9.95003016728573,4.95628478467332
89,22,1,"Black",9.62481004079785,5.06171262052898
90,22,1,"Black",9.27074864593502,5.18618005662743
91,22,1,"Black",8.88933888615617,5.33542134827049
92,22,1,"Black",8.48288450694824,5.51517075075998
93,22,1,"Black",8.05450009582612,5.73116251939773
94,22,1,"Black",7.60811108233269,5.98913090948556
95,22,1,"Black",7.14845373803882,6.29379375664961
96,22,1,"Black",6.68107517654334,6.64179680556385
97,22,1,"Black",6.21233335347307,7.02593644475439
98,22,1,"Black",5.74939706648281,7.43898535616597
99,22,1,"Black",5.30024595525532,7.87371622174332
100,22,1,"Black",4.87367050150135,8.32290172343119
101,22,1,"Black",4.47927202895964,8.77931454317432
21,23,1,"Black",10.8511948730992,7.00070005012465
22,23,1,"Black",11.015042145496,6.8492550922247
23,23,1,"Black",11.1510589365237,6.69781013432476
24,23,1,"Black",11.2618867658642,6.54636517642481
25,23,1,"Black",11.3500557316055,6.39492021852486
26,23,1,"Black",11.417984510242,6.24347526062492
27,23,1,"Black",11.467980356674,6.09203030272497
28,23,1,"Black",11.5022391042081,5.94058534482503
29,23,1,"Black",11.5228451645573,5.78914038692508
30,23,1,"Black",11.5317715278404,5.63769542902514
31,23,1,"Black",11.5308797625827,5.48625047112519
32,23,1,"Black",11.5219200157154,5.33480551322524
33,23,1,"Black",11.5065310125762,5.1833605553253
34,23,1,"Black",11.4862400569087,5.03191559742535
35,23,1,"Black",11.4624630308628,4.88047063952541
36,23,1,"Black",11.4365043949946,4.72902568162546
37,23,1,"Black",11.4095571882664,4.57758072372551
38,23,1,"Black",11.3827030280466,4.42613576582557
39,23,1,"Black",11.3569121101098,4.27469080792562
40,23,1,"Black",11.3330432086369,4.12324585002568
41,23,1,"Black",11.3118436762149,3.9721225452958
42,23,1,"Black",11.2939494438368,3.82292915958633
43,23,1,"Black",11.2798850209021,3.67759561191768
44,23,1,"Black",11.2700634952164,3.53805182131026
45,23,1,"Black",11.2647865329912,3.40622770678449
46,23,1,"Black",11.2642443788446,3.28405318736076
47,23,1,"Black",11.2685158558005,3.17345814846206
48,23,1,"Black",11.2775683652894,3.07636702012935
49,23,1,"Black",11.2912578871476,2.99469279248006
50,23,1,"Black",11.3093289796177,2.93034701514198
51,23,1,"Black",11.3314147793486,2.88524123774292
52,23,1,"Black",11.3570370013952,2.86128700991066
53,23,1,"Black",11.3856059392188,2.86039588127301
54,23,1,"Black",11.4164204646867,2.8843544775091
55,23,1,"Black",11.4486680280724,2.93116071516782
56,23,1,"Black",11.4814246580556,2.99443236484834
57,23,1,"Black",11.5136549617224,3.06754320506264
58,23,1,"Black",11.5442121245647,3.1438670143227
59,23,1,"Black",11.5718379104808,3.21677757114049
60,23,1,"Black",11.5951626617752,3.27964865402798
61,23,1,"Black",11.6127052991584,3.32643039405158
62,23,1,"Black",11.6228733217475,3.35777302072284
63,23,1,"Black",11.6241323786142,3.37864940771153
64,23,1,"Black",11.6168715558254,3.39410447275668
65,23,1,"Black",11.6052686634814,3.40918313359734
66,23,1,"Black",11.5974598072659,3.42893030797257
67,23,1,"Black",11.6055393884452,3.45839091362139
68,23,1,"Black",11.6446438330064,3.50170978253937
69,23,1,"Black",11.7228726121696,3.55799513411433
70,23,1,"Black",11.8312092629008,3.62460423968618
71,23,1,"Black",11.9439361556065,3.6988926126149
72,23,1,"Black",12.0332759182606,3.77821576626042
73,23,1,"Black",12.0840328605318,3.8599292139827
74,23,1,"Black",12.0943419165706,3.94138908739194
75,23,1,"Black",12.06926559154,4.02056729534944
76,23,1,"Black",12.0143909081461,4.09720703368872
77,23,1,"Black",11.9352473108687,4.17136804237242
78,23,1,"Black",11.8372254693127,4.24311006136312
79,23,1,"Black",11.7246841150807,4.31249283062346
80,23,1,"Black",11.6000568786452,4.37957609011603
81,23,1,"Black",11.4637710927005,4.44443043106623
82,23,1,"Black",11.314247792163,4.50777752046574
83,23,1,"Black",11.148019094996,4.57134819274404
84,23,1,"Black",10.9610193912879,4.63696009243276
85,23,1,"Black",10.7498765323298,4.70643086406355
86,23,1,"Black",10.5120292114407,4.78157815216804
87,23,1,"Black",10.2457269639677,4.8642196012779
88,23,1,"Black",9.95003016728573,4.95628478467332
89,23,1,"Black",9.62481004079785,5.06171262052898
90,23,1,"Black",9.27074864593502,5.18618005662743
91,23,1,"Black",8.88933888615617,5.33542134827049
92,23,1,"Black",8.48288450694824,5.51517075075998
93,23,1,"Black",8.05450009582612,5.73116251939773
94,23,1,"Black",7.60811108233269,5.98913090948556
95,23,1,"Black",7.14845373803882,6.29379375664961
96,23,1,"Black",6.68107517654334,6.64179680556385
97,23,1,"Black",6.21233335347307,7.02593644475439
98,23,1,"Black",5.74939706648281,7.43898535616597
99,23,1,"Black",5.30024595525532,7.87371622174332
100,23,1,"Black",4.87367050150135,8.32290172343119
101,23,1,"Black",4.47927202895964,8.77931454317432
21,24,1,"Black",10.8511948730992,7.00070005012465
22,24,1,"Black",11.015042145496,6.8492550922247
23,24,1,"Black",11.1510589365237,6.69781013432476
24,24,1,"Black",11.2618867658642,6.54636517642481
25,24,1,"Black",11.3500557316055,6.39492021852486
26,24,1,"Black",11.417984510242,6.24347526062492
27,24,1,"Black",11.467980356674,6.09203030272497
28,24,1,"Black",11.5022391042081,5.94058534482503
29,24,1,"Black",11.5228451645573,5.78914038692508
30,24,1,"Black",11.5317715278404,5.63769542902514
31,24,1,"Black",11.5308797625827,5.48625047112519
32,24,1,"Black",11.5219200157154,5.33480551322524
33,24,1,"Black",11.5065310125762,5.1833605553253
34,24,1,"Black",11.4862400569087,5.03191559742535
35,24,1,"Black",11.4624630308628,4.88047063952541
36,24,1,"Black",11.4365043949946,4.72902568162546
37,24,1,"Black",11.4095571882664,4.57758072372551
38,24,1,"Black",11.3827030280466,4.42613576582557
39,24,1,"Black",11.3569121101098,4.27469080792562
40,24,1,"Black",11.3330432086369,4.12324585002568
41,24,1,"Black",11.3118436762149,3.9721225452958
42,24,1,"Black",11.2939494438368,3.82292915958633
43,24,1,"Black",11.2798850209021,3.67759561191768
44,24,1,"Black",11.2700634952164,3.53805182131026
45,24,1,"Black",11.2647865329912,3.40622770678449
46,24,1,"Black",11.2642443788446,3.28405318736076
47,24,1,"Black",11.2685158558005,3.17345814846206
48,24,1,"Black",11.2775683652894,3.07636702012935
49,24,1,"Black",11.2912578871476,2.99469279248006
50,24,1,"Black",11.3093289796177,2.93034701514198
51,24,1,"Black",11.3314147793486,2.88524123774292
52,24,1,"Black",11.3570370013952,2.86128700991066
53,24,1,"Black",11.3856059392188,2.86039588127301
54,24,1,"Black",11.4164204646867,2.8843544775091
55,24,1,"Black",11.4486680280724,2.93116071516782
56,24,1,"Black",11.4814246580556,2.99443236484834
57,24,1,"Black",11.5136549617224,3.06754320506264
58,24,1,"Black",11.5442121245647,3.1438670143227
59,24,1,"Black",11.5718379104808,3.21677757114049
60,24,1,"Black",11.5951626617752,3.27964865402798
61,24,1,"Black",11.6127052991584,3.32643039405158
62,24,1,"Black",11.6228733217475,3.35777302072284
63,24,1,"Black",11.6241323786142,3.37864940771153
64,24,1,"Black",11.6168715558254,3.39410447275668
65,24,1,"Black",11.6052686634814,3.40918313359734
66,24,1,"Black",11.5974598072659,3.42893030797257
67,24,1,"Black",11.6055393884452,3.45839091362139
68,24,1,"Black",11.6446438330064,3.50170978253937
69,24,1,"Black",11.7228726121696,3.55799513411433
70,24,1,"Black",11.8312092629008,3.62460423968618
71,24,1,"Black",11.9439361556065,3.6988926126149
72,24,1,"Black",12.0332759182606,3.77821576626042
73,24,1,"Black",12.0840328605318,3.8599292139827
74,24,1,"Black",12.0943419165706,3.94138908739194
75,24,1,"Black",12.06926559154,4.02056729534944
76,24,1,"Black",12.0143909081461,4.09720703368872
77,24,1,"Black",11.9352473108687,4.17136804237242
78,24,1,"Black",11.8372254693127,4.24311006136312
79,24,1,"Black",11.7246841150807,4.31249283062346
80,24,1,"Black",11.6000568786452,4.37957609011603
81,24,1,"Black",11.4637710927005,4.44443043106623
82,24,1,"Black",11.314247792163,4.50777752046574
83,24,1,"Black",11.148019094996,4.57134819274404
84,24,1,"Black",10.9610193912879,4.63696009243276
85,24,1,"Black",10.7498765323298,4.70643086406355
86,24,1,"Black",10.5120292114407,4.78157815216804
87,24,1,"Black",10.2457269639677,4.8642196012779
88,24,1,"Black",9.95003016728573,4.95628478467332
89,24,1,"Black",9.62481004079785,5.06171262052898
90,24,1,"Black",9.27074864593502,5.18618005662743
91,24,1,"Black",8.88933888615617,5.33542134827049
92,24,1,"Black",8.48288450694824,5.51517075075998
93,24,1,"Black",8.05450009582612,5.73116251939773
94,24,1,"Black",7.60811108233269,5.98913090948556
95,24,1,"Black",7.14845373803882,6.29379375664961
96,24,1,"Black",6.68107517654334,6.64179680556385
97,24,1,"Black",6.21233335347307,7.02593644475439
98,24,1,"Black",5.74939706648281,7.43898535616597
99,24,1,"Black",5.30024595525532,7.87371622174332
100,24,1,"Black",4.87367050150135,8.32290172343119
101,24,1,"Black",4.47927202895964,8.77931454317432
21,25,1,"Black",10.8511948730992,7.00070005012465
22,25,1,"Black",11.015042145496,6.8492550922247
23,25,1,"Black",11.1510589365237,6.69781013432476
24,25,1,"Black",11.2618867658642,6.54636517642481
25,25,1,"Black",11.3500557316055,6.39492021852486
26,25,1,"Black",11.417984510242,6.24347526062492
27,25,1,"Black",11.467980356674,6.09203030272497
28,25,1,"Black",11.5022391042081,5.94058534482503
29,25,1,"Black",11.5228451645573,5.78914038692508
30,25,1,"Black",11.5317715278404,5.63769542902514
31,25,1,"Black",11.5308797625827,5.48625047112519
32,25,1,"Black",11.5219200157154,5.33480551322524
33,25,1,"Black",11.5065310125762,5.1833605553253
34,25,1,"Black",11.4862400569087,5.03191559742535
35,25,1,"Black",11.4624630308628,4.88047063952541
36,25,1,"Black",11.4365043949946,4.72902568162546
37,25,1,"Black",11.4095571882664,4.57758072372551
38,25,1,"Black",11.3827030280466,4.42613576582557
39,25,1,"Black",11.3569121101098,4.27469080792562
40,25,1,"Black",11.3330432086369,4.12324585002568
41,25,1,"Black",11.3118436762149,3.9721225452958
42,25,1,"Black",11.2939494438368,3.82292915958633
43,25,1,"Black",11.2798850209021,3.67759561191768
44,25,1,"Black",11.2700634952164,3.53805182131026
45,25,1,"Black",11.2647865329912,3.40622770678449
46,25,1,"Black",11.2642443788446,3.28405318736076
47,25,1,"Black",11.2685158558005,3.17345814846206
48,25,1,"Black",11.2775683652894,3.07636702012935
49,25,1,"Black",11.2912578871476,2.99469279248006
50,25,1,"Black",11.3093289796177,2.93034701514198
51,25,1,"Black",11.3314147793486,2.88524123774292
52,25,1,"Black",11.3570370013952,2.86128700991066
53,25,1,"Black",11.3856059392188,2.86039588127301
54,25,1,"Black",11.4164204646867,2.8843544775091
55,25,1,"Black",11.4486680280724,2.93116071516782
56,25,1,"Black",11.4814246580556,2.99443236484834
57,25,1,"Black",11.5136549617224,3.06754320506264
58,25,1,"Black",11.5442121245647,3.1438670143227
59,25,1,"Black",11.5718379104808,3.21677757114049
60,25,1,"Black",11.5951626617752,3.27964865402798
61,25,1,"Black",11.6127052991584,3.32643039405158
62,25,1,"Black",11.6228733217475,3.35777302072284
63,25,1,"Black",11.6241323786142,3.37864940771153
64,25,1,"Black",11.6168715558254,3.39410447275668
65,25,1,"Black",11.6052686634814,3.40918313359734
66,25,1,"Black",11.5974598072659,3.42893030797257
67,25,1,"Black",11.6055393884452,3.45839091362139
68,25,1,"Black",11.6446438330064,3.50170978253937
69,25,1,"Black",11.7228726121696,3.55799513411433
70,25,1,"Black",11.8312092629008,3.62460423968618
71,25,1,"Black",11.9439361556065,3.6988926126149
72,25,1,"Black",12.0332759182606,3.77821576626042
73,25,1,"Black",12.0840328605318,3.8599292139827
74,25,1,"Black",12.0943419165706,3.94138908739194
75,25,1,"Black",12.06926559154,4.02056729534944
76,25,1,"Black",12.0143909081461,4.09720703368872
77,25,1,"Black",11.9352473108687,4.17136804237242
78,25,1,"Black",11.8372254693127,4.24311006136312
79,25,1,"Black",11.7246841150807,4.31249283062346
80,25,1,"Black",11.6000568786452,4.37957609011603
81,25,1,"Black",11.4637710927005,4.44443043106623
82,25,1,"Black",11.314247792163,4.50777752046574
83,25,1,"Black",11.148019094996,4.57134819274404
84,25,1,"Black",10.9610193912879,4.63696009243276
85,25,1,"Black",10.7498765323298,4.70643086406355
86,25,1,"Black",10.5120292114407,4.78157815216804
87,25,1,"Black",10.2457269639677,4.8642196012779
88,25,1,"Black",9.95003016728573,4.95628478467332
89,25,1,"Black",9.62481004079785,5.06171262052898
90,25,1,"Black",9.27074864593502,5.18618005662743
91,25,1,"Black",8.88933888615617,5.33542134827049
92,25,1,"Black",8.48288450694824,5.51517075075998
93,25,1,"Black",8.05450009582612,5.73116251939773
94,25,1,"Black",7.60811108233269,5.98913090948556
95,25,1,"Black",7.14845373803882,6.29379375664961
96,25,1,"Black",6.68107517654334,6.64179680556385
97,25,1,"Black",6.21233335347307,7.02593644475439
98,25,1,"Black",5.74939706648281,7.43898535616597
99,25,1,"Black",5.30024595525532,7.87371622174332
100,25,1,"Black",4.87367050150135,8.32290172343119
101,25,1,"Black",4.47927202895964,8.77931454317432
