NACCAGE,EDUC,SEX,RACE,model,RACE_model,mean.adj,sd.adj,,
40,10,0,White,transformed,0,2.303522376,0.09132112,,
41,10,0,White,transformed,0,2.304406234,0.091356017,,
42,10,0,White,transformed,0,2.305305617,0.091390969,,
43,10,0,White,transformed,0,2.306228425,0.091426012,,
44,10,0,White,transformed,0,2.307182557,0.091461181,,
45,10,0,White,transformed,0,2.308175913,0.091496511,,-1.766013638
46,10,0,White,transformed,0,2.309216393,0.091532038,,
47,10,0,White,transformed,0,2.310311898,0.091567797,,
48,10,0,White,transformed,0,2.311470365,0.091603823,,
49,10,0,White,transformed,0,2.312719767,0.091640183,,
50,10,0,White,transformed,0,2.314140636,0.091677026,,
51,10,0,White,transformed,0,2.315822023,0.091714514,,
52,10,0,White,transformed,0,2.317852979,0.09175281,,
53,10,0,White,transformed,0,2.320322554,0.091792076,,
54,10,0,White,transformed,0,2.3233198,0.091832475,,
55,10,0,White,transformed,0,2.326933767,0.09187417,,
56,10,0,White,transformed,0,2.331252652,0.091917324,,
57,10,0,White,transformed,0,2.336290268,0.091962291,,
58,10,0,White,transformed,0,2.341929372,0.092009752,,
59,10,0,White,transformed,0,2.348039382,0.092060423,,
60,10,0,White,transformed,0,2.354489717,0.092115019,,-1.251373374
61,10,0,White,transformed,0,2.361149795,0.092174258,,
62,10,0,White,transformed,0,2.367889034,0.092238855,,
63,10,0,White,transformed,0,2.374576852,0.092309525,,
64,10,0,White,transformed,0,2.381084506,0.092387012,,
65,10,0,White,transformed,0,2.387344015,0.092472974,,
66,10,0,White,transformed,0,2.393360624,0.092570171,,
67,10,0,White,transformed,0,2.399143937,0.092681428,,
68,10,0,White,transformed,0,2.404703561,0.092809569,,
69,10,0,White,transformed,0,2.410049098,0.092957421,,
70,10,0,White,transformed,0,2.415190155,0.093127809,,
71,10,0,White,transformed,0,2.420136336,0.093323558,,
72,10,0,White,transformed,0,2.424897979,0.0935474,,
73,10,0,White,transformed,0,2.429497725,0.093800515,,
74,10,0,White,transformed,0,2.433968427,0.09408279,,
75,10,0,White,transformed,0,2.438343246,0.094394077,,-0.33282548
76,10,0,White,transformed,0,2.442655343,0.094734225,,
77,10,0,White,transformed,0,2.446937879,0.095103085,,
78,10,0,White,transformed,0,2.451224016,0.095500505,,
79,10,0,White,transformed,0,2.455546914,0.095926336,,
80,10,0,White,transformed,0,2.459939455,0.096380041,,
81,10,0,White,transformed,0,2.464431762,0.096857279,,
82,10,0,White,transformed,0,2.469052395,0.097351548,,
83,10,0,White,transformed,0,2.473829894,0.097856323,,
84,10,0,White,transformed,0,2.478792801,0.098365078,,
85,10,0,White,transformed,0,2.483969657,0.098871288,,
86,10,0,White,transformed,0,2.489389005,0.099368427,,
87,10,0,White,transformed,0,2.495079383,0.099849971,,
88,10,0,White,transformed,0,2.501068621,0.100310344,,
89,10,0,White,transformed,0,2.507380136,0.100749851,,
90,10,0,White,transformed,0,2.514035668,0.101171034,,
91,10,0,White,transformed,0,2.521056951,0.10157644,,
92,10,0,White,transformed,0,2.528465721,0.101968616,,
93,10,0,White,transformed,0,2.536283714,0.102350109,,
94,10,0,White,transformed,0,2.544532664,0.102723466,,
95,10,0,White,transformed,0,2.553234308,0.103091233,,
40,11,0,White,transformed,0,2.296996303,0.09132112,,
41,11,0,White,transformed,0,2.297880161,0.091356017,,
42,11,0,White,transformed,0,2.298779544,0.091390969,,
43,11,0,White,transformed,0,2.299702351,0.091426012,,
44,11,0,White,transformed,0,2.300656483,0.091461181,,
45,11,0,White,transformed,0,2.30164984,0.091496511,,
46,11,0,White,transformed,0,2.30269032,0.091532038,,
47,11,0,White,transformed,0,2.303785824,0.091567797,,
48,11,0,White,transformed,0,2.304944292,0.091603823,,
49,11,0,White,transformed,0,2.306193693,0.091640183,,
50,11,0,White,transformed,0,2.307614562,0.091677026,,
51,11,0,White,transformed,0,2.309295949,0.091714514,,
52,11,0,White,transformed,0,2.311326905,0.09175281,,
53,11,0,White,transformed,0,2.313796481,0.091792076,,
54,11,0,White,transformed,0,2.316793727,0.091832475,,
55,11,0,White,transformed,0,2.320407694,0.09187417,,
56,11,0,White,transformed,0,2.324726579,0.091917324,,
57,11,0,White,transformed,0,2.329764194,0.091962291,,
58,11,0,White,transformed,0,2.335403298,0.092009752,,
59,11,0,White,transformed,0,2.341513309,0.092060423,,
60,11,0,White,transformed,0,2.347963644,0.092115019,,
61,11,0,White,transformed,0,2.354623722,0.092174258,,
62,11,0,White,transformed,0,2.361362961,0.092238855,,
63,11,0,White,transformed,0,2.368050779,0.092309525,,
64,11,0,White,transformed,0,2.374558433,0.092387012,,
65,11,0,White,transformed,0,2.380817941,0.092472974,,
66,11,0,White,transformed,0,2.38683455,0.092570171,,
67,11,0,White,transformed,0,2.392617864,0.092681428,,
68,11,0,White,transformed,0,2.398177487,0.092809569,,
69,11,0,White,transformed,0,2.403523025,0.092957421,,
70,11,0,White,transformed,0,2.408664082,0.093127809,,
71,11,0,White,transformed,0,2.413610263,0.093323558,,
72,11,0,White,transformed,0,2.418371906,0.0935474,,
73,11,0,White,transformed,0,2.422971652,0.093800515,,
74,11,0,White,transformed,0,2.427442354,0.09408279,,
75,11,0,White,transformed,0,2.431817173,0.094394077,,
76,11,0,White,transformed,0,2.436129269,0.094734225,,
77,11,0,White,transformed,0,2.440411806,0.095103085,,
78,11,0,White,transformed,0,2.444697942,0.095500505,,
79,11,0,White,transformed,0,2.449020841,0.095926336,,
80,11,0,White,transformed,0,2.453413382,0.096380041,,
81,11,0,White,transformed,0,2.457905689,0.096857279,,
82,11,0,White,transformed,0,2.462526321,0.097351548,,
83,11,0,White,transformed,0,2.46730382,0.097856323,,
84,11,0,White,transformed,0,2.472266728,0.098365078,,
85,11,0,White,transformed,0,2.477443584,0.098871288,,
86,11,0,White,transformed,0,2.482862931,0.099368427,,
87,11,0,White,transformed,0,2.48855331,0.099849971,,
88,11,0,White,transformed,0,2.494542548,0.100310344,,
89,11,0,White,transformed,0,2.500854063,0.100749851,,
90,11,0,White,transformed,0,2.507509594,0.101171034,,
91,11,0,White,transformed,0,2.514530877,0.10157644,,
92,11,0,White,transformed,0,2.521939647,0.101968616,,
93,11,0,White,transformed,0,2.52975764,0.102350109,,
94,11,0,White,transformed,0,2.538006591,0.102723466,,
95,11,0,White,transformed,0,2.546708235,0.103091233,,
40,12,0,White,transformed,0,2.290470229,0.09132112,,
41,12,0,White,transformed,0,2.291354087,0.091356017,,
42,12,0,White,transformed,0,2.29225347,0.091390969,,
43,12,0,White,transformed,0,2.293176278,0.091426012,,
44,12,0,White,transformed,0,2.29413041,0.091461181,,
45,12,0,White,transformed,0,2.295123766,0.091496511,,
46,12,0,White,transformed,0,2.296164246,0.091532038,,
47,12,0,White,transformed,0,2.297259751,0.091567797,,
48,12,0,White,transformed,0,2.298418218,0.091603823,,
49,12,0,White,transformed,0,2.29966762,0.091640183,,
50,12,0,White,transformed,0,2.301088489,0.091677026,,
51,12,0,White,transformed,0,2.302769876,0.091714514,,
52,12,0,White,transformed,0,2.304800832,0.09175281,,
53,12,0,White,transformed,0,2.307270407,0.091792076,,
54,12,0,White,transformed,0,2.310267653,0.091832475,,
55,12,0,White,transformed,0,2.31388162,0.09187417,,
56,12,0,White,transformed,0,2.318200505,0.091917324,,
57,12,0,White,transformed,0,2.323238121,0.091962291,,
58,12,0,White,transformed,0,2.328877225,0.092009752,,
59,12,0,White,transformed,0,2.334987235,0.092060423,,
60,12,0,White,transformed,0,2.34143757,0.092115019,,
61,12,0,White,transformed,0,2.348097648,0.092174258,,
62,12,0,White,transformed,0,2.354836887,0.092238855,,
63,12,0,White,transformed,0,2.361524705,0.092309525,,
64,12,0,White,transformed,0,2.368032359,0.092387012,,
65,12,0,White,transformed,0,2.374291868,0.092472974,,
66,12,0,White,transformed,0,2.380308477,0.092570171,,
67,12,0,White,transformed,0,2.38609179,0.092681428,,
68,12,0,White,transformed,0,2.391651414,0.092809569,,
69,12,0,White,transformed,0,2.396996951,0.092957421,,
70,12,0,White,transformed,0,2.402138008,0.093127809,,
71,12,0,White,transformed,0,2.40708419,0.093323558,,
72,12,0,White,transformed,0,2.411845832,0.0935474,,
73,12,0,White,transformed,0,2.416445578,0.093800515,,
74,12,0,White,transformed,0,2.42091628,0.09408279,,
75,12,0,White,transformed,0,2.425291099,0.094394077,,
76,12,0,White,transformed,0,2.429603196,0.094734225,,
77,12,0,White,transformed,0,2.433885732,0.095103085,,
78,12,0,White,transformed,0,2.438171869,0.095500505,,
79,12,0,White,transformed,0,2.442494768,0.095926336,,
80,12,0,White,transformed,0,2.446887308,0.096380041,,
81,12,0,White,transformed,0,2.451379615,0.096857279,,
82,12,0,White,transformed,0,2.456000248,0.097351548,,
83,12,0,White,transformed,0,2.460777747,0.097856323,,
84,12,0,White,transformed,0,2.465740654,0.098365078,,
85,12,0,White,transformed,0,2.470917511,0.098871288,,
86,12,0,White,transformed,0,2.476336858,0.099368427,,
87,12,0,White,transformed,0,2.482027236,0.099849971,,
88,12,0,White,transformed,0,2.488016474,0.100310344,,
89,12,0,White,transformed,0,2.494327989,0.100749851,,
90,12,0,White,transformed,0,2.500983521,0.101171034,,
91,12,0,White,transformed,0,2.508004804,0.10157644,,
92,12,0,White,transformed,0,2.515413574,0.101968616,,
93,12,0,White,transformed,0,2.523231567,0.102350109,,
94,12,0,White,transformed,0,2.531480517,0.102723466,,
95,12,0,White,transformed,0,2.540182161,0.103091233,,
40,13,0,White,transformed,0,2.283944156,0.09132112,,
41,13,0,White,transformed,0,2.284828014,0.091356017,,
42,13,0,White,transformed,0,2.285727397,0.091390969,,
43,13,0,White,transformed,0,2.286650205,0.091426012,,
44,13,0,White,transformed,0,2.287604336,0.091461181,,
45,13,0,White,transformed,0,2.288597693,0.091496511,,
46,13,0,White,transformed,0,2.289638173,0.091532038,,
47,13,0,White,transformed,0,2.290733677,0.091567797,,
48,13,0,White,transformed,0,2.291892145,0.091603823,,
49,13,0,White,transformed,0,2.293141546,0.091640183,,
50,13,0,White,transformed,0,2.294562415,0.091677026,,
51,13,0,White,transformed,0,2.296243802,0.091714514,,
52,13,0,White,transformed,0,2.298274758,0.09175281,,
53,13,0,White,transformed,0,2.300744334,0.091792076,,
54,13,0,White,transformed,0,2.30374158,0.091832475,,
55,13,0,White,transformed,0,2.307355547,0.09187417,,
56,13,0,White,transformed,0,2.311674432,0.091917324,,
57,13,0,White,transformed,0,2.316712047,0.091962291,,
58,13,0,White,transformed,0,2.322351151,0.092009752,,
59,13,0,White,transformed,0,2.328461162,0.092060423,,
60,13,0,White,transformed,0,2.334911497,0.092115019,,
61,13,0,White,transformed,0,2.341571575,0.092174258,,
62,13,0,White,transformed,0,2.348310814,0.092238855,,
63,13,0,White,transformed,0,2.354998632,0.092309525,,
64,13,0,White,transformed,0,2.361506286,0.092387012,,
65,13,0,White,transformed,0,2.367765795,0.092472974,,
66,13,0,White,transformed,0,2.373782403,0.092570171,,
67,13,0,White,transformed,0,2.379565717,0.092681428,,
68,13,0,White,transformed,0,2.38512534,0.092809569,,
69,13,0,White,transformed,0,2.390470878,0.092957421,,
70,13,0,White,transformed,0,2.395611935,0.093127809,,
71,13,0,White,transformed,0,2.400558116,0.093323558,,
72,13,0,White,transformed,0,2.405319759,0.0935474,,
73,13,0,White,transformed,0,2.409919505,0.093800515,,
74,13,0,White,transformed,0,2.414390207,0.09408279,,
75,13,0,White,transformed,0,2.418765026,0.094394077,,
76,13,0,White,transformed,0,2.423077123,0.094734225,,
77,13,0,White,transformed,0,2.427359659,0.095103085,,
78,13,0,White,transformed,0,2.431645796,0.095500505,,
79,13,0,White,transformed,0,2.435968694,0.095926336,,
80,13,0,White,transformed,0,2.440361235,0.096380041,,
81,13,0,White,transformed,0,2.444853542,0.096857279,,
82,13,0,White,transformed,0,2.449474174,0.097351548,,
83,13,0,White,transformed,0,2.454251673,0.097856323,,
84,13,0,White,transformed,0,2.459214581,0.098365078,,
85,13,0,White,transformed,0,2.464391437,0.098871288,,
86,13,0,White,transformed,0,2.469810784,0.099368427,,
87,13,0,White,transformed,0,2.475501163,0.099849971,,
88,13,0,White,transformed,0,2.481490401,0.100310344,,
89,13,0,White,transformed,0,2.487801916,0.100749851,,
90,13,0,White,transformed,0,2.494457447,0.101171034,,
91,13,0,White,transformed,0,2.50147873,0.10157644,,
92,13,0,White,transformed,0,2.508887501,0.101968616,,
93,13,0,White,transformed,0,2.516705493,0.102350109,,
94,13,0,White,transformed,0,2.524954444,0.102723466,,
95,13,0,White,transformed,0,2.533656088,0.103091233,,
40,14,0,White,transformed,0,2.277418082,0.09132112,,
41,14,0,White,transformed,0,2.278301941,0.091356017,,
42,14,0,White,transformed,0,2.279201324,0.091390969,,
43,14,0,White,transformed,0,2.280124131,0.091426012,,
44,14,0,White,transformed,0,2.281078263,0.091461181,,
45,14,0,White,transformed,0,2.282071619,0.091496511,,
46,14,0,White,transformed,0,2.283112099,0.091532038,,
47,14,0,White,transformed,0,2.284207604,0.091567797,,
48,14,0,White,transformed,0,2.285366071,0.091603823,,
49,14,0,White,transformed,0,2.286615473,0.091640183,,
50,14,0,White,transformed,0,2.288036342,0.091677026,,
51,14,0,White,transformed,0,2.289717729,0.091714514,,
52,14,0,White,transformed,0,2.291748685,0.09175281,,
53,14,0,White,transformed,0,2.29421826,0.091792076,,
54,14,0,White,transformed,0,2.297215506,0.091832475,,
55,14,0,White,transformed,0,2.300829473,0.09187417,,
56,14,0,White,transformed,0,2.305148359,0.091917324,,
57,14,0,White,transformed,0,2.310185974,0.091962291,,
58,14,0,White,transformed,0,2.315825078,0.092009752,,
59,14,0,White,transformed,0,2.321935088,0.092060423,,
60,14,0,White,transformed,0,2.328385424,0.092115019,,
61,14,0,White,transformed,0,2.335045501,0.092174258,,
62,14,0,White,transformed,0,2.34178474,0.092238855,,
63,14,0,White,transformed,0,2.348472558,0.092309525,,
64,14,0,White,transformed,0,2.354980212,0.092387012,,
65,14,0,White,transformed,0,2.361239721,0.092472974,,
66,14,0,White,transformed,0,2.36725633,0.092570171,,
67,14,0,White,transformed,0,2.373039644,0.092681428,,
68,14,0,White,transformed,0,2.378599267,0.092809569,,
69,14,0,White,transformed,0,2.383944805,0.092957421,,
70,14,0,White,transformed,0,2.389085862,0.093127809,,
71,14,0,White,transformed,0,2.394032043,0.093323558,,
72,14,0,White,transformed,0,2.398793685,0.0935474,,
73,14,0,White,transformed,0,2.403393431,0.093800515,,
74,14,0,White,transformed,0,2.407864133,0.09408279,,
75,14,0,White,transformed,0,2.412238952,0.094394077,,
76,14,0,White,transformed,0,2.416551049,0.094734225,,
77,14,0,White,transformed,0,2.420833585,0.095103085,,
78,14,0,White,transformed,0,2.425119722,0.095500505,,
79,14,0,White,transformed,0,2.429442621,0.095926336,,
80,14,0,White,transformed,0,2.433835161,0.096380041,,
81,14,0,White,transformed,0,2.438327468,0.096857279,,
82,14,0,White,transformed,0,2.442948101,0.097351548,,
83,14,0,White,transformed,0,2.4477256,0.097856323,,
84,14,0,White,transformed,0,2.452688507,0.098365078,,
85,14,0,White,transformed,0,2.457865364,0.098871288,,
86,14,0,White,transformed,0,2.463284711,0.099368427,,
87,14,0,White,transformed,0,2.46897509,0.099849971,,
88,14,0,White,transformed,0,2.474964327,0.100310344,,
89,14,0,White,transformed,0,2.481275842,0.100749851,,
90,14,0,White,transformed,0,2.487931374,0.101171034,,
91,14,0,White,transformed,0,2.494952657,0.10157644,,
92,14,0,White,transformed,0,2.502361427,0.101968616,,
93,14,0,White,transformed,0,2.51017942,0.102350109,,
94,14,0,White,transformed,0,2.51842837,0.102723466,,
95,14,0,White,transformed,0,2.527130014,0.103091233,,
40,15,0,White,transformed,0,2.270892009,0.09132112,,
41,15,0,White,transformed,0,2.271775867,0.091356017,,
42,15,0,White,transformed,0,2.27267525,0.091390969,,
43,15,0,White,transformed,0,2.273598058,0.091426012,,
44,15,0,White,transformed,0,2.27455219,0.091461181,,
45,15,0,White,transformed,0,2.275545546,0.091496511,,
46,15,0,White,transformed,0,2.276586026,0.091532038,,
47,15,0,White,transformed,0,2.27768153,0.091567797,,
48,15,0,White,transformed,0,2.278839998,0.091603823,,
49,15,0,White,transformed,0,2.280089399,0.091640183,,
50,15,0,White,transformed,0,2.281510268,0.091677026,,
51,15,0,White,transformed,0,2.283191655,0.091714514,,
52,15,0,White,transformed,0,2.285222611,0.09175281,,
53,15,0,White,transformed,0,2.287692187,0.091792076,,
54,15,0,White,transformed,0,2.290689433,0.091832475,,
55,15,0,White,transformed,0,2.2943034,0.09187417,,
56,15,0,White,transformed,0,2.298622285,0.091917324,,
57,15,0,White,transformed,0,2.3036599,0.091962291,,
58,15,0,White,transformed,0,2.309299004,0.092009752,,
59,15,0,White,transformed,0,2.315409015,0.092060423,,
60,15,0,White,transformed,0,2.32185935,0.092115019,,
61,15,0,White,transformed,0,2.328519428,0.092174258,,
62,15,0,White,transformed,0,2.335258667,0.092238855,,
63,15,0,White,transformed,0,2.341946485,0.092309525,,
64,15,0,White,transformed,0,2.348454139,0.092387012,,
65,15,0,White,transformed,0,2.354713648,0.092472974,,
66,15,0,White,transformed,0,2.360730256,0.092570171,,
67,15,0,White,transformed,0,2.36651357,0.092681428,,
68,15,0,White,transformed,0,2.372073193,0.092809569,,
69,15,0,White,transformed,0,2.377418731,0.092957421,,
70,15,0,White,transformed,0,2.382559788,0.093127809,,
71,15,0,White,transformed,0,2.387505969,0.093323558,,
72,15,0,White,transformed,0,2.392267612,0.0935474,,
73,15,0,White,transformed,0,2.396867358,0.093800515,,
74,15,0,White,transformed,0,2.40133806,0.09408279,,
75,15,0,White,transformed,0,2.405712879,0.094394077,,
76,15,0,White,transformed,0,2.410024976,0.094734225,,
77,15,0,White,transformed,0,2.414307512,0.095103085,,
78,15,0,White,transformed,0,2.418593649,0.095500505,,
79,15,0,White,transformed,0,2.422916547,0.095926336,,
80,15,0,White,transformed,0,2.427309088,0.096380041,,
81,15,0,White,transformed,0,2.431801395,0.096857279,,
82,15,0,White,transformed,0,2.436422027,0.097351548,,
83,15,0,White,transformed,0,2.441199527,0.097856323,,
84,15,0,White,transformed,0,2.446162434,0.098365078,,
85,15,0,White,transformed,0,2.45133929,0.098871288,,
86,15,0,White,transformed,0,2.456758637,0.099368427,,
87,15,0,White,transformed,0,2.462449016,0.099849971,,
88,15,0,White,transformed,0,2.468438254,0.100310344,,
89,15,0,White,transformed,0,2.474749769,0.100749851,,
90,15,0,White,transformed,0,2.4814053,0.101171034,,
91,15,0,White,transformed,0,2.488426584,0.10157644,,
92,15,0,White,transformed,0,2.495835354,0.101968616,,
93,15,0,White,transformed,0,2.503653346,0.102350109,,
94,15,0,White,transformed,0,2.511902297,0.102723466,,
95,15,0,White,transformed,0,2.520603941,0.103091233,,
40,16,0,White,transformed,0,2.264365935,0.09132112,,
41,16,0,White,transformed,0,2.265249794,0.091356017,,
42,16,0,White,transformed,0,2.266149177,0.091390969,,
43,16,0,White,transformed,0,2.267071984,0.091426012,,
44,16,0,White,transformed,0,2.268026116,0.091461181,,
45,16,0,White,transformed,0,2.269019472,0.091496511,,-2.193969197
46,16,0,White,transformed,0,2.270059953,0.091532038,,
47,16,0,White,transformed,0,2.271155457,0.091567797,,
48,16,0,White,transformed,0,2.272313924,0.091603823,,
49,16,0,White,transformed,0,2.273563326,0.091640183,,
50,16,0,White,transformed,0,2.274984195,0.091677026,,
51,16,0,White,transformed,0,2.276665582,0.091714514,,
52,16,0,White,transformed,0,2.278696538,0.09175281,,
53,16,0,White,transformed,0,2.281166113,0.091792076,,
54,16,0,White,transformed,0,2.284163359,0.091832475,,
55,16,0,White,transformed,0,2.287777326,0.09187417,,
56,16,0,White,transformed,0,2.292096212,0.091917324,,
57,16,0,White,transformed,0,2.297133827,0.091962291,,
58,16,0,White,transformed,0,2.302772931,0.092009752,,
59,16,0,White,transformed,0,2.308882941,0.092060423,,
60,16,0,White,transformed,0,2.315333277,0.092115019,,-1.676455417
61,16,0,White,transformed,0,2.321993355,0.092174258,,
62,16,0,White,transformed,0,2.328732593,0.092238855,,
63,16,0,White,transformed,0,2.335420411,0.092309525,,
64,16,0,White,transformed,0,2.341928065,0.092387012,,
65,16,0,White,transformed,0,2.348187574,0.092472974,,
66,16,0,White,transformed,0,2.354204183,0.092570171,,
67,16,0,White,transformed,0,2.359987497,0.092681428,,
68,16,0,White,transformed,0,2.36554712,0.092809569,,
69,16,0,White,transformed,0,2.370892658,0.092957421,,
70,16,0,White,transformed,0,2.376033715,0.093127809,,
71,16,0,White,transformed,0,2.380979896,0.093323558,,
72,16,0,White,transformed,0,2.385741538,0.0935474,,
73,16,0,White,transformed,0,2.390341285,0.093800515,,
74,16,0,White,transformed,0,2.394811986,0.09408279,,
75,16,0,White,transformed,0,2.399186805,0.094394077,,-0.74764431
76,16,0,White,transformed,0,2.403498902,0.094734225,,
77,16,0,White,transformed,0,2.407781438,0.095103085,,
78,16,0,White,transformed,0,2.412067575,0.095500505,,
79,16,0,White,transformed,0,2.416390474,0.095926336,,
80,16,0,White,transformed,0,2.420783015,0.096380041,,
81,16,0,White,transformed,0,2.425275322,0.096857279,,
82,16,0,White,transformed,0,2.429895954,0.097351548,,
83,16,0,White,transformed,0,2.434673453,0.097856323,,
84,16,0,White,transformed,0,2.43963636,0.098365078,,
85,16,0,White,transformed,0,2.444813217,0.098871288,,
86,16,0,White,transformed,0,2.450232564,0.099368427,,
87,16,0,White,transformed,0,2.455922943,0.099849971,,
88,16,0,White,transformed,0,2.46191218,0.100310344,,
89,16,0,White,transformed,0,2.468223696,0.100749851,,
90,16,0,White,transformed,0,2.474879227,0.101171034,,
91,16,0,White,transformed,0,2.48190051,0.10157644,,
92,16,0,White,transformed,0,2.48930928,0.101968616,,
93,16,0,White,transformed,0,2.497127273,0.102350109,,
94,16,0,White,transformed,0,2.505376224,0.102723466,,
95,16,0,White,transformed,0,2.514077868,0.103091233,,
40,17,0,White,transformed,0,2.257839862,0.09132112,,
41,17,0,White,transformed,0,2.25872372,0.091356017,,
42,17,0,White,transformed,0,2.259623103,0.091390969,,
43,17,0,White,transformed,0,2.260545911,0.091426012,,
44,17,0,White,transformed,0,2.261500043,0.091461181,,
45,17,0,White,transformed,0,2.262493399,0.091496511,,
46,17,0,White,transformed,0,2.263533879,0.091532038,,
47,17,0,White,transformed,0,2.264629383,0.091567797,,
48,17,0,White,transformed,0,2.265787851,0.091603823,,
49,17,0,White,transformed,0,2.267037252,0.091640183,,
50,17,0,White,transformed,0,2.268458121,0.091677026,,
51,17,0,White,transformed,0,2.270139508,0.091714514,,
52,17,0,White,transformed,0,2.272170464,0.09175281,,
53,17,0,White,transformed,0,2.27464004,0.091792076,,
54,17,0,White,transformed,0,2.277637286,0.091832475,,
55,17,0,White,transformed,0,2.281251253,0.09187417,,
56,17,0,White,transformed,0,2.285570138,0.091917324,,
57,17,0,White,transformed,0,2.290607754,0.091962291,,
58,17,0,White,transformed,0,2.296246857,0.092009752,,
59,17,0,White,transformed,0,2.302356868,0.092060423,,
60,17,0,White,transformed,0,2.308807203,0.092115019,,
61,17,0,White,transformed,0,2.315467281,0.092174258,,
62,17,0,White,transformed,0,2.32220652,0.092238855,,
63,17,0,White,transformed,0,2.328894338,0.092309525,,
64,17,0,White,transformed,0,2.335401992,0.092387012,,
65,17,0,White,transformed,0,2.341661501,0.092472974,,
66,17,0,White,transformed,0,2.34767811,0.092570171,,
67,17,0,White,transformed,0,2.353461423,0.092681428,,
68,17,0,White,transformed,0,2.359021046,0.092809569,,
69,17,0,White,transformed,0,2.364366584,0.092957421,,
70,17,0,White,transformed,0,2.369507641,0.093127809,,
71,17,0,White,transformed,0,2.374453822,0.093323558,,
72,17,0,White,transformed,0,2.379215465,0.0935474,,
73,17,0,White,transformed,0,2.383815211,0.093800515,,
74,17,0,White,transformed,0,2.388285913,0.09408279,,
75,17,0,White,transformed,0,2.392660732,0.094394077,,
76,17,0,White,transformed,0,2.396972829,0.094734225,,
77,17,0,White,transformed,0,2.401255365,0.095103085,,
78,17,0,White,transformed,0,2.405541502,0.095500505,,
79,17,0,White,transformed,0,2.4098644,0.095926336,,
80,17,0,White,transformed,0,2.414256941,0.096380041,,
81,17,0,White,transformed,0,2.418749248,0.096857279,,
82,17,0,White,transformed,0,2.423369881,0.097351548,,
83,17,0,White,transformed,0,2.42814738,0.097856323,,
84,17,0,White,transformed,0,2.433110287,0.098365078,,
85,17,0,White,transformed,0,2.438287143,0.098871288,,
86,17,0,White,transformed,0,2.44370649,0.099368427,,
87,17,0,White,transformed,0,2.449396869,0.099849971,,
88,17,0,White,transformed,0,2.455386107,0.100310344,,
89,17,0,White,transformed,0,2.461697622,0.100749851,,
90,17,0,White,transformed,0,2.468353154,0.101171034,,
91,17,0,White,transformed,0,2.475374437,0.10157644,,
92,17,0,White,transformed,0,2.482783207,0.101968616,,
93,17,0,White,transformed,0,2.490601199,0.102350109,,
94,17,0,White,transformed,0,2.49885015,0.102723466,,
95,17,0,White,transformed,0,2.507551794,0.103091233,,
40,18,0,White,transformed,0,2.251313788,0.09132112,,
41,18,0,White,transformed,0,2.252197647,0.091356017,,
42,18,0,White,transformed,0,2.25309703,0.091390969,,
43,18,0,White,transformed,0,2.254019837,0.091426012,,
44,18,0,White,transformed,0,2.254973969,0.091461181,,
45,18,0,White,transformed,0,2.255967325,0.091496511,,
46,18,0,White,transformed,0,2.257007806,0.091532038,,
47,18,0,White,transformed,0,2.25810331,0.091567797,,
48,18,0,White,transformed,0,2.259261778,0.091603823,,
49,18,0,White,transformed,0,2.260511179,0.091640183,,
50,18,0,White,transformed,0,2.261932048,0.091677026,,
51,18,0,White,transformed,0,2.263613435,0.091714514,,
52,18,0,White,transformed,0,2.265644391,0.09175281,,
53,18,0,White,transformed,0,2.268113967,0.091792076,,
54,18,0,White,transformed,0,2.271111212,0.091832475,,
55,18,0,White,transformed,0,2.27472518,0.09187417,,
56,18,0,White,transformed,0,2.279044065,0.091917324,,
57,18,0,White,transformed,0,2.28408168,0.091962291,,
58,18,0,White,transformed,0,2.289720784,0.092009752,,
59,18,0,White,transformed,0,2.295830795,0.092060423,,
60,18,0,White,transformed,0,2.30228113,0.092115019,,
61,18,0,White,transformed,0,2.308941208,0.092174258,,
62,18,0,White,transformed,0,2.315680447,0.092238855,,
63,18,0,White,transformed,0,2.322368264,0.092309525,,
64,18,0,White,transformed,0,2.328875918,0.092387012,,
65,18,0,White,transformed,0,2.335135427,0.092472974,,
66,18,0,White,transformed,0,2.341152036,0.092570171,,
67,18,0,White,transformed,0,2.34693535,0.092681428,,
68,18,0,White,transformed,0,2.352494973,0.092809569,,
69,18,0,White,transformed,0,2.357840511,0.092957421,,
70,18,0,White,transformed,0,2.362981568,0.093127809,,
71,18,0,White,transformed,0,2.367927749,0.093323558,,
72,18,0,White,transformed,0,2.372689391,0.0935474,,
73,18,0,White,transformed,0,2.377289138,0.093800515,,
74,18,0,White,transformed,0,2.38175984,0.09408279,,
75,18,0,White,transformed,0,2.386134658,0.094394077,,
76,18,0,White,transformed,0,2.390446755,0.094734225,,
77,18,0,White,transformed,0,2.394729292,0.095103085,,
78,18,0,White,transformed,0,2.399015428,0.095500505,,
79,18,0,White,transformed,0,2.403338327,0.095926336,,
80,18,0,White,transformed,0,2.407730868,0.096380041,,
81,18,0,White,transformed,0,2.412223175,0.096857279,,
82,18,0,White,transformed,0,2.416843807,0.097351548,,
83,18,0,White,transformed,0,2.421621306,0.097856323,,
84,18,0,White,transformed,0,2.426584213,0.098365078,,
85,18,0,White,transformed,0,2.43176107,0.098871288,,
86,18,0,White,transformed,0,2.437180417,0.099368427,,
87,18,0,White,transformed,0,2.442870796,0.099849971,,
88,18,0,White,transformed,0,2.448860033,0.100310344,,
89,18,0,White,transformed,0,2.455171549,0.100749851,,
90,18,0,White,transformed,0,2.46182708,0.101171034,,
91,18,0,White,transformed,0,2.468848363,0.10157644,,
92,18,0,White,transformed,0,2.476257133,0.101968616,,
93,18,0,White,transformed,0,2.484075126,0.102350109,,
94,18,0,White,transformed,0,2.492324077,0.102723466,,
95,18,0,White,transformed,0,2.501025721,0.103091233,,
40,19,0,White,transformed,0,2.244787715,0.09132112,,
41,19,0,White,transformed,0,2.245671573,0.091356017,,
42,19,0,White,transformed,0,2.246570956,0.091390969,,
43,19,0,White,transformed,0,2.247493764,0.091426012,,
44,19,0,White,transformed,0,2.248447896,0.091461181,,
45,19,0,White,transformed,0,2.249441252,0.091496511,,
46,19,0,White,transformed,0,2.250481732,0.091532038,,
47,19,0,White,transformed,0,2.251577237,0.091567797,,
48,19,0,White,transformed,0,2.252735704,0.091603823,,
49,19,0,White,transformed,0,2.253985106,0.091640183,,
50,19,0,White,transformed,0,2.255405974,0.091677026,,
51,19,0,White,transformed,0,2.257087362,0.091714514,,
52,19,0,White,transformed,0,2.259118317,0.09175281,,
53,19,0,White,transformed,0,2.261587893,0.091792076,,
54,19,0,White,transformed,0,2.264585139,0.091832475,,
55,19,0,White,transformed,0,2.268199106,0.09187417,,
56,19,0,White,transformed,0,2.272517991,0.091917324,,
57,19,0,White,transformed,0,2.277555607,0.091962291,,
58,19,0,White,transformed,0,2.283194711,0.092009752,,
59,19,0,White,transformed,0,2.289304721,0.092060423,,
60,19,0,White,transformed,0,2.295755056,0.092115019,,
61,19,0,White,transformed,0,2.302415134,0.092174258,,
62,19,0,White,transformed,0,2.309154373,0.092238855,,
63,19,0,White,transformed,0,2.315842191,0.092309525,,
64,19,0,White,transformed,0,2.322349845,0.092387012,,
65,19,0,White,transformed,0,2.328609354,0.092472974,,
66,19,0,White,transformed,0,2.334625963,0.092570171,,
67,19,0,White,transformed,0,2.340409276,0.092681428,,
68,19,0,White,transformed,0,2.3459689,0.092809569,,
69,19,0,White,transformed,0,2.351314437,0.092957421,,
70,19,0,White,transformed,0,2.356455494,0.093127809,,
71,19,0,White,transformed,0,2.361401675,0.093323558,,
72,19,0,White,transformed,0,2.366163318,0.0935474,,
73,19,0,White,transformed,0,2.370763064,0.093800515,,
74,19,0,White,transformed,0,2.375233766,0.09408279,,
75,19,0,White,transformed,0,2.379608585,0.094394077,,
76,19,0,White,transformed,0,2.383920682,0.094734225,,
77,19,0,White,transformed,0,2.388203218,0.095103085,,
78,19,0,White,transformed,0,2.392489355,0.095500505,,
79,19,0,White,transformed,0,2.396812253,0.095926336,,
80,19,0,White,transformed,0,2.401204794,0.096380041,,
81,19,0,White,transformed,0,2.405697101,0.096857279,,
82,19,0,White,transformed,0,2.410317734,0.097351548,,
83,19,0,White,transformed,0,2.415095233,0.097856323,,
84,19,0,White,transformed,0,2.42005814,0.098365078,,
85,19,0,White,transformed,0,2.425234996,0.098871288,,
86,19,0,White,transformed,0,2.430654343,0.099368427,,
87,19,0,White,transformed,0,2.436344722,0.099849971,,
88,19,0,White,transformed,0,2.44233396,0.100310344,,
89,19,0,White,transformed,0,2.448645475,0.100749851,,
90,19,0,White,transformed,0,2.455301007,0.101171034,,
91,19,0,White,transformed,0,2.46232229,0.10157644,,
92,19,0,White,transformed,0,2.46973106,0.101968616,,
93,19,0,White,transformed,0,2.477549053,0.102350109,,
94,19,0,White,transformed,0,2.485798003,0.102723466,,
95,19,0,White,transformed,0,2.494499647,0.103091233,,
40,20,0,White,transformed,0,2.238261642,0.09132112,,
41,20,0,White,transformed,0,2.2391455,0.091356017,,
42,20,0,White,transformed,0,2.240044883,0.091390969,,
43,20,0,White,transformed,0,2.24096769,0.091426012,,
44,20,0,White,transformed,0,2.241921822,0.091461181,,
45,20,0,White,transformed,0,2.242915179,0.091496511,,
46,20,0,White,transformed,0,2.243955659,0.091532038,,
47,20,0,White,transformed,0,2.245051163,0.091567797,,
48,20,0,White,transformed,0,2.246209631,0.091603823,,
49,20,0,White,transformed,0,2.247459032,0.091640183,,
50,20,0,White,transformed,0,2.248879901,0.091677026,,
51,20,0,White,transformed,0,2.250561288,0.091714514,,
52,20,0,White,transformed,0,2.252592244,0.09175281,,
53,20,0,White,transformed,0,2.25506182,0.091792076,,
54,20,0,White,transformed,0,2.258059066,0.091832475,,
55,20,0,White,transformed,0,2.261673033,0.09187417,,
56,20,0,White,transformed,0,2.265991918,0.091917324,,
57,20,0,White,transformed,0,2.271029533,0.091962291,,
58,20,0,White,transformed,0,2.276668637,0.092009752,,
59,20,0,White,transformed,0,2.282778648,0.092060423,,
60,20,0,White,transformed,0,2.289228983,0.092115019,,
61,20,0,White,transformed,0,2.295889061,0.092174258,,
62,20,0,White,transformed,0,2.3026283,0.092238855,,
63,20,0,White,transformed,0,2.309316117,0.092309525,,
64,20,0,White,transformed,0,2.315823772,0.092387012,,
65,20,0,White,transformed,0,2.32208328,0.092472974,,
66,20,0,White,transformed,0,2.328099889,0.092570171,,
67,20,0,White,transformed,0,2.333883203,0.092681428,,
68,20,0,White,transformed,0,2.339442826,0.092809569,,
69,20,0,White,transformed,0,2.344788364,0.092957421,,
70,20,0,White,transformed,0,2.349929421,0.093127809,,
71,20,0,White,transformed,0,2.354875602,0.093323558,,
72,20,0,White,transformed,0,2.359637245,0.0935474,,
73,20,0,White,transformed,0,2.364236991,0.093800515,,
74,20,0,White,transformed,0,2.368707693,0.09408279,,
75,20,0,White,transformed,0,2.373082511,0.094394077,,
76,20,0,White,transformed,0,2.377394608,0.094734225,,
77,20,0,White,transformed,0,2.381677145,0.095103085,,
78,20,0,White,transformed,0,2.385963281,0.095500505,,
79,20,0,White,transformed,0,2.39028618,0.095926336,,
80,20,0,White,transformed,0,2.394678721,0.096380041,,
81,20,0,White,transformed,0,2.399171028,0.096857279,,
82,20,0,White,transformed,0,2.40379166,0.097351548,,
83,20,0,White,transformed,0,2.408569159,0.097856323,,
84,20,0,White,transformed,0,2.413532067,0.098365078,,
85,20,0,White,transformed,0,2.418708923,0.098871288,,
86,20,0,White,transformed,0,2.42412827,0.099368427,,
87,20,0,White,transformed,0,2.429818649,0.099849971,,
88,20,0,White,transformed,0,2.435807887,0.100310344,,
89,20,0,White,transformed,0,2.442119402,0.100749851,,
90,20,0,White,transformed,0,2.448774933,0.101171034,,
91,20,0,White,transformed,0,2.455796216,0.10157644,,
92,20,0,White,transformed,0,2.463204986,0.101968616,,
93,20,0,White,transformed,0,2.471022979,0.102350109,,
94,20,0,White,transformed,0,2.47927193,0.102723466,,
95,20,0,White,transformed,0,2.487973574,0.103091233,,
40,10,1,White,transformed,0,2.307192431,0.09132112,,
41,10,1,White,transformed,0,2.308076289,0.091356017,,
42,10,1,White,transformed,0,2.308975672,0.091390969,,
43,10,1,White,transformed,0,2.30989848,0.091426012,,
44,10,1,White,transformed,0,2.310852612,0.091461181,,
45,10,1,White,transformed,0,2.311845968,0.091496511,,-1.725902218
46,10,1,White,transformed,0,2.312886448,0.091532038,,
47,10,1,White,transformed,0,2.313981953,0.091567797,,
48,10,1,White,transformed,0,2.31514042,0.091603823,,
49,10,1,White,transformed,0,2.316389822,0.091640183,,
50,10,1,White,transformed,0,2.31781069,0.091677026,,
51,10,1,White,transformed,0,2.319492078,0.091714514,,
52,10,1,White,transformed,0,2.321523034,0.09175281,,
53,10,1,White,transformed,0,2.323992609,0.091792076,,
54,10,1,White,transformed,0,2.326989855,0.091832475,,
55,10,1,White,transformed,0,2.330603822,0.09187417,,
56,10,1,White,transformed,0,2.334922707,0.091917324,,
57,10,1,White,transformed,0,2.339960323,0.091962291,,
58,10,1,White,transformed,0,2.345599427,0.092009752,,
59,10,1,White,transformed,0,2.351709437,0.092060423,,
60,10,1,White,transformed,0,2.358159772,0.092115019,,-1.211531283
61,10,1,White,transformed,0,2.36481985,0.092174258,,
62,10,1,White,transformed,0,2.371559089,0.092238855,,
63,10,1,White,transformed,0,2.378246907,0.092309525,,
64,10,1,White,transformed,0,2.384754561,0.092387012,,
65,10,1,White,transformed,0,2.39101407,0.092472974,,
66,10,1,White,transformed,0,2.397030679,0.092570171,,
67,10,1,White,transformed,0,2.402813992,0.092681428,,
68,10,1,White,transformed,0,2.408373616,0.092809569,,
69,10,1,White,transformed,0,2.413719153,0.092957421,,
70,10,1,White,transformed,0,2.41886021,0.093127809,,
71,10,1,White,transformed,0,2.423806391,0.093323558,,
72,10,1,White,transformed,0,2.428568034,0.0935474,,
73,10,1,White,transformed,0,2.43316778,0.093800515,,
74,10,1,White,transformed,0,2.437638482,0.09408279,,
75,10,1,White,transformed,0,2.442013301,0.094394077,,-0.293945339
76,10,1,White,transformed,0,2.446325398,0.094734225,,
77,10,1,White,transformed,0,2.450607934,0.095103085,,
78,10,1,White,transformed,0,2.454894071,0.095500505,,
79,10,1,White,transformed,0,2.459216969,0.095926336,,
80,10,1,White,transformed,0,2.46360951,0.096380041,,
81,10,1,White,transformed,0,2.468101817,0.096857279,,
82,10,1,White,transformed,0,2.47272245,0.097351548,,
83,10,1,White,transformed,0,2.477499949,0.097856323,,
84,10,1,White,transformed,0,2.482462856,0.098365078,,
85,10,1,White,transformed,0,2.487639712,0.098871288,,
86,10,1,White,transformed,0,2.493059059,0.099368427,,
87,10,1,White,transformed,0,2.498749438,0.099849971,,
88,10,1,White,transformed,0,2.504738676,0.100310344,,
89,10,1,White,transformed,0,2.511050191,0.100749851,,
90,10,1,White,transformed,0,2.517705723,0.101171034,,
91,10,1,White,transformed,0,2.524727006,0.10157644,,
92,10,1,White,transformed,0,2.532135776,0.101968616,,
93,10,1,White,transformed,0,2.539953769,0.102350109,,
94,10,1,White,transformed,0,2.548202719,0.102723466,,
95,10,1,White,transformed,0,2.556904363,0.103091233,,
40,11,1,White,transformed,0,2.300666358,0.09132112,,
41,11,1,White,transformed,0,2.301550216,0.091356017,,
42,11,1,White,transformed,0,2.302449599,0.091390969,,
43,11,1,White,transformed,0,2.303372406,0.091426012,,
44,11,1,White,transformed,0,2.304326538,0.091461181,,
45,11,1,White,transformed,0,2.305319895,0.091496511,,
46,11,1,White,transformed,0,2.306360375,0.091532038,,
47,11,1,White,transformed,0,2.307455879,0.091567797,,
48,11,1,White,transformed,0,2.308614347,0.091603823,,
49,11,1,White,transformed,0,2.309863748,0.091640183,,
50,11,1,White,transformed,0,2.311284617,0.091677026,,
51,11,1,White,transformed,0,2.312966004,0.091714514,,
52,11,1,White,transformed,0,2.31499696,0.09175281,,
53,11,1,White,transformed,0,2.317466536,0.091792076,,
54,11,1,White,transformed,0,2.320463782,0.091832475,,
55,11,1,White,transformed,0,2.324077749,0.09187417,,
56,11,1,White,transformed,0,2.328396634,0.091917324,,
57,11,1,White,transformed,0,2.333434249,0.091962291,,
58,11,1,White,transformed,0,2.339073353,0.092009752,,
59,11,1,White,transformed,0,2.345183364,0.092060423,,
60,11,1,White,transformed,0,2.351633699,0.092115019,,
61,11,1,White,transformed,0,2.358293777,0.092174258,,
62,11,1,White,transformed,0,2.365033016,0.092238855,,
63,11,1,White,transformed,0,2.371720833,0.092309525,,
64,11,1,White,transformed,0,2.378228488,0.092387012,,
65,11,1,White,transformed,0,2.384487996,0.092472974,,
66,11,1,White,transformed,0,2.390504605,0.092570171,,
67,11,1,White,transformed,0,2.396287919,0.092681428,,
68,11,1,White,transformed,0,2.401847542,0.092809569,,
69,11,1,White,transformed,0,2.40719308,0.092957421,,
70,11,1,White,transformed,0,2.412334137,0.093127809,,
71,11,1,White,transformed,0,2.417280318,0.093323558,,
72,11,1,White,transformed,0,2.422041961,0.0935474,,
73,11,1,White,transformed,0,2.426641707,0.093800515,,
74,11,1,White,transformed,0,2.431112409,0.09408279,,
75,11,1,White,transformed,0,2.435487227,0.094394077,,
76,11,1,White,transformed,0,2.439799324,0.094734225,,
77,11,1,White,transformed,0,2.444081861,0.095103085,,
78,11,1,White,transformed,0,2.448367997,0.095500505,,
79,11,1,White,transformed,0,2.452690896,0.095926336,,
80,11,1,White,transformed,0,2.457083437,0.096380041,,
81,11,1,White,transformed,0,2.461575744,0.096857279,,
82,11,1,White,transformed,0,2.466196376,0.097351548,,
83,11,1,White,transformed,0,2.470973875,0.097856323,,
84,11,1,White,transformed,0,2.475936783,0.098365078,,
85,11,1,White,transformed,0,2.481113639,0.098871288,,
86,11,1,White,transformed,0,2.486532986,0.099368427,,
87,11,1,White,transformed,0,2.492223365,0.099849971,,
88,11,1,White,transformed,0,2.498212603,0.100310344,,
89,11,1,White,transformed,0,2.504524118,0.100749851,,
90,11,1,White,transformed,0,2.511179649,0.101171034,,
91,11,1,White,transformed,0,2.518200932,0.10157644,,
92,11,1,White,transformed,0,2.525609702,0.101968616,,
93,11,1,White,transformed,0,2.533427695,0.102350109,,
94,11,1,White,transformed,0,2.541676646,0.102723466,,
95,11,1,White,transformed,0,2.55037829,0.103091233,,
40,12,1,White,transformed,0,2.294140284,0.09132112,,
41,12,1,White,transformed,0,2.295024142,0.091356017,,
42,12,1,White,transformed,0,2.295923525,0.091390969,,
43,12,1,White,transformed,0,2.296846333,0.091426012,,
44,12,1,White,transformed,0,2.297800465,0.091461181,,
45,12,1,White,transformed,0,2.298793821,0.091496511,,
46,12,1,White,transformed,0,2.299834301,0.091532038,,
47,12,1,White,transformed,0,2.300929806,0.091567797,,
48,12,1,White,transformed,0,2.302088273,0.091603823,,
49,12,1,White,transformed,0,2.303337675,0.091640183,,
50,12,1,White,transformed,0,2.304758544,0.091677026,,
51,12,1,White,transformed,0,2.306439931,0.091714514,,
52,12,1,White,transformed,0,2.308470887,0.09175281,,
53,12,1,White,transformed,0,2.310940462,0.091792076,,
54,12,1,White,transformed,0,2.313937708,0.091832475,,
55,12,1,White,transformed,0,2.317551675,0.09187417,,
56,12,1,White,transformed,0,2.32187056,0.091917324,,
57,12,1,White,transformed,0,2.326908176,0.091962291,,
58,12,1,White,transformed,0,2.33254728,0.092009752,,
59,12,1,White,transformed,0,2.33865729,0.092060423,,
60,12,1,White,transformed,0,2.345107625,0.092115019,,
61,12,1,White,transformed,0,2.351767703,0.092174258,,
62,12,1,White,transformed,0,2.358506942,0.092238855,,
63,12,1,White,transformed,0,2.36519476,0.092309525,,
64,12,1,White,transformed,0,2.371702414,0.092387012,,
65,12,1,White,transformed,0,2.377961923,0.092472974,,
66,12,1,White,transformed,0,2.383978532,0.092570171,,
67,12,1,White,transformed,0,2.389761845,0.092681428,,
68,12,1,White,transformed,0,2.395321469,0.092809569,,
69,12,1,White,transformed,0,2.400667006,0.092957421,,
70,12,1,White,transformed,0,2.405808063,0.093127809,,
71,12,1,White,transformed,0,2.410754245,0.093323558,,
72,12,1,White,transformed,0,2.415515887,0.0935474,,
73,12,1,White,transformed,0,2.420115633,0.093800515,,
74,12,1,White,transformed,0,2.424586335,0.09408279,,
75,12,1,White,transformed,0,2.428961154,0.094394077,,
76,12,1,White,transformed,0,2.433273251,0.094734225,,
77,12,1,White,transformed,0,2.437555787,0.095103085,,
78,12,1,White,transformed,0,2.441841924,0.095500505,,
79,12,1,White,transformed,0,2.446164822,0.095926336,,
80,12,1,White,transformed,0,2.450557363,0.096380041,,
81,12,1,White,transformed,0,2.45504967,0.096857279,,
82,12,1,White,transformed,0,2.459670303,0.097351548,,
83,12,1,White,transformed,0,2.464447802,0.097856323,,
84,12,1,White,transformed,0,2.469410709,0.098365078,,
85,12,1,White,transformed,0,2.474587566,0.098871288,,
86,12,1,White,transformed,0,2.480006913,0.099368427,,
87,12,1,White,transformed,0,2.485697291,0.099849971,,
88,12,1,White,transformed,0,2.491686529,0.100310344,,
89,12,1,White,transformed,0,2.497998044,0.100749851,,
90,12,1,White,transformed,0,2.504653576,0.101171034,,
91,12,1,White,transformed,0,2.511674859,0.10157644,,
92,12,1,White,transformed,0,2.519083629,0.101968616,,
93,12,1,White,transformed,0,2.526901622,0.102350109,,
94,12,1,White,transformed,0,2.535150572,0.102723466,,
95,12,1,White,transformed,0,2.543852216,0.103091233,,
40,13,1,White,transformed,0,2.287614211,0.09132112,,
41,13,1,White,transformed,0,2.288498069,0.091356017,,
42,13,1,White,transformed,0,2.289397452,0.091390969,,
43,13,1,White,transformed,0,2.29032026,0.091426012,,
44,13,1,White,transformed,0,2.291274391,0.091461181,,
45,13,1,White,transformed,0,2.292267748,0.091496511,,
46,13,1,White,transformed,0,2.293308228,0.091532038,,
47,13,1,White,transformed,0,2.294403732,0.091567797,,
48,13,1,White,transformed,0,2.2955622,0.091603823,,
49,13,1,White,transformed,0,2.296811601,0.091640183,,
50,13,1,White,transformed,0,2.29823247,0.091677026,,
51,13,1,White,transformed,0,2.299913857,0.091714514,,
52,13,1,White,transformed,0,2.301944813,0.09175281,,
53,13,1,White,transformed,0,2.304414389,0.091792076,,
54,13,1,White,transformed,0,2.307411635,0.091832475,,
55,13,1,White,transformed,0,2.311025602,0.09187417,,
56,13,1,White,transformed,0,2.315344487,0.091917324,,
57,13,1,White,transformed,0,2.320382102,0.091962291,,
58,13,1,White,transformed,0,2.326021206,0.092009752,,
59,13,1,White,transformed,0,2.332131217,0.092060423,,
60,13,1,White,transformed,0,2.338581552,0.092115019,,
61,13,1,White,transformed,0,2.34524163,0.092174258,,
62,13,1,White,transformed,0,2.351980869,0.092238855,,
63,13,1,White,transformed,0,2.358668687,0.092309525,,
64,13,1,White,transformed,0,2.365176341,0.092387012,,
65,13,1,White,transformed,0,2.371435849,0.092472974,,
66,13,1,White,transformed,0,2.377452458,0.092570171,,
67,13,1,White,transformed,0,2.383235772,0.092681428,,
68,13,1,White,transformed,0,2.388795395,0.092809569,,
69,13,1,White,transformed,0,2.394140933,0.092957421,,
70,13,1,White,transformed,0,2.39928199,0.093127809,,
71,13,1,White,transformed,0,2.404228171,0.093323558,,
72,13,1,White,transformed,0,2.408989814,0.0935474,,
73,13,1,White,transformed,0,2.41358956,0.093800515,,
74,13,1,White,transformed,0,2.418060262,0.09408279,,
75,13,1,White,transformed,0,2.422435081,0.094394077,,
76,13,1,White,transformed,0,2.426747178,0.094734225,,
77,13,1,White,transformed,0,2.431029714,0.095103085,,
78,13,1,White,transformed,0,2.435315851,0.095500505,,
79,13,1,White,transformed,0,2.439638749,0.095926336,,
80,13,1,White,transformed,0,2.44403129,0.096380041,,
81,13,1,White,transformed,0,2.448523597,0.096857279,,
82,13,1,White,transformed,0,2.453144229,0.097351548,,
83,13,1,White,transformed,0,2.457921728,0.097856323,,
84,13,1,White,transformed,0,2.462884636,0.098365078,,
85,13,1,White,transformed,0,2.468061492,0.098871288,,
86,13,1,White,transformed,0,2.473480839,0.099368427,,
87,13,1,White,transformed,0,2.479171218,0.099849971,,
88,13,1,White,transformed,0,2.485160456,0.100310344,,
89,13,1,White,transformed,0,2.491471971,0.100749851,,
90,13,1,White,transformed,0,2.498127502,0.101171034,,
91,13,1,White,transformed,0,2.505148785,0.10157644,,
92,13,1,White,transformed,0,2.512557556,0.101968616,,
93,13,1,White,transformed,0,2.520375548,0.102350109,,
94,13,1,White,transformed,0,2.528624499,0.102723466,,
95,13,1,White,transformed,0,2.537326143,0.103091233,,
40,14,1,White,transformed,0,2.281088137,0.09132112,,
41,14,1,White,transformed,0,2.281971996,0.091356017,,
42,14,1,White,transformed,0,2.282871379,0.091390969,,
43,14,1,White,transformed,0,2.283794186,0.091426012,,
44,14,1,White,transformed,0,2.284748318,0.091461181,,
45,14,1,White,transformed,0,2.285741674,0.091496511,,
46,14,1,White,transformed,0,2.286782154,0.091532038,,
47,14,1,White,transformed,0,2.287877659,0.091567797,,
48,14,1,White,transformed,0,2.289036126,0.091603823,,
49,14,1,White,transformed,0,2.290285528,0.091640183,,
50,14,1,White,transformed,0,2.291706397,0.091677026,,
51,14,1,White,transformed,0,2.293387784,0.091714514,,
52,14,1,White,transformed,0,2.29541874,0.09175281,,
53,14,1,White,transformed,0,2.297888315,0.091792076,,
54,14,1,White,transformed,0,2.300885561,0.091832475,,
55,14,1,White,transformed,0,2.304499528,0.09187417,,
56,14,1,White,transformed,0,2.308818414,0.091917324,,
57,14,1,White,transformed,0,2.313856029,0.091962291,,
58,14,1,White,transformed,0,2.319495133,0.092009752,,
59,14,1,White,transformed,0,2.325605143,0.092060423,,
60,14,1,White,transformed,0,2.332055478,0.092115019,,
61,14,1,White,transformed,0,2.338715556,0.092174258,,
62,14,1,White,transformed,0,2.345454795,0.092238855,,
63,14,1,White,transformed,0,2.352142613,0.092309525,,
64,14,1,White,transformed,0,2.358650267,0.092387012,,
65,14,1,White,transformed,0,2.364909776,0.092472974,,
66,14,1,White,transformed,0,2.370926385,0.092570171,,
67,14,1,White,transformed,0,2.376709698,0.092681428,,
68,14,1,White,transformed,0,2.382269322,0.092809569,,
69,14,1,White,transformed,0,2.38761486,0.092957421,,
70,14,1,White,transformed,0,2.392755917,0.093127809,,
71,14,1,White,transformed,0,2.397702098,0.093323558,,
72,14,1,White,transformed,0,2.40246374,0.0935474,,
73,14,1,White,transformed,0,2.407063486,0.093800515,,
74,14,1,White,transformed,0,2.411534188,0.09408279,,
75,14,1,White,transformed,0,2.415909007,0.094394077,,
76,14,1,White,transformed,0,2.420221104,0.094734225,,
77,14,1,White,transformed,0,2.42450364,0.095103085,,
78,14,1,White,transformed,0,2.428789777,0.095500505,,
79,14,1,White,transformed,0,2.433112676,0.095926336,,
80,14,1,White,transformed,0,2.437505216,0.096380041,,
81,14,1,White,transformed,0,2.441997523,0.096857279,,
82,14,1,White,transformed,0,2.446618156,0.097351548,,
83,14,1,White,transformed,0,2.451395655,0.097856323,,
84,14,1,White,transformed,0,2.456358562,0.098365078,,
85,14,1,White,transformed,0,2.461535419,0.098871288,,
86,14,1,White,transformed,0,2.466954766,0.099368427,,
87,14,1,White,transformed,0,2.472645145,0.099849971,,
88,14,1,White,transformed,0,2.478634382,0.100310344,,
89,14,1,White,transformed,0,2.484945897,0.100749851,,
90,14,1,White,transformed,0,2.491601429,0.101171034,,
91,14,1,White,transformed,0,2.498622712,0.10157644,,
92,14,1,White,transformed,0,2.506031482,0.101968616,,
93,14,1,White,transformed,0,2.513849475,0.102350109,,
94,14,1,White,transformed,0,2.522098425,0.102723466,,
95,14,1,White,transformed,0,2.530800069,0.103091233,,
40,15,1,White,transformed,0,2.274562064,0.09132112,,
41,15,1,White,transformed,0,2.275445922,0.091356017,,
42,15,1,White,transformed,0,2.276345305,0.091390969,,
43,15,1,White,transformed,0,2.277268113,0.091426012,,
44,15,1,White,transformed,0,2.278222245,0.091461181,,
45,15,1,White,transformed,0,2.279215601,0.091496511,,
46,15,1,White,transformed,0,2.280256081,0.091532038,,
47,15,1,White,transformed,0,2.281351585,0.091567797,,
48,15,1,White,transformed,0,2.282510053,0.091603823,,
49,15,1,White,transformed,0,2.283759454,0.091640183,,
50,15,1,White,transformed,0,2.285180323,0.091677026,,
51,15,1,White,transformed,0,2.28686171,0.091714514,,
52,15,1,White,transformed,0,2.288892666,0.09175281,,
53,15,1,White,transformed,0,2.291362242,0.091792076,,
54,15,1,White,transformed,0,2.294359488,0.091832475,,
55,15,1,White,transformed,0,2.297973455,0.09187417,,
56,15,1,White,transformed,0,2.30229234,0.091917324,,
57,15,1,White,transformed,0,2.307329955,0.091962291,,
58,15,1,White,transformed,0,2.312969059,0.092009752,,
59,15,1,White,transformed,0,2.31907907,0.092060423,,
60,15,1,White,transformed,0,2.325529405,0.092115019,,
61,15,1,White,transformed,0,2.332189483,0.092174258,,
62,15,1,White,transformed,0,2.338928722,0.092238855,,
63,15,1,White,transformed,0,2.34561654,0.092309525,,
64,15,1,White,transformed,0,2.352124194,0.092387012,,
65,15,1,White,transformed,0,2.358383703,0.092472974,,
66,15,1,White,transformed,0,2.364400311,0.092570171,,
67,15,1,White,transformed,0,2.370183625,0.092681428,,
68,15,1,White,transformed,0,2.375743248,0.092809569,,
69,15,1,White,transformed,0,2.381088786,0.092957421,,
70,15,1,White,transformed,0,2.386229843,0.093127809,,
71,15,1,White,transformed,0,2.391176024,0.093323558,,
72,15,1,White,transformed,0,2.395937667,0.0935474,,
73,15,1,White,transformed,0,2.400537413,0.093800515,,
74,15,1,White,transformed,0,2.405008115,0.09408279,,
75,15,1,White,transformed,0,2.409382934,0.094394077,,
76,15,1,White,transformed,0,2.413695031,0.094734225,,
77,15,1,White,transformed,0,2.417977567,0.095103085,,
78,15,1,White,transformed,0,2.422263704,0.095500505,,
79,15,1,White,transformed,0,2.426586602,0.095926336,,
80,15,1,White,transformed,0,2.430979143,0.096380041,,
81,15,1,White,transformed,0,2.43547145,0.096857279,,
82,15,1,White,transformed,0,2.440092082,0.097351548,,
83,15,1,White,transformed,0,2.444869582,0.097856323,,
84,15,1,White,transformed,0,2.449832489,0.098365078,,
85,15,1,White,transformed,0,2.455009345,0.098871288,,
86,15,1,White,transformed,0,2.460428692,0.099368427,,
87,15,1,White,transformed,0,2.466119071,0.099849971,,
88,15,1,White,transformed,0,2.472108309,0.100310344,,
89,15,1,White,transformed,0,2.478419824,0.100749851,,
90,15,1,White,transformed,0,2.485075355,0.101171034,,
91,15,1,White,transformed,0,2.492096638,0.10157644,,
92,15,1,White,transformed,0,2.499505409,0.101968616,,
93,15,1,White,transformed,0,2.507323401,0.102350109,,
94,15,1,White,transformed,0,2.515572352,0.102723466,,
95,15,1,White,transformed,0,2.524273996,0.103091233,,
40,16,1,White,transformed,0,2.26803599,0.09132112,,
41,16,1,White,transformed,0,2.268919849,0.091356017,,
42,16,1,White,transformed,0,2.269819232,0.091390969,,
43,16,1,White,transformed,0,2.270742039,0.091426012,,
44,16,1,White,transformed,0,2.271696171,0.091461181,,
45,16,1,White,transformed,0,2.272689527,0.091496511,,-2.153857777
46,16,1,White,transformed,0,2.273730008,0.091532038,,
47,16,1,White,transformed,0,2.274825512,0.091567797,,
48,16,1,White,transformed,0,2.275983979,0.091603823,,
49,16,1,White,transformed,0,2.277233381,0.091640183,,
50,16,1,White,transformed,0,2.27865425,0.091677026,,
51,16,1,White,transformed,0,2.280335637,0.091714514,,
52,16,1,White,transformed,0,2.282366593,0.09175281,,
53,16,1,White,transformed,0,2.284836168,0.091792076,,
54,16,1,White,transformed,0,2.287833414,0.091832475,,
55,16,1,White,transformed,0,2.291447381,0.09187417,,
56,16,1,White,transformed,0,2.295766267,0.091917324,,
57,16,1,White,transformed,0,2.300803882,0.091962291,,
58,16,1,White,transformed,0,2.306442986,0.092009752,,
59,16,1,White,transformed,0,2.312552996,0.092060423,,
60,16,1,White,transformed,0,2.319003332,0.092115019,,-1.636613326
61,16,1,White,transformed,0,2.32566341,0.092174258,,
62,16,1,White,transformed,0,2.332402648,0.092238855,,
63,16,1,White,transformed,0,2.339090466,0.092309525,,
64,16,1,White,transformed,0,2.34559812,0.092387012,,
65,16,1,White,transformed,0,2.351857629,0.092472974,,
66,16,1,White,transformed,0,2.357874238,0.092570171,,
67,16,1,White,transformed,0,2.363657552,0.092681428,,
68,16,1,White,transformed,0,2.369217175,0.092809569,,
69,16,1,White,transformed,0,2.374562713,0.092957421,,
70,16,1,White,transformed,0,2.37970377,0.093127809,,
71,16,1,White,transformed,0,2.384649951,0.093323558,,
72,16,1,White,transformed,0,2.389411593,0.0935474,,
73,16,1,White,transformed,0,2.39401134,0.093800515,,
74,16,1,White,transformed,0,2.398482041,0.09408279,,
75,16,1,White,transformed,0,2.40285686,0.094394077,,-0.708764169
76,16,1,White,transformed,0,2.407168957,0.094734225,,
77,16,1,White,transformed,0,2.411451493,0.095103085,,
78,16,1,White,transformed,0,2.41573763,0.095500505,,
79,16,1,White,transformed,0,2.420060529,0.095926336,,
80,16,1,White,transformed,0,2.424453069,0.096380041,,
81,16,1,White,transformed,0,2.428945376,0.096857279,,
82,16,1,White,transformed,0,2.433566009,0.097351548,,
83,16,1,White,transformed,0,2.438343508,0.097856323,,
84,16,1,White,transformed,0,2.443306415,0.098365078,,
85,16,1,White,transformed,0,2.448483272,0.098871288,,
86,16,1,White,transformed,0,2.453902619,0.099368427,,
87,16,1,White,transformed,0,2.459592998,0.099849971,,
88,16,1,White,transformed,0,2.465582235,0.100310344,,
89,16,1,White,transformed,0,2.471893751,0.100749851,,
90,16,1,White,transformed,0,2.478549282,0.101171034,,
91,16,1,White,transformed,0,2.485570565,0.10157644,,
92,16,1,White,transformed,0,2.492979335,0.101968616,,
93,16,1,White,transformed,0,2.500797328,0.102350109,,
94,16,1,White,transformed,0,2.509046279,0.102723466,,
95,16,1,White,transformed,0,2.517747923,0.103091233,,
40,17,1,White,transformed,0,2.261509917,0.09132112,,
41,17,1,White,transformed,0,2.262393775,0.091356017,,
42,17,1,White,transformed,0,2.263293158,0.091390969,,
43,17,1,White,transformed,0,2.264215966,0.091426012,,
44,17,1,White,transformed,0,2.265170098,0.091461181,,
45,17,1,White,transformed,0,2.266163454,0.091496511,,
46,17,1,White,transformed,0,2.267203934,0.091532038,,
47,17,1,White,transformed,0,2.268299438,0.091567797,,
48,17,1,White,transformed,0,2.269457906,0.091603823,,
49,17,1,White,transformed,0,2.270707307,0.091640183,,
50,17,1,White,transformed,0,2.272128176,0.091677026,,
51,17,1,White,transformed,0,2.273809563,0.091714514,,
52,17,1,White,transformed,0,2.275840519,0.09175281,,
53,17,1,White,transformed,0,2.278310095,0.091792076,,
54,17,1,White,transformed,0,2.281307341,0.091832475,,
55,17,1,White,transformed,0,2.284921308,0.09187417,,
56,17,1,White,transformed,0,2.289240193,0.091917324,,
57,17,1,White,transformed,0,2.294277809,0.091962291,,
58,17,1,White,transformed,0,2.299916912,0.092009752,,
59,17,1,White,transformed,0,2.306026923,0.092060423,,
60,17,1,White,transformed,0,2.312477258,0.092115019,,
61,17,1,White,transformed,0,2.319137336,0.092174258,,
62,17,1,White,transformed,0,2.325876575,0.092238855,,
63,17,1,White,transformed,0,2.332564393,0.092309525,,
64,17,1,White,transformed,0,2.339072047,0.092387012,,
65,17,1,White,transformed,0,2.345331556,0.092472974,,
66,17,1,White,transformed,0,2.351348165,0.092570171,,
67,17,1,White,transformed,0,2.357131478,0.092681428,,
68,17,1,White,transformed,0,2.362691101,0.092809569,,
69,17,1,White,transformed,0,2.368036639,0.092957421,,
70,17,1,White,transformed,0,2.373177696,0.093127809,,
71,17,1,White,transformed,0,2.378123877,0.093323558,,
72,17,1,White,transformed,0,2.38288552,0.0935474,,
73,17,1,White,transformed,0,2.387485266,0.093800515,,
74,17,1,White,transformed,0,2.391955968,0.09408279,,
75,17,1,White,transformed,0,2.396330787,0.094394077,,
76,17,1,White,transformed,0,2.400642884,0.094734225,,
77,17,1,White,transformed,0,2.40492542,0.095103085,,
78,17,1,White,transformed,0,2.409211557,0.095500505,,
79,17,1,White,transformed,0,2.413534455,0.095926336,,
80,17,1,White,transformed,0,2.417926996,0.096380041,,
81,17,1,White,transformed,0,2.422419303,0.096857279,,
82,17,1,White,transformed,0,2.427039935,0.097351548,,
83,17,1,White,transformed,0,2.431817435,0.097856323,,
84,17,1,White,transformed,0,2.436780342,0.098365078,,
85,17,1,White,transformed,0,2.441957198,0.098871288,,
86,17,1,White,transformed,0,2.447376545,0.099368427,,
87,17,1,White,transformed,0,2.453066924,0.099849971,,
88,17,1,White,transformed,0,2.459056162,0.100310344,,
89,17,1,White,transformed,0,2.465367677,0.100749851,,
90,17,1,White,transformed,0,2.472023209,0.101171034,,
91,17,1,White,transformed,0,2.479044492,0.10157644,,
92,17,1,White,transformed,0,2.486453262,0.101968616,,
93,17,1,White,transformed,0,2.494271254,0.102350109,,
94,17,1,White,transformed,0,2.502520205,0.102723466,,
95,17,1,White,transformed,0,2.511221849,0.103091233,,
40,18,1,White,transformed,0,2.254983843,0.09132112,,
41,18,1,White,transformed,0,2.255867702,0.091356017,,
42,18,1,White,transformed,0,2.256767085,0.091390969,,
43,18,1,White,transformed,0,2.257689892,0.091426012,,
44,18,1,White,transformed,0,2.258644024,0.091461181,,
45,18,1,White,transformed,0,2.25963738,0.091496511,,
46,18,1,White,transformed,0,2.260677861,0.091532038,,
47,18,1,White,transformed,0,2.261773365,0.091567797,,
48,18,1,White,transformed,0,2.262931832,0.091603823,,
49,18,1,White,transformed,0,2.264181234,0.091640183,,
50,18,1,White,transformed,0,2.265602103,0.091677026,,
51,18,1,White,transformed,0,2.26728349,0.091714514,,
52,18,1,White,transformed,0,2.269314446,0.09175281,,
53,18,1,White,transformed,0,2.271784022,0.091792076,,
54,18,1,White,transformed,0,2.274781267,0.091832475,,
55,18,1,White,transformed,0,2.278395235,0.09187417,,
56,18,1,White,transformed,0,2.28271412,0.091917324,,
57,18,1,White,transformed,0,2.287751735,0.091962291,,
58,18,1,White,transformed,0,2.293390839,0.092009752,,
59,18,1,White,transformed,0,2.29950085,0.092060423,,
60,18,1,White,transformed,0,2.305951185,0.092115019,,
61,18,1,White,transformed,0,2.312611263,0.092174258,,
62,18,1,White,transformed,0,2.319350502,0.092238855,,
63,18,1,White,transformed,0,2.326038319,0.092309525,,
64,18,1,White,transformed,0,2.332545973,0.092387012,,
65,18,1,White,transformed,0,2.338805482,0.092472974,,
66,18,1,White,transformed,0,2.344822091,0.092570171,,
67,18,1,White,transformed,0,2.350605405,0.092681428,,
68,18,1,White,transformed,0,2.356165028,0.092809569,,
69,18,1,White,transformed,0,2.361510566,0.092957421,,
70,18,1,White,transformed,0,2.366651623,0.093127809,,
71,18,1,White,transformed,0,2.371597804,0.093323558,,
72,18,1,White,transformed,0,2.376359446,0.0935474,,
73,18,1,White,transformed,0,2.380959193,0.093800515,,
74,18,1,White,transformed,0,2.385429895,0.09408279,,
75,18,1,White,transformed,0,2.389804713,0.094394077,,
76,18,1,White,transformed,0,2.39411681,0.094734225,,
77,18,1,White,transformed,0,2.398399347,0.095103085,,
78,18,1,White,transformed,0,2.402685483,0.095500505,,
79,18,1,White,transformed,0,2.407008382,0.095926336,,
80,18,1,White,transformed,0,2.411400923,0.096380041,,
81,18,1,White,transformed,0,2.41589323,0.096857279,,
82,18,1,White,transformed,0,2.420513862,0.097351548,,
83,18,1,White,transformed,0,2.425291361,0.097856323,,
84,18,1,White,transformed,0,2.430254268,0.098365078,,
85,18,1,White,transformed,0,2.435431125,0.098871288,,
86,18,1,White,transformed,0,2.440850472,0.099368427,,
87,18,1,White,transformed,0,2.446540851,0.099849971,,
88,18,1,White,transformed,0,2.452530088,0.100310344,,
89,18,1,White,transformed,0,2.458841604,0.100749851,,
90,18,1,White,transformed,0,2.465497135,0.101171034,,
91,18,1,White,transformed,0,2.472518418,0.10157644,,
92,18,1,White,transformed,0,2.479927188,0.101968616,,
93,18,1,White,transformed,0,2.487745181,0.102350109,,
94,18,1,White,transformed,0,2.495994132,0.102723466,,
95,18,1,White,transformed,0,2.504695776,0.103091233,,
40,19,1,White,transformed,0,2.24845777,0.09132112,,
41,19,1,White,transformed,0,2.249341628,0.091356017,,
42,19,1,White,transformed,0,2.250241011,0.091390969,,
43,19,1,White,transformed,0,2.251163819,0.091426012,,
44,19,1,White,transformed,0,2.252117951,0.091461181,,
45,19,1,White,transformed,0,2.253111307,0.091496511,,
46,19,1,White,transformed,0,2.254151787,0.091532038,,
47,19,1,White,transformed,0,2.255247292,0.091567797,,
48,19,1,White,transformed,0,2.256405759,0.091603823,,
49,19,1,White,transformed,0,2.257655161,0.091640183,,
50,19,1,White,transformed,0,2.259076029,0.091677026,,
51,19,1,White,transformed,0,2.260757417,0.091714514,,
52,19,1,White,transformed,0,2.262788372,0.09175281,,
53,19,1,White,transformed,0,2.265257948,0.091792076,,
54,19,1,White,transformed,0,2.268255194,0.091832475,,
55,19,1,White,transformed,0,2.271869161,0.09187417,,
56,19,1,White,transformed,0,2.276188046,0.091917324,,
57,19,1,White,transformed,0,2.281225662,0.091962291,,
58,19,1,White,transformed,0,2.286864766,0.092009752,,
59,19,1,White,transformed,0,2.292974776,0.092060423,,
60,19,1,White,transformed,0,2.299425111,0.092115019,,
61,19,1,White,transformed,0,2.306085189,0.092174258,,
62,19,1,White,transformed,0,2.312824428,0.092238855,,
63,19,1,White,transformed,0,2.319512246,0.092309525,,
64,19,1,White,transformed,0,2.3260199,0.092387012,,
65,19,1,White,transformed,0,2.332279409,0.092472974,,
66,19,1,White,transformed,0,2.338296018,0.092570171,,
67,19,1,White,transformed,0,2.344079331,0.092681428,,
68,19,1,White,transformed,0,2.349638955,0.092809569,,
69,19,1,White,transformed,0,2.354984492,0.092957421,,
70,19,1,White,transformed,0,2.360125549,0.093127809,,
71,19,1,White,transformed,0,2.36507173,0.093323558,,
72,19,1,White,transformed,0,2.369833373,0.0935474,,
73,19,1,White,transformed,0,2.374433119,0.093800515,,
74,19,1,White,transformed,0,2.378903821,0.09408279,,
75,19,1,White,transformed,0,2.38327864,0.094394077,,
76,19,1,White,transformed,0,2.387590737,0.094734225,,
77,19,1,White,transformed,0,2.391873273,0.095103085,,
78,19,1,White,transformed,0,2.39615941,0.095500505,,
79,19,1,White,transformed,0,2.400482308,0.095926336,,
80,19,1,White,transformed,0,2.404874849,0.096380041,,
81,19,1,White,transformed,0,2.409367156,0.096857279,,
82,19,1,White,transformed,0,2.413987789,0.097351548,,
83,19,1,White,transformed,0,2.418765288,0.097856323,,
84,19,1,White,transformed,0,2.423728195,0.098365078,,
85,19,1,White,transformed,0,2.428905051,0.098871288,,
86,19,1,White,transformed,0,2.434324398,0.099368427,,
87,19,1,White,transformed,0,2.440014777,0.099849971,,
88,19,1,White,transformed,0,2.446004015,0.100310344,,
89,19,1,White,transformed,0,2.45231553,0.100749851,,
90,19,1,White,transformed,0,2.458971062,0.101171034,,
91,19,1,White,transformed,0,2.465992345,0.10157644,,
92,19,1,White,transformed,0,2.473401115,0.101968616,,
93,19,1,White,transformed,0,2.481219108,0.102350109,,
94,19,1,White,transformed,0,2.489468058,0.102723466,,
95,19,1,White,transformed,0,2.498169702,0.103091233,,
40,20,1,White,transformed,0,2.241931697,0.09132112,,
41,20,1,White,transformed,0,2.242815555,0.091356017,,
42,20,1,White,transformed,0,2.243714938,0.091390969,,
43,20,1,White,transformed,0,2.244637745,0.091426012,,
44,20,1,White,transformed,0,2.245591877,0.091461181,,
45,20,1,White,transformed,0,2.246585233,0.091496511,,
46,20,1,White,transformed,0,2.247625714,0.091532038,,
47,20,1,White,transformed,0,2.248721218,0.091567797,,
48,20,1,White,transformed,0,2.249879686,0.091603823,,
49,20,1,White,transformed,0,2.251129087,0.091640183,,
50,20,1,White,transformed,0,2.252549956,0.091677026,,
51,20,1,White,transformed,0,2.254231343,0.091714514,,
52,20,1,White,transformed,0,2.256262299,0.09175281,,
53,20,1,White,transformed,0,2.258731875,0.091792076,,
54,20,1,White,transformed,0,2.261729121,0.091832475,,
55,20,1,White,transformed,0,2.265343088,0.09187417,,
56,20,1,White,transformed,0,2.269661973,0.091917324,,
57,20,1,White,transformed,0,2.274699588,0.091962291,,
58,20,1,White,transformed,0,2.280338692,0.092009752,,
59,20,1,White,transformed,0,2.286448703,0.092060423,,
60,20,1,White,transformed,0,2.292899038,0.092115019,,
61,20,1,White,transformed,0,2.299559116,0.092174258,,
62,20,1,White,transformed,0,2.306298355,0.092238855,,
63,20,1,White,transformed,0,2.312986172,0.092309525,,
64,20,1,White,transformed,0,2.319493827,0.092387012,,
65,20,1,White,transformed,0,2.325753335,0.092472974,,
66,20,1,White,transformed,0,2.331769944,0.092570171,,
67,20,1,White,transformed,0,2.337553258,0.092681428,,
68,20,1,White,transformed,0,2.343112881,0.092809569,,
69,20,1,White,transformed,0,2.348458419,0.092957421,,
70,20,1,White,transformed,0,2.353599476,0.093127809,,
71,20,1,White,transformed,0,2.358545657,0.093323558,,
72,20,1,White,transformed,0,2.3633073,0.0935474,,
73,20,1,White,transformed,0,2.367907046,0.093800515,,
74,20,1,White,transformed,0,2.372377748,0.09408279,,
75,20,1,White,transformed,0,2.376752566,0.094394077,,
76,20,1,White,transformed,0,2.381064663,0.094734225,,
77,20,1,White,transformed,0,2.3853472,0.095103085,,
78,20,1,White,transformed,0,2.389633336,0.095500505,,
79,20,1,White,transformed,0,2.393956235,0.095926336,,
80,20,1,White,transformed,0,2.398348776,0.096380041,,
81,20,1,White,transformed,0,2.402841083,0.096857279,,
82,20,1,White,transformed,0,2.407461715,0.097351548,,
83,20,1,White,transformed,0,2.412239214,0.097856323,,
84,20,1,White,transformed,0,2.417202122,0.098365078,,
85,20,1,White,transformed,0,2.422378978,0.098871288,,
86,20,1,White,transformed,0,2.427798325,0.099368427,,
87,20,1,White,transformed,0,2.433488704,0.099849971,,
88,20,1,White,transformed,0,2.439477942,0.100310344,,
89,20,1,White,transformed,0,2.445789457,0.100749851,,
90,20,1,White,transformed,0,2.452444988,0.101171034,,
91,20,1,White,transformed,0,2.459466271,0.10157644,,
92,20,1,White,transformed,0,2.466875041,0.101968616,,
93,20,1,White,transformed,0,2.474693034,0.102350109,,
94,20,1,White,transformed,0,2.482941985,0.102723466,,
95,20,1,White,transformed,0,2.491643629,0.103091233,,
40,10,0,Black,transformed,1,2.404421921,0.095722533,,
41,10,0,Black,transformed,1,2.404659073,0.095722533,,
42,10,0,Black,transformed,1,2.40491175,0.095722533,,
43,10,0,Black,transformed,1,2.405187851,0.095722533,,
44,10,0,Black,transformed,1,2.405495277,0.095722533,,
45,10,0,Black,transformed,1,2.405841927,0.095722533,,-0.667743226
46,10,0,Black,transformed,1,2.406235701,0.095722533,,
47,10,0,Black,transformed,1,2.406684499,0.095722533,,
48,10,0,Black,transformed,1,2.40719626,0.095722533,,
49,10,0,Black,transformed,1,2.407798956,0.095722533,,
50,10,0,Black,transformed,1,2.408573118,0.095722533,,
51,10,0,Black,transformed,1,2.409607799,0.095722533,,
52,10,0,Black,transformed,1,2.410992049,0.095722533,,
53,10,0,Black,transformed,1,2.412814918,0.095722533,,
54,10,0,Black,transformed,1,2.415165458,0.095722533,,
55,10,0,Black,transformed,1,2.418132719,0.095722533,,
56,10,0,Black,transformed,1,2.421804898,0.095722533,,
57,10,0,Black,transformed,1,2.426195807,0.095722533,,
58,10,0,Black,transformed,1,2.431188204,0.095722533,,
59,10,0,Black,transformed,1,2.436651509,0.095722533,,
60,10,0,Black,transformed,1,2.442455138,0.095722533,,-0.285250103
61,10,0,Black,transformed,1,2.448468509,0.095722533,,
62,10,0,Black,transformed,1,2.454561042,0.095722533,,
63,10,0,Black,transformed,1,2.460602154,0.095722533,,
64,10,0,Black,transformed,1,2.466463101,0.095722533,,
65,10,0,Black,transformed,1,2.472075904,0.095722533,,
66,10,0,Black,transformed,1,2.477445807,0.095722533,,
67,10,0,Black,transformed,1,2.482582414,0.095722533,,
68,10,0,Black,transformed,1,2.487495331,0.095722533,,
69,10,0,Black,transformed,1,2.492194162,0.095722533,,
70,10,0,Black,transformed,1,2.496688513,0.095722533,,
71,10,0,Black,transformed,1,2.500987988,0.095722533,,
72,10,0,Black,transformed,1,2.505102924,0.095722533,,
73,10,0,Black,transformed,1,2.509055964,0.095722533,,
74,10,0,Black,transformed,1,2.51287996,0.095722533,,
75,10,0,Black,transformed,1,2.516608073,0.095722533,,0.489415304
76,10,0,Black,transformed,1,2.520273463,0.095722533,,
77,10,0,Black,transformed,1,2.523909293,0.095722533,,
78,10,0,Black,transformed,1,2.527548724,0.095722533,,
79,10,0,Black,transformed,1,2.531224916,0.095722533,,
80,10,0,Black,transformed,1,2.534970751,0.095722533,,
81,10,0,Black,transformed,1,2.538816351,0.095722533,,
82,10,0,Black,transformed,1,2.542790278,0.095722533,,
83,10,0,Black,transformed,1,2.54692107,0.095722533,,
84,10,0,Black,transformed,1,2.551237271,0.095722533,,
85,10,0,Black,transformed,1,2.555767422,0.095722533,,
86,10,0,Black,transformed,1,2.560540062,0.095722533,,
87,10,0,Black,transformed,1,2.565583735,0.095722533,,
88,10,0,Black,transformed,1,2.570926266,0.095722533,,
89,10,0,Black,transformed,1,2.576591075,0.095722533,,
90,10,0,Black,transformed,1,2.582599901,0.095722533,,
91,10,0,Black,transformed,1,2.588974477,0.095722533,,
92,10,0,Black,transformed,1,2.595736541,0.095722533,,
93,10,0,Black,transformed,1,2.602907828,0.095722533,,
94,10,0,Black,transformed,1,2.610510072,0.095722533,,
95,10,0,Black,transformed,1,2.61856501,0.095722533,,
40,11,0,Black,transformed,1,2.397895848,0.095722533,,
41,11,0,Black,transformed,1,2.398133,0.095722533,,
42,11,0,Black,transformed,1,2.398385677,0.095722533,,
43,11,0,Black,transformed,1,2.398661778,0.095722533,,
44,11,0,Black,transformed,1,2.398969204,0.095722533,,
45,11,0,Black,transformed,1,2.399315854,0.095722533,,
46,11,0,Black,transformed,1,2.399709628,0.095722533,,
47,11,0,Black,transformed,1,2.400158426,0.095722533,,
48,11,0,Black,transformed,1,2.400670187,0.095722533,,
49,11,0,Black,transformed,1,2.401272882,0.095722533,,
50,11,0,Black,transformed,1,2.402047045,0.095722533,,
51,11,0,Black,transformed,1,2.403081726,0.095722533,,
52,11,0,Black,transformed,1,2.404465975,0.095722533,,
53,11,0,Black,transformed,1,2.406288845,0.095722533,,
54,11,0,Black,transformed,1,2.408639384,0.095722533,,
55,11,0,Black,transformed,1,2.411606645,0.095722533,,
56,11,0,Black,transformed,1,2.415278824,0.095722533,,
57,11,0,Black,transformed,1,2.419669733,0.095722533,,
58,11,0,Black,transformed,1,2.424662131,0.095722533,,
59,11,0,Black,transformed,1,2.430125435,0.095722533,,
60,11,0,Black,transformed,1,2.435929064,0.095722533,,
61,11,0,Black,transformed,1,2.441942436,0.095722533,,
62,11,0,Black,transformed,1,2.448034969,0.095722533,,
63,11,0,Black,transformed,1,2.45407608,0.095722533,,
64,11,0,Black,transformed,1,2.459937028,0.095722533,,
65,11,0,Black,transformed,1,2.465549831,0.095722533,,
66,11,0,Black,transformed,1,2.470919733,0.095722533,,
67,11,0,Black,transformed,1,2.47605634,0.095722533,,
68,11,0,Black,transformed,1,2.480969258,0.095722533,,
69,11,0,Black,transformed,1,2.485668089,0.095722533,,
70,11,0,Black,transformed,1,2.49016244,0.095722533,,
71,11,0,Black,transformed,1,2.494461915,0.095722533,,
72,11,0,Black,transformed,1,2.498576851,0.095722533,,
73,11,0,Black,transformed,1,2.502529891,0.095722533,,
74,11,0,Black,transformed,1,2.506353887,0.095722533,,
75,11,0,Black,transformed,1,2.510081999,0.095722533,,
76,11,0,Black,transformed,1,2.51374739,0.095722533,,
77,11,0,Black,transformed,1,2.51738322,0.095722533,,
78,11,0,Black,transformed,1,2.52102265,0.095722533,,
79,11,0,Black,transformed,1,2.524698843,0.095722533,,
80,11,0,Black,transformed,1,2.528444677,0.095722533,,
81,11,0,Black,transformed,1,2.532290278,0.095722533,,
82,11,0,Black,transformed,1,2.536264204,0.095722533,,
83,11,0,Black,transformed,1,2.540394997,0.095722533,,
84,11,0,Black,transformed,1,2.544711198,0.095722533,,
85,11,0,Black,transformed,1,2.549241348,0.095722533,,
86,11,0,Black,transformed,1,2.554013989,0.095722533,,
87,11,0,Black,transformed,1,2.559057662,0.095722533,,
88,11,0,Black,transformed,1,2.564400193,0.095722533,,
89,11,0,Black,transformed,1,2.570065002,0.095722533,,
90,11,0,Black,transformed,1,2.576073827,0.095722533,,
91,11,0,Black,transformed,1,2.582448404,0.095722533,,
92,11,0,Black,transformed,1,2.589210468,0.095722533,,
93,11,0,Black,transformed,1,2.596381754,0.095722533,,
94,11,0,Black,transformed,1,2.603983999,0.095722533,,
95,11,0,Black,transformed,1,2.612038936,0.095722533,,
40,12,0,Black,transformed,1,2.391369774,0.095722533,,
41,12,0,Black,transformed,1,2.391606926,0.095722533,,
42,12,0,Black,transformed,1,2.391859603,0.095722533,,
43,12,0,Black,transformed,1,2.392135705,0.095722533,,
44,12,0,Black,transformed,1,2.39244313,0.095722533,,
45,12,0,Black,transformed,1,2.39278978,0.095722533,,
46,12,0,Black,transformed,1,2.393183554,0.095722533,,
47,12,0,Black,transformed,1,2.393632352,0.095722533,,
48,12,0,Black,transformed,1,2.394144113,0.095722533,,
49,12,0,Black,transformed,1,2.394746809,0.095722533,,
50,12,0,Black,transformed,1,2.395520971,0.095722533,,
51,12,0,Black,transformed,1,2.396555652,0.095722533,,
52,12,0,Black,transformed,1,2.397939902,0.095722533,,
53,12,0,Black,transformed,1,2.399762771,0.095722533,,
54,12,0,Black,transformed,1,2.402113311,0.095722533,,
55,12,0,Black,transformed,1,2.405080572,0.095722533,,
56,12,0,Black,transformed,1,2.408752751,0.095722533,,
57,12,0,Black,transformed,1,2.41314366,0.095722533,,
58,12,0,Black,transformed,1,2.418136058,0.095722533,,
59,12,0,Black,transformed,1,2.423599362,0.095722533,,
60,12,0,Black,transformed,1,2.429402991,0.095722533,,
61,12,0,Black,transformed,1,2.435416362,0.095722533,,
62,12,0,Black,transformed,1,2.441508895,0.095722533,,
63,12,0,Black,transformed,1,2.447550007,0.095722533,,
64,12,0,Black,transformed,1,2.453410954,0.095722533,,
65,12,0,Black,transformed,1,2.459023757,0.095722533,,
66,12,0,Black,transformed,1,2.46439366,0.095722533,,
67,12,0,Black,transformed,1,2.469530267,0.095722533,,
68,12,0,Black,transformed,1,2.474443184,0.095722533,,
69,12,0,Black,transformed,1,2.479142016,0.095722533,,
70,12,0,Black,transformed,1,2.483636366,0.095722533,,
71,12,0,Black,transformed,1,2.487935841,0.095722533,,
72,12,0,Black,transformed,1,2.492050778,0.095722533,,
73,12,0,Black,transformed,1,2.496003817,0.095722533,,
74,12,0,Black,transformed,1,2.499827813,0.095722533,,
75,12,0,Black,transformed,1,2.503555926,0.095722533,,
76,12,0,Black,transformed,1,2.507221316,0.095722533,,
77,12,0,Black,transformed,1,2.510857146,0.095722533,,
78,12,0,Black,transformed,1,2.514496577,0.095722533,,
79,12,0,Black,transformed,1,2.518172769,0.095722533,,
80,12,0,Black,transformed,1,2.521918604,0.095722533,,
81,12,0,Black,transformed,1,2.525764204,0.095722533,,
82,12,0,Black,transformed,1,2.529738131,0.095722533,,
83,12,0,Black,transformed,1,2.533868924,0.095722533,,
84,12,0,Black,transformed,1,2.538185125,0.095722533,,
85,12,0,Black,transformed,1,2.542715275,0.095722533,,
86,12,0,Black,transformed,1,2.547487916,0.095722533,,
87,12,0,Black,transformed,1,2.552531588,0.095722533,,
88,12,0,Black,transformed,1,2.55787412,0.095722533,,
89,12,0,Black,transformed,1,2.563538929,0.095722533,,
90,12,0,Black,transformed,1,2.569547754,0.095722533,,
91,12,0,Black,transformed,1,2.575922331,0.095722533,,
92,12,0,Black,transformed,1,2.582684394,0.095722533,,
93,12,0,Black,transformed,1,2.589855681,0.095722533,,
94,12,0,Black,transformed,1,2.597457925,0.095722533,,
95,12,0,Black,transformed,1,2.605512863,0.095722533,,
40,13,0,Black,transformed,1,2.384843701,0.095722533,,
41,13,0,Black,transformed,1,2.385080853,0.095722533,,
42,13,0,Black,transformed,1,2.38533353,0.095722533,,
43,13,0,Black,transformed,1,2.385609631,0.095722533,,
44,13,0,Black,transformed,1,2.385917057,0.095722533,,
45,13,0,Black,transformed,1,2.386263707,0.095722533,,
46,13,0,Black,transformed,1,2.386657481,0.095722533,,
47,13,0,Black,transformed,1,2.387106279,0.095722533,,
48,13,0,Black,transformed,1,2.38761804,0.095722533,,
49,13,0,Black,transformed,1,2.388220735,0.095722533,,
50,13,0,Black,transformed,1,2.388994898,0.095722533,,
51,13,0,Black,transformed,1,2.390029579,0.095722533,,
52,13,0,Black,transformed,1,2.391413828,0.095722533,,
53,13,0,Black,transformed,1,2.393236698,0.095722533,,
54,13,0,Black,transformed,1,2.395587238,0.095722533,,
55,13,0,Black,transformed,1,2.398554498,0.095722533,,
56,13,0,Black,transformed,1,2.402226677,0.095722533,,
57,13,0,Black,transformed,1,2.406617586,0.095722533,,
58,13,0,Black,transformed,1,2.411609984,0.095722533,,
59,13,0,Black,transformed,1,2.417073288,0.095722533,,
60,13,0,Black,transformed,1,2.422876917,0.095722533,,
61,13,0,Black,transformed,1,2.428890289,0.095722533,,
62,13,0,Black,transformed,1,2.434982822,0.095722533,,
63,13,0,Black,transformed,1,2.441023933,0.095722533,,
64,13,0,Black,transformed,1,2.446884881,0.095722533,,
65,13,0,Black,transformed,1,2.452497684,0.095722533,,
66,13,0,Black,transformed,1,2.457867586,0.095722533,,
67,13,0,Black,transformed,1,2.463004194,0.095722533,,
68,13,0,Black,transformed,1,2.467917111,0.095722533,,
69,13,0,Black,transformed,1,2.472615942,0.095722533,,
70,13,0,Black,transformed,1,2.477110293,0.095722533,,
71,13,0,Black,transformed,1,2.481409768,0.095722533,,
72,13,0,Black,transformed,1,2.485524704,0.095722533,,
73,13,0,Black,transformed,1,2.489477744,0.095722533,,
74,13,0,Black,transformed,1,2.49330174,0.095722533,,
75,13,0,Black,transformed,1,2.497029852,0.095722533,,
76,13,0,Black,transformed,1,2.500695243,0.095722533,,
77,13,0,Black,transformed,1,2.504331073,0.095722533,,
78,13,0,Black,transformed,1,2.507970503,0.095722533,,
79,13,0,Black,transformed,1,2.511646696,0.095722533,,
80,13,0,Black,transformed,1,2.51539253,0.095722533,,
81,13,0,Black,transformed,1,2.519238131,0.095722533,,
82,13,0,Black,transformed,1,2.523212057,0.095722533,,
83,13,0,Black,transformed,1,2.52734285,0.095722533,,
84,13,0,Black,transformed,1,2.531659051,0.095722533,,
85,13,0,Black,transformed,1,2.536189201,0.095722533,,
86,13,0,Black,transformed,1,2.540961842,0.095722533,,
87,13,0,Black,transformed,1,2.546005515,0.095722533,,
88,13,0,Black,transformed,1,2.551348046,0.095722533,,
89,13,0,Black,transformed,1,2.557012855,0.095722533,,
90,13,0,Black,transformed,1,2.56302168,0.095722533,,
91,13,0,Black,transformed,1,2.569396257,0.095722533,,
92,13,0,Black,transformed,1,2.576158321,0.095722533,,
93,13,0,Black,transformed,1,2.583329607,0.095722533,,
94,13,0,Black,transformed,1,2.590931852,0.095722533,,
95,13,0,Black,transformed,1,2.59898679,0.095722533,,
40,14,0,Black,transformed,1,2.378317628,0.095722533,,
41,14,0,Black,transformed,1,2.37855478,0.095722533,,
42,14,0,Black,transformed,1,2.378807456,0.095722533,,
43,14,0,Black,transformed,1,2.379083558,0.095722533,,
44,14,0,Black,transformed,1,2.379390983,0.095722533,,
45,14,0,Black,transformed,1,2.379737633,0.095722533,,
46,14,0,Black,transformed,1,2.380131407,0.095722533,,
47,14,0,Black,transformed,1,2.380580205,0.095722533,,
48,14,0,Black,transformed,1,2.381091967,0.095722533,,
49,14,0,Black,transformed,1,2.381694662,0.095722533,,
50,14,0,Black,transformed,1,2.382468825,0.095722533,,
51,14,0,Black,transformed,1,2.383503505,0.095722533,,
52,14,0,Black,transformed,1,2.384887755,0.095722533,,
53,14,0,Black,transformed,1,2.386710624,0.095722533,,
54,14,0,Black,transformed,1,2.389061164,0.095722533,,
55,14,0,Black,transformed,1,2.392028425,0.095722533,,
56,14,0,Black,transformed,1,2.395700604,0.095722533,,
57,14,0,Black,transformed,1,2.400091513,0.095722533,,
58,14,0,Black,transformed,1,2.405083911,0.095722533,,
59,14,0,Black,transformed,1,2.410547215,0.095722533,,
60,14,0,Black,transformed,1,2.416350844,0.095722533,,
61,14,0,Black,transformed,1,2.422364216,0.095722533,,
62,14,0,Black,transformed,1,2.428456748,0.095722533,,
63,14,0,Black,transformed,1,2.43449786,0.095722533,,
64,14,0,Black,transformed,1,2.440358808,0.095722533,,
65,14,0,Black,transformed,1,2.44597161,0.095722533,,
66,14,0,Black,transformed,1,2.451341513,0.095722533,,
67,14,0,Black,transformed,1,2.45647812,0.095722533,,
68,14,0,Black,transformed,1,2.461391037,0.095722533,,
69,14,0,Black,transformed,1,2.466089869,0.095722533,,
70,14,0,Black,transformed,1,2.470584219,0.095722533,,
71,14,0,Black,transformed,1,2.474883694,0.095722533,,
72,14,0,Black,transformed,1,2.478998631,0.095722533,,
73,14,0,Black,transformed,1,2.482951671,0.095722533,,
74,14,0,Black,transformed,1,2.486775666,0.095722533,,
75,14,0,Black,transformed,1,2.490503779,0.095722533,,
76,14,0,Black,transformed,1,2.494169169,0.095722533,,
77,14,0,Black,transformed,1,2.497804999,0.095722533,,
78,14,0,Black,transformed,1,2.50144443,0.095722533,,
79,14,0,Black,transformed,1,2.505120622,0.095722533,,
80,14,0,Black,transformed,1,2.508866457,0.095722533,,
81,14,0,Black,transformed,1,2.512712058,0.095722533,,
82,14,0,Black,transformed,1,2.516685984,0.095722533,,
83,14,0,Black,transformed,1,2.520816777,0.095722533,,
84,14,0,Black,transformed,1,2.525132978,0.095722533,,
85,14,0,Black,transformed,1,2.529663128,0.095722533,,
86,14,0,Black,transformed,1,2.534435769,0.095722533,,
87,14,0,Black,transformed,1,2.539479441,0.095722533,,
88,14,0,Black,transformed,1,2.544821973,0.095722533,,
89,14,0,Black,transformed,1,2.550486782,0.095722533,,
90,14,0,Black,transformed,1,2.556495607,0.095722533,,
91,14,0,Black,transformed,1,2.562870184,0.095722533,,
92,14,0,Black,transformed,1,2.569632248,0.095722533,,
93,14,0,Black,transformed,1,2.576803534,0.095722533,,
94,14,0,Black,transformed,1,2.584405778,0.095722533,,
95,14,0,Black,transformed,1,2.592460716,0.095722533,,
40,15,0,Black,transformed,1,2.371791554,0.095722533,,
41,15,0,Black,transformed,1,2.372028706,0.095722533,,
42,15,0,Black,transformed,1,2.372281383,0.095722533,,
43,15,0,Black,transformed,1,2.372557484,0.095722533,,
44,15,0,Black,transformed,1,2.37286491,0.095722533,,
45,15,0,Black,transformed,1,2.37321156,0.095722533,,
46,15,0,Black,transformed,1,2.373605334,0.095722533,,
47,15,0,Black,transformed,1,2.374054132,0.095722533,,
48,15,0,Black,transformed,1,2.374565893,0.095722533,,
49,15,0,Black,transformed,1,2.375168588,0.095722533,,
50,15,0,Black,transformed,1,2.375942751,0.095722533,,
51,15,0,Black,transformed,1,2.376977432,0.095722533,,
52,15,0,Black,transformed,1,2.378361682,0.095722533,,
53,15,0,Black,transformed,1,2.380184551,0.095722533,,
54,15,0,Black,transformed,1,2.382535091,0.095722533,,
55,15,0,Black,transformed,1,2.385502351,0.095722533,,
56,15,0,Black,transformed,1,2.38917453,0.095722533,,
57,15,0,Black,transformed,1,2.39356544,0.095722533,,
58,15,0,Black,transformed,1,2.398557837,0.095722533,,
59,15,0,Black,transformed,1,2.404021141,0.095722533,,
60,15,0,Black,transformed,1,2.40982477,0.095722533,,
61,15,0,Black,transformed,1,2.415838142,0.095722533,,
62,15,0,Black,transformed,1,2.421930675,0.095722533,,
63,15,0,Black,transformed,1,2.427971786,0.095722533,,
64,15,0,Black,transformed,1,2.433832734,0.095722533,,
65,15,0,Black,transformed,1,2.439445537,0.095722533,,
66,15,0,Black,transformed,1,2.444815439,0.095722533,,
67,15,0,Black,transformed,1,2.449952047,0.095722533,,
68,15,0,Black,transformed,1,2.454864964,0.095722533,,
69,15,0,Black,transformed,1,2.459563795,0.095722533,,
70,15,0,Black,transformed,1,2.464058146,0.095722533,,
71,15,0,Black,transformed,1,2.468357621,0.095722533,,
72,15,0,Black,transformed,1,2.472472557,0.095722533,,
73,15,0,Black,transformed,1,2.476425597,0.095722533,,
74,15,0,Black,transformed,1,2.480249593,0.095722533,,
75,15,0,Black,transformed,1,2.483977705,0.095722533,,
76,15,0,Black,transformed,1,2.487643096,0.095722533,,
77,15,0,Black,transformed,1,2.491278926,0.095722533,,
78,15,0,Black,transformed,1,2.494918357,0.095722533,,
79,15,0,Black,transformed,1,2.498594549,0.095722533,,
80,15,0,Black,transformed,1,2.502340383,0.095722533,,
81,15,0,Black,transformed,1,2.506185984,0.095722533,,
82,15,0,Black,transformed,1,2.51015991,0.095722533,,
83,15,0,Black,transformed,1,2.514290703,0.095722533,,
84,15,0,Black,transformed,1,2.518606904,0.095722533,,
85,15,0,Black,transformed,1,2.523137054,0.095722533,,
86,15,0,Black,transformed,1,2.527909695,0.095722533,,
87,15,0,Black,transformed,1,2.532953368,0.095722533,,
88,15,0,Black,transformed,1,2.538295899,0.095722533,,
89,15,0,Black,transformed,1,2.543960708,0.095722533,,
90,15,0,Black,transformed,1,2.549969533,0.095722533,,
91,15,0,Black,transformed,1,2.55634411,0.095722533,,
92,15,0,Black,transformed,1,2.563106174,0.095722533,,
93,15,0,Black,transformed,1,2.570277461,0.095722533,,
94,15,0,Black,transformed,1,2.577879705,0.095722533,,
95,15,0,Black,transformed,1,2.585934643,0.095722533,,
40,16,0,Black,transformed,1,2.365265481,0.095722533,,
41,16,0,Black,transformed,1,2.365502633,0.095722533,,
42,16,0,Black,transformed,1,2.365755309,0.095722533,,
43,16,0,Black,transformed,1,2.366031411,0.095722533,,
44,16,0,Black,transformed,1,2.366338836,0.095722533,,
45,16,0,Black,transformed,1,2.366685486,0.095722533,,-1.07680512
46,16,0,Black,transformed,1,2.36707926,0.095722533,,
47,16,0,Black,transformed,1,2.367528058,0.095722533,,
48,16,0,Black,transformed,1,2.36803982,0.095722533,,
49,16,0,Black,transformed,1,2.368642515,0.095722533,,
50,16,0,Black,transformed,1,2.369416678,0.095722533,,
51,16,0,Black,transformed,1,2.370451358,0.095722533,,
52,16,0,Black,transformed,1,2.371835608,0.095722533,,
53,16,0,Black,transformed,1,2.373658477,0.095722533,,
54,16,0,Black,transformed,1,2.376009017,0.095722533,,
55,16,0,Black,transformed,1,2.378976278,0.095722533,,
56,16,0,Black,transformed,1,2.382648457,0.095722533,,
57,16,0,Black,transformed,1,2.387039366,0.095722533,,
58,16,0,Black,transformed,1,2.392031764,0.095722533,,
59,16,0,Black,transformed,1,2.397495068,0.095722533,,
60,16,0,Black,transformed,1,2.403298697,0.095722533,,-0.694311997
61,16,0,Black,transformed,1,2.409312069,0.095722533,,
62,16,0,Black,transformed,1,2.415404601,0.095722533,,
63,16,0,Black,transformed,1,2.421445713,0.095722533,,
64,16,0,Black,transformed,1,2.427306661,0.095722533,,
65,16,0,Black,transformed,1,2.432919463,0.095722533,,
66,16,0,Black,transformed,1,2.438289366,0.095722533,,
67,16,0,Black,transformed,1,2.443425973,0.095722533,,
68,16,0,Black,transformed,1,2.44833889,0.095722533,,
69,16,0,Black,transformed,1,2.453037722,0.095722533,,
70,16,0,Black,transformed,1,2.457532073,0.095722533,,
71,16,0,Black,transformed,1,2.461831547,0.095722533,,
72,16,0,Black,transformed,1,2.465946484,0.095722533,,
73,16,0,Black,transformed,1,2.469899524,0.095722533,,
74,16,0,Black,transformed,1,2.473723519,0.095722533,,
75,16,0,Black,transformed,1,2.477451632,0.095722533,,0.08035341
76,16,0,Black,transformed,1,2.481117023,0.095722533,,
77,16,0,Black,transformed,1,2.484752853,0.095722533,,
78,16,0,Black,transformed,1,2.488392283,0.095722533,,
79,16,0,Black,transformed,1,2.492068475,0.095722533,,
80,16,0,Black,transformed,1,2.49581431,0.095722533,,
81,16,0,Black,transformed,1,2.499659911,0.095722533,,
82,16,0,Black,transformed,1,2.503633837,0.095722533,,
83,16,0,Black,transformed,1,2.50776463,0.095722533,,
84,16,0,Black,transformed,1,2.512080831,0.095722533,,
85,16,0,Black,transformed,1,2.516610981,0.095722533,,
86,16,0,Black,transformed,1,2.521383622,0.095722533,,
87,16,0,Black,transformed,1,2.526427294,0.095722533,,
88,16,0,Black,transformed,1,2.531769826,0.095722533,,
89,16,0,Black,transformed,1,2.537434635,0.095722533,,
90,16,0,Black,transformed,1,2.54344346,0.095722533,,
91,16,0,Black,transformed,1,2.549818037,0.095722533,,
92,16,0,Black,transformed,1,2.556580101,0.095722533,,
93,16,0,Black,transformed,1,2.563751387,0.095722533,,
94,16,0,Black,transformed,1,2.571353631,0.095722533,,
95,16,0,Black,transformed,1,2.579408569,0.095722533,,
40,17,0,Black,transformed,1,2.358739407,0.095722533,,
41,17,0,Black,transformed,1,2.358976559,0.095722533,,
42,17,0,Black,transformed,1,2.359229236,0.095722533,,
43,17,0,Black,transformed,1,2.359505337,0.095722533,,
44,17,0,Black,transformed,1,2.359812763,0.095722533,,
45,17,0,Black,transformed,1,2.360159413,0.095722533,,
46,17,0,Black,transformed,1,2.360553187,0.095722533,,
47,17,0,Black,transformed,1,2.361001985,0.095722533,,
48,17,0,Black,transformed,1,2.361513746,0.095722533,,
49,17,0,Black,transformed,1,2.362116442,0.095722533,,
50,17,0,Black,transformed,1,2.362890604,0.095722533,,
51,17,0,Black,transformed,1,2.363925285,0.095722533,,
52,17,0,Black,transformed,1,2.365309535,0.095722533,,
53,17,0,Black,transformed,1,2.367132404,0.095722533,,
54,17,0,Black,transformed,1,2.369482944,0.095722533,,
55,17,0,Black,transformed,1,2.372450205,0.095722533,,
56,17,0,Black,transformed,1,2.376122383,0.095722533,,
57,17,0,Black,transformed,1,2.380513293,0.095722533,,
58,17,0,Black,transformed,1,2.38550569,0.095722533,,
59,17,0,Black,transformed,1,2.390968995,0.095722533,,
60,17,0,Black,transformed,1,2.396772623,0.095722533,,
61,17,0,Black,transformed,1,2.402785995,0.095722533,,
62,17,0,Black,transformed,1,2.408878528,0.095722533,,
63,17,0,Black,transformed,1,2.414919639,0.095722533,,
64,17,0,Black,transformed,1,2.420780587,0.095722533,,
65,17,0,Black,transformed,1,2.42639339,0.095722533,,
66,17,0,Black,transformed,1,2.431763292,0.095722533,,
67,17,0,Black,transformed,1,2.4368999,0.095722533,,
68,17,0,Black,transformed,1,2.441812817,0.095722533,,
69,17,0,Black,transformed,1,2.446511648,0.095722533,,
70,17,0,Black,transformed,1,2.451005999,0.095722533,,
71,17,0,Black,transformed,1,2.455305474,0.095722533,,
72,17,0,Black,transformed,1,2.45942041,0.095722533,,
73,17,0,Black,transformed,1,2.46337345,0.095722533,,
74,17,0,Black,transformed,1,2.467197446,0.095722533,,
75,17,0,Black,transformed,1,2.470925558,0.095722533,,
76,17,0,Black,transformed,1,2.474590949,0.095722533,,
77,17,0,Black,transformed,1,2.478226779,0.095722533,,
78,17,0,Black,transformed,1,2.48186621,0.095722533,,
79,17,0,Black,transformed,1,2.485542402,0.095722533,,
80,17,0,Black,transformed,1,2.489288236,0.095722533,,
81,17,0,Black,transformed,1,2.493133837,0.095722533,,
82,17,0,Black,transformed,1,2.497107763,0.095722533,,
83,17,0,Black,transformed,1,2.501238556,0.095722533,,
84,17,0,Black,transformed,1,2.505554757,0.095722533,,
85,17,0,Black,transformed,1,2.510084908,0.095722533,,
86,17,0,Black,transformed,1,2.514857548,0.095722533,,
87,17,0,Black,transformed,1,2.519901221,0.095722533,,
88,17,0,Black,transformed,1,2.525243752,0.095722533,,
89,17,0,Black,transformed,1,2.530908561,0.095722533,,
90,17,0,Black,transformed,1,2.536917386,0.095722533,,
91,17,0,Black,transformed,1,2.543291963,0.095722533,,
92,17,0,Black,transformed,1,2.550054027,0.095722533,,
93,17,0,Black,transformed,1,2.557225314,0.095722533,,
94,17,0,Black,transformed,1,2.564827558,0.095722533,,
95,17,0,Black,transformed,1,2.572882496,0.095722533,,
40,18,0,Black,transformed,1,2.352213334,0.095722533,,
41,18,0,Black,transformed,1,2.352450486,0.095722533,,
42,18,0,Black,transformed,1,2.352703163,0.095722533,,
43,18,0,Black,transformed,1,2.352979264,0.095722533,,
44,18,0,Black,transformed,1,2.353286689,0.095722533,,
45,18,0,Black,transformed,1,2.353633339,0.095722533,,
46,18,0,Black,transformed,1,2.354027113,0.095722533,,
47,18,0,Black,transformed,1,2.354475912,0.095722533,,
48,18,0,Black,transformed,1,2.354987673,0.095722533,,
49,18,0,Black,transformed,1,2.355590368,0.095722533,,
50,18,0,Black,transformed,1,2.356364531,0.095722533,,
51,18,0,Black,transformed,1,2.357399212,0.095722533,,
52,18,0,Black,transformed,1,2.358783461,0.095722533,,
53,18,0,Black,transformed,1,2.360606331,0.095722533,,
54,18,0,Black,transformed,1,2.36295687,0.095722533,,
55,18,0,Black,transformed,1,2.365924131,0.095722533,,
56,18,0,Black,transformed,1,2.36959631,0.095722533,,
57,18,0,Black,transformed,1,2.373987219,0.095722533,,
58,18,0,Black,transformed,1,2.378979617,0.095722533,,
59,18,0,Black,transformed,1,2.384442921,0.095722533,,
60,18,0,Black,transformed,1,2.39024655,0.095722533,,
61,18,0,Black,transformed,1,2.396259922,0.095722533,,
62,18,0,Black,transformed,1,2.402352454,0.095722533,,
63,18,0,Black,transformed,1,2.408393566,0.095722533,,
64,18,0,Black,transformed,1,2.414254514,0.095722533,,
65,18,0,Black,transformed,1,2.419867316,0.095722533,,
66,18,0,Black,transformed,1,2.425237219,0.095722533,,
67,18,0,Black,transformed,1,2.430373826,0.095722533,,
68,18,0,Black,transformed,1,2.435286743,0.095722533,,
69,18,0,Black,transformed,1,2.439985575,0.095722533,,
70,18,0,Black,transformed,1,2.444479926,0.095722533,,
71,18,0,Black,transformed,1,2.448779401,0.095722533,,
72,18,0,Black,transformed,1,2.452894337,0.095722533,,
73,18,0,Black,transformed,1,2.456847377,0.095722533,,
74,18,0,Black,transformed,1,2.460671372,0.095722533,,
75,18,0,Black,transformed,1,2.464399485,0.095722533,,
76,18,0,Black,transformed,1,2.468064876,0.095722533,,
77,18,0,Black,transformed,1,2.471700706,0.095722533,,
78,18,0,Black,transformed,1,2.475340136,0.095722533,,
79,18,0,Black,transformed,1,2.479016328,0.095722533,,
80,18,0,Black,transformed,1,2.482762163,0.095722533,,
81,18,0,Black,transformed,1,2.486607764,0.095722533,,
82,18,0,Black,transformed,1,2.49058169,0.095722533,,
83,18,0,Black,transformed,1,2.494712483,0.095722533,,
84,18,0,Black,transformed,1,2.499028684,0.095722533,,
85,18,0,Black,transformed,1,2.503558834,0.095722533,,
86,18,0,Black,transformed,1,2.508331475,0.095722533,,
87,18,0,Black,transformed,1,2.513375147,0.095722533,,
88,18,0,Black,transformed,1,2.518717679,0.095722533,,
89,18,0,Black,transformed,1,2.524382488,0.095722533,,
90,18,0,Black,transformed,1,2.530391313,0.095722533,,
91,18,0,Black,transformed,1,2.53676589,0.095722533,,
92,18,0,Black,transformed,1,2.543527954,0.095722533,,
93,18,0,Black,transformed,1,2.55069924,0.095722533,,
94,18,0,Black,transformed,1,2.558301485,0.095722533,,
95,18,0,Black,transformed,1,2.566356422,0.095722533,,
40,19,0,Black,transformed,1,2.34568726,0.095722533,,
41,19,0,Black,transformed,1,2.345924412,0.095722533,,
42,19,0,Black,transformed,1,2.346177089,0.095722533,,
43,19,0,Black,transformed,1,2.34645319,0.095722533,,
44,19,0,Black,transformed,1,2.346760616,0.095722533,,
45,19,0,Black,transformed,1,2.347107266,0.095722533,,
46,19,0,Black,transformed,1,2.34750104,0.095722533,,
47,19,0,Black,transformed,1,2.347949838,0.095722533,,
48,19,0,Black,transformed,1,2.348461599,0.095722533,,
49,19,0,Black,transformed,1,2.349064295,0.095722533,,
50,19,0,Black,transformed,1,2.349838457,0.095722533,,
51,19,0,Black,transformed,1,2.350873138,0.095722533,,
52,19,0,Black,transformed,1,2.352257388,0.095722533,,
53,19,0,Black,transformed,1,2.354080257,0.095722533,,
54,19,0,Black,transformed,1,2.356430797,0.095722533,,
55,19,0,Black,transformed,1,2.359398058,0.095722533,,
56,19,0,Black,transformed,1,2.363070237,0.095722533,,
57,19,0,Black,transformed,1,2.367461146,0.095722533,,
58,19,0,Black,transformed,1,2.372453543,0.095722533,,
59,19,0,Black,transformed,1,2.377916848,0.095722533,,
60,19,0,Black,transformed,1,2.383720477,0.095722533,,
61,19,0,Black,transformed,1,2.389733848,0.095722533,,
62,19,0,Black,transformed,1,2.395826381,0.095722533,,
63,19,0,Black,transformed,1,2.401867493,0.095722533,,
64,19,0,Black,transformed,1,2.40772844,0.095722533,,
65,19,0,Black,transformed,1,2.413341243,0.095722533,,
66,19,0,Black,transformed,1,2.418711145,0.095722533,,
67,19,0,Black,transformed,1,2.423847753,0.095722533,,
68,19,0,Black,transformed,1,2.42876067,0.095722533,,
69,19,0,Black,transformed,1,2.433459501,0.095722533,,
70,19,0,Black,transformed,1,2.437953852,0.095722533,,
71,19,0,Black,transformed,1,2.442253327,0.095722533,,
72,19,0,Black,transformed,1,2.446368263,0.095722533,,
73,19,0,Black,transformed,1,2.450321303,0.095722533,,
74,19,0,Black,transformed,1,2.454145299,0.095722533,,
75,19,0,Black,transformed,1,2.457873412,0.095722533,,
76,19,0,Black,transformed,1,2.461538802,0.095722533,,
77,19,0,Black,transformed,1,2.465174632,0.095722533,,
78,19,0,Black,transformed,1,2.468814063,0.095722533,,
79,19,0,Black,transformed,1,2.472490255,0.095722533,,
80,19,0,Black,transformed,1,2.47623609,0.095722533,,
81,19,0,Black,transformed,1,2.48008169,0.095722533,,
82,19,0,Black,transformed,1,2.484055617,0.095722533,,
83,19,0,Black,transformed,1,2.488186409,0.095722533,,
84,19,0,Black,transformed,1,2.49250261,0.095722533,,
85,19,0,Black,transformed,1,2.497032761,0.095722533,,
86,19,0,Black,transformed,1,2.501805401,0.095722533,,
87,19,0,Black,transformed,1,2.506849074,0.095722533,,
88,19,0,Black,transformed,1,2.512191605,0.095722533,,
89,19,0,Black,transformed,1,2.517856414,0.095722533,,
90,19,0,Black,transformed,1,2.52386524,0.095722533,,
91,19,0,Black,transformed,1,2.530239816,0.095722533,,
92,19,0,Black,transformed,1,2.53700188,0.095722533,,
93,19,0,Black,transformed,1,2.544173167,0.095722533,,
94,19,0,Black,transformed,1,2.551775411,0.095722533,,
95,19,0,Black,transformed,1,2.559830349,0.095722533,,
40,20,0,Black,transformed,1,2.339161187,0.095722533,,
41,20,0,Black,transformed,1,2.339398339,0.095722533,,
42,20,0,Black,transformed,1,2.339651016,0.095722533,,
43,20,0,Black,transformed,1,2.339927117,0.095722533,,
44,20,0,Black,transformed,1,2.340234543,0.095722533,,
45,20,0,Black,transformed,1,2.340581193,0.095722533,,
46,20,0,Black,transformed,1,2.340974967,0.095722533,,
47,20,0,Black,transformed,1,2.341423765,0.095722533,,
48,20,0,Black,transformed,1,2.341935526,0.095722533,,
49,20,0,Black,transformed,1,2.342538221,0.095722533,,
50,20,0,Black,transformed,1,2.343312384,0.095722533,,
51,20,0,Black,transformed,1,2.344347065,0.095722533,,
52,20,0,Black,transformed,1,2.345731314,0.095722533,,
53,20,0,Black,transformed,1,2.347554184,0.095722533,,
54,20,0,Black,transformed,1,2.349904723,0.095722533,,
55,20,0,Black,transformed,1,2.352871984,0.095722533,,
56,20,0,Black,transformed,1,2.356544163,0.095722533,,
57,20,0,Black,transformed,1,2.360935072,0.095722533,,
58,20,0,Black,transformed,1,2.36592747,0.095722533,,
59,20,0,Black,transformed,1,2.371390774,0.095722533,,
60,20,0,Black,transformed,1,2.377194403,0.095722533,,
61,20,0,Black,transformed,1,2.383207775,0.095722533,,
62,20,0,Black,transformed,1,2.389300307,0.095722533,,
63,20,0,Black,transformed,1,2.395341419,0.095722533,,
64,20,0,Black,transformed,1,2.401202367,0.095722533,,
65,20,0,Black,transformed,1,2.406815169,0.095722533,,
66,20,0,Black,transformed,1,2.412185072,0.095722533,,
67,20,0,Black,transformed,1,2.417321679,0.095722533,,
68,20,0,Black,transformed,1,2.422234596,0.095722533,,
69,20,0,Black,transformed,1,2.426933428,0.095722533,,
70,20,0,Black,transformed,1,2.431427779,0.095722533,,
71,20,0,Black,transformed,1,2.435727254,0.095722533,,
72,20,0,Black,transformed,1,2.43984219,0.095722533,,
73,20,0,Black,transformed,1,2.44379523,0.095722533,,
74,20,0,Black,transformed,1,2.447619226,0.095722533,,
75,20,0,Black,transformed,1,2.451347338,0.095722533,,
76,20,0,Black,transformed,1,2.455012729,0.095722533,,
77,20,0,Black,transformed,1,2.458648559,0.095722533,,
78,20,0,Black,transformed,1,2.462287989,0.095722533,,
79,20,0,Black,transformed,1,2.465964182,0.095722533,,
80,20,0,Black,transformed,1,2.469710016,0.095722533,,
81,20,0,Black,transformed,1,2.473555617,0.095722533,,
82,20,0,Black,transformed,1,2.477529543,0.095722533,,
83,20,0,Black,transformed,1,2.481660336,0.095722533,,
84,20,0,Black,transformed,1,2.485976537,0.095722533,,
85,20,0,Black,transformed,1,2.490506687,0.095722533,,
86,20,0,Black,transformed,1,2.495279328,0.095722533,,
87,20,0,Black,transformed,1,2.500323001,0.095722533,,
88,20,0,Black,transformed,1,2.505665532,0.095722533,,
89,20,0,Black,transformed,1,2.511330341,0.095722533,,
90,20,0,Black,transformed,1,2.517339166,0.095722533,,
91,20,0,Black,transformed,1,2.523713743,0.095722533,,
92,20,0,Black,transformed,1,2.530475807,0.095722533,,
93,20,0,Black,transformed,1,2.537647093,0.095722533,,
94,20,0,Black,transformed,1,2.545249338,0.095722533,,
95,20,0,Black,transformed,1,2.553304275,0.095722533,,
40,10,1,Black,transformed,1,2.408091976,0.095722533,,
41,10,1,Black,transformed,1,2.408329128,0.095722533,,
42,10,1,Black,transformed,1,2.408581805,0.095722533,,
43,10,1,Black,transformed,1,2.408857906,0.095722533,,
44,10,1,Black,transformed,1,2.409165332,0.095722533,,
45,10,1,Black,transformed,1,2.409511982,0.095722533,,-0.629402671
46,10,1,Black,transformed,1,2.409905756,0.095722533,,
47,10,1,Black,transformed,1,2.410354554,0.095722533,,
48,10,1,Black,transformed,1,2.410866315,0.095722533,,
49,10,1,Black,transformed,1,2.411469011,0.095722533,,
50,10,1,Black,transformed,1,2.412243173,0.095722533,,
51,10,1,Black,transformed,1,2.413277854,0.095722533,,
52,10,1,Black,transformed,1,2.414662104,0.095722533,,
53,10,1,Black,transformed,1,2.416484973,0.095722533,,
54,10,1,Black,transformed,1,2.418835513,0.095722533,,
55,10,1,Black,transformed,1,2.421802774,0.095722533,,
56,10,1,Black,transformed,1,2.425474953,0.095722533,,
57,10,1,Black,transformed,1,2.429865862,0.095722533,,
58,10,1,Black,transformed,1,2.434858259,0.095722533,,
59,10,1,Black,transformed,1,2.440321564,0.095722533,,
60,10,1,Black,transformed,1,2.446125193,0.095722533,,-0.246909548
61,10,1,Black,transformed,1,2.452138564,0.095722533,,
62,10,1,Black,transformed,1,2.458231097,0.095722533,,
63,10,1,Black,transformed,1,2.464272209,0.095722533,,
64,10,1,Black,transformed,1,2.470133156,0.095722533,,
65,10,1,Black,transformed,1,2.475745959,0.095722533,,
66,10,1,Black,transformed,1,2.481115862,0.095722533,,
67,10,1,Black,transformed,1,2.486252469,0.095722533,,
68,10,1,Black,transformed,1,2.491165386,0.095722533,,
69,10,1,Black,transformed,1,2.495864217,0.095722533,,
70,10,1,Black,transformed,1,2.500358568,0.095722533,,
71,10,1,Black,transformed,1,2.504658043,0.095722533,,
72,10,1,Black,transformed,1,2.508772979,0.095722533,,
73,10,1,Black,transformed,1,2.512726019,0.095722533,,
74,10,1,Black,transformed,1,2.516550015,0.095722533,,
75,10,1,Black,transformed,1,2.520278128,0.095722533,,0.527755858
76,10,1,Black,transformed,1,2.523943518,0.095722533,,
77,10,1,Black,transformed,1,2.527579348,0.095722533,,
78,10,1,Black,transformed,1,2.531218779,0.095722533,,
79,10,1,Black,transformed,1,2.534894971,0.095722533,,
80,10,1,Black,transformed,1,2.538640806,0.095722533,,
81,10,1,Black,transformed,1,2.542486406,0.095722533,,
82,10,1,Black,transformed,1,2.546460333,0.095722533,,
83,10,1,Black,transformed,1,2.550591125,0.095722533,,
84,10,1,Black,transformed,1,2.554907326,0.095722533,,
85,10,1,Black,transformed,1,2.559437477,0.095722533,,
86,10,1,Black,transformed,1,2.564210117,0.095722533,,
87,10,1,Black,transformed,1,2.56925379,0.095722533,,
88,10,1,Black,transformed,1,2.574596321,0.095722533,,
89,10,1,Black,transformed,1,2.58026113,0.095722533,,
90,10,1,Black,transformed,1,2.586269956,0.095722533,,
91,10,1,Black,transformed,1,2.592644532,0.095722533,,
92,10,1,Black,transformed,1,2.599406596,0.095722533,,
93,10,1,Black,transformed,1,2.606577883,0.095722533,,
94,10,1,Black,transformed,1,2.614180127,0.095722533,,
95,10,1,Black,transformed,1,2.622235065,0.095722533,,
40,11,1,Black,transformed,1,2.401565903,0.095722533,,
41,11,1,Black,transformed,1,2.401803055,0.095722533,,
42,11,1,Black,transformed,1,2.402055732,0.095722533,,
43,11,1,Black,transformed,1,2.402331833,0.095722533,,
44,11,1,Black,transformed,1,2.402639259,0.095722533,,
45,11,1,Black,transformed,1,2.402985909,0.095722533,,
46,11,1,Black,transformed,1,2.403379683,0.095722533,,
47,11,1,Black,transformed,1,2.403828481,0.095722533,,
48,11,1,Black,transformed,1,2.404340242,0.095722533,,
49,11,1,Black,transformed,1,2.404942937,0.095722533,,
50,11,1,Black,transformed,1,2.4057171,0.095722533,,
51,11,1,Black,transformed,1,2.406751781,0.095722533,,
52,11,1,Black,transformed,1,2.40813603,0.095722533,,
53,11,1,Black,transformed,1,2.4099589,0.095722533,,
54,11,1,Black,transformed,1,2.412309439,0.095722533,,
55,11,1,Black,transformed,1,2.4152767,0.095722533,,
56,11,1,Black,transformed,1,2.418948879,0.095722533,,
57,11,1,Black,transformed,1,2.423339788,0.095722533,,
58,11,1,Black,transformed,1,2.428332186,0.095722533,,
59,11,1,Black,transformed,1,2.43379549,0.095722533,,
60,11,1,Black,transformed,1,2.439599119,0.095722533,,
61,11,1,Black,transformed,1,2.445612491,0.095722533,,
62,11,1,Black,transformed,1,2.451705024,0.095722533,,
63,11,1,Black,transformed,1,2.457746135,0.095722533,,
64,11,1,Black,transformed,1,2.463607083,0.095722533,,
65,11,1,Black,transformed,1,2.469219885,0.095722533,,
66,11,1,Black,transformed,1,2.474589788,0.095722533,,
67,11,1,Black,transformed,1,2.479726395,0.095722533,,
68,11,1,Black,transformed,1,2.484639312,0.095722533,,
69,11,1,Black,transformed,1,2.489338144,0.095722533,,
70,11,1,Black,transformed,1,2.493832495,0.095722533,,
71,11,1,Black,transformed,1,2.49813197,0.095722533,,
72,11,1,Black,transformed,1,2.502246906,0.095722533,,
73,11,1,Black,transformed,1,2.506199946,0.095722533,,
74,11,1,Black,transformed,1,2.510023942,0.095722533,,
75,11,1,Black,transformed,1,2.513752054,0.095722533,,
76,11,1,Black,transformed,1,2.517417445,0.095722533,,
77,11,1,Black,transformed,1,2.521053275,0.095722533,,
78,11,1,Black,transformed,1,2.524692705,0.095722533,,
79,11,1,Black,transformed,1,2.528368898,0.095722533,,
80,11,1,Black,transformed,1,2.532114732,0.095722533,,
81,11,1,Black,transformed,1,2.535960333,0.095722533,,
82,11,1,Black,transformed,1,2.539934259,0.095722533,,
83,11,1,Black,transformed,1,2.544065052,0.095722533,,
84,11,1,Black,transformed,1,2.548381253,0.095722533,,
85,11,1,Black,transformed,1,2.552911403,0.095722533,,
86,11,1,Black,transformed,1,2.557684044,0.095722533,,
87,11,1,Black,transformed,1,2.562727717,0.095722533,,
88,11,1,Black,transformed,1,2.568070248,0.095722533,,
89,11,1,Black,transformed,1,2.573735057,0.095722533,,
90,11,1,Black,transformed,1,2.579743882,0.095722533,,
91,11,1,Black,transformed,1,2.586118459,0.095722533,,
92,11,1,Black,transformed,1,2.592880523,0.095722533,,
93,11,1,Black,transformed,1,2.600051809,0.095722533,,
94,11,1,Black,transformed,1,2.607654054,0.095722533,,
95,11,1,Black,transformed,1,2.615708991,0.095722533,,
40,12,1,Black,transformed,1,2.395039829,0.095722533,,
41,12,1,Black,transformed,1,2.395276981,0.095722533,,
42,12,1,Black,transformed,1,2.395529658,0.095722533,,
43,12,1,Black,transformed,1,2.395805759,0.095722533,,
44,12,1,Black,transformed,1,2.396113185,0.095722533,,
45,12,1,Black,transformed,1,2.396459835,0.095722533,,
46,12,1,Black,transformed,1,2.396853609,0.095722533,,
47,12,1,Black,transformed,1,2.397302407,0.095722533,,
48,12,1,Black,transformed,1,2.397814168,0.095722533,,
49,12,1,Black,transformed,1,2.398416864,0.095722533,,
50,12,1,Black,transformed,1,2.399191026,0.095722533,,
51,12,1,Black,transformed,1,2.400225707,0.095722533,,
52,12,1,Black,transformed,1,2.401609957,0.095722533,,
53,12,1,Black,transformed,1,2.403432826,0.095722533,,
54,12,1,Black,transformed,1,2.405783366,0.095722533,,
55,12,1,Black,transformed,1,2.408750627,0.095722533,,
56,12,1,Black,transformed,1,2.412422806,0.095722533,,
57,12,1,Black,transformed,1,2.416813715,0.095722533,,
58,12,1,Black,transformed,1,2.421806113,0.095722533,,
59,12,1,Black,transformed,1,2.427269417,0.095722533,,
60,12,1,Black,transformed,1,2.433073046,0.095722533,,
61,12,1,Black,transformed,1,2.439086417,0.095722533,,
62,12,1,Black,transformed,1,2.44517895,0.095722533,,
63,12,1,Black,transformed,1,2.451220062,0.095722533,,
64,12,1,Black,transformed,1,2.457081009,0.095722533,,
65,12,1,Black,transformed,1,2.462693812,0.095722533,,
66,12,1,Black,transformed,1,2.468063715,0.095722533,,
67,12,1,Black,transformed,1,2.473200322,0.095722533,,
68,12,1,Black,transformed,1,2.478113239,0.095722533,,
69,12,1,Black,transformed,1,2.482812071,0.095722533,,
70,12,1,Black,transformed,1,2.487306421,0.095722533,,
71,12,1,Black,transformed,1,2.491605896,0.095722533,,
72,12,1,Black,transformed,1,2.495720833,0.095722533,,
73,12,1,Black,transformed,1,2.499673872,0.095722533,,
74,12,1,Black,transformed,1,2.503497868,0.095722533,,
75,12,1,Black,transformed,1,2.507225981,0.095722533,,
76,12,1,Black,transformed,1,2.510891371,0.095722533,,
77,12,1,Black,transformed,1,2.514527201,0.095722533,,
78,12,1,Black,transformed,1,2.518166632,0.095722533,,
79,12,1,Black,transformed,1,2.521842824,0.095722533,,
80,12,1,Black,transformed,1,2.525588659,0.095722533,,
81,12,1,Black,transformed,1,2.529434259,0.095722533,,
82,12,1,Black,transformed,1,2.533408186,0.095722533,,
83,12,1,Black,transformed,1,2.537538979,0.095722533,,
84,12,1,Black,transformed,1,2.54185518,0.095722533,,
85,12,1,Black,transformed,1,2.54638533,0.095722533,,
86,12,1,Black,transformed,1,2.551157971,0.095722533,,
87,12,1,Black,transformed,1,2.556201643,0.095722533,,
88,12,1,Black,transformed,1,2.561544175,0.095722533,,
89,12,1,Black,transformed,1,2.567208984,0.095722533,,
90,12,1,Black,transformed,1,2.573217809,0.095722533,,
91,12,1,Black,transformed,1,2.579592386,0.095722533,,
92,12,1,Black,transformed,1,2.586354449,0.095722533,,
93,12,1,Black,transformed,1,2.593525736,0.095722533,,
94,12,1,Black,transformed,1,2.60112798,0.095722533,,
95,12,1,Black,transformed,1,2.609182918,0.095722533,,
40,13,1,Black,transformed,1,2.388513756,0.095722533,,
41,13,1,Black,transformed,1,2.388750908,0.095722533,,
42,13,1,Black,transformed,1,2.389003585,0.095722533,,
43,13,1,Black,transformed,1,2.389279686,0.095722533,,
44,13,1,Black,transformed,1,2.389587112,0.095722533,,
45,13,1,Black,transformed,1,2.389933762,0.095722533,,
46,13,1,Black,transformed,1,2.390327536,0.095722533,,
47,13,1,Black,transformed,1,2.390776334,0.095722533,,
48,13,1,Black,transformed,1,2.391288095,0.095722533,,
49,13,1,Black,transformed,1,2.39189079,0.095722533,,
50,13,1,Black,transformed,1,2.392664953,0.095722533,,
51,13,1,Black,transformed,1,2.393699634,0.095722533,,
52,13,1,Black,transformed,1,2.395083883,0.095722533,,
53,13,1,Black,transformed,1,2.396906753,0.095722533,,
54,13,1,Black,transformed,1,2.399257293,0.095722533,,
55,13,1,Black,transformed,1,2.402224553,0.095722533,,
56,13,1,Black,transformed,1,2.405896732,0.095722533,,
57,13,1,Black,transformed,1,2.410287641,0.095722533,,
58,13,1,Black,transformed,1,2.415280039,0.095722533,,
59,13,1,Black,transformed,1,2.420743343,0.095722533,,
60,13,1,Black,transformed,1,2.426546972,0.095722533,,
61,13,1,Black,transformed,1,2.432560344,0.095722533,,
62,13,1,Black,transformed,1,2.438652877,0.095722533,,
63,13,1,Black,transformed,1,2.444693988,0.095722533,,
64,13,1,Black,transformed,1,2.450554936,0.095722533,,
65,13,1,Black,transformed,1,2.456167739,0.095722533,,
66,13,1,Black,transformed,1,2.461537641,0.095722533,,
67,13,1,Black,transformed,1,2.466674249,0.095722533,,
68,13,1,Black,transformed,1,2.471587166,0.095722533,,
69,13,1,Black,transformed,1,2.476285997,0.095722533,,
70,13,1,Black,transformed,1,2.480780348,0.095722533,,
71,13,1,Black,transformed,1,2.485079823,0.095722533,,
72,13,1,Black,transformed,1,2.489194759,0.095722533,,
73,13,1,Black,transformed,1,2.493147799,0.095722533,,
74,13,1,Black,transformed,1,2.496971795,0.095722533,,
75,13,1,Black,transformed,1,2.500699907,0.095722533,,
76,13,1,Black,transformed,1,2.504365298,0.095722533,,
77,13,1,Black,transformed,1,2.508001128,0.095722533,,
78,13,1,Black,transformed,1,2.511640558,0.095722533,,
79,13,1,Black,transformed,1,2.515316751,0.095722533,,
80,13,1,Black,transformed,1,2.519062585,0.095722533,,
81,13,1,Black,transformed,1,2.522908186,0.095722533,,
82,13,1,Black,transformed,1,2.526882112,0.095722533,,
83,13,1,Black,transformed,1,2.531012905,0.095722533,,
84,13,1,Black,transformed,1,2.535329106,0.095722533,,
85,13,1,Black,transformed,1,2.539859256,0.095722533,,
86,13,1,Black,transformed,1,2.544631897,0.095722533,,
87,13,1,Black,transformed,1,2.54967557,0.095722533,,
88,13,1,Black,transformed,1,2.555018101,0.095722533,,
89,13,1,Black,transformed,1,2.56068291,0.095722533,,
90,13,1,Black,transformed,1,2.566691735,0.095722533,,
91,13,1,Black,transformed,1,2.573066312,0.095722533,,
92,13,1,Black,transformed,1,2.579828376,0.095722533,,
93,13,1,Black,transformed,1,2.586999662,0.095722533,,
94,13,1,Black,transformed,1,2.594601907,0.095722533,,
95,13,1,Black,transformed,1,2.602656845,0.095722533,,
40,14,1,Black,transformed,1,2.381987683,0.095722533,,
41,14,1,Black,transformed,1,2.382224835,0.095722533,,
42,14,1,Black,transformed,1,2.382477511,0.095722533,,
43,14,1,Black,transformed,1,2.382753613,0.095722533,,
44,14,1,Black,transformed,1,2.383061038,0.095722533,,
45,14,1,Black,transformed,1,2.383407688,0.095722533,,
46,14,1,Black,transformed,1,2.383801462,0.095722533,,
47,14,1,Black,transformed,1,2.38425026,0.095722533,,
48,14,1,Black,transformed,1,2.384762022,0.095722533,,
49,14,1,Black,transformed,1,2.385364717,0.095722533,,
50,14,1,Black,transformed,1,2.386138879,0.095722533,,
51,14,1,Black,transformed,1,2.38717356,0.095722533,,
52,14,1,Black,transformed,1,2.38855781,0.095722533,,
53,14,1,Black,transformed,1,2.390380679,0.095722533,,
54,14,1,Black,transformed,1,2.392731219,0.095722533,,
55,14,1,Black,transformed,1,2.39569848,0.095722533,,
56,14,1,Black,transformed,1,2.399370659,0.095722533,,
57,14,1,Black,transformed,1,2.403761568,0.095722533,,
58,14,1,Black,transformed,1,2.408753966,0.095722533,,
59,14,1,Black,transformed,1,2.41421727,0.095722533,,
60,14,1,Black,transformed,1,2.420020899,0.095722533,,
61,14,1,Black,transformed,1,2.426034271,0.095722533,,
62,14,1,Black,transformed,1,2.432126803,0.095722533,,
63,14,1,Black,transformed,1,2.438167915,0.095722533,,
64,14,1,Black,transformed,1,2.444028863,0.095722533,,
65,14,1,Black,transformed,1,2.449641665,0.095722533,,
66,14,1,Black,transformed,1,2.455011568,0.095722533,,
67,14,1,Black,transformed,1,2.460148175,0.095722533,,
68,14,1,Black,transformed,1,2.465061092,0.095722533,,
69,14,1,Black,transformed,1,2.469759924,0.095722533,,
70,14,1,Black,transformed,1,2.474254274,0.095722533,,
71,14,1,Black,transformed,1,2.478553749,0.095722533,,
72,14,1,Black,transformed,1,2.482668686,0.095722533,,
73,14,1,Black,transformed,1,2.486621726,0.095722533,,
74,14,1,Black,transformed,1,2.490445721,0.095722533,,
75,14,1,Black,transformed,1,2.494173834,0.095722533,,
76,14,1,Black,transformed,1,2.497839224,0.095722533,,
77,14,1,Black,transformed,1,2.501475054,0.095722533,,
78,14,1,Black,transformed,1,2.505114485,0.095722533,,
79,14,1,Black,transformed,1,2.508790677,0.095722533,,
80,14,1,Black,transformed,1,2.512536512,0.095722533,,
81,14,1,Black,transformed,1,2.516382113,0.095722533,,
82,14,1,Black,transformed,1,2.520356039,0.095722533,,
83,14,1,Black,transformed,1,2.524486832,0.095722533,,
84,14,1,Black,transformed,1,2.528803033,0.095722533,,
85,14,1,Black,transformed,1,2.533333183,0.095722533,,
86,14,1,Black,transformed,1,2.538105824,0.095722533,,
87,14,1,Black,transformed,1,2.543149496,0.095722533,,
88,14,1,Black,transformed,1,2.548492028,0.095722533,,
89,14,1,Black,transformed,1,2.554156837,0.095722533,,
90,14,1,Black,transformed,1,2.560165662,0.095722533,,
91,14,1,Black,transformed,1,2.566540239,0.095722533,,
92,14,1,Black,transformed,1,2.573302303,0.095722533,,
93,14,1,Black,transformed,1,2.580473589,0.095722533,,
94,14,1,Black,transformed,1,2.588075833,0.095722533,,
95,14,1,Black,transformed,1,2.596130771,0.095722533,,
40,15,1,Black,transformed,1,2.375461609,0.095722533,,
41,15,1,Black,transformed,1,2.375698761,0.095722533,,
42,15,1,Black,transformed,1,2.375951438,0.095722533,,
43,15,1,Black,transformed,1,2.376227539,0.095722533,,
44,15,1,Black,transformed,1,2.376534965,0.095722533,,
45,15,1,Black,transformed,1,2.376881615,0.095722533,,
46,15,1,Black,transformed,1,2.377275389,0.095722533,,
47,15,1,Black,transformed,1,2.377724187,0.095722533,,
48,15,1,Black,transformed,1,2.378235948,0.095722533,,
49,15,1,Black,transformed,1,2.378838643,0.095722533,,
50,15,1,Black,transformed,1,2.379612806,0.095722533,,
51,15,1,Black,transformed,1,2.380647487,0.095722533,,
52,15,1,Black,transformed,1,2.382031737,0.095722533,,
53,15,1,Black,transformed,1,2.383854606,0.095722533,,
54,15,1,Black,transformed,1,2.386205146,0.095722533,,
55,15,1,Black,transformed,1,2.389172406,0.095722533,,
56,15,1,Black,transformed,1,2.392844585,0.095722533,,
57,15,1,Black,transformed,1,2.397235495,0.095722533,,
58,15,1,Black,transformed,1,2.402227892,0.095722533,,
59,15,1,Black,transformed,1,2.407691196,0.095722533,,
60,15,1,Black,transformed,1,2.413494825,0.095722533,,
61,15,1,Black,transformed,1,2.419508197,0.095722533,,
62,15,1,Black,transformed,1,2.42560073,0.095722533,,
63,15,1,Black,transformed,1,2.431641841,0.095722533,,
64,15,1,Black,transformed,1,2.437502789,0.095722533,,
65,15,1,Black,transformed,1,2.443115592,0.095722533,,
66,15,1,Black,transformed,1,2.448485494,0.095722533,,
67,15,1,Black,transformed,1,2.453622102,0.095722533,,
68,15,1,Black,transformed,1,2.458535019,0.095722533,,
69,15,1,Black,transformed,1,2.46323385,0.095722533,,
70,15,1,Black,transformed,1,2.467728201,0.095722533,,
71,15,1,Black,transformed,1,2.472027676,0.095722533,,
72,15,1,Black,transformed,1,2.476142612,0.095722533,,
73,15,1,Black,transformed,1,2.480095652,0.095722533,,
74,15,1,Black,transformed,1,2.483919648,0.095722533,,
75,15,1,Black,transformed,1,2.48764776,0.095722533,,
76,15,1,Black,transformed,1,2.491313151,0.095722533,,
77,15,1,Black,transformed,1,2.494948981,0.095722533,,
78,15,1,Black,transformed,1,2.498588412,0.095722533,,
79,15,1,Black,transformed,1,2.502264604,0.095722533,,
80,15,1,Black,transformed,1,2.506010438,0.095722533,,
81,15,1,Black,transformed,1,2.509856039,0.095722533,,
82,15,1,Black,transformed,1,2.513829965,0.095722533,,
83,15,1,Black,transformed,1,2.517960758,0.095722533,,
84,15,1,Black,transformed,1,2.522276959,0.095722533,,
85,15,1,Black,transformed,1,2.526807109,0.095722533,,
86,15,1,Black,transformed,1,2.53157975,0.095722533,,
87,15,1,Black,transformed,1,2.536623423,0.095722533,,
88,15,1,Black,transformed,1,2.541965954,0.095722533,,
89,15,1,Black,transformed,1,2.547630763,0.095722533,,
90,15,1,Black,transformed,1,2.553639588,0.095722533,,
91,15,1,Black,transformed,1,2.560014165,0.095722533,,
92,15,1,Black,transformed,1,2.566776229,0.095722533,,
93,15,1,Black,transformed,1,2.573947516,0.095722533,,
94,15,1,Black,transformed,1,2.58154976,0.095722533,,
95,15,1,Black,transformed,1,2.589604698,0.095722533,,
40,16,1,Black,transformed,1,2.368935536,0.095722533,,
41,16,1,Black,transformed,1,2.369172688,0.095722533,,
42,16,1,Black,transformed,1,2.369425364,0.095722533,,
43,16,1,Black,transformed,1,2.369701466,0.095722533,,
44,16,1,Black,transformed,1,2.370008891,0.095722533,,
45,16,1,Black,transformed,1,2.370355541,0.095722533,,-1.038464566
46,16,1,Black,transformed,1,2.370749315,0.095722533,,
47,16,1,Black,transformed,1,2.371198113,0.095722533,,
48,16,1,Black,transformed,1,2.371709875,0.095722533,,
49,16,1,Black,transformed,1,2.37231257,0.095722533,,
50,16,1,Black,transformed,1,2.373086733,0.095722533,,
51,16,1,Black,transformed,1,2.374121413,0.095722533,,
52,16,1,Black,transformed,1,2.375505663,0.095722533,,
53,16,1,Black,transformed,1,2.377328532,0.095722533,,
54,16,1,Black,transformed,1,2.379679072,0.095722533,,
55,16,1,Black,transformed,1,2.382646333,0.095722533,,
56,16,1,Black,transformed,1,2.386318512,0.095722533,,
57,16,1,Black,transformed,1,2.390709421,0.095722533,,
58,16,1,Black,transformed,1,2.395701819,0.095722533,,
59,16,1,Black,transformed,1,2.401165123,0.095722533,,
60,16,1,Black,transformed,1,2.406968752,0.095722533,,-0.655971443
61,16,1,Black,transformed,1,2.412982124,0.095722533,,
62,16,1,Black,transformed,1,2.419074656,0.095722533,,
63,16,1,Black,transformed,1,2.425115768,0.095722533,,
64,16,1,Black,transformed,1,2.430976716,0.095722533,,
65,16,1,Black,transformed,1,2.436589518,0.095722533,,
66,16,1,Black,transformed,1,2.441959421,0.095722533,,
67,16,1,Black,transformed,1,2.447096028,0.095722533,,
68,16,1,Black,transformed,1,2.452008945,0.095722533,,
69,16,1,Black,transformed,1,2.456707777,0.095722533,,
70,16,1,Black,transformed,1,2.461202128,0.095722533,,
71,16,1,Black,transformed,1,2.465501602,0.095722533,,
72,16,1,Black,transformed,1,2.469616539,0.095722533,,
73,16,1,Black,transformed,1,2.473569579,0.095722533,,
74,16,1,Black,transformed,1,2.477393574,0.095722533,,
75,16,1,Black,transformed,1,2.481121687,0.095722533,,0.118693964
76,16,1,Black,transformed,1,2.484787078,0.095722533,,
77,16,1,Black,transformed,1,2.488422908,0.095722533,,
78,16,1,Black,transformed,1,2.492062338,0.095722533,,
79,16,1,Black,transformed,1,2.49573853,0.095722533,,
80,16,1,Black,transformed,1,2.499484365,0.095722533,,
81,16,1,Black,transformed,1,2.503329966,0.095722533,,
82,16,1,Black,transformed,1,2.507303892,0.095722533,,
83,16,1,Black,transformed,1,2.511434685,0.095722533,,
84,16,1,Black,transformed,1,2.515750886,0.095722533,,
85,16,1,Black,transformed,1,2.520281036,0.095722533,,
86,16,1,Black,transformed,1,2.525053677,0.095722533,,
87,16,1,Black,transformed,1,2.530097349,0.095722533,,
88,16,1,Black,transformed,1,2.535439881,0.095722533,,
89,16,1,Black,transformed,1,2.54110469,0.095722533,,
90,16,1,Black,transformed,1,2.547113515,0.095722533,,
91,16,1,Black,transformed,1,2.553488092,0.095722533,,
92,16,1,Black,transformed,1,2.560250156,0.095722533,,
93,16,1,Black,transformed,1,2.567421442,0.095722533,,
94,16,1,Black,transformed,1,2.575023686,0.095722533,,
95,16,1,Black,transformed,1,2.583078624,0.095722533,,
40,17,1,Black,transformed,1,2.362409462,0.095722533,,
41,17,1,Black,transformed,1,2.362646614,0.095722533,,
42,17,1,Black,transformed,1,2.362899291,0.095722533,,
43,17,1,Black,transformed,1,2.363175392,0.095722533,,
44,17,1,Black,transformed,1,2.363482818,0.095722533,,
45,17,1,Black,transformed,1,2.363829468,0.095722533,,
46,17,1,Black,transformed,1,2.364223242,0.095722533,,
47,17,1,Black,transformed,1,2.36467204,0.095722533,,
48,17,1,Black,transformed,1,2.365183801,0.095722533,,
49,17,1,Black,transformed,1,2.365786496,0.095722533,,
50,17,1,Black,transformed,1,2.366560659,0.095722533,,
51,17,1,Black,transformed,1,2.36759534,0.095722533,,
52,17,1,Black,transformed,1,2.36897959,0.095722533,,
53,17,1,Black,transformed,1,2.370802459,0.095722533,,
54,17,1,Black,transformed,1,2.373152999,0.095722533,,
55,17,1,Black,transformed,1,2.37612026,0.095722533,,
56,17,1,Black,transformed,1,2.379792438,0.095722533,,
57,17,1,Black,transformed,1,2.384183348,0.095722533,,
58,17,1,Black,transformed,1,2.389175745,0.095722533,,
59,17,1,Black,transformed,1,2.39463905,0.095722533,,
60,17,1,Black,transformed,1,2.400442678,0.095722533,,
61,17,1,Black,transformed,1,2.40645605,0.095722533,,
62,17,1,Black,transformed,1,2.412548583,0.095722533,,
63,17,1,Black,transformed,1,2.418589694,0.095722533,,
64,17,1,Black,transformed,1,2.424450642,0.095722533,,
65,17,1,Black,transformed,1,2.430063445,0.095722533,,
66,17,1,Black,transformed,1,2.435433347,0.095722533,,
67,17,1,Black,transformed,1,2.440569955,0.095722533,,
68,17,1,Black,transformed,1,2.445482872,0.095722533,,
69,17,1,Black,transformed,1,2.450181703,0.095722533,,
70,17,1,Black,transformed,1,2.454676054,0.095722533,,
71,17,1,Black,transformed,1,2.458975529,0.095722533,,
72,17,1,Black,transformed,1,2.463090465,0.095722533,,
73,17,1,Black,transformed,1,2.467043505,0.095722533,,
74,17,1,Black,transformed,1,2.470867501,0.095722533,,
75,17,1,Black,transformed,1,2.474595613,0.095722533,,
76,17,1,Black,transformed,1,2.478261004,0.095722533,,
77,17,1,Black,transformed,1,2.481896834,0.095722533,,
78,17,1,Black,transformed,1,2.485536265,0.095722533,,
79,17,1,Black,transformed,1,2.489212457,0.095722533,,
80,17,1,Black,transformed,1,2.492958291,0.095722533,,
81,17,1,Black,transformed,1,2.496803892,0.095722533,,
82,17,1,Black,transformed,1,2.500777818,0.095722533,,
83,17,1,Black,transformed,1,2.504908611,0.095722533,,
84,17,1,Black,transformed,1,2.509224812,0.095722533,,
85,17,1,Black,transformed,1,2.513754962,0.095722533,,
86,17,1,Black,transformed,1,2.518527603,0.095722533,,
87,17,1,Black,transformed,1,2.523571276,0.095722533,,
88,17,1,Black,transformed,1,2.528913807,0.095722533,,
89,17,1,Black,transformed,1,2.534578616,0.095722533,,
90,17,1,Black,transformed,1,2.540587441,0.095722533,,
91,17,1,Black,transformed,1,2.546962018,0.095722533,,
92,17,1,Black,transformed,1,2.553724082,0.095722533,,
93,17,1,Black,transformed,1,2.560895369,0.095722533,,
94,17,1,Black,transformed,1,2.568497613,0.095722533,,
95,17,1,Black,transformed,1,2.576552551,0.095722533,,
40,18,1,Black,transformed,1,2.355883389,0.095722533,,
41,18,1,Black,transformed,1,2.356120541,0.095722533,,
42,18,1,Black,transformed,1,2.356373218,0.095722533,,
43,18,1,Black,transformed,1,2.356649319,0.095722533,,
44,18,1,Black,transformed,1,2.356956744,0.095722533,,
45,18,1,Black,transformed,1,2.357303394,0.095722533,,
46,18,1,Black,transformed,1,2.357697168,0.095722533,,
47,18,1,Black,transformed,1,2.358145966,0.095722533,,
48,18,1,Black,transformed,1,2.358657728,0.095722533,,
49,18,1,Black,transformed,1,2.359260423,0.095722533,,
50,18,1,Black,transformed,1,2.360034586,0.095722533,,
51,18,1,Black,transformed,1,2.361069267,0.095722533,,
52,18,1,Black,transformed,1,2.362453516,0.095722533,,
53,18,1,Black,transformed,1,2.364276386,0.095722533,,
54,18,1,Black,transformed,1,2.366626925,0.095722533,,
55,18,1,Black,transformed,1,2.369594186,0.095722533,,
56,18,1,Black,transformed,1,2.373266365,0.095722533,,
57,18,1,Black,transformed,1,2.377657274,0.095722533,,
58,18,1,Black,transformed,1,2.382649672,0.095722533,,
59,18,1,Black,transformed,1,2.388112976,0.095722533,,
60,18,1,Black,transformed,1,2.393916605,0.095722533,,
61,18,1,Black,transformed,1,2.399929977,0.095722533,,
62,18,1,Black,transformed,1,2.406022509,0.095722533,,
63,18,1,Black,transformed,1,2.412063621,0.095722533,,
64,18,1,Black,transformed,1,2.417924569,0.095722533,,
65,18,1,Black,transformed,1,2.423537371,0.095722533,,
66,18,1,Black,transformed,1,2.428907274,0.095722533,,
67,18,1,Black,transformed,1,2.434043881,0.095722533,,
68,18,1,Black,transformed,1,2.438956798,0.095722533,,
69,18,1,Black,transformed,1,2.44365563,0.095722533,,
70,18,1,Black,transformed,1,2.448149981,0.095722533,,
71,18,1,Black,transformed,1,2.452449455,0.095722533,,
72,18,1,Black,transformed,1,2.456564392,0.095722533,,
73,18,1,Black,transformed,1,2.460517432,0.095722533,,
74,18,1,Black,transformed,1,2.464341427,0.095722533,,
75,18,1,Black,transformed,1,2.46806954,0.095722533,,
76,18,1,Black,transformed,1,2.471734931,0.095722533,,
77,18,1,Black,transformed,1,2.475370761,0.095722533,,
78,18,1,Black,transformed,1,2.479010191,0.095722533,,
79,18,1,Black,transformed,1,2.482686383,0.095722533,,
80,18,1,Black,transformed,1,2.486432218,0.095722533,,
81,18,1,Black,transformed,1,2.490277819,0.095722533,,
82,18,1,Black,transformed,1,2.494251745,0.095722533,,
83,18,1,Black,transformed,1,2.498382538,0.095722533,,
84,18,1,Black,transformed,1,2.502698739,0.095722533,,
85,18,1,Black,transformed,1,2.507228889,0.095722533,,
86,18,1,Black,transformed,1,2.51200153,0.095722533,,
87,18,1,Black,transformed,1,2.517045202,0.095722533,,
88,18,1,Black,transformed,1,2.522387734,0.095722533,,
89,18,1,Black,transformed,1,2.528052543,0.095722533,,
90,18,1,Black,transformed,1,2.534061368,0.095722533,,
91,18,1,Black,transformed,1,2.540435945,0.095722533,,
92,18,1,Black,transformed,1,2.547198009,0.095722533,,
93,18,1,Black,transformed,1,2.554369295,0.095722533,,
94,18,1,Black,transformed,1,2.56197154,0.095722533,,
95,18,1,Black,transformed,1,2.570026477,0.095722533,,
40,19,1,Black,transformed,1,2.349357315,0.095722533,,
41,19,1,Black,transformed,1,2.349594467,0.095722533,,
42,19,1,Black,transformed,1,2.349847144,0.095722533,,
43,19,1,Black,transformed,1,2.350123245,0.095722533,,
44,19,1,Black,transformed,1,2.350430671,0.095722533,,
45,19,1,Black,transformed,1,2.350777321,0.095722533,,
46,19,1,Black,transformed,1,2.351171095,0.095722533,,
47,19,1,Black,transformed,1,2.351619893,0.095722533,,
48,19,1,Black,transformed,1,2.352131654,0.095722533,,
49,19,1,Black,transformed,1,2.35273435,0.095722533,,
50,19,1,Black,transformed,1,2.353508512,0.095722533,,
51,19,1,Black,transformed,1,2.354543193,0.095722533,,
52,19,1,Black,transformed,1,2.355927443,0.095722533,,
53,19,1,Black,transformed,1,2.357750312,0.095722533,,
54,19,1,Black,transformed,1,2.360100852,0.095722533,,
55,19,1,Black,transformed,1,2.363068113,0.095722533,,
56,19,1,Black,transformed,1,2.366740292,0.095722533,,
57,19,1,Black,transformed,1,2.371131201,0.095722533,,
58,19,1,Black,transformed,1,2.376123598,0.095722533,,
59,19,1,Black,transformed,1,2.381586903,0.095722533,,
60,19,1,Black,transformed,1,2.387390532,0.095722533,,
61,19,1,Black,transformed,1,2.393403903,0.095722533,,
62,19,1,Black,transformed,1,2.399496436,0.095722533,,
63,19,1,Black,transformed,1,2.405537547,0.095722533,,
64,19,1,Black,transformed,1,2.411398495,0.095722533,,
65,19,1,Black,transformed,1,2.417011298,0.095722533,,
66,19,1,Black,transformed,1,2.4223812,0.095722533,,
67,19,1,Black,transformed,1,2.427517808,0.095722533,,
68,19,1,Black,transformed,1,2.432430725,0.095722533,,
69,19,1,Black,transformed,1,2.437129556,0.095722533,,
70,19,1,Black,transformed,1,2.441623907,0.095722533,,
71,19,1,Black,transformed,1,2.445923382,0.095722533,,
72,19,1,Black,transformed,1,2.450038318,0.095722533,,
73,19,1,Black,transformed,1,2.453991358,0.095722533,,
74,19,1,Black,transformed,1,2.457815354,0.095722533,,
75,19,1,Black,transformed,1,2.461543467,0.095722533,,
76,19,1,Black,transformed,1,2.465208857,0.095722533,,
77,19,1,Black,transformed,1,2.468844687,0.095722533,,
78,19,1,Black,transformed,1,2.472484118,0.095722533,,
79,19,1,Black,transformed,1,2.47616031,0.095722533,,
80,19,1,Black,transformed,1,2.479906145,0.095722533,,
81,19,1,Black,transformed,1,2.483751745,0.095722533,,
82,19,1,Black,transformed,1,2.487725672,0.095722533,,
83,19,1,Black,transformed,1,2.491856464,0.095722533,,
84,19,1,Black,transformed,1,2.496172665,0.095722533,,
85,19,1,Black,transformed,1,2.500702816,0.095722533,,
86,19,1,Black,transformed,1,2.505475456,0.095722533,,
87,19,1,Black,transformed,1,2.510519129,0.095722533,,
88,19,1,Black,transformed,1,2.51586166,0.095722533,,
89,19,1,Black,transformed,1,2.521526469,0.095722533,,
90,19,1,Black,transformed,1,2.527535295,0.095722533,,
91,19,1,Black,transformed,1,2.533909871,0.095722533,,
92,19,1,Black,transformed,1,2.540671935,0.095722533,,
93,19,1,Black,transformed,1,2.547843222,0.095722533,,
94,19,1,Black,transformed,1,2.555445466,0.095722533,,
95,19,1,Black,transformed,1,2.563500404,0.095722533,,
40,20,1,Black,transformed,1,2.342831242,0.095722533,,
41,20,1,Black,transformed,1,2.343068394,0.095722533,,
42,20,1,Black,transformed,1,2.343321071,0.095722533,,
43,20,1,Black,transformed,1,2.343597172,0.095722533,,
44,20,1,Black,transformed,1,2.343904598,0.095722533,,
45,20,1,Black,transformed,1,2.344251248,0.095722533,,
46,20,1,Black,transformed,1,2.344645022,0.095722533,,
47,20,1,Black,transformed,1,2.34509382,0.095722533,,
48,20,1,Black,transformed,1,2.345605581,0.095722533,,
49,20,1,Black,transformed,1,2.346208276,0.095722533,,
50,20,1,Black,transformed,1,2.346982439,0.095722533,,
51,20,1,Black,transformed,1,2.34801712,0.095722533,,
52,20,1,Black,transformed,1,2.349401369,0.095722533,,
53,20,1,Black,transformed,1,2.351224239,0.095722533,,
54,20,1,Black,transformed,1,2.353574778,0.095722533,,
55,20,1,Black,transformed,1,2.356542039,0.095722533,,
56,20,1,Black,transformed,1,2.360214218,0.095722533,,
57,20,1,Black,transformed,1,2.364605127,0.095722533,,
58,20,1,Black,transformed,1,2.369597525,0.095722533,,
59,20,1,Black,transformed,1,2.375060829,0.095722533,,
60,20,1,Black,transformed,1,2.380864458,0.095722533,,
61,20,1,Black,transformed,1,2.38687783,0.095722533,,
62,20,1,Black,transformed,1,2.392970362,0.095722533,,
63,20,1,Black,transformed,1,2.399011474,0.095722533,,
64,20,1,Black,transformed,1,2.404872422,0.095722533,,
65,20,1,Black,transformed,1,2.410485224,0.095722533,,
66,20,1,Black,transformed,1,2.415855127,0.095722533,,
67,20,1,Black,transformed,1,2.420991734,0.095722533,,
68,20,1,Black,transformed,1,2.425904651,0.095722533,,
69,20,1,Black,transformed,1,2.430603483,0.095722533,,
70,20,1,Black,transformed,1,2.435097834,0.095722533,,
71,20,1,Black,transformed,1,2.439397309,0.095722533,,
72,20,1,Black,transformed,1,2.443512245,0.095722533,,
73,20,1,Black,transformed,1,2.447465285,0.095722533,,
74,20,1,Black,transformed,1,2.451289281,0.095722533,,
75,20,1,Black,transformed,1,2.455017393,0.095722533,,
76,20,1,Black,transformed,1,2.458682784,0.095722533,,
77,20,1,Black,transformed,1,2.462318614,0.095722533,,
78,20,1,Black,transformed,1,2.465958044,0.095722533,,
79,20,1,Black,transformed,1,2.469634237,0.095722533,,
80,20,1,Black,transformed,1,2.473380071,0.095722533,,
81,20,1,Black,transformed,1,2.477225672,0.095722533,,
82,20,1,Black,transformed,1,2.481199598,0.095722533,,
83,20,1,Black,transformed,1,2.485330391,0.095722533,,
84,20,1,Black,transformed,1,2.489646592,0.095722533,,
85,20,1,Black,transformed,1,2.494176742,0.095722533,,
86,20,1,Black,transformed,1,2.498949383,0.095722533,,
87,20,1,Black,transformed,1,2.503993056,0.095722533,,
88,20,1,Black,transformed,1,2.509335587,0.095722533,,
89,20,1,Black,transformed,1,2.515000396,0.095722533,,
90,20,1,Black,transformed,1,2.521009221,0.095722533,,
91,20,1,Black,transformed,1,2.527383798,0.095722533,,
92,20,1,Black,transformed,1,2.534145862,0.095722533,,
93,20,1,Black,transformed,1,2.541317148,0.095722533,,
94,20,1,Black,transformed,1,2.548919393,0.095722533,,
95,20,1,Black,transformed,1,2.55697433,0.095722533,,