NACCAGE,EDUC,SEX,RACE,model,RACE_model,mean.adj,sd.adj,,
40,10,0,White,transformed,0,2.090720265,0.122524029,,
41,10,0,White,transformed,0,2.091133895,0.122524029,,
42,10,0,White,transformed,0,2.091572515,0.122524029,,
43,10,0,White,transformed,0,2.092051215,0.122524029,,
44,10,0,White,transformed,0,2.092585087,0.122524029,,
45,10,0,White,transformed,0,2.093189221,0.122524029,,-2.038243278
46,10,0,White,transformed,0,2.093878709,0.122524029,,
47,10,0,White,transformed,0,2.094668643,0.122524029,,
48,10,0,White,transformed,0,2.095574163,0.122524029,,
49,10,0,White,transformed,0,2.096636136,0.122524029,,
50,10,0,White,transformed,0,2.097962933,0.122524029,,
51,10,0,White,transformed,0,2.09967386,0.122524029,,
52,10,0,White,transformed,0,2.101888224,0.122524029,,
53,10,0,White,transformed,0,2.104725333,0.122524029,,
54,10,0,White,transformed,0,2.108304494,0.122524029,,
55,10,0,White,transformed,0,2.112745016,0.122524029,,
56,10,0,White,transformed,0,2.118165108,0.122524029,,
57,10,0,White,transformed,0,2.124587513,0.122524029,,
58,10,0,White,transformed,0,2.131866771,0.122524029,,
59,10,0,White,transformed,0,2.139840299,0.122524029,,
60,10,0,White,transformed,0,2.148345514,0.122524029,,-1.588076131
61,10,0,White,transformed,0,2.157219834,0.122524029,,
62,10,0,White,transformed,0,2.166300678,0.122524029,,
63,10,0,White,transformed,0,2.175425462,0.122524029,,
64,10,0,White,transformed,0,2.184432818,0.122524029,,
65,10,0,White,transformed,0,2.193201463,0.122524029,,
66,10,0,White,transformed,0,2.201658424,0.122524029,,
67,10,0,White,transformed,0,2.209733604,0.122524029,,
68,10,0,White,transformed,0,2.217356908,0.122524029,,
69,10,0,White,transformed,0,2.224458238,0.122524029,,
70,10,0,White,transformed,0,2.230967498,0.122524029,,
71,10,0,White,transformed,0,2.236814591,0.122524029,,
72,10,0,White,transformed,0,2.241938106,0.122524029,,
73,10,0,White,transformed,0,2.246422527,0.122524029,,
74,10,0,White,transformed,0,2.250473395,0.122524029,,
75,10,0,White,transformed,0,2.254299915,0.122524029,,-0.723311875
76,10,0,White,transformed,0,2.258111293,0.122524029,,
77,10,0,White,transformed,0,2.262116735,0.122524029,,
78,10,0,White,transformed,0,2.266525446,0.122524029,,
79,10,0,White,transformed,0,2.271546633,0.122524029,,
80,10,0,White,transformed,0,2.277366433,0.122524029,,
81,10,0,White,transformed,0,2.283944377,0.122524029,,
82,10,0,White,transformed,0,2.291111372,0.122524029,,
83,10,0,White,transformed,0,2.298696852,0.122524029,,
84,10,0,White,transformed,0,2.306530248,0.122524029,,
85,10,0,White,transformed,0,2.314440994,0.122524029,,
86,10,0,White,transformed,0,2.322258521,0.122524029,,
87,10,0,White,transformed,0,2.329812261,0.122524029,,
88,10,0,White,transformed,0,2.336994358,0.122524029,,
89,10,0,White,transformed,0,2.344083958,0.122524029,,
90,10,0,White,transformed,0,2.351507693,0.122524029,,
91,10,0,White,transformed,0,2.359692487,0.122524029,,
92,10,0,White,transformed,0,2.369065262,0.122524029,,
93,10,0,White,transformed,0,2.380052941,0.122524029,,
94,10,0,White,transformed,0,2.393082446,0.122524029,,
95,10,0,White,transformed,0,2.408580701,0.122524029,,
40,11,0,White,transformed,0,2.086740881,0.122524029,,
41,11,0,White,transformed,0,2.087154511,0.122524029,,
42,11,0,White,transformed,0,2.087593131,0.122524029,,
43,11,0,White,transformed,0,2.088071831,0.122524029,,
44,11,0,White,transformed,0,2.088605703,0.122524029,,
45,11,0,White,transformed,0,2.089209837,0.122524029,,
46,11,0,White,transformed,0,2.089899325,0.122524029,,
47,11,0,White,transformed,0,2.090689258,0.122524029,,
48,11,0,White,transformed,0,2.091594779,0.122524029,,
49,11,0,White,transformed,0,2.092656752,0.122524029,,
50,11,0,White,transformed,0,2.093983549,0.122524029,,
51,11,0,White,transformed,0,2.095694475,0.122524029,,
52,11,0,White,transformed,0,2.09790884,0.122524029,,
53,11,0,White,transformed,0,2.100745949,0.122524029,,
54,11,0,White,transformed,0,2.10432511,0.122524029,,
55,11,0,White,transformed,0,2.108765631,0.122524029,,
56,11,0,White,transformed,0,2.114185724,0.122524029,,
57,11,0,White,transformed,0,2.120608129,0.122524029,,
58,11,0,White,transformed,0,2.127887387,0.122524029,,
59,11,0,White,transformed,0,2.135860914,0.122524029,,
60,11,0,White,transformed,0,2.14436613,0.122524029,,
61,11,0,White,transformed,0,2.15324045,0.122524029,,
62,11,0,White,transformed,0,2.162321294,0.122524029,,
63,11,0,White,transformed,0,2.171446078,0.122524029,,
64,11,0,White,transformed,0,2.180453434,0.122524029,,
65,11,0,White,transformed,0,2.189222079,0.122524029,,
66,11,0,White,transformed,0,2.19767904,0.122524029,,
67,11,0,White,transformed,0,2.20575422,0.122524029,,
68,11,0,White,transformed,0,2.213377524,0.122524029,,
69,11,0,White,transformed,0,2.220478854,0.122524029,,
70,11,0,White,transformed,0,2.226988114,0.122524029,,
71,11,0,White,transformed,0,2.232835207,0.122524029,,
72,11,0,White,transformed,0,2.237958722,0.122524029,,
73,11,0,White,transformed,0,2.242443143,0.122524029,,
74,11,0,White,transformed,0,2.24649401,0.122524029,,
75,11,0,White,transformed,0,2.250320531,0.122524029,,
76,11,0,White,transformed,0,2.254131909,0.122524029,,
77,11,0,White,transformed,0,2.258137351,0.122524029,,
78,11,0,White,transformed,0,2.262546062,0.122524029,,
79,11,0,White,transformed,0,2.267567249,0.122524029,,
80,11,0,White,transformed,0,2.273387049,0.122524029,,
81,11,0,White,transformed,0,2.279964992,0.122524029,,
82,11,0,White,transformed,0,2.287131988,0.122524029,,
83,11,0,White,transformed,0,2.294717468,0.122524029,,
84,11,0,White,transformed,0,2.302550864,0.122524029,,
85,11,0,White,transformed,0,2.31046161,0.122524029,,
86,11,0,White,transformed,0,2.318279136,0.122524029,,
87,11,0,White,transformed,0,2.325832877,0.122524029,,
88,11,0,White,transformed,0,2.333014974,0.122524029,,
89,11,0,White,transformed,0,2.340104573,0.122524029,,
90,11,0,White,transformed,0,2.347528309,0.122524029,,
91,11,0,White,transformed,0,2.355713103,0.122524029,,
92,11,0,White,transformed,0,2.365085878,0.122524029,,
93,11,0,White,transformed,0,2.376073557,0.122524029,,
94,11,0,White,transformed,0,2.389103062,0.122524029,,
95,11,0,White,transformed,0,2.404601316,0.122524029,,
40,12,0,White,transformed,0,2.082761497,0.122524029,,
41,12,0,White,transformed,0,2.083175127,0.122524029,,
42,12,0,White,transformed,0,2.083613747,0.122524029,,
43,12,0,White,transformed,0,2.084092447,0.122524029,,
44,12,0,White,transformed,0,2.084626318,0.122524029,,
45,12,0,White,transformed,0,2.085230453,0.122524029,,
46,12,0,White,transformed,0,2.085919941,0.122524029,,
47,12,0,White,transformed,0,2.086709874,0.122524029,,
48,12,0,White,transformed,0,2.087615394,0.122524029,,
49,12,0,White,transformed,0,2.088677368,0.122524029,,
50,12,0,White,transformed,0,2.090004165,0.122524029,,
51,12,0,White,transformed,0,2.091715091,0.122524029,,
52,12,0,White,transformed,0,2.093929455,0.122524029,,
53,12,0,White,transformed,0,2.096766565,0.122524029,,
54,12,0,White,transformed,0,2.100345726,0.122524029,,
55,12,0,White,transformed,0,2.104786247,0.122524029,,
56,12,0,White,transformed,0,2.11020634,0.122524029,,
57,12,0,White,transformed,0,2.116628745,0.122524029,,
58,12,0,White,transformed,0,2.123908003,0.122524029,,
59,12,0,White,transformed,0,2.13188153,0.122524029,,
60,12,0,White,transformed,0,2.140386746,0.122524029,,
61,12,0,White,transformed,0,2.149261066,0.122524029,,
62,12,0,White,transformed,0,2.15834191,0.122524029,,
63,12,0,White,transformed,0,2.167466694,0.122524029,,
64,12,0,White,transformed,0,2.17647405,0.122524029,,
65,12,0,White,transformed,0,2.185242695,0.122524029,,
66,12,0,White,transformed,0,2.193699656,0.122524029,,
67,12,0,White,transformed,0,2.201774836,0.122524029,,
68,12,0,White,transformed,0,2.20939814,0.122524029,,
69,12,0,White,transformed,0,2.21649947,0.122524029,,
70,12,0,White,transformed,0,2.22300873,0.122524029,,
71,12,0,White,transformed,0,2.228855823,0.122524029,,
72,12,0,White,transformed,0,2.233979338,0.122524029,,
73,12,0,White,transformed,0,2.238463759,0.122524029,,
74,12,0,White,transformed,0,2.242514626,0.122524029,,
75,12,0,White,transformed,0,2.246341146,0.122524029,,
76,12,0,White,transformed,0,2.250152525,0.122524029,,
77,12,0,White,transformed,0,2.254157967,0.122524029,,
78,12,0,White,transformed,0,2.258566678,0.122524029,,
79,12,0,White,transformed,0,2.263587865,0.122524029,,
80,12,0,White,transformed,0,2.269407665,0.122524029,,
81,12,0,White,transformed,0,2.275985608,0.122524029,,
82,12,0,White,transformed,0,2.283152604,0.122524029,,
83,12,0,White,transformed,0,2.290738084,0.122524029,,
84,12,0,White,transformed,0,2.29857148,0.122524029,,
85,12,0,White,transformed,0,2.306482226,0.122524029,,
86,12,0,White,transformed,0,2.314299752,0.122524029,,
87,12,0,White,transformed,0,2.321853493,0.122524029,,
88,12,0,White,transformed,0,2.329035589,0.122524029,,
89,12,0,White,transformed,0,2.336125189,0.122524029,,
90,12,0,White,transformed,0,2.343548925,0.122524029,,
91,12,0,White,transformed,0,2.351733719,0.122524029,,
92,12,0,White,transformed,0,2.361106494,0.122524029,,
93,12,0,White,transformed,0,2.372094173,0.122524029,,
94,12,0,White,transformed,0,2.385123678,0.122524029,,
95,12,0,White,transformed,0,2.400621932,0.122524029,,
40,13,0,White,transformed,0,2.078782112,0.122524029,,
41,13,0,White,transformed,0,2.079195743,0.122524029,,
42,13,0,White,transformed,0,2.079634363,0.122524029,,
43,13,0,White,transformed,0,2.080113063,0.122524029,,
44,13,0,White,transformed,0,2.080646934,0.122524029,,
45,13,0,White,transformed,0,2.081251069,0.122524029,,
46,13,0,White,transformed,0,2.081940557,0.122524029,,
47,13,0,White,transformed,0,2.08273049,0.122524029,,
48,13,0,White,transformed,0,2.08363601,0.122524029,,
49,13,0,White,transformed,0,2.084697984,0.122524029,,
50,13,0,White,transformed,0,2.08602478,0.122524029,,
51,13,0,White,transformed,0,2.087735707,0.122524029,,
52,13,0,White,transformed,0,2.089950071,0.122524029,,
53,13,0,White,transformed,0,2.092787181,0.122524029,,
54,13,0,White,transformed,0,2.096366342,0.122524029,,
55,13,0,White,transformed,0,2.100806863,0.122524029,,
56,13,0,White,transformed,0,2.106226956,0.122524029,,
57,13,0,White,transformed,0,2.112649361,0.122524029,,
58,13,0,White,transformed,0,2.119928619,0.122524029,,
59,13,0,White,transformed,0,2.127902146,0.122524029,,
60,13,0,White,transformed,0,2.136407361,0.122524029,,
61,13,0,White,transformed,0,2.145281682,0.122524029,,
62,13,0,White,transformed,0,2.154362525,0.122524029,,
63,13,0,White,transformed,0,2.16348731,0.122524029,,
64,13,0,White,transformed,0,2.172494666,0.122524029,,
65,13,0,White,transformed,0,2.18126331,0.122524029,,
66,13,0,White,transformed,0,2.189720271,0.122524029,,
67,13,0,White,transformed,0,2.197795452,0.122524029,,
68,13,0,White,transformed,0,2.205418756,0.122524029,,
69,13,0,White,transformed,0,2.212520086,0.122524029,,
70,13,0,White,transformed,0,2.219029346,0.122524029,,
71,13,0,White,transformed,0,2.224876438,0.122524029,,
72,13,0,White,transformed,0,2.229999954,0.122524029,,
73,13,0,White,transformed,0,2.234484375,0.122524029,,
74,13,0,White,transformed,0,2.238535242,0.122524029,,
75,13,0,White,transformed,0,2.242361762,0.122524029,,
76,13,0,White,transformed,0,2.246173141,0.122524029,,
77,13,0,White,transformed,0,2.250178583,0.122524029,,
78,13,0,White,transformed,0,2.254587294,0.122524029,,
79,13,0,White,transformed,0,2.25960848,0.122524029,,
80,13,0,White,transformed,0,2.265428281,0.122524029,,
81,13,0,White,transformed,0,2.272006224,0.122524029,,
82,13,0,White,transformed,0,2.27917322,0.122524029,,
83,13,0,White,transformed,0,2.2867587,0.122524029,,
84,13,0,White,transformed,0,2.294592096,0.122524029,,
85,13,0,White,transformed,0,2.302502841,0.122524029,,
86,13,0,White,transformed,0,2.310320368,0.122524029,,
87,13,0,White,transformed,0,2.317874109,0.122524029,,
88,13,0,White,transformed,0,2.325056205,0.122524029,,
89,13,0,White,transformed,0,2.332145805,0.122524029,,
90,13,0,White,transformed,0,2.339569541,0.122524029,,
91,13,0,White,transformed,0,2.347754335,0.122524029,,
92,13,0,White,transformed,0,2.35712711,0.122524029,,
93,13,0,White,transformed,0,2.368114788,0.122524029,,
94,13,0,White,transformed,0,2.381144294,0.122524029,,
95,13,0,White,transformed,0,2.396642548,0.122524029,,
40,14,0,White,transformed,0,2.074802728,0.122524029,,
41,14,0,White,transformed,0,2.075216359,0.122524029,,
42,14,0,White,transformed,0,2.075654979,0.122524029,,
43,14,0,White,transformed,0,2.076133679,0.122524029,,
44,14,0,White,transformed,0,2.07666755,0.122524029,,
45,14,0,White,transformed,0,2.077271685,0.122524029,,
46,14,0,White,transformed,0,2.077961173,0.122524029,,
47,14,0,White,transformed,0,2.078751106,0.122524029,,
48,14,0,White,transformed,0,2.079656626,0.122524029,,
49,14,0,White,transformed,0,2.0807186,0.122524029,,
50,14,0,White,transformed,0,2.082045396,0.122524029,,
51,14,0,White,transformed,0,2.083756323,0.122524029,,
52,14,0,White,transformed,0,2.085970687,0.122524029,,
53,14,0,White,transformed,0,2.088807796,0.122524029,,
54,14,0,White,transformed,0,2.092386958,0.122524029,,
55,14,0,White,transformed,0,2.096827479,0.122524029,,
56,14,0,White,transformed,0,2.102247571,0.122524029,,
57,14,0,White,transformed,0,2.108669977,0.122524029,,
58,14,0,White,transformed,0,2.115949235,0.122524029,,
59,14,0,White,transformed,0,2.123922762,0.122524029,,
60,14,0,White,transformed,0,2.132427977,0.122524029,,
61,14,0,White,transformed,0,2.141302298,0.122524029,,
62,14,0,White,transformed,0,2.150383141,0.122524029,,
63,14,0,White,transformed,0,2.159507925,0.122524029,,
64,14,0,White,transformed,0,2.168515281,0.122524029,,
65,14,0,White,transformed,0,2.177283926,0.122524029,,
66,14,0,White,transformed,0,2.185740887,0.122524029,,
67,14,0,White,transformed,0,2.193816068,0.122524029,,
68,14,0,White,transformed,0,2.201439372,0.122524029,,
69,14,0,White,transformed,0,2.208540702,0.122524029,,
70,14,0,White,transformed,0,2.215049961,0.122524029,,
71,14,0,White,transformed,0,2.220897054,0.122524029,,
72,14,0,White,transformed,0,2.22602057,0.122524029,,
73,14,0,White,transformed,0,2.23050499,0.122524029,,
74,14,0,White,transformed,0,2.234555858,0.122524029,,
75,14,0,White,transformed,0,2.238382378,0.122524029,,
76,14,0,White,transformed,0,2.242193756,0.122524029,,
77,14,0,White,transformed,0,2.246199198,0.122524029,,
78,14,0,White,transformed,0,2.25060791,0.122524029,,
79,14,0,White,transformed,0,2.255629096,0.122524029,,
80,14,0,White,transformed,0,2.261448896,0.122524029,,
81,14,0,White,transformed,0,2.26802684,0.122524029,,
82,14,0,White,transformed,0,2.275193836,0.122524029,,
83,14,0,White,transformed,0,2.282779315,0.122524029,,
84,14,0,White,transformed,0,2.290612712,0.122524029,,
85,14,0,White,transformed,0,2.298523457,0.122524029,,
86,14,0,White,transformed,0,2.306340984,0.122524029,,
87,14,0,White,transformed,0,2.313894724,0.122524029,,
88,14,0,White,transformed,0,2.321076821,0.122524029,,
89,14,0,White,transformed,0,2.328166421,0.122524029,,
90,14,0,White,transformed,0,2.335590157,0.122524029,,
91,14,0,White,transformed,0,2.343774951,0.122524029,,
92,14,0,White,transformed,0,2.353147726,0.122524029,,
93,14,0,White,transformed,0,2.364135404,0.122524029,,
94,14,0,White,transformed,0,2.37716491,0.122524029,,
95,14,0,White,transformed,0,2.392663164,0.122524029,,
40,15,0,White,transformed,0,2.070823344,0.122524029,,
41,15,0,White,transformed,0,2.071236975,0.122524029,,
42,15,0,White,transformed,0,2.071675594,0.122524029,,
43,15,0,White,transformed,0,2.072154294,0.122524029,,
44,15,0,White,transformed,0,2.072688166,0.122524029,,
45,15,0,White,transformed,0,2.0732923,0.122524029,,
46,15,0,White,transformed,0,2.073981789,0.122524029,,
47,15,0,White,transformed,0,2.074771722,0.122524029,,
48,15,0,White,transformed,0,2.075677242,0.122524029,,
49,15,0,White,transformed,0,2.076739216,0.122524029,,
50,15,0,White,transformed,0,2.078066012,0.122524029,,
51,15,0,White,transformed,0,2.079776939,0.122524029,,
52,15,0,White,transformed,0,2.081991303,0.122524029,,
53,15,0,White,transformed,0,2.084828412,0.122524029,,
54,15,0,White,transformed,0,2.088407574,0.122524029,,
55,15,0,White,transformed,0,2.092848095,0.122524029,,
56,15,0,White,transformed,0,2.098268187,0.122524029,,
57,15,0,White,transformed,0,2.104690593,0.122524029,,
58,15,0,White,transformed,0,2.11196985,0.122524029,,
59,15,0,White,transformed,0,2.119943378,0.122524029,,
60,15,0,White,transformed,0,2.128448593,0.122524029,,
61,15,0,White,transformed,0,2.137322914,0.122524029,,
62,15,0,White,transformed,0,2.146403757,0.122524029,,
63,15,0,White,transformed,0,2.155528541,0.122524029,,
64,15,0,White,transformed,0,2.164535897,0.122524029,,
65,15,0,White,transformed,0,2.173304542,0.122524029,,
66,15,0,White,transformed,0,2.181761503,0.122524029,,
67,15,0,White,transformed,0,2.189836684,0.122524029,,
68,15,0,White,transformed,0,2.197459988,0.122524029,,
69,15,0,White,transformed,0,2.204561318,0.122524029,,
70,15,0,White,transformed,0,2.211070577,0.122524029,,
71,15,0,White,transformed,0,2.21691767,0.122524029,,
72,15,0,White,transformed,0,2.222041185,0.122524029,,
73,15,0,White,transformed,0,2.226525606,0.122524029,,
74,15,0,White,transformed,0,2.230576474,0.122524029,,
75,15,0,White,transformed,0,2.234402994,0.122524029,,
76,15,0,White,transformed,0,2.238214372,0.122524029,,
77,15,0,White,transformed,0,2.242219814,0.122524029,,
78,15,0,White,transformed,0,2.246628526,0.122524029,,
79,15,0,White,transformed,0,2.251649712,0.122524029,,
80,15,0,White,transformed,0,2.257469512,0.122524029,,
81,15,0,White,transformed,0,2.264047456,0.122524029,,
82,15,0,White,transformed,0,2.271214451,0.122524029,,
83,15,0,White,transformed,0,2.278799931,0.122524029,,
84,15,0,White,transformed,0,2.286633328,0.122524029,,
85,15,0,White,transformed,0,2.294544073,0.122524029,,
86,15,0,White,transformed,0,2.3023616,0.122524029,,
87,15,0,White,transformed,0,2.30991534,0.122524029,,
88,15,0,White,transformed,0,2.317097437,0.122524029,,
89,15,0,White,transformed,0,2.324187037,0.122524029,,
90,15,0,White,transformed,0,2.331610773,0.122524029,,
91,15,0,White,transformed,0,2.339795566,0.122524029,,
92,15,0,White,transformed,0,2.349168341,0.122524029,,
93,15,0,White,transformed,0,2.36015602,0.122524029,,
94,15,0,White,transformed,0,2.373185525,0.122524029,,
95,15,0,White,transformed,0,2.38868378,0.122524029,,
40,16,0,White,transformed,0,2.06684396,0.122524029,,
41,16,0,White,transformed,0,2.067257591,0.122524029,,
42,16,0,White,transformed,0,2.06769621,0.122524029,,
43,16,0,White,transformed,0,2.06817491,0.122524029,,
44,16,0,White,transformed,0,2.068708782,0.122524029,,
45,16,0,White,transformed,0,2.069312916,0.122524029,,-2.233113664
46,16,0,White,transformed,0,2.070002405,0.122524029,,
47,16,0,White,transformed,0,2.070792338,0.122524029,,
48,16,0,White,transformed,0,2.071697858,0.122524029,,
49,16,0,White,transformed,0,2.072759832,0.122524029,,
50,16,0,White,transformed,0,2.074086628,0.122524029,,
51,16,0,White,transformed,0,2.075797555,0.122524029,,
52,16,0,White,transformed,0,2.078011919,0.122524029,,
53,16,0,White,transformed,0,2.080849028,0.122524029,,
54,16,0,White,transformed,0,2.08442819,0.122524029,,
55,16,0,White,transformed,0,2.088868711,0.122524029,,
56,16,0,White,transformed,0,2.094288803,0.122524029,,
57,16,0,White,transformed,0,2.100711209,0.122524029,,
58,16,0,White,transformed,0,2.107990466,0.122524029,,
59,16,0,White,transformed,0,2.115963994,0.122524029,,
60,16,0,White,transformed,0,2.124469209,0.122524029,,-1.782946516
61,16,0,White,transformed,0,2.13334353,0.122524029,,
62,16,0,White,transformed,0,2.142424373,0.122524029,,
63,16,0,White,transformed,0,2.151549157,0.122524029,,
64,16,0,White,transformed,0,2.160556513,0.122524029,,
65,16,0,White,transformed,0,2.169325158,0.122524029,,
66,16,0,White,transformed,0,2.177782119,0.122524029,,
67,16,0,White,transformed,0,2.1858573,0.122524029,,
68,16,0,White,transformed,0,2.193480603,0.122524029,,
69,16,0,White,transformed,0,2.200581933,0.122524029,,
70,16,0,White,transformed,0,2.207091193,0.122524029,,
71,16,0,White,transformed,0,2.212938286,0.122524029,,
72,16,0,White,transformed,0,2.218061801,0.122524029,,
73,16,0,White,transformed,0,2.222546222,0.122524029,,
74,16,0,White,transformed,0,2.22659709,0.122524029,,
75,16,0,White,transformed,0,2.23042361,0.122524029,,-0.918182261
76,16,0,White,transformed,0,2.234234988,0.122524029,,
77,16,0,White,transformed,0,2.23824043,0.122524029,,
78,16,0,White,transformed,0,2.242649142,0.122524029,,
79,16,0,White,transformed,0,2.247670328,0.122524029,,
80,16,0,White,transformed,0,2.253490128,0.122524029,,
81,16,0,White,transformed,0,2.260068072,0.122524029,,
82,16,0,White,transformed,0,2.267235067,0.122524029,,
83,16,0,White,transformed,0,2.274820547,0.122524029,,
84,16,0,White,transformed,0,2.282653944,0.122524029,,
85,16,0,White,transformed,0,2.290564689,0.122524029,,
86,16,0,White,transformed,0,2.298382216,0.122524029,,
87,16,0,White,transformed,0,2.305935956,0.122524029,,
88,16,0,White,transformed,0,2.313118053,0.122524029,,
89,16,0,White,transformed,0,2.320207653,0.122524029,,
90,16,0,White,transformed,0,2.327631388,0.122524029,,
91,16,0,White,transformed,0,2.335816182,0.122524029,,
92,16,0,White,transformed,0,2.345188957,0.122524029,,
93,16,0,White,transformed,0,2.356176636,0.122524029,,
94,16,0,White,transformed,0,2.369206141,0.122524029,,
95,16,0,White,transformed,0,2.384704396,0.122524029,,
40,17,0,White,transformed,0,2.062864576,0.122524029,,
41,17,0,White,transformed,0,2.063278206,0.122524029,,
42,17,0,White,transformed,0,2.063716826,0.122524029,,
43,17,0,White,transformed,0,2.064195526,0.122524029,,
44,17,0,White,transformed,0,2.064729398,0.122524029,,
45,17,0,White,transformed,0,2.065333532,0.122524029,,
46,17,0,White,transformed,0,2.06602302,0.122524029,,
47,17,0,White,transformed,0,2.066812954,0.122524029,,
48,17,0,White,transformed,0,2.067718474,0.122524029,,
49,17,0,White,transformed,0,2.068780447,0.122524029,,
50,17,0,White,transformed,0,2.070107244,0.122524029,,
51,17,0,White,transformed,0,2.071818171,0.122524029,,
52,17,0,White,transformed,0,2.074032535,0.122524029,,
53,17,0,White,transformed,0,2.076869644,0.122524029,,
54,17,0,White,transformed,0,2.080448805,0.122524029,,
55,17,0,White,transformed,0,2.084889327,0.122524029,,
56,17,0,White,transformed,0,2.090309419,0.122524029,,
57,17,0,White,transformed,0,2.096731825,0.122524029,,
58,17,0,White,transformed,0,2.104011082,0.122524029,,
59,17,0,White,transformed,0,2.11198461,0.122524029,,
60,17,0,White,transformed,0,2.120489825,0.122524029,,
61,17,0,White,transformed,0,2.129364145,0.122524029,,
62,17,0,White,transformed,0,2.138444989,0.122524029,,
63,17,0,White,transformed,0,2.147569773,0.122524029,,
64,17,0,White,transformed,0,2.156577129,0.122524029,,
65,17,0,White,transformed,0,2.165345774,0.122524029,,
66,17,0,White,transformed,0,2.173802735,0.122524029,,
67,17,0,White,transformed,0,2.181877916,0.122524029,,
68,17,0,White,transformed,0,2.189501219,0.122524029,,
69,17,0,White,transformed,0,2.196602549,0.122524029,,
70,17,0,White,transformed,0,2.203111809,0.122524029,,
71,17,0,White,transformed,0,2.208958902,0.122524029,,
72,17,0,White,transformed,0,2.214082417,0.122524029,,
73,17,0,White,transformed,0,2.218566838,0.122524029,,
74,17,0,White,transformed,0,2.222617706,0.122524029,,
75,17,0,White,transformed,0,2.226444226,0.122524029,,
76,17,0,White,transformed,0,2.230255604,0.122524029,,
77,17,0,White,transformed,0,2.234261046,0.122524029,,
78,17,0,White,transformed,0,2.238669757,0.122524029,,
79,17,0,White,transformed,0,2.243690944,0.122524029,,
80,17,0,White,transformed,0,2.249510744,0.122524029,,
81,17,0,White,transformed,0,2.256088688,0.122524029,,
82,17,0,White,transformed,0,2.263255683,0.122524029,,
83,17,0,White,transformed,0,2.270841163,0.122524029,,
84,17,0,White,transformed,0,2.27867456,0.122524029,,
85,17,0,White,transformed,0,2.286585305,0.122524029,,
86,17,0,White,transformed,0,2.294402832,0.122524029,,
87,17,0,White,transformed,0,2.301956572,0.122524029,,
88,17,0,White,transformed,0,2.309138669,0.122524029,,
89,17,0,White,transformed,0,2.316228269,0.122524029,,
90,17,0,White,transformed,0,2.323652004,0.122524029,,
91,17,0,White,transformed,0,2.331836798,0.122524029,,
92,17,0,White,transformed,0,2.341209573,0.122524029,,
93,17,0,White,transformed,0,2.352197252,0.122524029,,
94,17,0,White,transformed,0,2.365226757,0.122524029,,
95,17,0,White,transformed,0,2.380725012,0.122524029,,
40,18,0,White,transformed,0,2.058885192,0.122524029,,
41,18,0,White,transformed,0,2.059298822,0.122524029,,
42,18,0,White,transformed,0,2.059737442,0.122524029,,
43,18,0,White,transformed,0,2.060216142,0.122524029,,
44,18,0,White,transformed,0,2.060750014,0.122524029,,
45,18,0,White,transformed,0,2.061354148,0.122524029,,
46,18,0,White,transformed,0,2.062043636,0.122524029,,
47,18,0,White,transformed,0,2.06283357,0.122524029,,
48,18,0,White,transformed,0,2.06373909,0.122524029,,
49,18,0,White,transformed,0,2.064801063,0.122524029,,
50,18,0,White,transformed,0,2.06612786,0.122524029,,
51,18,0,White,transformed,0,2.067838786,0.122524029,,
52,18,0,White,transformed,0,2.070053151,0.122524029,,
53,18,0,White,transformed,0,2.07289026,0.122524029,,
54,18,0,White,transformed,0,2.076469421,0.122524029,,
55,18,0,White,transformed,0,2.080909943,0.122524029,,
56,18,0,White,transformed,0,2.086330035,0.122524029,,
57,18,0,White,transformed,0,2.09275244,0.122524029,,
58,18,0,White,transformed,0,2.100031698,0.122524029,,
59,18,0,White,transformed,0,2.108005226,0.122524029,,
60,18,0,White,transformed,0,2.116510441,0.122524029,,
61,18,0,White,transformed,0,2.125384761,0.122524029,,
62,18,0,White,transformed,0,2.134465605,0.122524029,,
63,18,0,White,transformed,0,2.143590389,0.122524029,,
64,18,0,White,transformed,0,2.152597745,0.122524029,,
65,18,0,White,transformed,0,2.16136639,0.122524029,,
66,18,0,White,transformed,0,2.169823351,0.122524029,,
67,18,0,White,transformed,0,2.177898531,0.122524029,,
68,18,0,White,transformed,0,2.185521835,0.122524029,,
69,18,0,White,transformed,0,2.192623165,0.122524029,,
70,18,0,White,transformed,0,2.199132425,0.122524029,,
71,18,0,White,transformed,0,2.204979518,0.122524029,,
72,18,0,White,transformed,0,2.210103033,0.122524029,,
73,18,0,White,transformed,0,2.214587454,0.122524029,,
74,18,0,White,transformed,0,2.218638322,0.122524029,,
75,18,0,White,transformed,0,2.222464842,0.122524029,,
76,18,0,White,transformed,0,2.22627622,0.122524029,,
77,18,0,White,transformed,0,2.230281662,0.122524029,,
78,18,0,White,transformed,0,2.234690373,0.122524029,,
79,18,0,White,transformed,0,2.23971156,0.122524029,,
80,18,0,White,transformed,0,2.24553136,0.122524029,,
81,18,0,White,transformed,0,2.252109304,0.122524029,,
82,18,0,White,transformed,0,2.259276299,0.122524029,,
83,18,0,White,transformed,0,2.266861779,0.122524029,,
84,18,0,White,transformed,0,2.274695175,0.122524029,,
85,18,0,White,transformed,0,2.282605921,0.122524029,,
86,18,0,White,transformed,0,2.290423448,0.122524029,,
87,18,0,White,transformed,0,2.297977188,0.122524029,,
88,18,0,White,transformed,0,2.305159285,0.122524029,,
89,18,0,White,transformed,0,2.312248885,0.122524029,,
90,18,0,White,transformed,0,2.31967262,0.122524029,,
91,18,0,White,transformed,0,2.327857414,0.122524029,,
92,18,0,White,transformed,0,2.337230189,0.122524029,,
93,18,0,White,transformed,0,2.348217868,0.122524029,,
94,18,0,White,transformed,0,2.361247373,0.122524029,,
95,18,0,White,transformed,0,2.376745628,0.122524029,,
40,19,0,White,transformed,0,2.054905808,0.122524029,,
41,19,0,White,transformed,0,2.055319438,0.122524029,,
42,19,0,White,transformed,0,2.055758058,0.122524029,,
43,19,0,White,transformed,0,2.056236758,0.122524029,,
44,19,0,White,transformed,0,2.05677063,0.122524029,,
45,19,0,White,transformed,0,2.057374764,0.122524029,,
46,19,0,White,transformed,0,2.058064252,0.122524029,,
47,19,0,White,transformed,0,2.058854185,0.122524029,,
48,19,0,White,transformed,0,2.059759706,0.122524029,,
49,19,0,White,transformed,0,2.060821679,0.122524029,,
50,19,0,White,transformed,0,2.062148476,0.122524029,,
51,19,0,White,transformed,0,2.063859402,0.122524029,,
52,19,0,White,transformed,0,2.066073767,0.122524029,,
53,19,0,White,transformed,0,2.068910876,0.122524029,,
54,19,0,White,transformed,0,2.072490037,0.122524029,,
55,19,0,White,transformed,0,2.076930558,0.122524029,,
56,19,0,White,transformed,0,2.082350651,0.122524029,,
57,19,0,White,transformed,0,2.088773056,0.122524029,,
58,19,0,White,transformed,0,2.096052314,0.122524029,,
59,19,0,White,transformed,0,2.104025841,0.122524029,,
60,19,0,White,transformed,0,2.112531057,0.122524029,,
61,19,0,White,transformed,0,2.121405377,0.122524029,,
62,19,0,White,transformed,0,2.130486221,0.122524029,,
63,19,0,White,transformed,0,2.139611005,0.122524029,,
64,19,0,White,transformed,0,2.148618361,0.122524029,,
65,19,0,White,transformed,0,2.157387006,0.122524029,,
66,19,0,White,transformed,0,2.165843967,0.122524029,,
67,19,0,White,transformed,0,2.173919147,0.122524029,,
68,19,0,White,transformed,0,2.181542451,0.122524029,,
69,19,0,White,transformed,0,2.188643781,0.122524029,,
70,19,0,White,transformed,0,2.195153041,0.122524029,,
71,19,0,White,transformed,0,2.201000134,0.122524029,,
72,19,0,White,transformed,0,2.206123649,0.122524029,,
73,19,0,White,transformed,0,2.21060807,0.122524029,,
74,19,0,White,transformed,0,2.214658937,0.122524029,,
75,19,0,White,transformed,0,2.218485458,0.122524029,,
76,19,0,White,transformed,0,2.222296836,0.122524029,,
77,19,0,White,transformed,0,2.226302278,0.122524029,,
78,19,0,White,transformed,0,2.230710989,0.122524029,,
79,19,0,White,transformed,0,2.235732176,0.122524029,,
80,19,0,White,transformed,0,2.241551976,0.122524029,,
81,19,0,White,transformed,0,2.248129919,0.122524029,,
82,19,0,White,transformed,0,2.255296915,0.122524029,,
83,19,0,White,transformed,0,2.262882395,0.122524029,,
84,19,0,White,transformed,0,2.270715791,0.122524029,,
85,19,0,White,transformed,0,2.278626537,0.122524029,,
86,19,0,White,transformed,0,2.286444063,0.122524029,,
87,19,0,White,transformed,0,2.293997804,0.122524029,,
88,19,0,White,transformed,0,2.301179901,0.122524029,,
89,19,0,White,transformed,0,2.3082695,0.122524029,,
90,19,0,White,transformed,0,2.315693236,0.122524029,,
91,19,0,White,transformed,0,2.32387803,0.122524029,,
92,19,0,White,transformed,0,2.333250805,0.122524029,,
93,19,0,White,transformed,0,2.344238484,0.122524029,,
94,19,0,White,transformed,0,2.357267989,0.122524029,,
95,19,0,White,transformed,0,2.372766243,0.122524029,,
40,20,0,White,transformed,0,2.050926424,0.122524029,,
41,20,0,White,transformed,0,2.051340054,0.122524029,,
42,20,0,White,transformed,0,2.051778674,0.122524029,,
43,20,0,White,transformed,0,2.052257374,0.122524029,,
44,20,0,White,transformed,0,2.052791245,0.122524029,,
45,20,0,White,transformed,0,2.05339538,0.122524029,,
46,20,0,White,transformed,0,2.054084868,0.122524029,,
47,20,0,White,transformed,0,2.054874801,0.122524029,,
48,20,0,White,transformed,0,2.055780321,0.122524029,,
49,20,0,White,transformed,0,2.056842295,0.122524029,,
50,20,0,White,transformed,0,2.058169092,0.122524029,,
51,20,0,White,transformed,0,2.059880018,0.122524029,,
52,20,0,White,transformed,0,2.062094382,0.122524029,,
53,20,0,White,transformed,0,2.064931492,0.122524029,,
54,20,0,White,transformed,0,2.068510653,0.122524029,,
55,20,0,White,transformed,0,2.072951174,0.122524029,,
56,20,0,White,transformed,0,2.078371267,0.122524029,,
57,20,0,White,transformed,0,2.084793672,0.122524029,,
58,20,0,White,transformed,0,2.09207293,0.122524029,,
59,20,0,White,transformed,0,2.100046457,0.122524029,,
60,20,0,White,transformed,0,2.108551673,0.122524029,,
61,20,0,White,transformed,0,2.117425993,0.122524029,,
62,20,0,White,transformed,0,2.126506837,0.122524029,,
63,20,0,White,transformed,0,2.135631621,0.122524029,,
64,20,0,White,transformed,0,2.144638977,0.122524029,,
65,20,0,White,transformed,0,2.153407621,0.122524029,,
66,20,0,White,transformed,0,2.161864583,0.122524029,,
67,20,0,White,transformed,0,2.169939763,0.122524029,,
68,20,0,White,transformed,0,2.177563067,0.122524029,,
69,20,0,White,transformed,0,2.184664397,0.122524029,,
70,20,0,White,transformed,0,2.191173657,0.122524029,,
71,20,0,White,transformed,0,2.19702075,0.122524029,,
72,20,0,White,transformed,0,2.202144265,0.122524029,,
73,20,0,White,transformed,0,2.206628686,0.122524029,,
74,20,0,White,transformed,0,2.210679553,0.122524029,,
75,20,0,White,transformed,0,2.214506073,0.122524029,,
76,20,0,White,transformed,0,2.218317452,0.122524029,,
77,20,0,White,transformed,0,2.222322894,0.122524029,,
78,20,0,White,transformed,0,2.226731605,0.122524029,,
79,20,0,White,transformed,0,2.231752791,0.122524029,,
80,20,0,White,transformed,0,2.237572592,0.122524029,,
81,20,0,White,transformed,0,2.244150535,0.122524029,,
82,20,0,White,transformed,0,2.251317531,0.122524029,,
83,20,0,White,transformed,0,2.258903011,0.122524029,,
84,20,0,White,transformed,0,2.266736407,0.122524029,,
85,20,0,White,transformed,0,2.274647153,0.122524029,,
86,20,0,White,transformed,0,2.282464679,0.122524029,,
87,20,0,White,transformed,0,2.29001842,0.122524029,,
88,20,0,White,transformed,0,2.297200516,0.122524029,,
89,20,0,White,transformed,0,2.304290116,0.122524029,,
90,20,0,White,transformed,0,2.311713852,0.122524029,,
91,20,0,White,transformed,0,2.319898646,0.122524029,,
92,20,0,White,transformed,0,2.329271421,0.122524029,,
93,20,0,White,transformed,0,2.3402591,0.122524029,,
94,20,0,White,transformed,0,2.353288605,0.122524029,,
95,20,0,White,transformed,0,2.368786859,0.122524029,,
40,10,1,White,transformed,0,2.100445915,0.122524029,,
41,10,1,White,transformed,0,2.100859545,0.122524029,,
42,10,1,White,transformed,0,2.101298165,0.122524029,,
43,10,1,White,transformed,0,2.101776865,0.122524029,,
44,10,1,White,transformed,0,2.102310737,0.122524029,,
45,10,1,White,transformed,0,2.102914871,0.122524029,,-1.958865789
46,10,1,White,transformed,0,2.103604359,0.122524029,,
47,10,1,White,transformed,0,2.104394292,0.122524029,,
48,10,1,White,transformed,0,2.105299813,0.122524029,,
49,10,1,White,transformed,0,2.106361786,0.122524029,,
50,10,1,White,transformed,0,2.107688583,0.122524029,,
51,10,1,White,transformed,0,2.109399509,0.122524029,,
52,10,1,White,transformed,0,2.111613874,0.122524029,,
53,10,1,White,transformed,0,2.114450983,0.122524029,,
54,10,1,White,transformed,0,2.118030144,0.122524029,,
55,10,1,White,transformed,0,2.122470665,0.122524029,,
56,10,1,White,transformed,0,2.127890758,0.122524029,,
57,10,1,White,transformed,0,2.134313163,0.122524029,,
58,10,1,White,transformed,0,2.141592421,0.122524029,,
59,10,1,White,transformed,0,2.149565948,0.122524029,,
60,10,1,White,transformed,0,2.158071164,0.122524029,,-1.508698641
61,10,1,White,transformed,0,2.166945484,0.122524029,,
62,10,1,White,transformed,0,2.176026328,0.122524029,,
63,10,1,White,transformed,0,2.185151112,0.122524029,,
64,10,1,White,transformed,0,2.194158468,0.122524029,,
65,10,1,White,transformed,0,2.202927113,0.122524029,,
66,10,1,White,transformed,0,2.211384074,0.122524029,,
67,10,1,White,transformed,0,2.219459254,0.122524029,,
68,10,1,White,transformed,0,2.227082558,0.122524029,,
69,10,1,White,transformed,0,2.234183888,0.122524029,,
70,10,1,White,transformed,0,2.240693148,0.122524029,,
71,10,1,White,transformed,0,2.246540241,0.122524029,,
72,10,1,White,transformed,0,2.251663756,0.122524029,,
73,10,1,White,transformed,0,2.256148177,0.122524029,,
74,10,1,White,transformed,0,2.260199044,0.122524029,,
75,10,1,White,transformed,0,2.264025565,0.122524029,,-0.643934386
76,10,1,White,transformed,0,2.267836943,0.122524029,,
77,10,1,White,transformed,0,2.271842385,0.122524029,,
78,10,1,White,transformed,0,2.276251096,0.122524029,,
79,10,1,White,transformed,0,2.281272283,0.122524029,,
80,10,1,White,transformed,0,2.287092083,0.122524029,,
81,10,1,White,transformed,0,2.293670026,0.122524029,,
82,10,1,White,transformed,0,2.300837022,0.122524029,,
83,10,1,White,transformed,0,2.308422502,0.122524029,,
84,10,1,White,transformed,0,2.316255898,0.122524029,,
85,10,1,White,transformed,0,2.324166644,0.122524029,,
86,10,1,White,transformed,0,2.33198417,0.122524029,,
87,10,1,White,transformed,0,2.339537911,0.122524029,,
88,10,1,White,transformed,0,2.346720008,0.122524029,,
89,10,1,White,transformed,0,2.353809607,0.122524029,,
90,10,1,White,transformed,0,2.361233343,0.122524029,,
91,10,1,White,transformed,0,2.369418137,0.122524029,,
92,10,1,White,transformed,0,2.378790912,0.122524029,,
93,10,1,White,transformed,0,2.389778591,0.122524029,,
94,10,1,White,transformed,0,2.402808096,0.122524029,,
95,10,1,White,transformed,0,2.41830635,0.122524029,,
40,11,1,White,transformed,0,2.096466531,0.122524029,,
41,11,1,White,transformed,0,2.096880161,0.122524029,,
42,11,1,White,transformed,0,2.097318781,0.122524029,,
43,11,1,White,transformed,0,2.097797481,0.122524029,,
44,11,1,White,transformed,0,2.098331352,0.122524029,,
45,11,1,White,transformed,0,2.098935487,0.122524029,,
46,11,1,White,transformed,0,2.099624975,0.122524029,,
47,11,1,White,transformed,0,2.100414908,0.122524029,,
48,11,1,White,transformed,0,2.101320428,0.122524029,,
49,11,1,White,transformed,0,2.102382402,0.122524029,,
50,11,1,White,transformed,0,2.103709199,0.122524029,,
51,11,1,White,transformed,0,2.105420125,0.122524029,,
52,11,1,White,transformed,0,2.107634489,0.122524029,,
53,11,1,White,transformed,0,2.110471599,0.122524029,,
54,11,1,White,transformed,0,2.11405076,0.122524029,,
55,11,1,White,transformed,0,2.118491281,0.122524029,,
56,11,1,White,transformed,0,2.123911374,0.122524029,,
57,11,1,White,transformed,0,2.130333779,0.122524029,,
58,11,1,White,transformed,0,2.137613037,0.122524029,,
59,11,1,White,transformed,0,2.145586564,0.122524029,,
60,11,1,White,transformed,0,2.15409178,0.122524029,,
61,11,1,White,transformed,0,2.1629661,0.122524029,,
62,11,1,White,transformed,0,2.172046943,0.122524029,,
63,11,1,White,transformed,0,2.181171728,0.122524029,,
64,11,1,White,transformed,0,2.190179084,0.122524029,,
65,11,1,White,transformed,0,2.198947728,0.122524029,,
66,11,1,White,transformed,0,2.20740469,0.122524029,,
67,11,1,White,transformed,0,2.21547987,0.122524029,,
68,11,1,White,transformed,0,2.223103174,0.122524029,,
69,11,1,White,transformed,0,2.230204504,0.122524029,,
70,11,1,White,transformed,0,2.236713764,0.122524029,,
71,11,1,White,transformed,0,2.242560857,0.122524029,,
72,11,1,White,transformed,0,2.247684372,0.122524029,,
73,11,1,White,transformed,0,2.252168793,0.122524029,,
74,11,1,White,transformed,0,2.25621966,0.122524029,,
75,11,1,White,transformed,0,2.26004618,0.122524029,,
76,11,1,White,transformed,0,2.263857559,0.122524029,,
77,11,1,White,transformed,0,2.267863001,0.122524029,,
78,11,1,White,transformed,0,2.272271712,0.122524029,,
79,11,1,White,transformed,0,2.277292898,0.122524029,,
80,11,1,White,transformed,0,2.283112699,0.122524029,,
81,11,1,White,transformed,0,2.289690642,0.122524029,,
82,11,1,White,transformed,0,2.296857638,0.122524029,,
83,11,1,White,transformed,0,2.304443118,0.122524029,,
84,11,1,White,transformed,0,2.312276514,0.122524029,,
85,11,1,White,transformed,0,2.32018726,0.122524029,,
86,11,1,White,transformed,0,2.328004786,0.122524029,,
87,11,1,White,transformed,0,2.335558527,0.122524029,,
88,11,1,White,transformed,0,2.342740623,0.122524029,,
89,11,1,White,transformed,0,2.349830223,0.122524029,,
90,11,1,White,transformed,0,2.357253959,0.122524029,,
91,11,1,White,transformed,0,2.365438753,0.122524029,,
92,11,1,White,transformed,0,2.374811528,0.122524029,,
93,11,1,White,transformed,0,2.385799206,0.122524029,,
94,11,1,White,transformed,0,2.398828712,0.122524029,,
95,11,1,White,transformed,0,2.414326966,0.122524029,,
40,12,1,White,transformed,0,2.092487146,0.122524029,,
41,12,1,White,transformed,0,2.092900777,0.122524029,,
42,12,1,White,transformed,0,2.093339397,0.122524029,,
43,12,1,White,transformed,0,2.093818097,0.122524029,,
44,12,1,White,transformed,0,2.094351968,0.122524029,,
45,12,1,White,transformed,0,2.094956103,0.122524029,,
46,12,1,White,transformed,0,2.095645591,0.122524029,,
47,12,1,White,transformed,0,2.096435524,0.122524029,,
48,12,1,White,transformed,0,2.097341044,0.122524029,,
49,12,1,White,transformed,0,2.098403018,0.122524029,,
50,12,1,White,transformed,0,2.099729814,0.122524029,,
51,12,1,White,transformed,0,2.101440741,0.122524029,,
52,12,1,White,transformed,0,2.103655105,0.122524029,,
53,12,1,White,transformed,0,2.106492214,0.122524029,,
54,12,1,White,transformed,0,2.110071376,0.122524029,,
55,12,1,White,transformed,0,2.114511897,0.122524029,,
56,12,1,White,transformed,0,2.11993199,0.122524029,,
57,12,1,White,transformed,0,2.126354395,0.122524029,,
58,12,1,White,transformed,0,2.133633653,0.122524029,,
59,12,1,White,transformed,0,2.14160718,0.122524029,,
60,12,1,White,transformed,0,2.150112395,0.122524029,,
61,12,1,White,transformed,0,2.158986716,0.122524029,,
62,12,1,White,transformed,0,2.168067559,0.122524029,,
63,12,1,White,transformed,0,2.177192344,0.122524029,,
64,12,1,White,transformed,0,2.186199699,0.122524029,,
65,12,1,White,transformed,0,2.194968344,0.122524029,,
66,12,1,White,transformed,0,2.203425305,0.122524029,,
67,12,1,White,transformed,0,2.211500486,0.122524029,,
68,12,1,White,transformed,0,2.21912379,0.122524029,,
69,12,1,White,transformed,0,2.22622512,0.122524029,,
70,12,1,White,transformed,0,2.23273438,0.122524029,,
71,12,1,White,transformed,0,2.238581472,0.122524029,,
72,12,1,White,transformed,0,2.243704988,0.122524029,,
73,12,1,White,transformed,0,2.248189408,0.122524029,,
74,12,1,White,transformed,0,2.252240276,0.122524029,,
75,12,1,White,transformed,0,2.256066796,0.122524029,,
76,12,1,White,transformed,0,2.259878175,0.122524029,,
77,12,1,White,transformed,0,2.263883617,0.122524029,,
78,12,1,White,transformed,0,2.268292328,0.122524029,,
79,12,1,White,transformed,0,2.273313514,0.122524029,,
80,12,1,White,transformed,0,2.279133315,0.122524029,,
81,12,1,White,transformed,0,2.285711258,0.122524029,,
82,12,1,White,transformed,0,2.292878254,0.122524029,,
83,12,1,White,transformed,0,2.300463734,0.122524029,,
84,12,1,White,transformed,0,2.30829713,0.122524029,,
85,12,1,White,transformed,0,2.316207875,0.122524029,,
86,12,1,White,transformed,0,2.324025402,0.122524029,,
87,12,1,White,transformed,0,2.331579143,0.122524029,,
88,12,1,White,transformed,0,2.338761239,0.122524029,,
89,12,1,White,transformed,0,2.345850839,0.122524029,,
90,12,1,White,transformed,0,2.353274575,0.122524029,,
91,12,1,White,transformed,0,2.361459369,0.122524029,,
92,12,1,White,transformed,0,2.370832144,0.122524029,,
93,12,1,White,transformed,0,2.381819822,0.122524029,,
94,12,1,White,transformed,0,2.394849328,0.122524029,,
95,12,1,White,transformed,0,2.410347582,0.122524029,,
40,13,1,White,transformed,0,2.088507762,0.122524029,,
41,13,1,White,transformed,0,2.088921393,0.122524029,,
42,13,1,White,transformed,0,2.089360013,0.122524029,,
43,13,1,White,transformed,0,2.089838713,0.122524029,,
44,13,1,White,transformed,0,2.090372584,0.122524029,,
45,13,1,White,transformed,0,2.090976719,0.122524029,,
46,13,1,White,transformed,0,2.091666207,0.122524029,,
47,13,1,White,transformed,0,2.09245614,0.122524029,,
48,13,1,White,transformed,0,2.09336166,0.122524029,,
49,13,1,White,transformed,0,2.094423634,0.122524029,,
50,13,1,White,transformed,0,2.09575043,0.122524029,,
51,13,1,White,transformed,0,2.097461357,0.122524029,,
52,13,1,White,transformed,0,2.099675721,0.122524029,,
53,13,1,White,transformed,0,2.10251283,0.122524029,,
54,13,1,White,transformed,0,2.106091992,0.122524029,,
55,13,1,White,transformed,0,2.110532513,0.122524029,,
56,13,1,White,transformed,0,2.115952605,0.122524029,,
57,13,1,White,transformed,0,2.122375011,0.122524029,,
58,13,1,White,transformed,0,2.129654269,0.122524029,,
59,13,1,White,transformed,0,2.137627796,0.122524029,,
60,13,1,White,transformed,0,2.146133011,0.122524029,,
61,13,1,White,transformed,0,2.155007332,0.122524029,,
62,13,1,White,transformed,0,2.164088175,0.122524029,,
63,13,1,White,transformed,0,2.173212959,0.122524029,,
64,13,1,White,transformed,0,2.182220315,0.122524029,,
65,13,1,White,transformed,0,2.19098896,0.122524029,,
66,13,1,White,transformed,0,2.199445921,0.122524029,,
67,13,1,White,transformed,0,2.207521102,0.122524029,,
68,13,1,White,transformed,0,2.215144406,0.122524029,,
69,13,1,White,transformed,0,2.222245736,0.122524029,,
70,13,1,White,transformed,0,2.228754995,0.122524029,,
71,13,1,White,transformed,0,2.234602088,0.122524029,,
72,13,1,White,transformed,0,2.239725604,0.122524029,,
73,13,1,White,transformed,0,2.244210024,0.122524029,,
74,13,1,White,transformed,0,2.248260892,0.122524029,,
75,13,1,White,transformed,0,2.252087412,0.122524029,,
76,13,1,White,transformed,0,2.25589879,0.122524029,,
77,13,1,White,transformed,0,2.259904232,0.122524029,,
78,13,1,White,transformed,0,2.264312944,0.122524029,,
79,13,1,White,transformed,0,2.26933413,0.122524029,,
80,13,1,White,transformed,0,2.27515393,0.122524029,,
81,13,1,White,transformed,0,2.281731874,0.122524029,,
82,13,1,White,transformed,0,2.28889887,0.122524029,,
83,13,1,White,transformed,0,2.296484349,0.122524029,,
84,13,1,White,transformed,0,2.304317746,0.122524029,,
85,13,1,White,transformed,0,2.312228491,0.122524029,,
86,13,1,White,transformed,0,2.320046018,0.122524029,,
87,13,1,White,transformed,0,2.327599758,0.122524029,,
88,13,1,White,transformed,0,2.334781855,0.122524029,,
89,13,1,White,transformed,0,2.341871455,0.122524029,,
90,13,1,White,transformed,0,2.349295191,0.122524029,,
91,13,1,White,transformed,0,2.357479985,0.122524029,,
92,13,1,White,transformed,0,2.366852759,0.122524029,,
93,13,1,White,transformed,0,2.377840438,0.122524029,,
94,13,1,White,transformed,0,2.390869944,0.122524029,,
95,13,1,White,transformed,0,2.406368198,0.122524029,,
40,14,1,White,transformed,0,2.084528378,0.122524029,,
41,14,1,White,transformed,0,2.084942009,0.122524029,,
42,14,1,White,transformed,0,2.085380628,0.122524029,,
43,14,1,White,transformed,0,2.085859328,0.122524029,,
44,14,1,White,transformed,0,2.0863932,0.122524029,,
45,14,1,White,transformed,0,2.086997334,0.122524029,,
46,14,1,White,transformed,0,2.087686823,0.122524029,,
47,14,1,White,transformed,0,2.088476756,0.122524029,,
48,14,1,White,transformed,0,2.089382276,0.122524029,,
49,14,1,White,transformed,0,2.09044425,0.122524029,,
50,14,1,White,transformed,0,2.091771046,0.122524029,,
51,14,1,White,transformed,0,2.093481973,0.122524029,,
52,14,1,White,transformed,0,2.095696337,0.122524029,,
53,14,1,White,transformed,0,2.098533446,0.122524029,,
54,14,1,White,transformed,0,2.102112608,0.122524029,,
55,14,1,White,transformed,0,2.106553129,0.122524029,,
56,14,1,White,transformed,0,2.111973221,0.122524029,,
57,14,1,White,transformed,0,2.118395627,0.122524029,,
58,14,1,White,transformed,0,2.125674884,0.122524029,,
59,14,1,White,transformed,0,2.133648412,0.122524029,,
60,14,1,White,transformed,0,2.142153627,0.122524029,,
61,14,1,White,transformed,0,2.151027948,0.122524029,,
62,14,1,White,transformed,0,2.160108791,0.122524029,,
63,14,1,White,transformed,0,2.169233575,0.122524029,,
64,14,1,White,transformed,0,2.178240931,0.122524029,,
65,14,1,White,transformed,0,2.187009576,0.122524029,,
66,14,1,White,transformed,0,2.195466537,0.122524029,,
67,14,1,White,transformed,0,2.203541718,0.122524029,,
68,14,1,White,transformed,0,2.211165021,0.122524029,,
69,14,1,White,transformed,0,2.218266351,0.122524029,,
70,14,1,White,transformed,0,2.224775611,0.122524029,,
71,14,1,White,transformed,0,2.230622704,0.122524029,,
72,14,1,White,transformed,0,2.235746219,0.122524029,,
73,14,1,White,transformed,0,2.24023064,0.122524029,,
74,14,1,White,transformed,0,2.244281508,0.122524029,,
75,14,1,White,transformed,0,2.248108028,0.122524029,,
76,14,1,White,transformed,0,2.251919406,0.122524029,,
77,14,1,White,transformed,0,2.255924848,0.122524029,,
78,14,1,White,transformed,0,2.26033356,0.122524029,,
79,14,1,White,transformed,0,2.265354746,0.122524029,,
80,14,1,White,transformed,0,2.271174546,0.122524029,,
81,14,1,White,transformed,0,2.27775249,0.122524029,,
82,14,1,White,transformed,0,2.284919485,0.122524029,,
83,14,1,White,transformed,0,2.292504965,0.122524029,,
84,14,1,White,transformed,0,2.300338362,0.122524029,,
85,14,1,White,transformed,0,2.308249107,0.122524029,,
86,14,1,White,transformed,0,2.316066634,0.122524029,,
87,14,1,White,transformed,0,2.323620374,0.122524029,,
88,14,1,White,transformed,0,2.330802471,0.122524029,,
89,14,1,White,transformed,0,2.337892071,0.122524029,,
90,14,1,White,transformed,0,2.345315806,0.122524029,,
91,14,1,White,transformed,0,2.3535006,0.122524029,,
92,14,1,White,transformed,0,2.362873375,0.122524029,,
93,14,1,White,transformed,0,2.373861054,0.122524029,,
94,14,1,White,transformed,0,2.386890559,0.122524029,,
95,14,1,White,transformed,0,2.402388814,0.122524029,,
40,15,1,White,transformed,0,2.080548994,0.122524029,,
41,15,1,White,transformed,0,2.080962625,0.122524029,,
42,15,1,White,transformed,0,2.081401244,0.122524029,,
43,15,1,White,transformed,0,2.081879944,0.122524029,,
44,15,1,White,transformed,0,2.082413816,0.122524029,,
45,15,1,White,transformed,0,2.08301795,0.122524029,,
46,15,1,White,transformed,0,2.083707438,0.122524029,,
47,15,1,White,transformed,0,2.084497372,0.122524029,,
48,15,1,White,transformed,0,2.085402892,0.122524029,,
49,15,1,White,transformed,0,2.086464866,0.122524029,,
50,15,1,White,transformed,0,2.087791662,0.122524029,,
51,15,1,White,transformed,0,2.089502589,0.122524029,,
52,15,1,White,transformed,0,2.091716953,0.122524029,,
53,15,1,White,transformed,0,2.094554062,0.122524029,,
54,15,1,White,transformed,0,2.098133224,0.122524029,,
55,15,1,White,transformed,0,2.102573745,0.122524029,,
56,15,1,White,transformed,0,2.107993837,0.122524029,,
57,15,1,White,transformed,0,2.114416243,0.122524029,,
58,15,1,White,transformed,0,2.1216955,0.122524029,,
59,15,1,White,transformed,0,2.129669028,0.122524029,,
60,15,1,White,transformed,0,2.138174243,0.122524029,,
61,15,1,White,transformed,0,2.147048563,0.122524029,,
62,15,1,White,transformed,0,2.156129407,0.122524029,,
63,15,1,White,transformed,0,2.165254191,0.122524029,,
64,15,1,White,transformed,0,2.174261547,0.122524029,,
65,15,1,White,transformed,0,2.183030192,0.122524029,,
66,15,1,White,transformed,0,2.191487153,0.122524029,,
67,15,1,White,transformed,0,2.199562334,0.122524029,,
68,15,1,White,transformed,0,2.207185637,0.122524029,,
69,15,1,White,transformed,0,2.214286967,0.122524029,,
70,15,1,White,transformed,0,2.220796227,0.122524029,,
71,15,1,White,transformed,0,2.22664332,0.122524029,,
72,15,1,White,transformed,0,2.231766835,0.122524029,,
73,15,1,White,transformed,0,2.236251256,0.122524029,,
74,15,1,White,transformed,0,2.240302124,0.122524029,,
75,15,1,White,transformed,0,2.244128644,0.122524029,,
76,15,1,White,transformed,0,2.247940022,0.122524029,,
77,15,1,White,transformed,0,2.251945464,0.122524029,,
78,15,1,White,transformed,0,2.256354176,0.122524029,,
79,15,1,White,transformed,0,2.261375362,0.122524029,,
80,15,1,White,transformed,0,2.267195162,0.122524029,,
81,15,1,White,transformed,0,2.273773106,0.122524029,,
82,15,1,White,transformed,0,2.280940101,0.122524029,,
83,15,1,White,transformed,0,2.288525581,0.122524029,,
84,15,1,White,transformed,0,2.296358978,0.122524029,,
85,15,1,White,transformed,0,2.304269723,0.122524029,,
86,15,1,White,transformed,0,2.31208725,0.122524029,,
87,15,1,White,transformed,0,2.31964099,0.122524029,,
88,15,1,White,transformed,0,2.326823087,0.122524029,,
89,15,1,White,transformed,0,2.333912687,0.122524029,,
90,15,1,White,transformed,0,2.341336422,0.122524029,,
91,15,1,White,transformed,0,2.349521216,0.122524029,,
92,15,1,White,transformed,0,2.358893991,0.122524029,,
93,15,1,White,transformed,0,2.36988167,0.122524029,,
94,15,1,White,transformed,0,2.382911175,0.122524029,,
95,15,1,White,transformed,0,2.39840943,0.122524029,,
40,16,1,White,transformed,0,2.07656961,0.122524029,,
41,16,1,White,transformed,0,2.07698324,0.122524029,,
42,16,1,White,transformed,0,2.07742186,0.122524029,,
43,16,1,White,transformed,0,2.07790056,0.122524029,,
44,16,1,White,transformed,0,2.078434432,0.122524029,,
45,16,1,White,transformed,0,2.079038566,0.122524029,,-2.153736174
46,16,1,White,transformed,0,2.079728054,0.122524029,,
47,16,1,White,transformed,0,2.080517988,0.122524029,,
48,16,1,White,transformed,0,2.081423508,0.122524029,,
49,16,1,White,transformed,0,2.082485481,0.122524029,,
50,16,1,White,transformed,0,2.083812278,0.122524029,,
51,16,1,White,transformed,0,2.085523205,0.122524029,,
52,16,1,White,transformed,0,2.087737569,0.122524029,,
53,16,1,White,transformed,0,2.090574678,0.122524029,,
54,16,1,White,transformed,0,2.094153839,0.122524029,,
55,16,1,White,transformed,0,2.098594361,0.122524029,,
56,16,1,White,transformed,0,2.104014453,0.122524029,,
57,16,1,White,transformed,0,2.110436858,0.122524029,,
58,16,1,White,transformed,0,2.117716116,0.122524029,,
59,16,1,White,transformed,0,2.125689644,0.122524029,,
60,16,1,White,transformed,0,2.134194859,0.122524029,,-1.703569026
61,16,1,White,transformed,0,2.143069179,0.122524029,,
62,16,1,White,transformed,0,2.152150023,0.122524029,,
63,16,1,White,transformed,0,2.161274807,0.122524029,,
64,16,1,White,transformed,0,2.170282163,0.122524029,,
65,16,1,White,transformed,0,2.179050808,0.122524029,,
66,16,1,White,transformed,0,2.187507769,0.122524029,,
67,16,1,White,transformed,0,2.19558295,0.122524029,,
68,16,1,White,transformed,0,2.203206253,0.122524029,,
69,16,1,White,transformed,0,2.210307583,0.122524029,,
70,16,1,White,transformed,0,2.216816843,0.122524029,,
71,16,1,White,transformed,0,2.222663936,0.122524029,,
72,16,1,White,transformed,0,2.227787451,0.122524029,,
73,16,1,White,transformed,0,2.232271872,0.122524029,,
74,16,1,White,transformed,0,2.23632274,0.122524029,,
75,16,1,White,transformed,0,2.24014926,0.122524029,,-0.838804771
76,16,1,White,transformed,0,2.243960638,0.122524029,,
77,16,1,White,transformed,0,2.24796608,0.122524029,,
78,16,1,White,transformed,0,2.252374791,0.122524029,,
79,16,1,White,transformed,0,2.257395978,0.122524029,,
80,16,1,White,transformed,0,2.263215778,0.122524029,,
81,16,1,White,transformed,0,2.269793722,0.122524029,,
82,16,1,White,transformed,0,2.276960717,0.122524029,,
83,16,1,White,transformed,0,2.284546197,0.122524029,,
84,16,1,White,transformed,0,2.292379594,0.122524029,,
85,16,1,White,transformed,0,2.300290339,0.122524029,,
86,16,1,White,transformed,0,2.308107866,0.122524029,,
87,16,1,White,transformed,0,2.315661606,0.122524029,,
88,16,1,White,transformed,0,2.322843703,0.122524029,,
89,16,1,White,transformed,0,2.329933303,0.122524029,,
90,16,1,White,transformed,0,2.337357038,0.122524029,,
91,16,1,White,transformed,0,2.345541832,0.122524029,,
92,16,1,White,transformed,0,2.354914607,0.122524029,,
93,16,1,White,transformed,0,2.365902286,0.122524029,,
94,16,1,White,transformed,0,2.378931791,0.122524029,,
95,16,1,White,transformed,0,2.394430046,0.122524029,,
40,17,1,White,transformed,0,2.072590226,0.122524029,,
41,17,1,White,transformed,0,2.073003856,0.122524029,,
42,17,1,White,transformed,0,2.073442476,0.122524029,,
43,17,1,White,transformed,0,2.073921176,0.122524029,,
44,17,1,White,transformed,0,2.074455048,0.122524029,,
45,17,1,White,transformed,0,2.075059182,0.122524029,,
46,17,1,White,transformed,0,2.07574867,0.122524029,,
47,17,1,White,transformed,0,2.076538603,0.122524029,,
48,17,1,White,transformed,0,2.077444124,0.122524029,,
49,17,1,White,transformed,0,2.078506097,0.122524029,,
50,17,1,White,transformed,0,2.079832894,0.122524029,,
51,17,1,White,transformed,0,2.08154382,0.122524029,,
52,17,1,White,transformed,0,2.083758185,0.122524029,,
53,17,1,White,transformed,0,2.086595294,0.122524029,,
54,17,1,White,transformed,0,2.090174455,0.122524029,,
55,17,1,White,transformed,0,2.094614977,0.122524029,,
56,17,1,White,transformed,0,2.100035069,0.122524029,,
57,17,1,White,transformed,0,2.106457474,0.122524029,,
58,17,1,White,transformed,0,2.113736732,0.122524029,,
59,17,1,White,transformed,0,2.12171026,0.122524029,,
60,17,1,White,transformed,0,2.130215475,0.122524029,,
61,17,1,White,transformed,0,2.139089795,0.122524029,,
62,17,1,White,transformed,0,2.148170639,0.122524029,,
63,17,1,White,transformed,0,2.157295423,0.122524029,,
64,17,1,White,transformed,0,2.166302779,0.122524029,,
65,17,1,White,transformed,0,2.175071424,0.122524029,,
66,17,1,White,transformed,0,2.183528385,0.122524029,,
67,17,1,White,transformed,0,2.191603565,0.122524029,,
68,17,1,White,transformed,0,2.199226869,0.122524029,,
69,17,1,White,transformed,0,2.206328199,0.122524029,,
70,17,1,White,transformed,0,2.212837459,0.122524029,,
71,17,1,White,transformed,0,2.218684552,0.122524029,,
72,17,1,White,transformed,0,2.223808067,0.122524029,,
73,17,1,White,transformed,0,2.228292488,0.122524029,,
74,17,1,White,transformed,0,2.232343356,0.122524029,,
75,17,1,White,transformed,0,2.236169876,0.122524029,,
76,17,1,White,transformed,0,2.239981254,0.122524029,,
77,17,1,White,transformed,0,2.243986696,0.122524029,,
78,17,1,White,transformed,0,2.248395407,0.122524029,,
79,17,1,White,transformed,0,2.253416594,0.122524029,,
80,17,1,White,transformed,0,2.259236394,0.122524029,,
81,17,1,White,transformed,0,2.265814337,0.122524029,,
82,17,1,White,transformed,0,2.272981333,0.122524029,,
83,17,1,White,transformed,0,2.280566813,0.122524029,,
84,17,1,White,transformed,0,2.288400209,0.122524029,,
85,17,1,White,transformed,0,2.296310955,0.122524029,,
86,17,1,White,transformed,0,2.304128482,0.122524029,,
87,17,1,White,transformed,0,2.311682222,0.122524029,,
88,17,1,White,transformed,0,2.318864319,0.122524029,,
89,17,1,White,transformed,0,2.325953919,0.122524029,,
90,17,1,White,transformed,0,2.333377654,0.122524029,,
91,17,1,White,transformed,0,2.341562448,0.122524029,,
92,17,1,White,transformed,0,2.350935223,0.122524029,,
93,17,1,White,transformed,0,2.361922902,0.122524029,,
94,17,1,White,transformed,0,2.374952407,0.122524029,,
95,17,1,White,transformed,0,2.390450662,0.122524029,,
40,18,1,White,transformed,0,2.068610842,0.122524029,,
41,18,1,White,transformed,0,2.069024472,0.122524029,,
42,18,1,White,transformed,0,2.069463092,0.122524029,,
43,18,1,White,transformed,0,2.069941792,0.122524029,,
44,18,1,White,transformed,0,2.070475664,0.122524029,,
45,18,1,White,transformed,0,2.071079798,0.122524029,,
46,18,1,White,transformed,0,2.071769286,0.122524029,,
47,18,1,White,transformed,0,2.072559219,0.122524029,,
48,18,1,White,transformed,0,2.073464739,0.122524029,,
49,18,1,White,transformed,0,2.074526713,0.122524029,,
50,18,1,White,transformed,0,2.07585351,0.122524029,,
51,18,1,White,transformed,0,2.077564436,0.122524029,,
52,18,1,White,transformed,0,2.079778801,0.122524029,,
53,18,1,White,transformed,0,2.08261591,0.122524029,,
54,18,1,White,transformed,0,2.086195071,0.122524029,,
55,18,1,White,transformed,0,2.090635592,0.122524029,,
56,18,1,White,transformed,0,2.096055685,0.122524029,,
57,18,1,White,transformed,0,2.10247809,0.122524029,,
58,18,1,White,transformed,0,2.109757348,0.122524029,,
59,18,1,White,transformed,0,2.117730875,0.122524029,,
60,18,1,White,transformed,0,2.126236091,0.122524029,,
61,18,1,White,transformed,0,2.135110411,0.122524029,,
62,18,1,White,transformed,0,2.144191255,0.122524029,,
63,18,1,White,transformed,0,2.153316039,0.122524029,,
64,18,1,White,transformed,0,2.162323395,0.122524029,,
65,18,1,White,transformed,0,2.17109204,0.122524029,,
66,18,1,White,transformed,0,2.179549001,0.122524029,,
67,18,1,White,transformed,0,2.187624181,0.122524029,,
68,18,1,White,transformed,0,2.195247485,0.122524029,,
69,18,1,White,transformed,0,2.202348815,0.122524029,,
70,18,1,White,transformed,0,2.208858075,0.122524029,,
71,18,1,White,transformed,0,2.214705168,0.122524029,,
72,18,1,White,transformed,0,2.219828683,0.122524029,,
73,18,1,White,transformed,0,2.224313104,0.122524029,,
74,18,1,White,transformed,0,2.228363971,0.122524029,,
75,18,1,White,transformed,0,2.232190492,0.122524029,,
76,18,1,White,transformed,0,2.23600187,0.122524029,,
77,18,1,White,transformed,0,2.240007312,0.122524029,,
78,18,1,White,transformed,0,2.244416023,0.122524029,,
79,18,1,White,transformed,0,2.24943721,0.122524029,,
80,18,1,White,transformed,0,2.25525701,0.122524029,,
81,18,1,White,transformed,0,2.261834953,0.122524029,,
82,18,1,White,transformed,0,2.269001949,0.122524029,,
83,18,1,White,transformed,0,2.276587429,0.122524029,,
84,18,1,White,transformed,0,2.284420825,0.122524029,,
85,18,1,White,transformed,0,2.292331571,0.122524029,,
86,18,1,White,transformed,0,2.300149097,0.122524029,,
87,18,1,White,transformed,0,2.307702838,0.122524029,,
88,18,1,White,transformed,0,2.314884935,0.122524029,,
89,18,1,White,transformed,0,2.321974534,0.122524029,,
90,18,1,White,transformed,0,2.32939827,0.122524029,,
91,18,1,White,transformed,0,2.337583064,0.122524029,,
92,18,1,White,transformed,0,2.346955839,0.122524029,,
93,18,1,White,transformed,0,2.357943518,0.122524029,,
94,18,1,White,transformed,0,2.370973023,0.122524029,,
95,18,1,White,transformed,0,2.386471277,0.122524029,,
40,19,1,White,transformed,0,2.064631458,0.122524029,,
41,19,1,White,transformed,0,2.065045088,0.122524029,,
42,19,1,White,transformed,0,2.065483708,0.122524029,,
43,19,1,White,transformed,0,2.065962408,0.122524029,,
44,19,1,White,transformed,0,2.066496279,0.122524029,,
45,19,1,White,transformed,0,2.067100414,0.122524029,,
46,19,1,White,transformed,0,2.067789902,0.122524029,,
47,19,1,White,transformed,0,2.068579835,0.122524029,,
48,19,1,White,transformed,0,2.069485355,0.122524029,,
49,19,1,White,transformed,0,2.070547329,0.122524029,,
50,19,1,White,transformed,0,2.071874126,0.122524029,,
51,19,1,White,transformed,0,2.073585052,0.122524029,,
52,19,1,White,transformed,0,2.075799416,0.122524029,,
53,19,1,White,transformed,0,2.078636526,0.122524029,,
54,19,1,White,transformed,0,2.082215687,0.122524029,,
55,19,1,White,transformed,0,2.086656208,0.122524029,,
56,19,1,White,transformed,0,2.092076301,0.122524029,,
57,19,1,White,transformed,0,2.098498706,0.122524029,,
58,19,1,White,transformed,0,2.105777964,0.122524029,,
59,19,1,White,transformed,0,2.113751491,0.122524029,,
60,19,1,White,transformed,0,2.122256707,0.122524029,,
61,19,1,White,transformed,0,2.131131027,0.122524029,,
62,19,1,White,transformed,0,2.14021187,0.122524029,,
63,19,1,White,transformed,0,2.149336655,0.122524029,,
64,19,1,White,transformed,0,2.158344011,0.122524029,,
65,19,1,White,transformed,0,2.167112655,0.122524029,,
66,19,1,White,transformed,0,2.175569617,0.122524029,,
67,19,1,White,transformed,0,2.183644797,0.122524029,,
68,19,1,White,transformed,0,2.191268101,0.122524029,,
69,19,1,White,transformed,0,2.198369431,0.122524029,,
70,19,1,White,transformed,0,2.204878691,0.122524029,,
71,19,1,White,transformed,0,2.210725784,0.122524029,,
72,19,1,White,transformed,0,2.215849299,0.122524029,,
73,19,1,White,transformed,0,2.22033372,0.122524029,,
74,19,1,White,transformed,0,2.224384587,0.122524029,,
75,19,1,White,transformed,0,2.228211107,0.122524029,,
76,19,1,White,transformed,0,2.232022486,0.122524029,,
77,19,1,White,transformed,0,2.236027928,0.122524029,,
78,19,1,White,transformed,0,2.240436639,0.122524029,,
79,19,1,White,transformed,0,2.245457825,0.122524029,,
80,19,1,White,transformed,0,2.251277626,0.122524029,,
81,19,1,White,transformed,0,2.257855569,0.122524029,,
82,19,1,White,transformed,0,2.265022565,0.122524029,,
83,19,1,White,transformed,0,2.272608045,0.122524029,,
84,19,1,White,transformed,0,2.280441441,0.122524029,,
85,19,1,White,transformed,0,2.288352187,0.122524029,,
86,19,1,White,transformed,0,2.296169713,0.122524029,,
87,19,1,White,transformed,0,2.303723454,0.122524029,,
88,19,1,White,transformed,0,2.31090555,0.122524029,,
89,19,1,White,transformed,0,2.31799515,0.122524029,,
90,19,1,White,transformed,0,2.325418886,0.122524029,,
91,19,1,White,transformed,0,2.33360368,0.122524029,,
92,19,1,White,transformed,0,2.342976455,0.122524029,,
93,19,1,White,transformed,0,2.353964133,0.122524029,,
94,19,1,White,transformed,0,2.366993639,0.122524029,,
95,19,1,White,transformed,0,2.382491893,0.122524029,,
40,20,1,White,transformed,0,2.060652073,0.122524029,,
41,20,1,White,transformed,0,2.061065704,0.122524029,,
42,20,1,White,transformed,0,2.061504324,0.122524029,,
43,20,1,White,transformed,0,2.061983024,0.122524029,,
44,20,1,White,transformed,0,2.062516895,0.122524029,,
45,20,1,White,transformed,0,2.06312103,0.122524029,,
46,20,1,White,transformed,0,2.063810518,0.122524029,,
47,20,1,White,transformed,0,2.064600451,0.122524029,,
48,20,1,White,transformed,0,2.065505971,0.122524029,,
49,20,1,White,transformed,0,2.066567945,0.122524029,,
50,20,1,White,transformed,0,2.067894741,0.122524029,,
51,20,1,White,transformed,0,2.069605668,0.122524029,,
52,20,1,White,transformed,0,2.071820032,0.122524029,,
53,20,1,White,transformed,0,2.074657141,0.122524029,,
54,20,1,White,transformed,0,2.078236303,0.122524029,,
55,20,1,White,transformed,0,2.082676824,0.122524029,,
56,20,1,White,transformed,0,2.088096917,0.122524029,,
57,20,1,White,transformed,0,2.094519322,0.122524029,,
58,20,1,White,transformed,0,2.10179858,0.122524029,,
59,20,1,White,transformed,0,2.109772107,0.122524029,,
60,20,1,White,transformed,0,2.118277322,0.122524029,,
61,20,1,White,transformed,0,2.127151643,0.122524029,,
62,20,1,White,transformed,0,2.136232486,0.122524029,,
63,20,1,White,transformed,0,2.145357271,0.122524029,,
64,20,1,White,transformed,0,2.154364626,0.122524029,,
65,20,1,White,transformed,0,2.163133271,0.122524029,,
66,20,1,White,transformed,0,2.171590232,0.122524029,,
67,20,1,White,transformed,0,2.179665413,0.122524029,,
68,20,1,White,transformed,0,2.187288717,0.122524029,,
69,20,1,White,transformed,0,2.194390047,0.122524029,,
70,20,1,White,transformed,0,2.200899307,0.122524029,,
71,20,1,White,transformed,0,2.206746399,0.122524029,,
72,20,1,White,transformed,0,2.211869915,0.122524029,,
73,20,1,White,transformed,0,2.216354335,0.122524029,,
74,20,1,White,transformed,0,2.220405203,0.122524029,,
75,20,1,White,transformed,0,2.224231723,0.122524029,,
76,20,1,White,transformed,0,2.228043102,0.122524029,,
77,20,1,White,transformed,0,2.232048544,0.122524029,,
78,20,1,White,transformed,0,2.236457255,0.122524029,,
79,20,1,White,transformed,0,2.241478441,0.122524029,,
80,20,1,White,transformed,0,2.247298242,0.122524029,,
81,20,1,White,transformed,0,2.253876185,0.122524029,,
82,20,1,White,transformed,0,2.261043181,0.122524029,,
83,20,1,White,transformed,0,2.268628661,0.122524029,,
84,20,1,White,transformed,0,2.276462057,0.122524029,,
85,20,1,White,transformed,0,2.284372802,0.122524029,,
86,20,1,White,transformed,0,2.292190329,0.122524029,,
87,20,1,White,transformed,0,2.29974407,0.122524029,,
88,20,1,White,transformed,0,2.306926166,0.122524029,,
89,20,1,White,transformed,0,2.314015766,0.122524029,,
90,20,1,White,transformed,0,2.321439502,0.122524029,,
91,20,1,White,transformed,0,2.329624296,0.122524029,,
92,20,1,White,transformed,0,2.338997071,0.122524029,,
93,20,1,White,transformed,0,2.349984749,0.122524029,,
94,20,1,White,transformed,0,2.363014255,0.122524029,,
95,20,1,White,transformed,0,2.378512509,0.122524029,,
40,10,0,Black,transformed,1,2.209218678,0.128723286,,
41,10,0,Black,transformed,1,2.208981273,0.128723286,,
42,10,0,Black,transformed,1,2.208768857,0.128723286,,
43,10,0,Black,transformed,1,2.208596522,0.128723286,,
44,10,0,Black,transformed,1,2.208479358,0.128723286,,
45,10,0,Black,transformed,1,2.208432456,0.128723286,,-1.044803527
46,10,0,Black,transformed,1,2.208470909,0.128723286,,
47,10,0,Black,transformed,1,2.208609807,0.128723286,,
48,10,0,Black,transformed,1,2.208864291,0.128723287,,
49,10,0,Black,transformed,1,2.209275229,0.128723287,,
50,10,0,Black,transformed,1,2.20995099,0.128723287,,
51,10,0,Black,transformed,1,2.211010881,0.128723287,,
52,10,0,Black,transformed,1,2.21257421,0.128723287,,
53,10,0,Black,transformed,1,2.214760283,0.128723287,,
54,10,0,Black,transformed,1,2.217688409,0.128723287,,
55,10,0,Black,transformed,1,2.221477895,0.128723287,,
56,10,0,Black,transformed,1,2.226246952,0.128723287,,
57,10,0,Black,transformed,1,2.232018322,0.128723287,,
58,10,0,Black,transformed,1,2.238646544,0.128723287,,
59,10,0,Black,transformed,1,2.245969036,0.128723287,,
60,10,0,Black,transformed,1,2.253823215,0.128723287,,-0.692180779
61,10,0,Black,transformed,1,2.2620465,0.128723287,,
62,10,0,Black,transformed,1,2.270476308,0.128723287,,
63,10,0,Black,transformed,1,2.278950057,0.128723287,,
64,10,0,Black,transformed,1,2.287306377,0.128723287,,
65,10,0,Black,transformed,1,2.295423986,0.128723287,,
66,10,0,Black,transformed,1,2.303229912,0.128723287,,
67,10,0,Black,transformed,1,2.310654057,0.128723287,,
68,10,0,Black,transformed,1,2.317626325,0.128723287,,
69,10,0,Black,transformed,1,2.324076619,0.128723287,,
70,10,0,Black,transformed,1,2.329934844,0.128723287,,
71,10,0,Black,transformed,1,2.335130901,0.128723287,,
72,10,0,Black,transformed,1,2.339603381,0.128723287,,
73,10,0,Black,transformed,1,2.343436766,0.128723287,,
74,10,0,Black,transformed,1,2.346836598,0.128723287,,
75,10,0,Black,transformed,1,2.350012082,0.128723287,,0.05507226
76,10,0,Black,transformed,1,2.353172425,0.128723287,,
77,10,0,Black,transformed,1,2.356526831,0.128723287,,
78,10,0,Black,transformed,1,2.360284507,0.128723287,,
79,10,0,Black,transformed,1,2.364654658,0.128723287,,
80,10,0,Black,transformed,1,2.369823423,0.128723287,,
81,10,0,Black,transformed,1,2.375750331,0.128723287,,
82,10,0,Black,transformed,1,2.382266291,0.128723287,,
83,10,0,Black,transformed,1,2.389200735,0.128723287,,
84,10,0,Black,transformed,1,2.396383096,0.128723287,,
85,10,0,Black,transformed,1,2.403642806,0.128723287,,
86,10,0,Black,transformed,1,2.410809297,0.128723287,,
87,10,0,Black,transformed,1,2.417712002,0.128723287,,
88,10,0,Black,transformed,1,2.424243063,0.128723287,,
89,10,0,Black,transformed,1,2.430681627,0.128723287,,
90,10,0,Black,transformed,1,2.437454327,0.128723287,,
91,10,0,Black,transformed,1,2.444988085,0.128723287,,
92,10,0,Black,transformed,1,2.453709825,0.128723287,,
93,10,0,Black,transformed,1,2.464046468,0.128723287,,
94,10,0,Black,transformed,1,2.476424938,0.128723287,,
95,10,0,Black,transformed,1,2.491272157,0.128723287,,
40,11,0,Black,transformed,1,2.205239294,0.128723286,,
41,11,0,Black,transformed,1,2.205001889,0.128723286,,
42,11,0,Black,transformed,1,2.204789473,0.128723286,,
43,11,0,Black,transformed,1,2.204617137,0.128723286,,
44,11,0,Black,transformed,1,2.204499973,0.128723286,,
45,11,0,Black,transformed,1,2.204453072,0.128723286,,
46,11,0,Black,transformed,1,2.204491525,0.128723286,,
47,11,0,Black,transformed,1,2.204630423,0.128723286,,
48,11,0,Black,transformed,1,2.204884907,0.128723287,,
49,11,0,Black,transformed,1,2.205295845,0.128723287,,
50,11,0,Black,transformed,1,2.205971606,0.128723287,,
51,11,0,Black,transformed,1,2.207031497,0.128723287,,
52,11,0,Black,transformed,1,2.208594826,0.128723287,,
53,11,0,Black,transformed,1,2.210780899,0.128723287,,
54,11,0,Black,transformed,1,2.213709025,0.128723287,,
55,11,0,Black,transformed,1,2.217498511,0.128723287,,
56,11,0,Black,transformed,1,2.222267568,0.128723287,,
57,11,0,Black,transformed,1,2.228038938,0.128723287,,
58,11,0,Black,transformed,1,2.23466716,0.128723287,,
59,11,0,Black,transformed,1,2.241989652,0.128723287,,
60,11,0,Black,transformed,1,2.249843831,0.128723287,,
61,11,0,Black,transformed,1,2.258067116,0.128723287,,
62,11,0,Black,transformed,1,2.266496924,0.128723287,,
63,11,0,Black,transformed,1,2.274970673,0.128723287,,
64,11,0,Black,transformed,1,2.283326993,0.128723287,,
65,11,0,Black,transformed,1,2.291444602,0.128723287,,
66,11,0,Black,transformed,1,2.299250528,0.128723287,,
67,11,0,Black,transformed,1,2.306674673,0.128723287,,
68,11,0,Black,transformed,1,2.313646941,0.128723287,,
69,11,0,Black,transformed,1,2.320097235,0.128723287,,
70,11,0,Black,transformed,1,2.325955459,0.128723287,,
71,11,0,Black,transformed,1,2.331151517,0.128723287,,
72,11,0,Black,transformed,1,2.335623996,0.128723287,,
73,11,0,Black,transformed,1,2.339457382,0.128723287,,
74,11,0,Black,transformed,1,2.342857214,0.128723287,,
75,11,0,Black,transformed,1,2.346032698,0.128723287,,
76,11,0,Black,transformed,1,2.349193041,0.128723287,,
77,11,0,Black,transformed,1,2.352547447,0.128723287,,
78,11,0,Black,transformed,1,2.356305123,0.128723287,,
79,11,0,Black,transformed,1,2.360675274,0.128723287,,
80,11,0,Black,transformed,1,2.365844039,0.128723287,,
81,11,0,Black,transformed,1,2.371770947,0.128723287,,
82,11,0,Black,transformed,1,2.378286907,0.128723287,,
83,11,0,Black,transformed,1,2.385221351,0.128723287,,
84,11,0,Black,transformed,1,2.392403712,0.128723287,,
85,11,0,Black,transformed,1,2.399663422,0.128723287,,
86,11,0,Black,transformed,1,2.406829913,0.128723287,,
87,11,0,Black,transformed,1,2.413732618,0.128723287,,
88,11,0,Black,transformed,1,2.420263679,0.128723287,,
89,11,0,Black,transformed,1,2.426702243,0.128723287,,
90,11,0,Black,transformed,1,2.433474943,0.128723287,,
91,11,0,Black,transformed,1,2.441008701,0.128723287,,
92,11,0,Black,transformed,1,2.449730441,0.128723287,,
93,11,0,Black,transformed,1,2.460067084,0.128723287,,
94,11,0,Black,transformed,1,2.472445553,0.128723287,,
95,11,0,Black,transformed,1,2.487292772,0.128723287,,
40,12,0,Black,transformed,1,2.20125991,0.128723286,,
41,12,0,Black,transformed,1,2.201022505,0.128723286,,
42,12,0,Black,transformed,1,2.200810089,0.128723286,,
43,12,0,Black,transformed,1,2.200637753,0.128723286,,
44,12,0,Black,transformed,1,2.200520589,0.128723286,,
45,12,0,Black,transformed,1,2.200473688,0.128723286,,
46,12,0,Black,transformed,1,2.200512141,0.128723286,,
47,12,0,Black,transformed,1,2.200651038,0.128723286,,
48,12,0,Black,transformed,1,2.200905523,0.128723287,,
49,12,0,Black,transformed,1,2.201316461,0.128723287,,
50,12,0,Black,transformed,1,2.201992222,0.128723287,,
51,12,0,Black,transformed,1,2.203052113,0.128723287,,
52,12,0,Black,transformed,1,2.204615442,0.128723287,,
53,12,0,Black,transformed,1,2.206801515,0.128723287,,
54,12,0,Black,transformed,1,2.209729641,0.128723287,,
55,12,0,Black,transformed,1,2.213519127,0.128723287,,
56,12,0,Black,transformed,1,2.218288184,0.128723287,,
57,12,0,Black,transformed,1,2.224059553,0.128723287,,
58,12,0,Black,transformed,1,2.230687775,0.128723287,,
59,12,0,Black,transformed,1,2.238010267,0.128723287,,
60,12,0,Black,transformed,1,2.245864447,0.128723287,,
61,12,0,Black,transformed,1,2.254087732,0.128723287,,
62,12,0,Black,transformed,1,2.26251754,0.128723287,,
63,12,0,Black,transformed,1,2.270991288,0.128723287,,
64,12,0,Black,transformed,1,2.279347609,0.128723287,,
65,12,0,Black,transformed,1,2.287465218,0.128723287,,
66,12,0,Black,transformed,1,2.295271144,0.128723287,,
67,12,0,Black,transformed,1,2.302695289,0.128723287,,
68,12,0,Black,transformed,1,2.309667557,0.128723287,,
69,12,0,Black,transformed,1,2.316117851,0.128723287,,
70,12,0,Black,transformed,1,2.321976075,0.128723287,,
71,12,0,Black,transformed,1,2.327172133,0.128723287,,
72,12,0,Black,transformed,1,2.331644612,0.128723287,,
73,12,0,Black,transformed,1,2.335477997,0.128723287,,
74,12,0,Black,transformed,1,2.33887783,0.128723287,,
75,12,0,Black,transformed,1,2.342053314,0.128723287,,
76,12,0,Black,transformed,1,2.345213657,0.128723287,,
77,12,0,Black,transformed,1,2.348568063,0.128723287,,
78,12,0,Black,transformed,1,2.352325739,0.128723287,,
79,12,0,Black,transformed,1,2.35669589,0.128723287,,
80,12,0,Black,transformed,1,2.361864654,0.128723287,,
81,12,0,Black,transformed,1,2.367791562,0.128723287,,
82,12,0,Black,transformed,1,2.374307522,0.128723287,,
83,12,0,Black,transformed,1,2.381241967,0.128723287,,
84,12,0,Black,transformed,1,2.388424328,0.128723287,,
85,12,0,Black,transformed,1,2.395684037,0.128723287,,
86,12,0,Black,transformed,1,2.402850529,0.128723287,,
87,12,0,Black,transformed,1,2.409753233,0.128723287,,
88,12,0,Black,transformed,1,2.416284294,0.128723287,,
89,12,0,Black,transformed,1,2.422722859,0.128723287,,
90,12,0,Black,transformed,1,2.429495559,0.128723287,,
91,12,0,Black,transformed,1,2.437029317,0.128723287,,
92,12,0,Black,transformed,1,2.445751056,0.128723287,,
93,12,0,Black,transformed,1,2.4560877,0.128723287,,
94,12,0,Black,transformed,1,2.468466169,0.128723287,,
95,12,0,Black,transformed,1,2.483313388,0.128723287,,
40,13,0,Black,transformed,1,2.197280526,0.128723286,,
41,13,0,Black,transformed,1,2.197043121,0.128723286,,
42,13,0,Black,transformed,1,2.196830705,0.128723286,,
43,13,0,Black,transformed,1,2.196658369,0.128723286,,
44,13,0,Black,transformed,1,2.196541205,0.128723286,,
45,13,0,Black,transformed,1,2.196494304,0.128723286,,
46,13,0,Black,transformed,1,2.196532757,0.128723286,,
47,13,0,Black,transformed,1,2.196671654,0.128723286,,
48,13,0,Black,transformed,1,2.196926139,0.128723287,,
49,13,0,Black,transformed,1,2.197337077,0.128723287,,
50,13,0,Black,transformed,1,2.198012838,0.128723287,,
51,13,0,Black,transformed,1,2.199072729,0.128723287,,
52,13,0,Black,transformed,1,2.200636058,0.128723287,,
53,13,0,Black,transformed,1,2.202822131,0.128723287,,
54,13,0,Black,transformed,1,2.205750257,0.128723287,,
55,13,0,Black,transformed,1,2.209539743,0.128723287,,
56,13,0,Black,transformed,1,2.214308799,0.128723287,,
57,13,0,Black,transformed,1,2.220080169,0.128723287,,
58,13,0,Black,transformed,1,2.226708391,0.128723287,,
59,13,0,Black,transformed,1,2.234030883,0.128723287,,
60,13,0,Black,transformed,1,2.241885063,0.128723287,,
61,13,0,Black,transformed,1,2.250108348,0.128723287,,
62,13,0,Black,transformed,1,2.258538156,0.128723287,,
63,13,0,Black,transformed,1,2.267011904,0.128723287,,
64,13,0,Black,transformed,1,2.275368225,0.128723287,,
65,13,0,Black,transformed,1,2.283485834,0.128723287,,
66,13,0,Black,transformed,1,2.291291759,0.128723287,,
67,13,0,Black,transformed,1,2.298715904,0.128723287,,
68,13,0,Black,transformed,1,2.305688173,0.128723287,,
69,13,0,Black,transformed,1,2.312138467,0.128723287,,
70,13,0,Black,transformed,1,2.317996691,0.128723287,,
71,13,0,Black,transformed,1,2.323192749,0.128723287,,
72,13,0,Black,transformed,1,2.327665228,0.128723287,,
73,13,0,Black,transformed,1,2.331498613,0.128723287,,
74,13,0,Black,transformed,1,2.334898445,0.128723287,,
75,13,0,Black,transformed,1,2.33807393,0.128723287,,
76,13,0,Black,transformed,1,2.341234273,0.128723287,,
77,13,0,Black,transformed,1,2.344588679,0.128723287,,
78,13,0,Black,transformed,1,2.348346355,0.128723287,,
79,13,0,Black,transformed,1,2.352716506,0.128723287,,
80,13,0,Black,transformed,1,2.35788527,0.128723287,,
81,13,0,Black,transformed,1,2.363812178,0.128723287,,
82,13,0,Black,transformed,1,2.370328138,0.128723287,,
83,13,0,Black,transformed,1,2.377262583,0.128723287,,
84,13,0,Black,transformed,1,2.384444943,0.128723287,,
85,13,0,Black,transformed,1,2.391704653,0.128723287,,
86,13,0,Black,transformed,1,2.398871144,0.128723287,,
87,13,0,Black,transformed,1,2.405773849,0.128723287,,
88,13,0,Black,transformed,1,2.41230491,0.128723287,,
89,13,0,Black,transformed,1,2.418743475,0.128723287,,
90,13,0,Black,transformed,1,2.425516175,0.128723287,,
91,13,0,Black,transformed,1,2.433049933,0.128723287,,
92,13,0,Black,transformed,1,2.441771672,0.128723287,,
93,13,0,Black,transformed,1,2.452108316,0.128723287,,
94,13,0,Black,transformed,1,2.464486785,0.128723287,,
95,13,0,Black,transformed,1,2.479334004,0.128723287,,
40,14,0,Black,transformed,1,2.193301142,0.128723286,,
41,14,0,Black,transformed,1,2.193063736,0.128723286,,
42,14,0,Black,transformed,1,2.192851321,0.128723286,,
43,14,0,Black,transformed,1,2.192678985,0.128723286,,
44,14,0,Black,transformed,1,2.192561821,0.128723286,,
45,14,0,Black,transformed,1,2.19251492,0.128723286,,
46,14,0,Black,transformed,1,2.192553372,0.128723286,,
47,14,0,Black,transformed,1,2.19269227,0.128723286,,
48,14,0,Black,transformed,1,2.192946755,0.128723287,,
49,14,0,Black,transformed,1,2.193357693,0.128723287,,
50,14,0,Black,transformed,1,2.194033454,0.128723287,,
51,14,0,Black,transformed,1,2.195093345,0.128723287,,
52,14,0,Black,transformed,1,2.196656673,0.128723287,,
53,14,0,Black,transformed,1,2.198842747,0.128723287,,
54,14,0,Black,transformed,1,2.201770873,0.128723287,,
55,14,0,Black,transformed,1,2.205560358,0.128723287,,
56,14,0,Black,transformed,1,2.210329415,0.128723287,,
57,14,0,Black,transformed,1,2.216100785,0.128723287,,
58,14,0,Black,transformed,1,2.222729007,0.128723287,,
59,14,0,Black,transformed,1,2.230051499,0.128723287,,
60,14,0,Black,transformed,1,2.237905679,0.128723287,,
61,14,0,Black,transformed,1,2.246128964,0.128723287,,
62,14,0,Black,transformed,1,2.254558772,0.128723287,,
63,14,0,Black,transformed,1,2.26303252,0.128723287,,
64,14,0,Black,transformed,1,2.271388841,0.128723287,,
65,14,0,Black,transformed,1,2.27950645,0.128723287,,
66,14,0,Black,transformed,1,2.287312375,0.128723287,,
67,14,0,Black,transformed,1,2.29473652,0.128723287,,
68,14,0,Black,transformed,1,2.301708788,0.128723287,,
69,14,0,Black,transformed,1,2.308159083,0.128723287,,
70,14,0,Black,transformed,1,2.314017307,0.128723287,,
71,14,0,Black,transformed,1,2.319213364,0.128723287,,
72,14,0,Black,transformed,1,2.323685844,0.128723287,,
73,14,0,Black,transformed,1,2.327519229,0.128723287,,
74,14,0,Black,transformed,1,2.330919061,0.128723287,,
75,14,0,Black,transformed,1,2.334094546,0.128723287,,
76,14,0,Black,transformed,1,2.337254889,0.128723287,,
77,14,0,Black,transformed,1,2.340609295,0.128723287,,
78,14,0,Black,transformed,1,2.344366971,0.128723287,,
79,14,0,Black,transformed,1,2.348737122,0.128723287,,
80,14,0,Black,transformed,1,2.353905886,0.128723287,,
81,14,0,Black,transformed,1,2.359832794,0.128723287,,
82,14,0,Black,transformed,1,2.366348754,0.128723287,,
83,14,0,Black,transformed,1,2.373283198,0.128723287,,
84,14,0,Black,transformed,1,2.380465559,0.128723287,,
85,14,0,Black,transformed,1,2.387725269,0.128723287,,
86,14,0,Black,transformed,1,2.39489176,0.128723287,,
87,14,0,Black,transformed,1,2.401794465,0.128723287,,
88,14,0,Black,transformed,1,2.408325526,0.128723287,,
89,14,0,Black,transformed,1,2.414764091,0.128723287,,
90,14,0,Black,transformed,1,2.421536791,0.128723287,,
91,14,0,Black,transformed,1,2.429070549,0.128723287,,
92,14,0,Black,transformed,1,2.437792288,0.128723287,,
93,14,0,Black,transformed,1,2.448128931,0.128723287,,
94,14,0,Black,transformed,1,2.460507401,0.128723287,,
95,14,0,Black,transformed,1,2.47535462,0.128723287,,
40,15,0,Black,transformed,1,2.189321757,0.128723286,,
41,15,0,Black,transformed,1,2.189084352,0.128723286,,
42,15,0,Black,transformed,1,2.188871936,0.128723286,,
43,15,0,Black,transformed,1,2.188699601,0.128723286,,
44,15,0,Black,transformed,1,2.188582437,0.128723286,,
45,15,0,Black,transformed,1,2.188535536,0.128723286,,
46,15,0,Black,transformed,1,2.188573988,0.128723286,,
47,15,0,Black,transformed,1,2.188712886,0.128723286,,
48,15,0,Black,transformed,1,2.188967371,0.128723287,,
49,15,0,Black,transformed,1,2.189378309,0.128723287,,
50,15,0,Black,transformed,1,2.19005407,0.128723287,,
51,15,0,Black,transformed,1,2.191113961,0.128723287,,
52,15,0,Black,transformed,1,2.192677289,0.128723287,,
53,15,0,Black,transformed,1,2.194863363,0.128723287,,
54,15,0,Black,transformed,1,2.197791489,0.128723287,,
55,15,0,Black,transformed,1,2.201580974,0.128723287,,
56,15,0,Black,transformed,1,2.206350031,0.128723287,,
57,15,0,Black,transformed,1,2.212121401,0.128723287,,
58,15,0,Black,transformed,1,2.218749623,0.128723287,,
59,15,0,Black,transformed,1,2.226072115,0.128723287,,
60,15,0,Black,transformed,1,2.233926295,0.128723287,,
61,15,0,Black,transformed,1,2.24214958,0.128723287,,
62,15,0,Black,transformed,1,2.250579387,0.128723287,,
63,15,0,Black,transformed,1,2.259053136,0.128723287,,
64,15,0,Black,transformed,1,2.267409456,0.128723287,,
65,15,0,Black,transformed,1,2.275527066,0.128723287,,
66,15,0,Black,transformed,1,2.283332991,0.128723287,,
67,15,0,Black,transformed,1,2.290757136,0.128723287,,
68,15,0,Black,transformed,1,2.297729404,0.128723287,,
69,15,0,Black,transformed,1,2.304179699,0.128723287,,
70,15,0,Black,transformed,1,2.310037923,0.128723287,,
71,15,0,Black,transformed,1,2.31523398,0.128723287,,
72,15,0,Black,transformed,1,2.31970646,0.128723287,,
73,15,0,Black,transformed,1,2.323539845,0.128723287,,
74,15,0,Black,transformed,1,2.326939677,0.128723287,,
75,15,0,Black,transformed,1,2.330115162,0.128723287,,
76,15,0,Black,transformed,1,2.333275504,0.128723287,,
77,15,0,Black,transformed,1,2.336629911,0.128723287,,
78,15,0,Black,transformed,1,2.340387587,0.128723287,,
79,15,0,Black,transformed,1,2.344757737,0.128723287,,
80,15,0,Black,transformed,1,2.349926502,0.128723287,,
81,15,0,Black,transformed,1,2.35585341,0.128723287,,
82,15,0,Black,transformed,1,2.36236937,0.128723287,,
83,15,0,Black,transformed,1,2.369303814,0.128723287,,
84,15,0,Black,transformed,1,2.376486175,0.128723287,,
85,15,0,Black,transformed,1,2.383745885,0.128723287,,
86,15,0,Black,transformed,1,2.390912376,0.128723287,,
87,15,0,Black,transformed,1,2.397815081,0.128723287,,
88,15,0,Black,transformed,1,2.404346142,0.128723287,,
89,15,0,Black,transformed,1,2.410784706,0.128723287,,
90,15,0,Black,transformed,1,2.417557406,0.128723287,,
91,15,0,Black,transformed,1,2.425091165,0.128723287,,
92,15,0,Black,transformed,1,2.433812904,0.128723287,,
93,15,0,Black,transformed,1,2.444149547,0.128723287,,
94,15,0,Black,transformed,1,2.456528017,0.128723287,,
95,15,0,Black,transformed,1,2.471375236,0.128723287,,
40,16,0,Black,transformed,1,2.185342373,0.128723286,,
41,16,0,Black,transformed,1,2.185104968,0.128723286,,
42,16,0,Black,transformed,1,2.184892552,0.128723286,,
43,16,0,Black,transformed,1,2.184720217,0.128723286,,
44,16,0,Black,transformed,1,2.184603053,0.128723286,,
45,16,0,Black,transformed,1,2.184556152,0.128723286,,-1.230289039
46,16,0,Black,transformed,1,2.184594604,0.128723286,,
47,16,0,Black,transformed,1,2.184733502,0.128723286,,
48,16,0,Black,transformed,1,2.184987986,0.128723287,,
49,16,0,Black,transformed,1,2.185398925,0.128723287,,
50,16,0,Black,transformed,1,2.186074685,0.128723287,,
51,16,0,Black,transformed,1,2.187134577,0.128723287,,
52,16,0,Black,transformed,1,2.188697905,0.128723287,,
53,16,0,Black,transformed,1,2.190883979,0.128723287,,
54,16,0,Black,transformed,1,2.193812105,0.128723287,,
55,16,0,Black,transformed,1,2.19760159,0.128723287,,
56,16,0,Black,transformed,1,2.202370647,0.128723287,,
57,16,0,Black,transformed,1,2.208142017,0.128723287,,
58,16,0,Black,transformed,1,2.214770239,0.128723287,,
59,16,0,Black,transformed,1,2.222092731,0.128723287,,
60,16,0,Black,transformed,1,2.229946911,0.128723287,,-0.877666291
61,16,0,Black,transformed,1,2.238170195,0.128723287,,
62,16,0,Black,transformed,1,2.246600003,0.128723287,,
63,16,0,Black,transformed,1,2.255073752,0.128723287,,
64,16,0,Black,transformed,1,2.263430072,0.128723287,,
65,16,0,Black,transformed,1,2.271547682,0.128723287,,
66,16,0,Black,transformed,1,2.279353607,0.128723287,,
67,16,0,Black,transformed,1,2.286777752,0.128723287,,
68,16,0,Black,transformed,1,2.29375002,0.128723287,,
69,16,0,Black,transformed,1,2.300200315,0.128723287,,
70,16,0,Black,transformed,1,2.306058539,0.128723287,,
71,16,0,Black,transformed,1,2.311254596,0.128723287,,
72,16,0,Black,transformed,1,2.315727076,0.128723287,,
73,16,0,Black,transformed,1,2.319560461,0.128723287,,
74,16,0,Black,transformed,1,2.322960293,0.128723287,,
75,16,0,Black,transformed,1,2.326135778,0.128723287,,-0.130413252
76,16,0,Black,transformed,1,2.32929612,0.128723287,,
77,16,0,Black,transformed,1,2.332650527,0.128723287,,
78,16,0,Black,transformed,1,2.336408202,0.128723287,,
79,16,0,Black,transformed,1,2.340778353,0.128723287,,
80,16,0,Black,transformed,1,2.345947118,0.128723287,,
81,16,0,Black,transformed,1,2.351874026,0.128723287,,
82,16,0,Black,transformed,1,2.358389986,0.128723287,,
83,16,0,Black,transformed,1,2.36532443,0.128723287,,
84,16,0,Black,transformed,1,2.372506791,0.128723287,,
85,16,0,Black,transformed,1,2.379766501,0.128723287,,
86,16,0,Black,transformed,1,2.386932992,0.128723287,,
87,16,0,Black,transformed,1,2.393835697,0.128723287,,
88,16,0,Black,transformed,1,2.400366758,0.128723287,,
89,16,0,Black,transformed,1,2.406805322,0.128723287,,
90,16,0,Black,transformed,1,2.413578022,0.128723287,,
91,16,0,Black,transformed,1,2.421111781,0.128723287,,
92,16,0,Black,transformed,1,2.42983352,0.128723287,,
93,16,0,Black,transformed,1,2.440170163,0.128723287,,
94,16,0,Black,transformed,1,2.452548633,0.128723287,,
95,16,0,Black,transformed,1,2.467395852,0.128723287,,
40,17,0,Black,transformed,1,2.181362989,0.128723286,,
41,17,0,Black,transformed,1,2.181125584,0.128723286,,
42,17,0,Black,transformed,1,2.180913168,0.128723286,,
43,17,0,Black,transformed,1,2.180740833,0.128723286,,
44,17,0,Black,transformed,1,2.180623669,0.128723286,,
45,17,0,Black,transformed,1,2.180576767,0.128723286,,
46,17,0,Black,transformed,1,2.18061522,0.128723286,,
47,17,0,Black,transformed,1,2.180754118,0.128723286,,
48,17,0,Black,transformed,1,2.181008602,0.128723287,,
49,17,0,Black,transformed,1,2.18141954,0.128723287,,
50,17,0,Black,transformed,1,2.182095301,0.128723287,,
51,17,0,Black,transformed,1,2.183155192,0.128723287,,
52,17,0,Black,transformed,1,2.184718521,0.128723287,,
53,17,0,Black,transformed,1,2.186904595,0.128723287,,
54,17,0,Black,transformed,1,2.18983272,0.128723287,,
55,17,0,Black,transformed,1,2.193622206,0.128723287,,
56,17,0,Black,transformed,1,2.198391263,0.128723287,,
57,17,0,Black,transformed,1,2.204162633,0.128723287,,
58,17,0,Black,transformed,1,2.210790855,0.128723287,,
59,17,0,Black,transformed,1,2.218113347,0.128723287,,
60,17,0,Black,transformed,1,2.225967526,0.128723287,,
61,17,0,Black,transformed,1,2.234190811,0.128723287,,
62,17,0,Black,transformed,1,2.242620619,0.128723287,,
63,17,0,Black,transformed,1,2.251094368,0.128723287,,
64,17,0,Black,transformed,1,2.259450688,0.128723287,,
65,17,0,Black,transformed,1,2.267568297,0.128723287,,
66,17,0,Black,transformed,1,2.275374223,0.128723287,,
67,17,0,Black,transformed,1,2.282798368,0.128723287,,
68,17,0,Black,transformed,1,2.289770636,0.128723287,,
69,17,0,Black,transformed,1,2.29622093,0.128723287,,
70,17,0,Black,transformed,1,2.302079155,0.128723287,,
71,17,0,Black,transformed,1,2.307275212,0.128723287,,
72,17,0,Black,transformed,1,2.311747692,0.128723287,,
73,17,0,Black,transformed,1,2.315581077,0.128723287,,
74,17,0,Black,transformed,1,2.318980909,0.128723287,,
75,17,0,Black,transformed,1,2.322156393,0.128723287,,
76,17,0,Black,transformed,1,2.325316736,0.128723287,,
77,17,0,Black,transformed,1,2.328671143,0.128723287,,
78,17,0,Black,transformed,1,2.332428818,0.128723287,,
79,17,0,Black,transformed,1,2.336798969,0.128723287,,
80,17,0,Black,transformed,1,2.341967734,0.128723287,,
81,17,0,Black,transformed,1,2.347894642,0.128723287,,
82,17,0,Black,transformed,1,2.354410602,0.128723287,,
83,17,0,Black,transformed,1,2.361345046,0.128723287,,
84,17,0,Black,transformed,1,2.368527407,0.128723287,,
85,17,0,Black,transformed,1,2.375787117,0.128723287,,
86,17,0,Black,transformed,1,2.382953608,0.128723287,,
87,17,0,Black,transformed,1,2.389856313,0.128723287,,
88,17,0,Black,transformed,1,2.396387374,0.128723287,,
89,17,0,Black,transformed,1,2.402825938,0.128723287,,
90,17,0,Black,transformed,1,2.409598638,0.128723287,,
91,17,0,Black,transformed,1,2.417132396,0.128723287,,
92,17,0,Black,transformed,1,2.425854136,0.128723287,,
93,17,0,Black,transformed,1,2.436190779,0.128723287,,
94,17,0,Black,transformed,1,2.448569249,0.128723287,,
95,17,0,Black,transformed,1,2.463416468,0.128723287,,
40,18,0,Black,transformed,1,2.177383605,0.128723286,,
41,18,0,Black,transformed,1,2.1771462,0.128723286,,
42,18,0,Black,transformed,1,2.176933784,0.128723286,,
43,18,0,Black,transformed,1,2.176761449,0.128723286,,
44,18,0,Black,transformed,1,2.176644285,0.128723286,,
45,18,0,Black,transformed,1,2.176597383,0.128723286,,
46,18,0,Black,transformed,1,2.176635836,0.128723286,,
47,18,0,Black,transformed,1,2.176774734,0.128723286,,
48,18,0,Black,transformed,1,2.177029218,0.128723287,,
49,18,0,Black,transformed,1,2.177440156,0.128723287,,
50,18,0,Black,transformed,1,2.178115917,0.128723287,,
51,18,0,Black,transformed,1,2.179175808,0.128723287,,
52,18,0,Black,transformed,1,2.180739137,0.128723287,,
53,18,0,Black,transformed,1,2.18292521,0.128723287,,
54,18,0,Black,transformed,1,2.185853336,0.128723287,,
55,18,0,Black,transformed,1,2.189642822,0.128723287,,
56,18,0,Black,transformed,1,2.194411879,0.128723287,,
57,18,0,Black,transformed,1,2.200183249,0.128723287,,
58,18,0,Black,transformed,1,2.206811471,0.128723287,,
59,18,0,Black,transformed,1,2.214133963,0.128723287,,
60,18,0,Black,transformed,1,2.221988142,0.128723287,,
61,18,0,Black,transformed,1,2.230211427,0.128723287,,
62,18,0,Black,transformed,1,2.238641235,0.128723287,,
63,18,0,Black,transformed,1,2.247114984,0.128723287,,
64,18,0,Black,transformed,1,2.255471304,0.128723287,,
65,18,0,Black,transformed,1,2.263588913,0.128723287,,
66,18,0,Black,transformed,1,2.271394839,0.128723287,,
67,18,0,Black,transformed,1,2.278818984,0.128723287,,
68,18,0,Black,transformed,1,2.285791252,0.128723287,,
69,18,0,Black,transformed,1,2.292241546,0.128723287,,
70,18,0,Black,transformed,1,2.298099771,0.128723287,,
71,18,0,Black,transformed,1,2.303295828,0.128723287,,
72,18,0,Black,transformed,1,2.307768308,0.128723287,,
73,18,0,Black,transformed,1,2.311601693,0.128723287,,
74,18,0,Black,transformed,1,2.315001525,0.128723287,,
75,18,0,Black,transformed,1,2.318177009,0.128723287,,
76,18,0,Black,transformed,1,2.321337352,0.128723287,,
77,18,0,Black,transformed,1,2.324691758,0.128723287,,
78,18,0,Black,transformed,1,2.328449434,0.128723287,,
79,18,0,Black,transformed,1,2.332819585,0.128723287,,
80,18,0,Black,transformed,1,2.33798835,0.128723287,,
81,18,0,Black,transformed,1,2.343915258,0.128723287,,
82,18,0,Black,transformed,1,2.350431218,0.128723287,,
83,18,0,Black,transformed,1,2.357365662,0.128723287,,
84,18,0,Black,transformed,1,2.364548023,0.128723287,,
85,18,0,Black,transformed,1,2.371807733,0.128723287,,
86,18,0,Black,transformed,1,2.378974224,0.128723287,,
87,18,0,Black,transformed,1,2.385876929,0.128723287,,
88,18,0,Black,transformed,1,2.39240799,0.128723287,,
89,18,0,Black,transformed,1,2.398846554,0.128723287,,
90,18,0,Black,transformed,1,2.405619254,0.128723287,,
91,18,0,Black,transformed,1,2.413153012,0.128723287,,
92,18,0,Black,transformed,1,2.421874752,0.128723287,,
93,18,0,Black,transformed,1,2.432211395,0.128723287,,
94,18,0,Black,transformed,1,2.444589865,0.128723287,,
95,18,0,Black,transformed,1,2.459437084,0.128723287,,
40,19,0,Black,transformed,1,2.173404221,0.128723286,,
41,19,0,Black,transformed,1,2.173166816,0.128723286,,
42,19,0,Black,transformed,1,2.1729544,0.128723286,,
43,19,0,Black,transformed,1,2.172782064,0.128723286,,
44,19,0,Black,transformed,1,2.1726649,0.128723286,,
45,19,0,Black,transformed,1,2.172617999,0.128723286,,
46,19,0,Black,transformed,1,2.172656452,0.128723286,,
47,19,0,Black,transformed,1,2.172795349,0.128723286,,
48,19,0,Black,transformed,1,2.173049834,0.128723287,,
49,19,0,Black,transformed,1,2.173460772,0.128723287,,
50,19,0,Black,transformed,1,2.174136533,0.128723287,,
51,19,0,Black,transformed,1,2.175196424,0.128723287,,
52,19,0,Black,transformed,1,2.176759753,0.128723287,,
53,19,0,Black,transformed,1,2.178945826,0.128723287,,
54,19,0,Black,transformed,1,2.181873952,0.128723287,,
55,19,0,Black,transformed,1,2.185663438,0.128723287,,
56,19,0,Black,transformed,1,2.190432495,0.128723287,,
57,19,0,Black,transformed,1,2.196203865,0.128723287,,
58,19,0,Black,transformed,1,2.202832087,0.128723287,,
59,19,0,Black,transformed,1,2.210154579,0.128723287,,
60,19,0,Black,transformed,1,2.218008758,0.128723287,,
61,19,0,Black,transformed,1,2.226232043,0.128723287,,
62,19,0,Black,transformed,1,2.234661851,0.128723287,,
63,19,0,Black,transformed,1,2.2431356,0.128723287,,
64,19,0,Black,transformed,1,2.25149192,0.128723287,,
65,19,0,Black,transformed,1,2.259609529,0.128723287,,
66,19,0,Black,transformed,1,2.267415455,0.128723287,,
67,19,0,Black,transformed,1,2.2748396,0.128723287,,
68,19,0,Black,transformed,1,2.281811868,0.128723287,,
69,19,0,Black,transformed,1,2.288262162,0.128723287,,
70,19,0,Black,transformed,1,2.294120386,0.128723287,,
71,19,0,Black,transformed,1,2.299316444,0.128723287,,
72,19,0,Black,transformed,1,2.303788923,0.128723287,,
73,19,0,Black,transformed,1,2.307622309,0.128723287,,
74,19,0,Black,transformed,1,2.311022141,0.128723287,,
75,19,0,Black,transformed,1,2.314197625,0.128723287,,
76,19,0,Black,transformed,1,2.317357968,0.128723287,,
77,19,0,Black,transformed,1,2.320712374,0.128723287,,
78,19,0,Black,transformed,1,2.32447005,0.128723287,,
79,19,0,Black,transformed,1,2.328840201,0.128723287,,
80,19,0,Black,transformed,1,2.334008966,0.128723287,,
81,19,0,Black,transformed,1,2.339935874,0.128723287,,
82,19,0,Black,transformed,1,2.346451834,0.128723287,,
83,19,0,Black,transformed,1,2.353386278,0.128723287,,
84,19,0,Black,transformed,1,2.360568639,0.128723287,,
85,19,0,Black,transformed,1,2.367828349,0.128723287,,
86,19,0,Black,transformed,1,2.37499484,0.128723287,,
87,19,0,Black,transformed,1,2.381897545,0.128723287,,
88,19,0,Black,transformed,1,2.388428606,0.128723287,,
89,19,0,Black,transformed,1,2.39486717,0.128723287,,
90,19,0,Black,transformed,1,2.40163987,0.128723287,,
91,19,0,Black,transformed,1,2.409173628,0.128723287,,
92,19,0,Black,transformed,1,2.417895368,0.128723287,,
93,19,0,Black,transformed,1,2.428232011,0.128723287,,
94,19,0,Black,transformed,1,2.44061048,0.128723287,,
95,19,0,Black,transformed,1,2.455457699,0.128723287,,
40,20,0,Black,transformed,1,2.169424837,0.128723286,,
41,20,0,Black,transformed,1,2.169187432,0.128723286,,
42,20,0,Black,transformed,1,2.168975016,0.128723286,,
43,20,0,Black,transformed,1,2.16880268,0.128723286,,
44,20,0,Black,transformed,1,2.168685516,0.128723286,,
45,20,0,Black,transformed,1,2.168638615,0.128723286,,
46,20,0,Black,transformed,1,2.168677068,0.128723286,,
47,20,0,Black,transformed,1,2.168815965,0.128723286,,
48,20,0,Black,transformed,1,2.16907045,0.128723287,,
49,20,0,Black,transformed,1,2.169481388,0.128723287,,
50,20,0,Black,transformed,1,2.170157149,0.128723287,,
51,20,0,Black,transformed,1,2.17121704,0.128723287,,
52,20,0,Black,transformed,1,2.172780369,0.128723287,,
53,20,0,Black,transformed,1,2.174966442,0.128723287,,
54,20,0,Black,transformed,1,2.177894568,0.128723287,,
55,20,0,Black,transformed,1,2.181684054,0.128723287,,
56,20,0,Black,transformed,1,2.186453111,0.128723287,,
57,20,0,Black,transformed,1,2.19222448,0.128723287,,
58,20,0,Black,transformed,1,2.198852702,0.128723287,,
59,20,0,Black,transformed,1,2.206175194,0.128723287,,
60,20,0,Black,transformed,1,2.214029374,0.128723287,,
61,20,0,Black,transformed,1,2.222252659,0.128723287,,
62,20,0,Black,transformed,1,2.230682467,0.128723287,,
63,20,0,Black,transformed,1,2.239156215,0.128723287,,
64,20,0,Black,transformed,1,2.247512536,0.128723287,,
65,20,0,Black,transformed,1,2.255630145,0.128723287,,
66,20,0,Black,transformed,1,2.263436071,0.128723287,,
67,20,0,Black,transformed,1,2.270860216,0.128723287,,
68,20,0,Black,transformed,1,2.277832484,0.128723287,,
69,20,0,Black,transformed,1,2.284282778,0.128723287,,
70,20,0,Black,transformed,1,2.290141002,0.128723287,,
71,20,0,Black,transformed,1,2.29533706,0.128723287,,
72,20,0,Black,transformed,1,2.299809539,0.128723287,,
73,20,0,Black,transformed,1,2.303642924,0.128723287,,
74,20,0,Black,transformed,1,2.307042757,0.128723287,,
75,20,0,Black,transformed,1,2.310218241,0.128723287,,
76,20,0,Black,transformed,1,2.313378584,0.128723287,,
77,20,0,Black,transformed,1,2.31673299,0.128723287,,
78,20,0,Black,transformed,1,2.320490666,0.128723287,,
79,20,0,Black,transformed,1,2.324860817,0.128723287,,
80,20,0,Black,transformed,1,2.330029581,0.128723287,,
81,20,0,Black,transformed,1,2.335956489,0.128723287,,
82,20,0,Black,transformed,1,2.342472449,0.128723287,,
83,20,0,Black,transformed,1,2.349406894,0.128723287,,
84,20,0,Black,transformed,1,2.356589255,0.128723287,,
85,20,0,Black,transformed,1,2.363848964,0.128723287,,
86,20,0,Black,transformed,1,2.371015456,0.128723287,,
87,20,0,Black,transformed,1,2.37791816,0.128723287,,
88,20,0,Black,transformed,1,2.384449221,0.128723287,,
89,20,0,Black,transformed,1,2.390887786,0.128723287,,
90,20,0,Black,transformed,1,2.397660486,0.128723287,,
91,20,0,Black,transformed,1,2.405194244,0.128723287,,
92,20,0,Black,transformed,1,2.413915983,0.128723287,,
93,20,0,Black,transformed,1,2.424252627,0.128723287,,
94,20,0,Black,transformed,1,2.436631096,0.128723287,,
95,20,0,Black,transformed,1,2.451478315,0.128723287,,
40,10,1,Black,transformed,1,2.218944328,0.128723286,,
41,10,1,Black,transformed,1,2.218706923,0.128723286,,
42,10,1,Black,transformed,1,2.218494507,0.128723286,,
43,10,1,Black,transformed,1,2.218322171,0.128723286,,
44,10,1,Black,transformed,1,2.218205007,0.128723286,,
45,10,1,Black,transformed,1,2.218158106,0.128723286,,-0.969248822
46,10,1,Black,transformed,1,2.218196559,0.128723286,,
47,10,1,Black,transformed,1,2.218335456,0.128723286,,
48,10,1,Black,transformed,1,2.218589941,0.128723287,,
49,10,1,Black,transformed,1,2.219000879,0.128723287,,
50,10,1,Black,transformed,1,2.21967664,0.128723287,,
51,10,1,Black,transformed,1,2.220736531,0.128723287,,
52,10,1,Black,transformed,1,2.22229986,0.128723287,,
53,10,1,Black,transformed,1,2.224485933,0.128723287,,
54,10,1,Black,transformed,1,2.227414059,0.128723287,,
55,10,1,Black,transformed,1,2.231203545,0.128723287,,
56,10,1,Black,transformed,1,2.235972602,0.128723287,,
57,10,1,Black,transformed,1,2.241743971,0.128723287,,
58,10,1,Black,transformed,1,2.248372194,0.128723287,,
59,10,1,Black,transformed,1,2.255694686,0.128723287,,
60,10,1,Black,transformed,1,2.263548865,0.128723287,,-0.616626074
61,10,1,Black,transformed,1,2.27177215,0.128723287,,
62,10,1,Black,transformed,1,2.280201958,0.128723287,,
63,10,1,Black,transformed,1,2.288675707,0.128723287,,
64,10,1,Black,transformed,1,2.297032027,0.128723287,,
65,10,1,Black,transformed,1,2.305149636,0.128723287,,
66,10,1,Black,transformed,1,2.312955562,0.128723287,,
67,10,1,Black,transformed,1,2.320379707,0.128723287,,
68,10,1,Black,transformed,1,2.327351975,0.128723287,,
69,10,1,Black,transformed,1,2.333802269,0.128723287,,
70,10,1,Black,transformed,1,2.339660493,0.128723287,,
71,10,1,Black,transformed,1,2.344856551,0.128723287,,
72,10,1,Black,transformed,1,2.34932903,0.128723287,,
73,10,1,Black,transformed,1,2.353162416,0.128723287,,
74,10,1,Black,transformed,1,2.356562248,0.128723287,,
75,10,1,Black,transformed,1,2.359737732,0.128723287,,0.130626965
76,10,1,Black,transformed,1,2.362898075,0.128723287,,
77,10,1,Black,transformed,1,2.366252481,0.128723287,,
78,10,1,Black,transformed,1,2.370010157,0.128723287,,
79,10,1,Black,transformed,1,2.374380308,0.128723287,,
80,10,1,Black,transformed,1,2.379549073,0.128723287,,
81,10,1,Black,transformed,1,2.385475981,0.128723287,,
82,10,1,Black,transformed,1,2.39199194,0.128723287,,
83,10,1,Black,transformed,1,2.398926385,0.128723287,,
84,10,1,Black,transformed,1,2.406108746,0.128723287,,
85,10,1,Black,transformed,1,2.413368456,0.128723287,,
86,10,1,Black,transformed,1,2.420534947,0.128723287,,
87,10,1,Black,transformed,1,2.427437651,0.128723287,,
88,10,1,Black,transformed,1,2.433968713,0.128723287,,
89,10,1,Black,transformed,1,2.440407277,0.128723287,,
90,10,1,Black,transformed,1,2.447179977,0.128723287,,
91,10,1,Black,transformed,1,2.454713735,0.128723287,,
92,10,1,Black,transformed,1,2.463435475,0.128723287,,
93,10,1,Black,transformed,1,2.473772118,0.128723287,,
94,10,1,Black,transformed,1,2.486150587,0.128723287,,
95,10,1,Black,transformed,1,2.500997806,0.128723287,,
40,11,1,Black,transformed,1,2.214964944,0.128723286,,
41,11,1,Black,transformed,1,2.214727539,0.128723286,,
42,11,1,Black,transformed,1,2.214515123,0.128723286,,
43,11,1,Black,transformed,1,2.214342787,0.128723286,,
44,11,1,Black,transformed,1,2.214225623,0.128723286,,
45,11,1,Black,transformed,1,2.214178722,0.128723286,,
46,11,1,Black,transformed,1,2.214217175,0.128723286,,
47,11,1,Black,transformed,1,2.214356072,0.128723286,,
48,11,1,Black,transformed,1,2.214610557,0.128723287,,
49,11,1,Black,transformed,1,2.215021495,0.128723287,,
50,11,1,Black,transformed,1,2.215697256,0.128723287,,
51,11,1,Black,transformed,1,2.216757147,0.128723287,,
52,11,1,Black,transformed,1,2.218320476,0.128723287,,
53,11,1,Black,transformed,1,2.220506549,0.128723287,,
54,11,1,Black,transformed,1,2.223434675,0.128723287,,
55,11,1,Black,transformed,1,2.227224161,0.128723287,,
56,11,1,Black,transformed,1,2.231993218,0.128723287,,
57,11,1,Black,transformed,1,2.237764587,0.128723287,,
58,11,1,Black,transformed,1,2.244392809,0.128723287,,
59,11,1,Black,transformed,1,2.251715301,0.128723287,,
60,11,1,Black,transformed,1,2.259569481,0.128723287,,
61,11,1,Black,transformed,1,2.267792766,0.128723287,,
62,11,1,Black,transformed,1,2.276222574,0.128723287,,
63,11,1,Black,transformed,1,2.284696322,0.128723287,,
64,11,1,Black,transformed,1,2.293052643,0.128723287,,
65,11,1,Black,transformed,1,2.301170252,0.128723287,,
66,11,1,Black,transformed,1,2.308976178,0.128723287,,
67,11,1,Black,transformed,1,2.316400323,0.128723287,,
68,11,1,Black,transformed,1,2.323372591,0.128723287,,
69,11,1,Black,transformed,1,2.329822885,0.128723287,,
70,11,1,Black,transformed,1,2.335681109,0.128723287,,
71,11,1,Black,transformed,1,2.340877167,0.128723287,,
72,11,1,Black,transformed,1,2.345349646,0.128723287,,
73,11,1,Black,transformed,1,2.349183031,0.128723287,,
74,11,1,Black,transformed,1,2.352582864,0.128723287,,
75,11,1,Black,transformed,1,2.355758348,0.128723287,,
76,11,1,Black,transformed,1,2.358918691,0.128723287,,
77,11,1,Black,transformed,1,2.362273097,0.128723287,,
78,11,1,Black,transformed,1,2.366030773,0.128723287,,
79,11,1,Black,transformed,1,2.370400924,0.128723287,,
80,11,1,Black,transformed,1,2.375569688,0.128723287,,
81,11,1,Black,transformed,1,2.381496596,0.128723287,,
82,11,1,Black,transformed,1,2.388012556,0.128723287,,
83,11,1,Black,transformed,1,2.394947001,0.128723287,,
84,11,1,Black,transformed,1,2.402129362,0.128723287,,
85,11,1,Black,transformed,1,2.409389071,0.128723287,,
86,11,1,Black,transformed,1,2.416555563,0.128723287,,
87,11,1,Black,transformed,1,2.423458267,0.128723287,,
88,11,1,Black,transformed,1,2.429989328,0.128723287,,
89,11,1,Black,transformed,1,2.436427893,0.128723287,,
90,11,1,Black,transformed,1,2.443200593,0.128723287,,
91,11,1,Black,transformed,1,2.450734351,0.128723287,,
92,11,1,Black,transformed,1,2.45945609,0.128723287,,
93,11,1,Black,transformed,1,2.469792734,0.128723287,,
94,11,1,Black,transformed,1,2.482171203,0.128723287,,
95,11,1,Black,transformed,1,2.497018422,0.128723287,,
40,12,1,Black,transformed,1,2.21098556,0.128723286,,
41,12,1,Black,transformed,1,2.210748155,0.128723286,,
42,12,1,Black,transformed,1,2.210535739,0.128723286,,
43,12,1,Black,transformed,1,2.210363403,0.128723286,,
44,12,1,Black,transformed,1,2.210246239,0.128723286,,
45,12,1,Black,transformed,1,2.210199338,0.128723286,,
46,12,1,Black,transformed,1,2.210237791,0.128723286,,
47,12,1,Black,transformed,1,2.210376688,0.128723286,,
48,12,1,Black,transformed,1,2.210631173,0.128723287,,
49,12,1,Black,transformed,1,2.211042111,0.128723287,,
50,12,1,Black,transformed,1,2.211717872,0.128723287,,
51,12,1,Black,transformed,1,2.212777763,0.128723287,,
52,12,1,Black,transformed,1,2.214341092,0.128723287,,
53,12,1,Black,transformed,1,2.216527165,0.128723287,,
54,12,1,Black,transformed,1,2.219455291,0.128723287,,
55,12,1,Black,transformed,1,2.223244777,0.128723287,,
56,12,1,Black,transformed,1,2.228013833,0.128723287,,
57,12,1,Black,transformed,1,2.233785203,0.128723287,,
58,12,1,Black,transformed,1,2.240413425,0.128723287,,
59,12,1,Black,transformed,1,2.247735917,0.128723287,,
60,12,1,Black,transformed,1,2.255590097,0.128723287,,
61,12,1,Black,transformed,1,2.263813382,0.128723287,,
62,12,1,Black,transformed,1,2.27224319,0.128723287,,
63,12,1,Black,transformed,1,2.280716938,0.128723287,,
64,12,1,Black,transformed,1,2.289073259,0.128723287,,
65,12,1,Black,transformed,1,2.297190868,0.128723287,,
66,12,1,Black,transformed,1,2.304996793,0.128723287,,
67,12,1,Black,transformed,1,2.312420938,0.128723287,,
68,12,1,Black,transformed,1,2.319393207,0.128723287,,
69,12,1,Black,transformed,1,2.325843501,0.128723287,,
70,12,1,Black,transformed,1,2.331701725,0.128723287,,
71,12,1,Black,transformed,1,2.336897782,0.128723287,,
72,12,1,Black,transformed,1,2.341370262,0.128723287,,
73,12,1,Black,transformed,1,2.345203647,0.128723287,,
74,12,1,Black,transformed,1,2.348603479,0.128723287,,
75,12,1,Black,transformed,1,2.351778964,0.128723287,,
76,12,1,Black,transformed,1,2.354939307,0.128723287,,
77,12,1,Black,transformed,1,2.358293713,0.128723287,,
78,12,1,Black,transformed,1,2.362051389,0.128723287,,
79,12,1,Black,transformed,1,2.36642154,0.128723287,,
80,12,1,Black,transformed,1,2.371590304,0.128723287,,
81,12,1,Black,transformed,1,2.377517212,0.128723287,,
82,12,1,Black,transformed,1,2.384033172,0.128723287,,
83,12,1,Black,transformed,1,2.390967617,0.128723287,,
84,12,1,Black,transformed,1,2.398149977,0.128723287,,
85,12,1,Black,transformed,1,2.405409687,0.128723287,,
86,12,1,Black,transformed,1,2.412576178,0.128723287,,
87,12,1,Black,transformed,1,2.419478883,0.128723287,,
88,12,1,Black,transformed,1,2.426009944,0.128723287,,
89,12,1,Black,transformed,1,2.432448509,0.128723287,,
90,12,1,Black,transformed,1,2.439221209,0.128723287,,
91,12,1,Black,transformed,1,2.446754967,0.128723287,,
92,12,1,Black,transformed,1,2.455476706,0.128723287,,
93,12,1,Black,transformed,1,2.465813349,0.128723287,,
94,12,1,Black,transformed,1,2.478191819,0.128723287,,
95,12,1,Black,transformed,1,2.493039038,0.128723287,,
40,13,1,Black,transformed,1,2.207006175,0.128723286,,
41,13,1,Black,transformed,1,2.20676877,0.128723286,,
42,13,1,Black,transformed,1,2.206556355,0.128723286,,
43,13,1,Black,transformed,1,2.206384019,0.128723286,,
44,13,1,Black,transformed,1,2.206266855,0.128723286,,
45,13,1,Black,transformed,1,2.206219954,0.128723286,,
46,13,1,Black,transformed,1,2.206258406,0.128723286,,
47,13,1,Black,transformed,1,2.206397304,0.128723286,,
48,13,1,Black,transformed,1,2.206651789,0.128723287,,
49,13,1,Black,transformed,1,2.207062727,0.128723287,,
50,13,1,Black,transformed,1,2.207738488,0.128723287,,
51,13,1,Black,transformed,1,2.208798379,0.128723287,,
52,13,1,Black,transformed,1,2.210361707,0.128723287,,
53,13,1,Black,transformed,1,2.212547781,0.128723287,,
54,13,1,Black,transformed,1,2.215475907,0.128723287,,
55,13,1,Black,transformed,1,2.219265392,0.128723287,,
56,13,1,Black,transformed,1,2.224034449,0.128723287,,
57,13,1,Black,transformed,1,2.229805819,0.128723287,,
58,13,1,Black,transformed,1,2.236434041,0.128723287,,
59,13,1,Black,transformed,1,2.243756533,0.128723287,,
60,13,1,Black,transformed,1,2.251610713,0.128723287,,
61,13,1,Black,transformed,1,2.259833998,0.128723287,,
62,13,1,Black,transformed,1,2.268263806,0.128723287,,
63,13,1,Black,transformed,1,2.276737554,0.128723287,,
64,13,1,Black,transformed,1,2.285093874,0.128723287,,
65,13,1,Black,transformed,1,2.293211484,0.128723287,,
66,13,1,Black,transformed,1,2.301017409,0.128723287,,
67,13,1,Black,transformed,1,2.308441554,0.128723287,,
68,13,1,Black,transformed,1,2.315413822,0.128723287,,
69,13,1,Black,transformed,1,2.321864117,0.128723287,,
70,13,1,Black,transformed,1,2.327722341,0.128723287,,
71,13,1,Black,transformed,1,2.332918398,0.128723287,,
72,13,1,Black,transformed,1,2.337390878,0.128723287,,
73,13,1,Black,transformed,1,2.341224263,0.128723287,,
74,13,1,Black,transformed,1,2.344624095,0.128723287,,
75,13,1,Black,transformed,1,2.34779958,0.128723287,,
76,13,1,Black,transformed,1,2.350959922,0.128723287,,
77,13,1,Black,transformed,1,2.354314329,0.128723287,,
78,13,1,Black,transformed,1,2.358072005,0.128723287,,
79,13,1,Black,transformed,1,2.362442156,0.128723287,,
80,13,1,Black,transformed,1,2.36761092,0.128723287,,
81,13,1,Black,transformed,1,2.373537828,0.128723287,,
82,13,1,Black,transformed,1,2.380053788,0.128723287,,
83,13,1,Black,transformed,1,2.386988232,0.128723287,,
84,13,1,Black,transformed,1,2.394170593,0.128723287,,
85,13,1,Black,transformed,1,2.401430303,0.128723287,,
86,13,1,Black,transformed,1,2.408596794,0.128723287,,
87,13,1,Black,transformed,1,2.415499499,0.128723287,,
88,13,1,Black,transformed,1,2.42203056,0.128723287,,
89,13,1,Black,transformed,1,2.428469125,0.128723287,,
90,13,1,Black,transformed,1,2.435241825,0.128723287,,
91,13,1,Black,transformed,1,2.442775583,0.128723287,,
92,13,1,Black,transformed,1,2.451497322,0.128723287,,
93,13,1,Black,transformed,1,2.461833965,0.128723287,,
94,13,1,Black,transformed,1,2.474212435,0.128723287,,
95,13,1,Black,transformed,1,2.489059654,0.128723287,,
40,14,1,Black,transformed,1,2.203026791,0.128723286,,
41,14,1,Black,transformed,1,2.202789386,0.128723286,,
42,14,1,Black,transformed,1,2.20257697,0.128723286,,
43,14,1,Black,transformed,1,2.202404635,0.128723286,,
44,14,1,Black,transformed,1,2.202287471,0.128723286,,
45,14,1,Black,transformed,1,2.20224057,0.128723286,,
46,14,1,Black,transformed,1,2.202279022,0.128723286,,
47,14,1,Black,transformed,1,2.20241792,0.128723286,,
48,14,1,Black,transformed,1,2.202672405,0.128723287,,
49,14,1,Black,transformed,1,2.203083343,0.128723287,,
50,14,1,Black,transformed,1,2.203759104,0.128723287,,
51,14,1,Black,transformed,1,2.204818995,0.128723287,,
52,14,1,Black,transformed,1,2.206382323,0.128723287,,
53,14,1,Black,transformed,1,2.208568397,0.128723287,,
54,14,1,Black,transformed,1,2.211496523,0.128723287,,
55,14,1,Black,transformed,1,2.215286008,0.128723287,,
56,14,1,Black,transformed,1,2.220055065,0.128723287,,
57,14,1,Black,transformed,1,2.225826435,0.128723287,,
58,14,1,Black,transformed,1,2.232454657,0.128723287,,
59,14,1,Black,transformed,1,2.239777149,0.128723287,,
60,14,1,Black,transformed,1,2.247631329,0.128723287,,
61,14,1,Black,transformed,1,2.255854614,0.128723287,,
62,14,1,Black,transformed,1,2.264284421,0.128723287,,
63,14,1,Black,transformed,1,2.27275817,0.128723287,,
64,14,1,Black,transformed,1,2.28111449,0.128723287,,
65,14,1,Black,transformed,1,2.2892321,0.128723287,,
66,14,1,Black,transformed,1,2.297038025,0.128723287,,
67,14,1,Black,transformed,1,2.30446217,0.128723287,,
68,14,1,Black,transformed,1,2.311434438,0.128723287,,
69,14,1,Black,transformed,1,2.317884733,0.128723287,,
70,14,1,Black,transformed,1,2.323742957,0.128723287,,
71,14,1,Black,transformed,1,2.328939014,0.128723287,,
72,14,1,Black,transformed,1,2.333411494,0.128723287,,
73,14,1,Black,transformed,1,2.337244879,0.128723287,,
74,14,1,Black,transformed,1,2.340644711,0.128723287,,
75,14,1,Black,transformed,1,2.343820196,0.128723287,,
76,14,1,Black,transformed,1,2.346980538,0.128723287,,
77,14,1,Black,transformed,1,2.350334945,0.128723287,,
78,14,1,Black,transformed,1,2.354092621,0.128723287,,
79,14,1,Black,transformed,1,2.358462771,0.128723287,,
80,14,1,Black,transformed,1,2.363631536,0.128723287,,
81,14,1,Black,transformed,1,2.369558444,0.128723287,,
82,14,1,Black,transformed,1,2.376074404,0.128723287,,
83,14,1,Black,transformed,1,2.383008848,0.128723287,,
84,14,1,Black,transformed,1,2.390191209,0.128723287,,
85,14,1,Black,transformed,1,2.397450919,0.128723287,,
86,14,1,Black,transformed,1,2.40461741,0.128723287,,
87,14,1,Black,transformed,1,2.411520115,0.128723287,,
88,14,1,Black,transformed,1,2.418051176,0.128723287,,
89,14,1,Black,transformed,1,2.42448974,0.128723287,,
90,14,1,Black,transformed,1,2.43126244,0.128723287,,
91,14,1,Black,transformed,1,2.438796199,0.128723287,,
92,14,1,Black,transformed,1,2.447517938,0.128723287,,
93,14,1,Black,transformed,1,2.457854581,0.128723287,,
94,14,1,Black,transformed,1,2.470233051,0.128723287,,
95,14,1,Black,transformed,1,2.48508027,0.128723287,,
40,15,1,Black,transformed,1,2.199047407,0.128723286,,
41,15,1,Black,transformed,1,2.198810002,0.128723286,,
42,15,1,Black,transformed,1,2.198597586,0.128723286,,
43,15,1,Black,transformed,1,2.198425251,0.128723286,,
44,15,1,Black,transformed,1,2.198308087,0.128723286,,
45,15,1,Black,transformed,1,2.198261186,0.128723286,,
46,15,1,Black,transformed,1,2.198299638,0.128723286,,
47,15,1,Black,transformed,1,2.198438536,0.128723286,,
48,15,1,Black,transformed,1,2.19869302,0.128723287,,
49,15,1,Black,transformed,1,2.199103958,0.128723287,,
50,15,1,Black,transformed,1,2.199779719,0.128723287,,
51,15,1,Black,transformed,1,2.20083961,0.128723287,,
52,15,1,Black,transformed,1,2.202402939,0.128723287,,
53,15,1,Black,transformed,1,2.204589013,0.128723287,,
54,15,1,Black,transformed,1,2.207517139,0.128723287,,
55,15,1,Black,transformed,1,2.211306624,0.128723287,,
56,15,1,Black,transformed,1,2.216075681,0.128723287,,
57,15,1,Black,transformed,1,2.221847051,0.128723287,,
58,15,1,Black,transformed,1,2.228475273,0.128723287,,
59,15,1,Black,transformed,1,2.235797765,0.128723287,,
60,15,1,Black,transformed,1,2.243651944,0.128723287,,
61,15,1,Black,transformed,1,2.251875229,0.128723287,,
62,15,1,Black,transformed,1,2.260305037,0.128723287,,
63,15,1,Black,transformed,1,2.268778786,0.128723287,,
64,15,1,Black,transformed,1,2.277135106,0.128723287,,
65,15,1,Black,transformed,1,2.285252716,0.128723287,,
66,15,1,Black,transformed,1,2.293058641,0.128723287,,
67,15,1,Black,transformed,1,2.300482786,0.128723287,,
68,15,1,Black,transformed,1,2.307455054,0.128723287,,
69,15,1,Black,transformed,1,2.313905349,0.128723287,,
70,15,1,Black,transformed,1,2.319763573,0.128723287,,
71,15,1,Black,transformed,1,2.32495963,0.128723287,,
72,15,1,Black,transformed,1,2.32943211,0.128723287,,
73,15,1,Black,transformed,1,2.333265495,0.128723287,,
74,15,1,Black,transformed,1,2.336665327,0.128723287,,
75,15,1,Black,transformed,1,2.339840812,0.128723287,,
76,15,1,Black,transformed,1,2.343001154,0.128723287,,
77,15,1,Black,transformed,1,2.346355561,0.128723287,,
78,15,1,Black,transformed,1,2.350113236,0.128723287,,
79,15,1,Black,transformed,1,2.354483387,0.128723287,,
80,15,1,Black,transformed,1,2.359652152,0.128723287,,
81,15,1,Black,transformed,1,2.36557906,0.128723287,,
82,15,1,Black,transformed,1,2.37209502,0.128723287,,
83,15,1,Black,transformed,1,2.379029464,0.128723287,,
84,15,1,Black,transformed,1,2.386211825,0.128723287,,
85,15,1,Black,transformed,1,2.393471535,0.128723287,,
86,15,1,Black,transformed,1,2.400638026,0.128723287,,
87,15,1,Black,transformed,1,2.407540731,0.128723287,,
88,15,1,Black,transformed,1,2.414071792,0.128723287,,
89,15,1,Black,transformed,1,2.420510356,0.128723287,,
90,15,1,Black,transformed,1,2.427283056,0.128723287,,
91,15,1,Black,transformed,1,2.434816815,0.128723287,,
92,15,1,Black,transformed,1,2.443538554,0.128723287,,
93,15,1,Black,transformed,1,2.453875197,0.128723287,,
94,15,1,Black,transformed,1,2.466253667,0.128723287,,
95,15,1,Black,transformed,1,2.481100886,0.128723287,,
40,16,1,Black,transformed,1,2.195068023,0.128723286,,
41,16,1,Black,transformed,1,2.194830618,0.128723286,,
42,16,1,Black,transformed,1,2.194618202,0.128723286,,
43,16,1,Black,transformed,1,2.194445867,0.128723286,,
44,16,1,Black,transformed,1,2.194328703,0.128723286,,
45,16,1,Black,transformed,1,2.194281801,0.128723286,,-1.154734335
46,16,1,Black,transformed,1,2.194320254,0.128723286,,
47,16,1,Black,transformed,1,2.194459152,0.128723286,,
48,16,1,Black,transformed,1,2.194713636,0.128723287,,
49,16,1,Black,transformed,1,2.195124574,0.128723287,,
50,16,1,Black,transformed,1,2.195800335,0.128723287,,
51,16,1,Black,transformed,1,2.196860226,0.128723287,,
52,16,1,Black,transformed,1,2.198423555,0.128723287,,
53,16,1,Black,transformed,1,2.200609629,0.128723287,,
54,16,1,Black,transformed,1,2.203537754,0.128723287,,
55,16,1,Black,transformed,1,2.20732724,0.128723287,,
56,16,1,Black,transformed,1,2.212096297,0.128723287,,
57,16,1,Black,transformed,1,2.217867667,0.128723287,,
58,16,1,Black,transformed,1,2.224495889,0.128723287,,
59,16,1,Black,transformed,1,2.231818381,0.128723287,,
60,16,1,Black,transformed,1,2.23967256,0.128723287,,-0.802111587
61,16,1,Black,transformed,1,2.247895845,0.128723287,,
62,16,1,Black,transformed,1,2.256325653,0.128723287,,
63,16,1,Black,transformed,1,2.264799402,0.128723287,,
64,16,1,Black,transformed,1,2.273155722,0.128723287,,
65,16,1,Black,transformed,1,2.281273331,0.128723287,,
66,16,1,Black,transformed,1,2.289079257,0.128723287,,
67,16,1,Black,transformed,1,2.296503402,0.128723287,,
68,16,1,Black,transformed,1,2.30347567,0.128723287,,
69,16,1,Black,transformed,1,2.309925964,0.128723287,,
70,16,1,Black,transformed,1,2.315784189,0.128723287,,
71,16,1,Black,transformed,1,2.320980246,0.128723287,,
72,16,1,Black,transformed,1,2.325452726,0.128723287,,
73,16,1,Black,transformed,1,2.329286111,0.128723287,,
74,16,1,Black,transformed,1,2.332685943,0.128723287,,
75,16,1,Black,transformed,1,2.335861427,0.128723287,,-0.054858548
76,16,1,Black,transformed,1,2.33902177,0.128723287,,
77,16,1,Black,transformed,1,2.342376177,0.128723287,,
78,16,1,Black,transformed,1,2.346133852,0.128723287,,
79,16,1,Black,transformed,1,2.350504003,0.128723287,,
80,16,1,Black,transformed,1,2.355672768,0.128723287,,
81,16,1,Black,transformed,1,2.361599676,0.128723287,,
82,16,1,Black,transformed,1,2.368115636,0.128723287,,
83,16,1,Black,transformed,1,2.37505008,0.128723287,,
84,16,1,Black,transformed,1,2.382232441,0.128723287,,
85,16,1,Black,transformed,1,2.389492151,0.128723287,,
86,16,1,Black,transformed,1,2.396658642,0.128723287,,
87,16,1,Black,transformed,1,2.403561347,0.128723287,,
88,16,1,Black,transformed,1,2.410092408,0.128723287,,
89,16,1,Black,transformed,1,2.416530972,0.128723287,,
90,16,1,Black,transformed,1,2.423303672,0.128723287,,
91,16,1,Black,transformed,1,2.43083743,0.128723287,,
92,16,1,Black,transformed,1,2.43955917,0.128723287,,
93,16,1,Black,transformed,1,2.449895813,0.128723287,,
94,16,1,Black,transformed,1,2.462274283,0.128723287,,
95,16,1,Black,transformed,1,2.477121502,0.128723287,,
40,17,1,Black,transformed,1,2.191088639,0.128723286,,
41,17,1,Black,transformed,1,2.190851234,0.128723286,,
42,17,1,Black,transformed,1,2.190638818,0.128723286,,
43,17,1,Black,transformed,1,2.190466483,0.128723286,,
44,17,1,Black,transformed,1,2.190349319,0.128723286,,
45,17,1,Black,transformed,1,2.190302417,0.128723286,,
46,17,1,Black,transformed,1,2.19034087,0.128723286,,
47,17,1,Black,transformed,1,2.190479768,0.128723286,,
48,17,1,Black,transformed,1,2.190734252,0.128723287,,
49,17,1,Black,transformed,1,2.19114519,0.128723287,,
50,17,1,Black,transformed,1,2.191820951,0.128723287,,
51,17,1,Black,transformed,1,2.192880842,0.128723287,,
52,17,1,Black,transformed,1,2.194444171,0.128723287,,
53,17,1,Black,transformed,1,2.196630244,0.128723287,,
54,17,1,Black,transformed,1,2.19955837,0.128723287,,
55,17,1,Black,transformed,1,2.203347856,0.128723287,,
56,17,1,Black,transformed,1,2.208116913,0.128723287,,
57,17,1,Black,transformed,1,2.213888283,0.128723287,,
58,17,1,Black,transformed,1,2.220516505,0.128723287,,
59,17,1,Black,transformed,1,2.227838997,0.128723287,,
60,17,1,Black,transformed,1,2.235693176,0.128723287,,
61,17,1,Black,transformed,1,2.243916461,0.128723287,,
62,17,1,Black,transformed,1,2.252346269,0.128723287,,
63,17,1,Black,transformed,1,2.260820018,0.128723287,,
64,17,1,Black,transformed,1,2.269176338,0.128723287,,
65,17,1,Black,transformed,1,2.277293947,0.128723287,,
66,17,1,Black,transformed,1,2.285099873,0.128723287,,
67,17,1,Black,transformed,1,2.292524018,0.128723287,,
68,17,1,Black,transformed,1,2.299496286,0.128723287,,
69,17,1,Black,transformed,1,2.30594658,0.128723287,,
70,17,1,Black,transformed,1,2.311804805,0.128723287,,
71,17,1,Black,transformed,1,2.317000862,0.128723287,,
72,17,1,Black,transformed,1,2.321473342,0.128723287,,
73,17,1,Black,transformed,1,2.325306727,0.128723287,,
74,17,1,Black,transformed,1,2.328706559,0.128723287,,
75,17,1,Black,transformed,1,2.331882043,0.128723287,,
76,17,1,Black,transformed,1,2.335042386,0.128723287,,
77,17,1,Black,transformed,1,2.338396792,0.128723287,,
78,17,1,Black,transformed,1,2.342154468,0.128723287,,
79,17,1,Black,transformed,1,2.346524619,0.128723287,,
80,17,1,Black,transformed,1,2.351693384,0.128723287,,
81,17,1,Black,transformed,1,2.357620292,0.128723287,,
82,17,1,Black,transformed,1,2.364136252,0.128723287,,
83,17,1,Black,transformed,1,2.371070696,0.128723287,,
84,17,1,Black,transformed,1,2.378253057,0.128723287,,
85,17,1,Black,transformed,1,2.385512767,0.128723287,,
86,17,1,Black,transformed,1,2.392679258,0.128723287,,
87,17,1,Black,transformed,1,2.399581963,0.128723287,,
88,17,1,Black,transformed,1,2.406113024,0.128723287,,
89,17,1,Black,transformed,1,2.412551588,0.128723287,,
90,17,1,Black,transformed,1,2.419324288,0.128723287,,
91,17,1,Black,transformed,1,2.426858046,0.128723287,,
92,17,1,Black,transformed,1,2.435579786,0.128723287,,
93,17,1,Black,transformed,1,2.445916429,0.128723287,,
94,17,1,Black,transformed,1,2.458294899,0.128723287,,
95,17,1,Black,transformed,1,2.473142117,0.128723287,,
40,18,1,Black,transformed,1,2.187109255,0.128723286,,
41,18,1,Black,transformed,1,2.18687185,0.128723286,,
42,18,1,Black,transformed,1,2.186659434,0.128723286,,
43,18,1,Black,transformed,1,2.186487098,0.128723286,,
44,18,1,Black,transformed,1,2.186369934,0.128723286,,
45,18,1,Black,transformed,1,2.186323033,0.128723286,,
46,18,1,Black,transformed,1,2.186361486,0.128723286,,
47,18,1,Black,transformed,1,2.186500383,0.128723286,,
48,18,1,Black,transformed,1,2.186754868,0.128723287,,
49,18,1,Black,transformed,1,2.187165806,0.128723287,,
50,18,1,Black,transformed,1,2.187841567,0.128723287,,
51,18,1,Black,transformed,1,2.188901458,0.128723287,,
52,18,1,Black,transformed,1,2.190464787,0.128723287,,
53,18,1,Black,transformed,1,2.19265086,0.128723287,,
54,18,1,Black,transformed,1,2.195578986,0.128723287,,
55,18,1,Black,transformed,1,2.199368472,0.128723287,,
56,18,1,Black,transformed,1,2.204137529,0.128723287,,
57,18,1,Black,transformed,1,2.209908898,0.128723287,,
58,18,1,Black,transformed,1,2.216537121,0.128723287,,
59,18,1,Black,transformed,1,2.223859613,0.128723287,,
60,18,1,Black,transformed,1,2.231713792,0.128723287,,
61,18,1,Black,transformed,1,2.239937077,0.128723287,,
62,18,1,Black,transformed,1,2.248366885,0.128723287,,
63,18,1,Black,transformed,1,2.256840634,0.128723287,,
64,18,1,Black,transformed,1,2.265196954,0.128723287,,
65,18,1,Black,transformed,1,2.273314563,0.128723287,,
66,18,1,Black,transformed,1,2.281120489,0.128723287,,
67,18,1,Black,transformed,1,2.288544634,0.128723287,,
68,18,1,Black,transformed,1,2.295516902,0.128723287,,
69,18,1,Black,transformed,1,2.301967196,0.128723287,,
70,18,1,Black,transformed,1,2.30782542,0.128723287,,
71,18,1,Black,transformed,1,2.313021478,0.128723287,,
72,18,1,Black,transformed,1,2.317493957,0.128723287,,
73,18,1,Black,transformed,1,2.321327343,0.128723287,,
74,18,1,Black,transformed,1,2.324727175,0.128723287,,
75,18,1,Black,transformed,1,2.327902659,0.128723287,,
76,18,1,Black,transformed,1,2.331063002,0.128723287,,
77,18,1,Black,transformed,1,2.334417408,0.128723287,,
78,18,1,Black,transformed,1,2.338175084,0.128723287,,
79,18,1,Black,transformed,1,2.342545235,0.128723287,,
80,18,1,Black,transformed,1,2.347714,0.128723287,,
81,18,1,Black,transformed,1,2.353640908,0.128723287,,
82,18,1,Black,transformed,1,2.360156867,0.128723287,,
83,18,1,Black,transformed,1,2.367091312,0.128723287,,
84,18,1,Black,transformed,1,2.374273673,0.128723287,,
85,18,1,Black,transformed,1,2.381533383,0.128723287,,
86,18,1,Black,transformed,1,2.388699874,0.128723287,,
87,18,1,Black,transformed,1,2.395602578,0.128723287,,
88,18,1,Black,transformed,1,2.40213364,0.128723287,,
89,18,1,Black,transformed,1,2.408572204,0.128723287,,
90,18,1,Black,transformed,1,2.415344904,0.128723287,,
91,18,1,Black,transformed,1,2.422878662,0.128723287,,
92,18,1,Black,transformed,1,2.431600402,0.128723287,,
93,18,1,Black,transformed,1,2.441937045,0.128723287,,
94,18,1,Black,transformed,1,2.454315514,0.128723287,,
95,18,1,Black,transformed,1,2.469162733,0.128723287,,
40,19,1,Black,transformed,1,2.183129871,0.128723286,,
41,19,1,Black,transformed,1,2.182892466,0.128723286,,
42,19,1,Black,transformed,1,2.18268005,0.128723286,,
43,19,1,Black,transformed,1,2.182507714,0.128723286,,
44,19,1,Black,transformed,1,2.18239055,0.128723286,,
45,19,1,Black,transformed,1,2.182343649,0.128723286,,
46,19,1,Black,transformed,1,2.182382102,0.128723286,,
47,19,1,Black,transformed,1,2.182520999,0.128723286,,
48,19,1,Black,transformed,1,2.182775484,0.128723287,,
49,19,1,Black,transformed,1,2.183186422,0.128723287,,
50,19,1,Black,transformed,1,2.183862183,0.128723287,,
51,19,1,Black,transformed,1,2.184922074,0.128723287,,
52,19,1,Black,transformed,1,2.186485403,0.128723287,,
53,19,1,Black,transformed,1,2.188671476,0.128723287,,
54,19,1,Black,transformed,1,2.191599602,0.128723287,,
55,19,1,Black,transformed,1,2.195389088,0.128723287,,
56,19,1,Black,transformed,1,2.200158145,0.128723287,,
57,19,1,Black,transformed,1,2.205929514,0.128723287,,
58,19,1,Black,transformed,1,2.212557736,0.128723287,,
59,19,1,Black,transformed,1,2.219880228,0.128723287,,
60,19,1,Black,transformed,1,2.227734408,0.128723287,,
61,19,1,Black,transformed,1,2.235957693,0.128723287,,
62,19,1,Black,transformed,1,2.244387501,0.128723287,,
63,19,1,Black,transformed,1,2.252861249,0.128723287,,
64,19,1,Black,transformed,1,2.26121757,0.128723287,,
65,19,1,Black,transformed,1,2.269335179,0.128723287,,
66,19,1,Black,transformed,1,2.277141105,0.128723287,,
67,19,1,Black,transformed,1,2.28456525,0.128723287,,
68,19,1,Black,transformed,1,2.291537518,0.128723287,,
69,19,1,Black,transformed,1,2.297987812,0.128723287,,
70,19,1,Black,transformed,1,2.303846036,0.128723287,,
71,19,1,Black,transformed,1,2.309042094,0.128723287,,
72,19,1,Black,transformed,1,2.313514573,0.128723287,,
73,19,1,Black,transformed,1,2.317347958,0.128723287,,
74,19,1,Black,transformed,1,2.320747791,0.128723287,,
75,19,1,Black,transformed,1,2.323923275,0.128723287,,
76,19,1,Black,transformed,1,2.327083618,0.128723287,,
77,19,1,Black,transformed,1,2.330438024,0.128723287,,
78,19,1,Black,transformed,1,2.3341957,0.128723287,,
79,19,1,Black,transformed,1,2.338565851,0.128723287,,
80,19,1,Black,transformed,1,2.343734615,0.128723287,,
81,19,1,Black,transformed,1,2.349661523,0.128723287,,
82,19,1,Black,transformed,1,2.356177483,0.128723287,,
83,19,1,Black,transformed,1,2.363111928,0.128723287,,
84,19,1,Black,transformed,1,2.370294289,0.128723287,,
85,19,1,Black,transformed,1,2.377553998,0.128723287,,
86,19,1,Black,transformed,1,2.38472049,0.128723287,,
87,19,1,Black,transformed,1,2.391623194,0.128723287,,
88,19,1,Black,transformed,1,2.398154255,0.128723287,,
89,19,1,Black,transformed,1,2.40459282,0.128723287,,
90,19,1,Black,transformed,1,2.41136552,0.128723287,,
91,19,1,Black,transformed,1,2.418899278,0.128723287,,
92,19,1,Black,transformed,1,2.427621017,0.128723287,,
93,19,1,Black,transformed,1,2.437957661,0.128723287,,
94,19,1,Black,transformed,1,2.45033613,0.128723287,,
95,19,1,Black,transformed,1,2.465183349,0.128723287,,
40,20,1,Black,transformed,1,2.179150487,0.128723286,,
41,20,1,Black,transformed,1,2.178913082,0.128723286,,
42,20,1,Black,transformed,1,2.178700666,0.128723286,,
43,20,1,Black,transformed,1,2.17852833,0.128723286,,
44,20,1,Black,transformed,1,2.178411166,0.128723286,,
45,20,1,Black,transformed,1,2.178364265,0.128723286,,
46,20,1,Black,transformed,1,2.178402718,0.128723286,,
47,20,1,Black,transformed,1,2.178541615,0.128723286,,
48,20,1,Black,transformed,1,2.1787961,0.128723287,,
49,20,1,Black,transformed,1,2.179207038,0.128723287,,
50,20,1,Black,transformed,1,2.179882799,0.128723287,,
51,20,1,Black,transformed,1,2.18094269,0.128723287,,
52,20,1,Black,transformed,1,2.182506018,0.128723287,,
53,20,1,Black,transformed,1,2.184692092,0.128723287,,
54,20,1,Black,transformed,1,2.187620218,0.128723287,,
55,20,1,Black,transformed,1,2.191409704,0.128723287,,
56,20,1,Black,transformed,1,2.19617876,0.128723287,,
57,20,1,Black,transformed,1,2.20195013,0.128723287,,
58,20,1,Black,transformed,1,2.208578352,0.128723287,,
59,20,1,Black,transformed,1,2.215900844,0.128723287,,
60,20,1,Black,transformed,1,2.223755024,0.128723287,,
61,20,1,Black,transformed,1,2.231978309,0.128723287,,
62,20,1,Black,transformed,1,2.240408117,0.128723287,,
63,20,1,Black,transformed,1,2.248881865,0.128723287,,
64,20,1,Black,transformed,1,2.257238186,0.128723287,,
65,20,1,Black,transformed,1,2.265355795,0.128723287,,
66,20,1,Black,transformed,1,2.27316172,0.128723287,,
67,20,1,Black,transformed,1,2.280585865,0.128723287,,
68,20,1,Black,transformed,1,2.287558134,0.128723287,,
69,20,1,Black,transformed,1,2.294008428,0.128723287,,
70,20,1,Black,transformed,1,2.299866652,0.128723287,,
71,20,1,Black,transformed,1,2.305062709,0.128723287,,
72,20,1,Black,transformed,1,2.309535189,0.128723287,,
73,20,1,Black,transformed,1,2.313368574,0.128723287,,
74,20,1,Black,transformed,1,2.316768406,0.128723287,,
75,20,1,Black,transformed,1,2.319943891,0.128723287,,
76,20,1,Black,transformed,1,2.323104234,0.128723287,,
77,20,1,Black,transformed,1,2.32645864,0.128723287,,
78,20,1,Black,transformed,1,2.330216316,0.128723287,,
79,20,1,Black,transformed,1,2.334586467,0.128723287,,
80,20,1,Black,transformed,1,2.339755231,0.128723287,,
81,20,1,Black,transformed,1,2.345682139,0.128723287,,
82,20,1,Black,transformed,1,2.352198099,0.128723287,,
83,20,1,Black,transformed,1,2.359132544,0.128723287,,
84,20,1,Black,transformed,1,2.366314904,0.128723287,,
85,20,1,Black,transformed,1,2.373574614,0.128723287,,
86,20,1,Black,transformed,1,2.380741105,0.128723287,,
87,20,1,Black,transformed,1,2.38764381,0.128723287,,
88,20,1,Black,transformed,1,2.394174871,0.128723287,,
89,20,1,Black,transformed,1,2.400613436,0.128723287,,
90,20,1,Black,transformed,1,2.407386136,0.128723287,,
91,20,1,Black,transformed,1,2.414919894,0.128723287,,
92,20,1,Black,transformed,1,2.423641633,0.128723287,,
93,20,1,Black,transformed,1,2.433978276,0.128723287,,
94,20,1,Black,transformed,1,2.446356746,0.128723287,,
95,20,1,Black,transformed,1,2.461203965,0.128723287,,